Date,Open,High,Low,Close,AdjustedClose,Volume
2006-06-23,20.01,20.01,19.94,19.94,19.94,200
2006-06-26,20.14,20.14,20.06,20.06,20.06,700
2006-06-27,19.98,19.98,19.98,19.98,19.98,300
2006-06-28,19.56,19.56,19.56,19.56,19.56,200
2006-06-29,20.34,20.34,20.34,20.34,20.34,100
2006-06-30,20.81,20.9,20.81,20.82,20.82,48400
2006-07-03,20.9,20.9,20.85,20.85,20.85,1400
2006-07-05,20.81,20.81,20.81,20.81,20.81,600
2006-07-06,20.76,20.76,20.76,20.76,20.76,200
2006-07-07,20.8,20.8,20.8,20.8,20.8,1000
2006-07-10,20.48,20.48,20.48,20.48,20.48,200
2006-07-14,19.84,19.84,19.81,19.81,19.81,38100
2006-07-20,19.94,19.94,19.84,19.84,19.84,1300
2006-07-21,19.69,19.69,19.69,19.69,19.69,200
2006-07-25,20.15,20.4299,20.15,20.4299,20.4299,1000
2006-07-26,20.74,20.74,20.63,20.63,20.63,700
2006-07-27,20.41,20.43,20.26,20.26,20.26,2500
2006-07-28,20.48,20.48,20.48,20.48,20.48,30000
2006-07-31,20.38,20.38,20.23,20.3,20.3,520600
2006-08-01,19.92,19.96,19.92,19.94,19.94,75000
2006-08-07,19.85,19.86,19.85,19.86,19.86,1200
2006-08-08,19.96,19.97,19.81,19.81,19.81,3300
2006-08-09,19.89,20.04,19.76,19.76,19.76,70500
2006-08-10,19.46,19.55,19.46,19.55,19.55,1200
2006-08-11,19.42,19.42,19.42,19.42,19.42,30600
2006-08-14,19.63,19.63,19.58,19.58,19.58,200
2006-08-15,19.82,19.82,19.77,19.77,19.77,1600
2006-08-16,20,20.1,20,20.1,20.1,60500
2006-08-17,20.35,20.61,20.35,20.61,20.61,500
2006-08-18,20.55,20.63,20.55,20.61,20.61,800
2006-08-21,20.48,20.58,20.44,20.51,20.51,1500
2006-08-22,20.56,20.56,20.37,20.41,20.41,700
2006-08-23,20.24,20.38,20.24,20.36,20.36,2800
2006-08-24,20.53,20.5316,20.3,20.4,20.4,3600
2006-08-25,20.41,20.64,20.41,20.64,20.64,1800
2006-08-28,20.72,20.72,20.72,20.72,20.72,600
2006-08-29,20.81,21.01,20.78,21.01,21.01,61200
2006-08-30,21,21.02,21,21.02,21.02,500
2006-08-31,21.11,21.11,20.93,20.93,20.93,91800
2006-09-01,20.96,21.07,20.96,21.07,21.07,1500
2006-09-05,20.89,21.15,20.89,21.13,21.13,4800
2006-09-06,20.62,20.62,20.62,20.62,20.62,300
2006-09-07,20.48,20.68,20.44,20.46,20.46,2100
2006-09-08,20.62,20.62,20.62,20.62,20.62,500
2006-09-11,20.44,20.62,20.44,20.62,20.62,1400
2006-09-12,20.64,20.82,20.4295,20.82,20.82,5400
2006-09-13,20.65,20.87,20.65,20.87,20.87,4400
2006-09-14,20.81,20.93,20.8,20.8,20.8,2200
2006-09-15,20.9199,20.92,20.71,20.82,20.82,3400
2006-09-18,20.86,20.86,20.7,20.7,20.7,2000
2006-09-19,20.63,20.63,20.38,20.55,20.55,27000
2006-09-20,20.77,20.77,20.62,20.62,20.62,1500
2006-09-21,20.71,20.71,20.51,20.51,20.51,1000
2006-09-22,20.38,20.38,20.24,20.31,20.31,1300
2006-09-25,20.31,20.52,20.31,20.46,20.46,1200
2006-09-26,20.46,20.62,20.46,20.62,20.62,2200
2006-09-27,20.76,20.9,20.76,20.89,20.89,5200
2006-09-28,20.9,20.96,20.87,20.96,20.96,1100
2006-09-29,21.09,21.13,20.96,20.96,20.96,1400
2006-10-02,21.64,21.64,21.39,21.39,21.39,900
2006-10-03,21.28,21.48,21.2201,21.35,21.35,4000
2006-10-04,21.65,21.85,21.65,21.85,21.85,1700
2006-10-05,22,22.13,22,22.13,22.13,2500
2006-10-06,22.07,22.15,22.07,22.14,22.14,3400
2006-10-09,22.14,22.3,22.06,22.3,22.3,4400
2006-10-10,22.31,22.35,22.03,22.15,22.15,6100
2006-10-11,21.97,22.12,21.95,22.11,22.11,6400
2006-10-12,22.17,22.4144,22.17,22.41,22.41,3400
2006-10-13,22.38,22.38,22.23,22.34,22.34,4000
2006-10-16,22.37,22.45,22.33,22.45,22.45,2200
2006-10-17,22.97,23.11,22.96,23.02,23.02,2900
2006-10-18,23.22,23.22,23.04,23.12,23.12,28300
2006-10-19,23.05,23.1599,23.03,23.15,23.15,3000
2006-10-20,22.9499,23.1,22.9499,23.08,23.08,24100
2006-10-23,23.08,23.21,22.93,23.12,23.12,214700
2006-10-24,23.09,23.13,22.8,22.93,22.93,95000
2006-10-25,22.91,22.94,22.81,22.94,22.94,11000
2006-10-26,23.3,23.67,23.3,23.67,23.67,35800
2006-10-27,23.63,23.92,23.63,23.75,23.75,11400
2006-10-30,23.65,23.73,23.53,23.68,23.68,9900
2006-10-31,23.94,23.99,23.71,23.91,23.91,44300
2006-11-01,23.98,24.01,23.55,23.55,23.55,56400
2006-11-02,23.45,23.62,23.37,23.62,23.62,32100
2006-11-03,23.64,23.68,23.4,23.64,23.64,51500
2006-11-06,23.75,23.99,23.75,23.94,23.94,52000
2006-11-07,23.95,24.29,23.95,24.23,24.23,56400
2006-11-08,24.08,24.3,23.92,24.26,24.26,13900
2006-11-09,24.22,24.22,23.6,23.69,23.69,47000
2006-11-10,23.68,23.87,23.4601,23.87,23.87,19300
2006-11-13,23.83,23.97,23.77,23.87,23.87,15900
2006-11-14,23.9,23.9,23.62,23.9,23.9,8900
2006-11-15,24.07,24.27,24.07,24.22,24.22,19400
2006-11-16,24.4,24.45,24.28,24.42,24.42,25700
2006-11-17,24.47,24.6497,24.41,24.64,24.64,5300
2006-11-20,24.55,24.6,24.36,24.47,24.47,34000
2006-11-21,24.46,24.46,24.16,24.21,24.21,33800
2006-11-22,24.17,24.27,24.06,24.27,24.27,17300
2006-11-24,24.05,24.27,24.05,24.22,24.22,11700
2006-11-27,24.05,24.0752,23.76,23.82,23.82,21100
2006-11-28,23.72,23.8,23.66,23.78,23.78,18800
2006-11-29,23.93,24.0399,23.81,24.0399,24.0399,10000
2006-11-30,24.09,24.17,23.95,24.07,24.07,14100
2006-12-01,24.01,24.01,23.72,23.87,23.87,11300
2006-12-04,23.98,24.3,23.98,24.22,24.22,7800
2006-12-05,24.24,24.2741,24.14,24.23,24.23,7400
2006-12-06,24.2,24.2999,24.17,24.2501,24.2501,6900
2006-12-07,24.28,24.28,24.05,24.1075,24.1075,18000
2006-12-08,23.96,24.25,23.94,24.03,24.03,5900
2006-12-11,24,24.02,23.8595,23.94,23.94,14300
2006-12-12,24.06,24.06,23.56,23.83,23.83,52100
2006-12-13,23.81,23.81,23.5,23.57,23.57,12400
2006-12-14,23.55,23.82,23.55,23.7,23.7,3800
2006-12-15,23.86,23.86,23.721,23.75,23.75,34100
2006-12-18,23.95,23.95,23.55,23.63,23.63,12000
2006-12-19,23.52,23.56,23.3,23.48,23.48,15900
2006-12-20,23.42,23.6099,23.42,23.52,23.52,4800
2006-12-21,23.5,23.5199,23.32,23.32,23.32,2100
2006-12-22,23.2899,23.44,23.13,23.38,23.38,8700
2006-12-26,23.47,23.56,23.3801,23.5399,23.5399,5900
2006-12-27,23.67,23.75,23.5,23.551,23.551,13200
2006-12-28,23.63,23.76,23.51,23.63,23.63,14500
2006-12-29,23.59,23.64,23.5201,23.54,23.54,9200
2007-01-03,23.74,23.815,23.3,23.474,23.474,15000
2007-01-04,23.47,23.9099,23.47,23.84,23.84,48100
2007-01-05,23.78,23.827,23.65,23.69,23.69,9200
2007-01-08,23.71,23.88,23.71,23.8485,23.8485,3400
2007-01-09,23.74,23.76,23.6316,23.76,23.76,12600
2007-01-10,23.7,23.88,23.64,23.88,23.88,9400
2007-01-11,24,24.16,24,24.16,24.16,12000
2007-01-12,24.26,24.47,24.26,24.47,24.47,7600
2007-01-16,24.54,24.5599,24.44,24.45,24.45,9600
2007-01-17,24.45,24.54,24.43,24.5,24.5,9500
2007-01-18,24.53,24.59,24.34,24.41,24.41,12400
2007-01-19,24.38,24.66,24.38,24.56,24.56,9800
2007-01-22,24.59,24.59,24.35,24.39,24.39,9500
2007-01-23,24.23,24.29,24.1,24.14,24.14,14500
2007-01-24,24.2,24.3,24.1999,24.28,24.28,4200
2007-01-25,24.23,24.23,23.9101,23.9101,23.9101,3600
2007-01-26,23.82,23.98,23.73,23.9,23.9,21900
2007-01-29,23.88,24.0599,23.88,23.99,23.99,6800
2007-01-30,24.05,24.151,24.05,24.089,24.089,5600
2007-01-31,24.03,24.12,23.9404,24.12,24.12,4200
2007-02-01,24.29,24.4,24.28,24.4,24.4,5300
2007-02-02,24.55,24.55,24.42,24.43,24.43,4500
2007-02-05,24.4,24.4,24.22,24.2601,24.2601,13800
2007-02-06,24.3,24.3,24.0904,24.19,24.19,35200
2007-02-07,24.19,24.3799,24.19,24.3199,24.3199,6500
2007-02-08,24.41,24.53,24.39,24.49,24.49,12900
2007-02-09,24.55,24.58,24.25,24.33,24.33,17400
2007-02-12,24.33,24.33,23.9899,24.05,24.05,18725
2007-02-13,24.25,24.25,23.95,24.01,24.01,32400
2007-02-14,24.21,24.32,24.21,24.26,24.26,24345
2007-02-15,24.26,24.39,24.15,24.39,24.39,57300
2007-02-16,24.31,24.31,24.1,24.18,24.18,19200
2007-02-20,24.12,24.25,23.97,24.2,24.2,42800
2007-02-21,24.2,24.21,24.08,24.2,24.2,30600
2007-02-22,24.19,24.24,24.09,24.24,24.24,17700
2007-02-23,24.21,24.23,24.09,24.16,24.16,17400
2007-02-26,24.3,24.3,24.05,24.14,24.14,16829
2007-02-27,23.8,23.8499,23.14,23.2955,23.2955,34700
2007-02-28,23.2,23.42,23,23.17,23.17,15700
2007-03-01,22.54,22.95,22.38,22.79,22.79,28326
2007-03-02,22.81,22.86,22.52,22.52,22.52,17500
2007-03-05,22.27,22.65,22.19,22.19,22.19,22400
2007-03-06,22.3,22.4,22.1,22.35,22.35,88500
2007-03-07,22.29,22.4,22.1801,22.3,22.3,14800
2007-03-08,22.34,22.467,22.19,22.19,22.19,3700
2007-03-09,22.31,22.36,22.13,22.25,22.25,8100
2007-03-12,22.37,22.42,22.25,22.3,22.3,10100
2007-03-13,22.35,22.51,22.15,22.15,22.15,14600
2007-03-14,22.2,22.4099,22.12,22.4,22.4,12300
2007-03-15,22.44,22.49,22.33,22.49,22.49,9800
2007-03-16,22.45,22.5,22.31,22.3274,22.3274,6000
2007-03-19,22.45,22.67,22.41,22.51,22.51,8200
2007-03-20,22.66,22.83,22.63,22.83,22.83,8900
2007-03-21,22.83,23.39,22.83,23.3799,23.3799,11400
2007-03-22,23.46,23.5,23.41,23.43,23.43,52000
2007-03-23,23.68,23.71,23.5,23.7,23.7,20800
2007-03-26,23.7,23.7,23.49,23.49,23.49,1700
2007-03-27,23.65,23.8,23.613,23.65,23.65,6300
2007-03-28,23.5,23.68,23.5,23.64,23.64,7500
2007-03-29,23.8,23.8,23.46,23.61,23.61,14300
2007-03-30,23.8,23.89,23.68,23.88,23.88,1800
2007-04-02,23.9,23.9,23.8,23.86,23.86,6100
2007-04-03,23.95,24.24,23.95,24.24,24.24,2700
2007-04-04,24.27,24.31,24.23,24.25,24.25,3000
2007-04-05,24.36,24.72,24.36,24.71,24.71,7900
2007-04-09,24.8,24.8,24.55,24.61,24.61,9200
2007-04-10,24.71,24.78,24.46,24.47,24.47,11200
2007-04-11,24.47,24.47,24.08,24.43,24.43,193300
2007-04-12,24.6,25.03,24.42,24.95,24.95,65000
2007-04-13,25.15,25.26,24.9785,25.26,25.26,95300
2007-04-16,25.21,25.31,25.15,25.28,25.28,27800
2007-04-17,25.33,25.38,25.24,25.37,25.37,22100
2007-04-18,25.37,25.39,25.24,25.26,25.26,25700
2007-04-19,25.23,25.64,25.23,25.45,25.45,37100
2007-04-20,25.61,25.82,25.54,25.63,25.63,27000
2007-04-23,25.85,26.18,25.85,26.18,26.18,66000
2007-04-24,26.15,26.16,25.93,25.99,25.99,39600
2007-04-25,26.05,26.19,25.89,26.19,26.19,27800
2007-04-26,26.1,26.15,25.86,26.13,26.13,19400
2007-04-27,26.02,26.09,25.88,26.09,26.09,33700
2007-04-30,25.97,25.99,25.62,25.71,25.71,12000
2007-05-01,25.67,25.78,25.35,25.7,25.7,16300
2007-05-02,25.75,26.09,25.75,25.97,25.97,33500
2007-05-03,26,26.01,25.8564,25.88,25.88,44600
2007-05-04,26,26.08,25.75,25.76,25.76,38400
2007-05-07,25.9,25.94,25.86,25.87,25.87,6400
2007-05-08,25.77,25.91,25.63,25.75,25.75,9600
2007-05-09,25.73,25.81,25.62,25.76,25.76,18600
2007-05-10,25.66,25.661,25.22,25.23,25.23,36700
2007-05-11,25.22,25.54,25.22,25.54,25.54,13500
2007-05-14,25.61,25.68,25.52,25.54,25.54,13100
2007-05-15,25.48,25.66,25.27,25.27,25.27,15000
2007-05-16,25.23,25.35,25.1,25.35,25.35,18000
2007-05-17,25.34,25.34,25.07,25.07,25.07,14100
2007-05-18,25.09,25.24,25,25.21,25.21,20500
2007-05-21,25.14,25.424,25.14,25.31,25.31,26200
2007-05-22,25.37,25.56,25.3504,25.5,25.5,9200
2007-05-23,25.5,25.66,25.4845,25.55,25.55,16300
2007-05-24,25.55,25.55,25.1106,25.1106,25.1106,11200
2007-05-25,25.27,25.36,25.14,25.31,25.31,23500
2007-05-29,25.38,25.56,25.35,25.5,25.5,14900
2007-05-30,25.55,25.6,25.47,25.5399,25.5399,8700
2007-05-31,25.73,25.75,25.6131,25.66,25.66,39500
2007-06-01,25.83,25.91,25.741,25.79,25.79,51700
2007-06-04,25.71,25.88,25.5,25.52,25.52,34000
2007-06-05,25.65,25.65,25.39,25.48,25.48,55300
2007-06-06,25.38,25.38,25.13,25.1394,25.1394,34900
2007-06-07,25,25,24.39,24.39,24.39,44400
2007-06-08,24.35,24.69,24.35,24.63,24.63,13000
2007-06-11,24.7,24.79,24.65,24.7,24.7,10700
2007-06-12,24.59,24.5969,24.39,24.43,24.43,9300
2007-06-13,24.49,24.83,24.43,24.83,24.83,9200
2007-06-14,24.92,25.02,24.86,24.86,24.86,11200
2007-06-15,25.25,25.29,25.12,25.14,25.14,26500
2007-06-18,25.05,25.05,24.92,24.98,24.98,6300
2007-06-19,24.91,24.97,24.84,24.96,24.96,20000
2007-06-20,24.82,24.86,24.5,24.5,24.5,12300
2007-06-21,24.4,24.55,24.31,24.48,24.48,35700
2007-06-22,24.51,24.61,23.96,24.03,24.03,48800
2007-06-25,24.01,24.1499,23.71,23.77,23.77,26900
2007-06-26,23.91,24,23.75,23.82,23.82,50390
2007-06-27,23.71,24.36,23.71,24.36,24.36,8500
2007-06-28,24.45,24.5,24.35,24.4201,24.4201,48600
2007-06-29,24.46,24.48,24.07,24.18,24.18,10900
2007-07-02,24.36,24.5,24.35,24.5,24.5,4100
2007-07-03,24.49,24.52,24.4,24.45,24.45,34300
2007-07-05,24.35,24.54,24.29,24.51,24.51,16600
2007-07-06,24.36,24.4,24.25,24.4,24.4,17000
2007-07-09,24.41,24.443,24.33,24.38,24.38,8900
2007-07-10,24.19,24.34,24.13,24.16,24.16,8100
2007-07-11,24.14,24.31,24.07,24.31,24.31,14300
2007-07-12,24.33,24.9,24.25,24.64,24.64,289700
2007-07-13,24.51,24.73,24.4901,24.73,24.73,16900
2007-07-16,24.6,24.6112,24.5,24.54,24.54,8000
2007-07-17,24.64,24.64,24.51,24.56,24.56,6400
2007-07-18,24.44,24.58,24.35,24.54,24.54,6800
2007-07-19,24.65,24.69,24.55,24.64,24.64,29500
2007-07-20,24.57,24.57,24.23,24.35,24.35,15100
2007-07-23,24.31,24.31,24.11,24.21,24.21,60300
2007-07-24,24.2,24.312,23.99,24.07,24.07,34900
2007-07-25,24.29,24.616,24.23,24.58,24.58,60100
2007-07-26,24.42,24.62,24.21,24.33,24.33,33400
2007-07-27,24.16,24.35,23.81,23.81,23.81,34100
2007-07-30,23.82,23.94,23.6401,23.91,23.91,90000
2007-07-31,23.94,23.96,23.6,23.66,23.66,21300
2007-08-01,23.6,23.64,23.02,23.32,23.32,55400
2007-08-02,23.42,23.6,23.3251,23.53,23.53,11100
2007-08-03,23.55,23.76,23.27,23.27,23.27,14500
2007-08-06,23.38,23.83,23.38,23.83,23.83,16800
2007-08-07,23.71,24.16,23.71,24.09,24.09,9400
2007-08-08,24.2,24.47,24.07,24.29,24.29,103000
2007-08-09,24.2,24.53,24.01,24.01,24.01,47800
2007-08-10,23.7,23.9,23.57,23.65,23.65,10200
2007-08-13,23.74,23.89,23.65,23.71,23.71,7500
2007-08-14,23.84,24.01,23.69,23.78,23.78,74600
2007-08-15,23.73,24.07,23.4,23.4,23.4,109300
2007-08-16,23.38,23.44,22.87,23.36,23.36,53200
2007-08-17,23.68,23.68,23.2,23.58,23.58,60400
2007-08-20,23.62,23.68,23.32,23.63,23.63,22000
2007-08-21,23.73,23.84,23.63,23.79,23.79,27100
2007-08-22,23.95,23.98,23.83,23.94,23.94,6200
2007-08-23,24.07,24.11,23.92,23.94,23.94,19600
2007-08-24,24,24.13,23.84,24.13,24.13,23200
2007-08-27,24.05,24.06,23.896,23.91,23.91,11400
2007-08-28,23.78,23.78,23.4801,23.5,23.5,8300
2007-08-29,23.47,23.74,23.37,23.74,23.74,12900
2007-08-30,23.9,23.9501,23.73,23.87,23.87,11500
2007-08-31,24.05,24.2,23.961,24.16,24.16,11700
2007-09-04,24.23,24.6899,24.23,24.61,24.61,18000
2007-09-05,24.66,24.67,24.5299,24.59,24.59,4700
2007-09-06,24.73,24.98,24.73,24.94,24.94,6500
2007-09-07,24.65,24.69,24.542,24.61,24.61,4700
2007-09-10,24.69,24.71,24.456,24.58,24.58,3000
2007-09-11,24.98,25.18,24.95,25.18,25.18,8500
2007-09-12,25.22,25.45,25.22,25.31,25.31,6000
2007-09-13,25.28,25.28,25.0301,25.1,25.1,27600
2007-09-14,24.89,25.12,24.89,25.12,25.12,26900
2007-09-17,25,25,24.63,24.78,24.78,1452000
2007-09-18,24.89,25.47,24.8301,25.47,25.47,90400
2007-09-19,25.56,25.73,25.4301,25.51,25.51,45300
2007-09-20,25.46,25.67,25.34,25.37,25.37,48500
2007-09-21,25.56,25.7399,25.52,25.56,25.56,18300
2007-09-24,25.48,25.68,25.44,25.57,25.57,7500
2007-09-25,25.53,25.6,25.4401,25.59,25.59,26700
2007-09-26,25.6,25.85,25.5452,25.85,25.85,141800
2007-09-27,25.75,25.75,25.52,25.67,25.67,30200
2007-09-28,25.63,25.9,25.4101,25.52,25.52,10400
2007-10-01,25.8,25.8,25.54,25.7,25.7,35800
2007-10-02,25.73,25.8,25.621,25.76,25.76,21000
2007-10-03,25.91,26.06,25.8301,25.87,25.87,29600
2007-10-04,25.85,26.044,25.84,25.87,25.87,5800
2007-10-05,25.99,26.28,25.7901,26.21,26.21,16500
2007-10-08,26.18,26.18,25.8736,25.94,25.94,10700
2007-10-09,26.1,26.22,25.8801,26.07,26.07,11300
2007-10-10,26.02,26.4,26.004,26.4,26.4,12300
2007-10-11,26.28,26.52,25.85,26.27,26.27,54600
2007-10-12,26.38,26.46,26.15,26.31,26.31,56700
2007-10-15,26.75,26.8,26.3,26.52,26.52,21700
2007-10-16,26.4,26.57,26.2088,26.32,26.32,17300
2007-10-17,26.33,26.5296,26.08,26.46,26.46,34500
2007-10-18,26.03,26.5,25.87,26.01,26.01,18000
2007-10-19,25.96,25.96,25.582,25.63,25.63,16600
2007-10-22,25.43,25.73,25.39,25.66,25.66,24300
2007-10-23,25.7,26.13,25.7,26.04,26.04,18900
2007-10-24,26,26.15,25.7,25.98,25.98,18200
2007-10-25,25.82,25.87,25.51,25.7,25.7,59100
2007-10-26,25.96,26.09,25.79,26.05,26.05,11900
2007-10-29,26.06,26.06,25.7601,25.91,25.91,14900
2007-10-30,25.73,25.8584,25.66,25.71,25.71,18500
2007-10-31,25.82,26.15,25.6701,26.1188,26.1188,13300
2007-11-01,25.95,25.95,25.5796,25.65,25.65,363400
2007-11-02,25.49,25.79,25.46,25.73,25.73,7900
2007-11-05,25.19,25.46,25,25.4,25.4,21600
2007-11-06,25.38,25.63,25.33,25.63,25.63,20400
2007-11-07,25.35,25.49,24.85,24.93,24.93,31300
2007-11-08,25.02,25.3,24.87,25.3,25.3,49900
2007-11-09,24.67,25.23,24.67,24.96,24.96,6900
2007-11-12,24.94,25.1996,24.94,25.02,25.02,16400
2007-11-13,24.92,25.18,24.71,25.17,25.17,24930
2007-11-14,25.28,25.3699,25.17,25.24,25.24,5300
2007-11-15,25.25,25.5399,25.09,25.17,25.17,15600
2007-11-16,25.06,25.446,25.06,25.36,25.36,15800
2007-11-19,25.24,25.24,24.79,24.9,24.9,190700
2007-11-20,24.65,25.1099,24.5,24.94,24.94,14900
2007-11-21,24.76,24.81,24.43,24.59,24.59,8300
2007-11-23,24.73,24.87,24.63,24.84,24.84,4800
2007-11-26,24.95,24.95,24.55,24.61,24.61,9000
2007-11-27,24.76,25.14,24.69,25.14,25.14,11100
2007-11-28,25.23,25.54,25.19,25.19,25.19,25400
2007-11-29,25.43,25.7699,25.41,25.48,25.48,4100
2007-11-30,25.8,25.81,25.59,25.67,25.67,157600
2007-12-03,25.93,25.93,25.44,25.49,25.49,10408
2007-12-04,25.32,25.3732,25.17,25.18,25.18,372600
2007-12-05,25.45,25.5104,25.17,25.38,25.38,67700
2007-12-06,25.61,25.94,25.33,25.94,25.94,12938
2007-12-07,25.77,25.88,25.65,25.74,25.74,10700
2007-12-10,25.65,25.7616,25.49,25.72,25.72,8900
2007-12-11,25.71,25.75,25.13,25.17,25.17,8300
2007-12-12,25.6,25.6,25.18,25.34,25.34,22500
2007-12-13,24.85,25.11,24.6968,25.11,25.11,24200
2007-12-14,24.8,25.0888,24.8,24.96,24.96,11800
2007-12-17,24.63,24.6632,24.4688,24.5,24.5,12100
2007-12-18,24.51,24.73,24.38,24.68,24.68,31000
2007-12-19,24.54,24.84,24.54,24.79,24.79,88900
2007-12-20,24.85,25.02,24.6742,25.02,25.02,9800
2007-12-21,25.37,25.37,25.11,25.23,25.23,15300
2007-12-24,25.25,25.25,25.1701,25.1744,25.1744,7100
2007-12-26,25.16,25.3,25.14,25.21,25.21,16200
2007-12-27,25.17,25.17,24.79,24.81,24.81,20700
2007-12-28,24.64,24.706,24.4701,24.5884,24.5884,5200
2007-12-31,24.33,24.526,24.33,24.37,24.37,25100
2008-01-02,24.58,24.67,24.2801,24.41,24.41,33000
2008-01-03,24.43,24.43,24.01,24.14,24.14,23800
2008-01-04,24,24.2699,23.93,24,24,8500
2008-01-07,24.18,24.56,24.1,24.51,24.51,44100
2008-01-08,24.62,24.87,24.37,24.41,24.41,14300
2008-01-09,24.45,24.64,24.33,24.6,24.6,8400
2008-01-10,23.51,25.1604,23.11,24.99,24.99,8700
2008-01-11,24.97,25.23,24.97,25.1299,25.1299,8840
2008-01-14,25.24,25.25,24.8601,25.03,25.03,10125
2008-01-15,24.6901,24.92,24.64,24.75,24.75,4300
2008-01-16,24.79,25.2501,24.79,25.07,25.07,12400
2008-01-17,25.28,25.3599,25.03,25.11,25.11,10000
2008-01-18,25.03,25.03,24.2499,24.36,24.36,20400
2008-01-22,23.99,24.046,23.26,23.81,23.81,19050
2008-01-23,23.52,23.52,22.3301,23.19,23.19,24000
2008-01-24,23.34,23.44,23.07,23.22,23.22,35500
2008-01-25,23.22,23.42,22.8401,22.93,22.93,14800
2008-01-28,22.74,23.3301,22.74,23.3199,23.3199,13301
2008-01-29,23.34,23.3699,23.2401,23.33,23.33,9000
2008-01-30,23.04,23.44,22.66,23,23,27300
2008-01-31,22.67,23.2799,22.67,23.18,23.18,7800
2008-02-01,23.22,23.66,23.2001,23.63,23.63,13792
2008-02-04,23.51,23.62,23.42,23.56,23.56,17500
2008-02-05,23.32,23.3499,22.7701,22.8,22.8,62700
2008-02-06,22.82,23.14,22.72,22.72,22.72,21300
2008-02-07,22.56,22.82,22.49,22.76,22.76,103100
2008-02-08,22.66,22.66,22.35,22.46,22.46,20800
2008-02-11,22.5,22.55,22.3101,22.44,22.44,31645
2008-02-12,22.42,22.65,22.36,22.46,22.46,22500
2008-02-13,22.75,22.767,22.64,22.72,22.72,19200
2008-02-14,22.84,22.89,22.49,22.49,22.49,27500
2008-02-15,22.38,22.55,22.2256,22.55,22.55,27400
2008-02-19,22.9399,22.9399,22.49,22.51,22.51,22100
2008-02-20,22.3101,22.46,22.13,22.46,22.46,73898
2008-02-21,22.55,22.55,21.99,22.13,22.13,82500
2008-02-22,22.14,22.1518,21.6,21.6,21.6,83200
2008-02-25,22.14,22.68,22.14,22.65,22.65,61900
2008-02-26,22.65,23.07,22.6201,22.85,22.85,71000
2008-02-27,22.67,22.89,22.46,22.648,22.648,39100
2008-02-28,22.59,22.96,22.59,22.8296,22.8296,43605
2008-02-29,22.52,22.53,22.25,22.41,22.41,8700
2008-03-03,22.27,22.6466,22.26,22.49,22.49,132800
2008-03-04,22.05,22.63,21.95,22.58,22.58,66900
2008-03-05,22.78,22.78,21.916,22.05,22.05,26500
2008-03-06,22.1,22.12,21.52,21.55,21.55,11000
2008-03-07,21.18,21.61,21.1,21.4,21.4,115900
2008-03-10,21.25,21.25,20.73,20.78,20.78,39400
2008-03-11,21.04,21.15,20.646,21.14,21.14,38400
2008-03-12,21.21,21.52,21.15,21.19,21.19,75600
2008-03-13,20.9,21.73,20.9,21.64,21.64,55500
2008-03-14,21.89,21.89,20.95,21.34,21.34,48200
2008-03-17,20.94,21.14,20.6388,20.68,20.68,44800
2008-03-18,21.19,21.38,20.84,21.37,21.37,44400
2008-03-19,21.56,21.65,21.3,21.31,21.31,6400
2008-03-20,21.27,21.58,21.21,21.58,21.58,5400
2008-03-24,21.51,22.44,21.51,22.23,22.23,28300
2008-03-25,22.52,22.58,22.3124,22.53,22.53,32329
2008-03-26,23.21,23.21,22.4,22.64,22.64,8200
2008-03-27,22.72,22.902,22.6,22.63,22.63,76600
2008-03-28,22.7922,22.7922,22.2201,22.23,22.23,15700
2008-03-31,22.05,22.9123,22.05,22.8,22.8,19400
2008-04-01,23.41,23.7201,23.3416,23.622,23.622,13700
2008-04-02,23.48,23.734,23.48,23.61,23.61,10800
2008-04-03,23.53,23.56,23.3601,23.51,23.51,10000
2008-04-04,23.51,24.1512,23.51,23.94,23.94,14618
2008-04-07,24.39,24.86,23.8116,23.9,23.9,13600
2008-04-08,23.83,23.878,23.76,23.76,23.76,5700
2008-04-09,23.5,23.5,22.89,23.06,23.06,380900
2008-04-10,23.45,24.38,23.45,24.17,24.17,50300
2008-04-11,24.44,24.44,23.8022,23.84,23.84,41300
2008-04-14,23.74,23.7899,23.65,23.69,23.69,29255
2008-04-15,24.53,24.53,23.14,23.33,23.33,6291
2008-04-16,23.46,23.6901,23.3901,23.64,23.64,9479
2008-04-17,23.5,23.5,23.34,23.41,23.41,24318
2008-04-18,25.33,25.33,23.48,23.58,23.58,74362
2008-04-21,23.33,23.5812,23.33,23.48,23.48,8048
2008-04-22,23.3,23.36,23.0212,23.22,23.22,10564
2008-04-23,23.5,23.54,23.29,23.44,23.44,25687
2008-04-24,23.34,23.36,22.8366,23.33,23.33,197400
2008-04-25,23.58,24.0199,23.078,23.31,23.31,149165
2008-04-28,23.4,23.6,23.398,23.52,23.52,3528
2008-04-29,23.29,23.41,23.21,23.38,23.38,86955
2008-04-30,23.49,23.58,23.1324,23.14,23.14,22345
2008-05-01,23.24,23.75,23.24,23.66,23.66,13388
2008-05-02,23.66,23.6988,23.38,23.46,23.46,21968
2008-05-05,23.46,23.6,23.384,23.6,23.6,4856
2008-05-06,23.6,23.6,23.36,23.46,23.46,147264
2008-05-07,23.4,23.52,23.09,23.2,23.2,23183
2008-05-08,23.01,23.23,23.01,23.18,23.18,14720
2008-05-09,23.12,23.25,23.1,23.25,23.25,12879
2008-05-12,23.19,23.41,23.14,23.41,23.41,41434
2008-05-13,23.31,23.31,23.114,23.2,23.2,15971
2008-05-14,23.2,23.43,23.2,23.23,23.23,31787
2008-05-15,23.56,23.56,23.08,23.4,23.4,8641
2008-05-16,24,24,23.12,23.44,23.44,7601
2008-05-19,23.32,23.54,23.17,23.26,23.26,10225
2008-05-20,23.18,23.32,23.1,23.28,23.28,34091
2008-05-21,23.95,23.95,22.71,22.78,22.78,16202
2008-05-22,22.93,23.15,22.93,22.94,22.94,63474
2008-05-23,23,23,22.7992,22.817,22.817,5985
2008-05-27,23.01,23.03,22.854,22.98,22.98,8133
2008-05-28,23.22,23.22,22.76,22.93,22.93,5405
2008-05-29,23.06,23.58,23.06,23.58,23.58,4416
2008-05-30,23.39,23.52,23.36,23.48,23.48,18308
2008-06-02,23.49,23.51,23.27,23.47,23.47,12222
2008-06-03,23.5,23.6001,23.31,23.4799,23.4799,17043
2008-06-04,23.5,23.747,23.5,23.67,23.67,19397
2008-06-05,24,24.245,24,24.245,24.245,5905
2008-06-06,24.1101,24.1101,23.7996,23.8168,23.8168,9994
2008-06-09,23.5,23.5,23.26,23.37,23.37,8302
2008-06-10,23.33,23.48,23.25,23.3,23.3,17589
2008-06-11,23.15,23.15,22.79,22.9,22.9,30308
2008-06-12,22.79,23.19,22.79,23,23,4578
2008-06-13,22.98,23.19,22.98,23.19,23.19,10450
2008-06-16,23.05,23.43,23.03,23.39,23.39,44313
2008-06-17,23.57,23.57,23.2069,23.22,23.22,8235
2008-06-18,23.12,23.2954,22.95,23.02,23.02,61891
2008-06-19,23.06,23.32,22.99,23.32,23.32,12286
2008-06-20,23.32,23.32,22.85,23.14,23.14,43154
2008-06-23,22.91,22.91,22.62,22.73,22.73,32845
2008-06-24,22.61,22.7,22.56,22.5648,22.5648,16691
2008-06-25,22.6299,23.046,22.6299,22.9,22.9,23102
2008-06-26,22.66,22.6808,22.42,22.46,22.46,19402
2008-06-27,22.18,22.57,21.94,22.45,22.45,26301
2008-06-30,22.45,22.7031,22.45,22.53,22.53,38121
2008-07-01,22.63,22.85,22.52,22.83,22.83,72939
2008-07-02,22.84,22.997,22.7499,22.7499,22.7499,26351
2008-07-03,22.7,22.83,22.6899,22.78,22.78,12730
2008-07-07,23.71,23.71,22.39,22.68,22.68,43867
2008-07-08,22.9,23.59,22.9,23.59,23.59,31386
2008-07-09,23.67,23.88,23.29,23.29,23.29,38884
2008-07-10,23.49,23.572,23.24,23.39,23.39,101073
2008-07-11,23.19,23.39,23.19,23.32,23.32,49300
2008-07-14,24,24,23.16,23.18,23.18,16728
2008-07-15,23.7836,24.07,23.48,23.91,23.91,44915
2008-07-16,24.02,24.26,23.94,24.184,24.184,26233
2008-07-17,25.3,25.3,24.1601,24.48,24.48,67402
2008-07-18,25.01,25.01,24.11,24.33,24.33,28660
2008-07-21,25.49,25.49,24.77,24.78,24.78,14535
2008-07-22,25.21,25.65,24.84,25.65,25.65,56573
2008-07-23,25.67,25.73,25.4,25.47,25.47,98319
2008-07-24,25.85,25.85,25.25,25.67,25.67,28181
2008-07-25,25.56,25.57,25.3,25.52,25.52,33720
2008-07-28,25.3,25.95,25.17,25.21,25.21,22109
2008-07-29,25.2,25.64,25.2,25.51,25.51,32156
2008-07-30,26.12,26.12,25.06,25.41,25.41,15647
2008-07-31,25.77,26.82,25.77,26.425,26.425,47402
2008-08-01,26.21,26.21,25.74,25.96,25.96,30849
2008-08-04,26.84,26.84,25.49,25.63,25.63,28094
2008-08-05,25,26.06,24.71,26.02,26.02,22287
2008-08-06,26.27,26.54,25.95,26.4,26.4,60894
2008-08-07,26.66,26.7416,25.5,25.51,25.51,29438
2008-08-08,26.4,26.4,25.4701,26.25,26.25,115961
2008-08-11,26.5,26.6862,26.15,26.6,26.6,33974
2008-08-12,26.566,26.76,26.35,26.7,26.7,117090
2008-08-13,27.545,27.545,26.5,26.67,26.67,332494
2008-08-14,27.25,27.25,26.6,27.14,27.14,84247
2008-08-15,27.65,27.65,26.9675,27.07,27.07,30906
2008-08-18,27.69,27.69,26.4,26.74,26.74,43568
2008-08-19,26.55,26.61,26.106,26.24,26.24,27075
2008-08-20,26.235,26.53,25.9432,26.09,26.09,19543
2008-08-21,26.75,26.75,25.31,25.8201,25.8201,30985
2008-08-22,25.74,26.1399,25.21,26.12,26.12,15559
2008-08-25,26.69,26.69,25.4,25.65,25.65,26428
2008-08-26,25.54,26,25.19,25.68,25.68,39243
2008-08-27,25.47,25.47,25,25.23,25.23,22058
2008-08-28,25.01,25.61,25.01,25.61,25.61,173061
2008-08-29,26.5,26.5,25.322,25.45,25.45,51670
2008-09-02,26.44,26.44,25.08,25.26,25.26,40334
2008-09-03,25.01,25.335,24.9048,25.25,25.25,23320
2008-09-04,25.02,25.04,24.36,24.66,24.66,35915
2008-09-05,24.75,24.75,23.88,24.5,24.5,74997
2008-09-08,24.01,24.7832,24.01,24.5,24.5,19302
2008-09-09,23.91,25.108,23.91,23.95,23.95,12257
2008-09-10,24.48,24.87,24.45,24.87,24.87,27621
2008-09-11,25.01,27,24.27,24.9,24.9,84012
2008-09-12,25,26.26,24.5901,24.76,24.76,17883
2008-09-15,24.5,24.604,23.82,23.82,23.82,16329
2008-09-16,23.04,24.6016,22.958,24.6016,24.6016,149585
2008-09-17,23.97,24.52,23.54,23.54,23.54,44318
2008-09-18,24.76,24.76,23.08,24.08,24.08,92907
2008-09-19,26.3,26.35,24.3,24.58,24.58,15627
2008-09-22,26.62,26.9,23.0601,23.94,23.94,62177
2008-09-23,23.16,24.1816,23.06,23.79,23.79,76185
2008-09-24,23.8408,24.28,23.71,24.28,24.28,19777
2008-09-25,23.75,24.5984,23.75,24.33,24.33,52105
2008-09-26,23.39,24.6199,23.3601,24.6199,24.6199,22082
2008-09-29,26.25,26.25,23.5,23.5,23.5,148780
2008-09-30,23.01,24,23.01,23.839,23.839,40210
2008-10-01,24.55,25.17,23.4,23.73,23.73,173566
2008-10-02,25.15,25.15,22.56,22.56,22.56,17791
2008-10-03,23.718,23.718,22.4,22.4,22.4,73735
2008-10-06,21.89,22.101,20.24,21.28,21.28,36380
2008-10-07,20.64,21.72,20.47,20.47,20.47,65266
2008-10-08,19.37,21.12,19.246,20.32,20.32,55650
2008-10-09,20.99,20.99,19.5,19.5,19.5,18394
2008-10-10,18.51,21.46,17.95,18.92,18.92,110524
2008-10-13,20.6,20.806,19.4708,20.582,20.582,29860
2008-10-14,22.27,22.28,20.15,20.15,20.15,91693
2008-10-15,20.03,20.04,18.926,18.926,18.926,46382
2008-10-16,19.85,19.85,18.45,19.6,19.6,13024
2008-10-17,20.42,20.4353,19.5,19.758,19.758,124386
2008-10-20,19.39,20.76,19.39,20.66,20.66,9677
2008-10-21,21.4,21.4,20.37,20.37,20.37,33189
2008-10-22,20,20.02,19.33,19.51,19.51,22527
2008-10-23,19.7292,19.7292,18.57,19.1,19.1,9612
2008-10-24,19.17,19.17,18.323,18.97,18.97,51540
2008-10-27,18.22,18.62,17.84,17.84,17.84,13133
2008-10-28,17.9601,18.576,17.542,18.47,18.47,178674
2008-10-29,18.53,19.84,18.53,19.37,19.37,33841
2008-10-30,19.14,20,19.14,20,20,31105
2008-10-31,19.81,20.66,19.81,20.47,20.47,7894
2008-11-03,20.82,21.004,20.45,20.88,20.88,11493
2008-11-04,20.97,20.97,20.44,20.73,20.73,21410
2008-11-05,20.09,20.701,20.09,20.14,20.14,14055
2008-11-06,20,20.0816,19.6508,19.95,19.95,16415
2008-11-07,19.978,20.238,19.7836,19.86,19.86,11831
2008-11-10,20.2317,20.3112,19.652,19.85,19.85,5123
2008-11-11,19.44,19.7932,19.4396,19.44,19.44,11671
2008-11-12,19.21,19.21,18.42,18.42,18.42,21849
2008-11-13,18.47,19.71,18.2053,19.71,19.71,10905
2008-11-14,19.35,19.49,18.9364,18.9364,18.9364,6896
2008-11-17,18.47,18.92,18.47,18.5,18.5,13929
2008-11-18,18.33,18.57,18.011,18.415,18.415,8207
2008-11-19,17.56,18.6,17.5,17.6,17.6,4852
2008-11-20,17.34,17.34,16.26,16.41,16.41,35454
2008-11-21,16.56,16.56,15.44,16.33,16.33,38758
2008-11-24,16.57,17.318,16.57,17.15,17.15,11982
2008-11-25,17.2836,17.3476,17.0245,17.3476,17.3476,10405
2008-11-26,17.151,17.91,17.151,17.9,17.9,122082
2008-11-28,17.84,18.14,17.84,18.14,18.14,34714
2008-12-01,17.86,17.87,17.07,17.1,17.1,46210
2008-12-02,17.08,17.2332,16.75,17.2332,17.2332,15656
2008-12-03,16.94,17.95,16.94,17.95,17.95,19982
2008-12-04,17.92,18.05,17.542,17.56,17.56,12336
2008-12-05,17.4,18.32,17.048,18.32,18.32,35357
2008-12-08,18.98,19.41,18.658,18.78,18.78,6185
2008-12-09,18.65,19.03,18.2288,18.37,18.37,19259
2008-12-10,18.57,18.82,18.38,18.5752,18.5752,17755
2008-12-11,18.7399,18.8,18.03,18.14,18.14,20915
2008-12-12,17.42,18.5828,17.42,18.5448,18.5448,26442
2008-12-15,18.58,18.58,17.96,18.2599,18.2599,21241
2008-12-16,18.5252,18.934,18.5252,18.9104,18.9104,10152
2008-12-17,18.79,19.5465,18.79,19.3268,19.3268,36783
2008-12-18,19.35,19.72,19.0982,19.31,19.31,17748
2008-12-19,19.28,19.8101,19.2445,19.25,19.25,12232
2008-12-22,19.6,19.823,18.7599,19.06,19.06,9043
2008-12-23,19.07,19.3,18.9701,18.98,18.98,6923
2008-12-24,19.02,19.04,18.94,18.94,18.94,16565
2008-12-26,18.95,19.0964,18.95,19.07,19.07,7046
2008-12-29,18.81,19.03,18.59,18.72,18.72,14795
2008-12-30,18.73,19.2612,18.68,19.24,19.24,20508
2008-12-31,19.648,19.73,19.5655,19.69,19.69,10834
2009-01-02,19.69,20.03,19.51,19.9784,19.9784,12495
2009-01-05,19.73,20.24,19.7148,20.1,20.1,9942
2009-01-06,20.25,20.3699,20,20.12,20.12,9565
2009-01-07,19.99,20.07,19.45,19.69,19.69,18184
2009-01-08,19.55,19.85,19.5,19.85,19.85,9978
2009-01-09,19.73,19.73,19.3201,19.45,19.45,9138
2009-01-12,19.54,19.54,19.0396,19.19,19.19,2488
2009-01-13,19.5701,19.96,19.5701,19.94,19.94,4375
2009-01-14,19.6601,19.6601,19.3045,19.33,19.33,10878
2009-01-15,19.24,19.8332,18.99,19.63,19.63,33281
2009-01-16,20.01,20.07,19.73,20.07,20.07,15032
2009-01-20,20.05,20.05,18.86,18.8736,18.8736,7416
2009-01-21,19.27,19.74,18.8924,19.74,19.74,9469
2009-01-22,19.39,19.55,19.175,19.34,19.34,13674
2009-01-23,19.28,19.47,19,19.136,19.136,7515
2009-01-26,19.34,19.655,19.0873,19.4022,19.4022,4882
2009-01-27,19.38,19.696,19.38,19.6496,19.6496,4825
2009-01-28,19.86,20.07,19.7804,19.7804,19.7804,12180
2009-01-29,19.58,19.83,19.52,19.52,19.52,26355
2009-01-30,19.65,19.72,19.31,19.31,19.31,7081
2009-02-02,19.22,19.92,19.22,19.8245,19.8245,13753
2009-02-03,20.38,20.5488,20.0496,20.5488,20.5488,14363
2009-02-04,20.62,21.17,20.567,20.8016,20.8016,13733
2009-02-05,20.57,21.42,20.57,21.32,21.32,21868
2009-02-06,21.44,21.79,21.3999,21.644,21.644,47745
2009-02-09,21.65,21.752,21.28,21.752,21.752,67335
2009-02-10,21.66,21.75,21.0201,21.1,21.1,21535
2009-02-11,21.26,21.4,21.11,21.29,21.29,30299
2009-02-12,20.98,21.78,20.93,21.78,21.78,40521
2009-02-13,21.68,21.79,21.38,21.53,21.53,36487
2009-02-17,20.9,21.06,20.67,20.9161,20.9161,14893
2009-02-18,21.17,21.18,20.4868,20.54,20.54,29824
2009-02-19,20.67,20.79,20.3425,20.35,20.35,27145
2009-02-20,20.08,20.25,19.75,20.086,20.086,90327
2009-02-23,20.22,20.22,19.46,19.66,19.66,36586
2009-02-24,19.63,20.12,19.6,20.01,20.01,37805
2009-02-25,19.99,20.115,19.594,19.77,19.77,72670
2009-02-26,19.77,19.77,18.807,18.9,18.9,25408
2009-02-27,18.72,18.72,18.05,18.2,18.2,66807
2009-03-02,17.77,17.93,17.13,17.156,17.156,39575
2009-03-03,17.3701,17.56,17.06,17.22,17.22,52834
2009-03-04,17.38,17.94,16.5,17.73,17.73,14989
2009-03-05,17.39,17.4846,16.89,16.9003,16.9003,31942
2009-03-06,17.03,17.19,16.39,17.18,17.18,39250
2009-03-09,16.99,17.2463,16.485,16.53,16.53,22336
2009-03-10,16.72,17.2,16.72,17.2,17.2,18115
2009-03-11,17.72,17.72,16.88,16.95,16.95,58351
2009-03-12,16.82,17.98,16.82,17.92,17.92,27256
2009-03-13,17.83,18.47,17.83,18.36,18.36,37060
2009-03-16,18.5,18.57,18.074,18.074,18.074,17216
2009-03-17,18.28,18.86,18.2008,18.86,18.86,8528
2009-03-18,18.81,19.42,18.8,19.1732,19.1732,26245
2009-03-19,19.17,19.484,19.03,19.14,19.14,18362
2009-03-20,19.344,19.3474,18.89,18.976,18.976,15065
2009-03-23,19.08,19.85,19.08,19.85,19.85,23667
2009-03-24,19.93,19.93,19.34,19.34,19.34,13541
2009-03-25,19.72,19.87,19,19.352,19.352,45895
2009-03-26,19.84,20.25,18.85,20.25,20.25,47408
2009-03-27,20,20.21,19.8,19.82,19.82,8961
2009-03-30,19.6,20.714,18.91,19.37,19.37,12481
2009-03-31,19.6,19.7888,19.41,19.56,19.56,11187
2009-04-01,18.81,19.154,18.75,19.09,19.09,18374
2009-04-02,19.3901,19.5204,19.17,19.21,19.21,8950
2009-04-03,19.2,19.202,18.83,18.9,18.9,30361
2009-04-06,18.79,18.83,18.59,18.83,18.83,8048
2009-04-07,18.58,18.69,18.37,18.44,18.44,47114
2009-04-08,18.5,18.66,18.39,18.65,18.65,31475
2009-04-09,18.96,19.1178,18.82,19,19,27322
2009-04-13,18.92,19.24,18.92,19.23,19.23,17275
2009-04-14,18.99,19.107,18.77,18.9,18.9,32445
2009-04-15,18.82,18.97,18.61,18.88,18.88,41976
2009-04-16,18.91,19.31,18.7856,19.227,19.227,23344
2009-04-17,19.16,19.4784,19.06,19.41,19.41,28223
2009-04-20,19.3008,19.3008,18.794,18.86,18.86,29270
2009-04-21,18.78,18.9,18.61,18.772,18.772,27132
2009-04-22,18.6856,19.09,18.66,18.66,18.66,28910
2009-04-23,18.59,18.59,18.1852,18.42,18.42,32169
2009-04-24,18.65,18.84,18.55,18.75,18.75,12641
2009-04-27,18.72,19.19,18.72,18.93,18.93,20556
2009-04-28,18.9099,19.47,18.9099,19.36,19.36,36426
2009-04-29,19.5,19.97,19.5,19.8412,19.8412,19431
2009-04-30,20.27,20.27,19.13,19.27,19.27,62589
2009-05-01,19.41,19.54,19.0364,19.074,19.074,37034
2009-05-04,19.12,19.203,19.04,19.203,19.203,38780
2009-05-05,19.111,19.21,18.78,19,19,56570
2009-05-06,19.03,19.19,18.47,18.76,18.76,196639
2009-05-07,18.37,19.1818,18.01,18.95,18.95,59307
2009-05-08,18.97,19.44,18.97,19.24,19.24,35882
2009-05-11,19.08,19.6199,19.08,19.51,19.51,10531
2009-05-12,19.76,19.76,19.13,19.28,19.28,21860
2009-05-13,19.09,19.11,18.57,18.71,18.71,8102
2009-05-14,18.63,19.06,18.63,18.88,18.88,21502
2009-05-15,18.8,18.82,18.6012,18.67,18.67,9685
2009-05-18,18.66,19.1827,18.66,19.09,19.09,50888
2009-05-19,19.16,19.3022,19.06,19.21,19.21,14869
2009-05-20,19.4,19.6172,19.25,19.25,19.25,19636
2009-05-21,19.0066,19.03,18.7,18.84,18.84,23339
2009-05-22,19,19.0308,18.84,18.84,18.84,25551
2009-05-26,18.81,19.27,18.6,19.2,19.2,26415
2009-05-27,19.2327,19.517,19.15,19.15,19.15,5397
2009-05-28,19.3908,19.3931,18.98,19.26,19.26,21390
2009-05-29,19.25,19.67,19.085,19.64,19.64,17658
2009-06-01,19.96,19.9708,19.7868,19.84,19.84,6891
2009-06-02,19.81,20.2578,19.81,20.16,20.16,21842
2009-06-03,20.13,20.93,20.13,20.86,20.86,19068
2009-06-04,21.3,21.3,20.7324,20.86,20.86,8955
2009-06-05,20.93,20.93,20.3546,20.66,20.66,78788
2009-06-08,20.57,20.66,20.33,20.48,20.48,7192
2009-06-09,20.6,20.75,20.5701,20.71,20.71,24862
2009-06-10,20.91,20.91,20.22,20.39,20.39,9877
2009-06-11,20.86,21.1631,20.8,20.97,20.97,12198
2009-06-12,20.6,20.8582,20.56,20.75,20.75,14495
2009-06-15,20.5,20.5,19.9,20,20,30933
2009-06-16,19.98,20.16,19.8,19.8592,19.8592,22147
2009-06-17,19.83,20.22,19.83,20.22,20.22,6375
2009-06-18,20.05,20.46,19.97,20.46,20.46,6650
2009-06-19,20.64,21.33,20.492,20.59,20.59,14343
2009-06-22,20.44,20.44,20.17,20.17,20.17,17827
2009-06-23,20.11,20.21,20.06,20.16,20.16,28223
2009-06-24,20.19,20.6627,20.19,20.56,20.56,46076
2009-06-25,20.3645,21.1,20.36,21.1,21.1,23667
2009-06-26,21.04,21.34,21.01,21.34,21.34,16727
2009-06-29,21.25,21.3673,20.99,21.34,21.34,16495
2009-06-30,21.27,21.5,21.02,21.16,21.16,12423
2009-07-01,21.16,21.16,20.8414,20.8414,20.8414,7661
2009-07-02,20.29,20.4273,20.11,20.2,20.2,22486
2009-07-06,20.09,20.17,19.92,20.02,20.02,31162
2009-07-07,20,20,19.63,19.63,19.63,3485
2009-07-08,20.04,20.04,19.446,19.53,19.53,46311
2009-07-09,19.59,19.6404,19.54,19.56,19.56,13243
2009-07-10,19.64,19.64,19.54,19.61,19.61,11381
2009-07-13,19.7,19.856,19.5701,19.77,19.77,8184
2009-07-14,19.78,19.82,19.7316,19.732,19.732,9405
2009-07-15,19.9016,20.27,19.88,20.19,20.19,14348
2009-07-16,20.34,20.95,20.34,20.76,20.76,4710
2009-07-17,20.91,20.94,20.6801,20.7301,20.7301,6610
2009-07-20,23.01,24.1,22.5626,24,24,604417
2009-07-21,24.14,24.87,23.83,24.69,24.69,376276
2009-07-22,24.76,25.091,24.38,24.52,24.52,151628
2009-07-23,24.66,25.76,24.53,25.61,25.61,153436
2009-07-24,25.41,26.28,25.41,26.28,26.28,64298
2009-07-27,26.33,26.58,26.23,26.41,26.41,70958
2009-07-28,26.16,26.7,25.8,26.7,26.7,48216
2009-07-29,26.62,27.047,26.62,26.86,26.86,56924
2009-07-30,27.27,27.27,26.643,26.67,26.67,85751
2009-07-31,26.54,26.7732,26.41,26.41,26.41,19016
2009-08-03,26.71,26.71,26.2,26.65,26.65,36327
2009-08-04,26.55,27.33,26.55,27.2799,27.2799,140473
2009-08-05,27.4,27.4,26.77,26.81,26.81,44374
2009-08-06,26.91,26.91,26.11,26.296,26.296,42374
2009-08-07,26.15,26.35,25.76,26.14,26.14,85419
2009-08-10,25.87,26.13,25.87,26.13,26.13,26132
2009-08-11,26.35,26.63,25.97,26.0848,26.0848,28393
2009-08-12,26.16,26.8094,26.16,26.56,26.56,35992
2009-08-13,26.83,26.83,26.426,26.5633,26.5633,622142
2009-08-14,26.57,26.57,25.78,26.02,26.02,93425
2009-08-17,25.51,25.5145,25.21,25.32,25.32,92983
2009-08-18,25.42,25.73,25.3,25.5016,25.5016,50437
2009-08-19,25.31,26.1301,25.13,26.12,26.12,50530
2009-08-20,26.12,26.55,26.12,26.4605,26.4605,14965
2009-08-21,26.78,26.89,26.5869,26.69,26.69,54111
2009-08-24,26.87,26.96,26.6592,26.83,26.83,59279
2009-08-25,27.18,27.85,26.51,27.62,27.62,50583
2009-08-26,27.66,29.2,27.66,28.43,28.43,85113
2009-08-27,28.49,28.49,27.31,27.76,27.76,34088
2009-08-28,28.09,28.16,27.59,27.9568,27.9568,33764
2009-08-31,27.97,28.09,27.45,28.09,28.09,36002
2009-09-01,27.83,28.71,27.1708,27.34,27.34,95365
2009-09-02,27.13,27.25,26.8906,26.95,26.95,68931
2009-09-03,27.26,27.26,26.965,27.26,27.26,10284
2009-09-04,27.51,28.085,27.51,28.03,28.03,29751
2009-09-08,28.27,28.3032,27.81,28.03,28.03,45563
2009-09-09,28.12,28.544,28.1162,28.41,28.41,53009
2009-09-10,28.46,28.48,28.23,28.341,28.341,35100
2009-09-11,28.45,28.47,28.11,28.1799,28.1799,24353
2009-09-14,28,28.88,27.9,28.85,28.85,18590
2009-09-15,28.77,28.9865,28.5,28.72,28.72,26686
2009-09-16,28.69,28.94,28.69,28.9,28.9,35159
2009-09-17,29.0625,29.162,28.672,28.99,28.99,30782
2009-09-18,29.16,29.29,28.7864,29.02,29.02,25613
2009-09-21,29.08,29.4,29.08,29.3,29.3,61912
2009-09-22,29.52,29.52,28.9726,29.05,29.05,18477
2009-09-23,29.09,29.142,28.68,28.68,28.68,51193
2009-09-24,28.74,28.76,27.9,28.2,28.2,44472
2009-09-25,27.97,28.374,27.96,28.14,28.14,29558
2009-09-28,28.27,28.8831,28.2668,28.63,28.63,40991
2009-09-29,28.19,28.46,27.977,28.08,28.08,77276
2009-09-30,28.08,28.128,27.584,28,28,36126
2009-10-01,27.92,27.92,27,27.01,27.01,36998
2009-10-02,26.72,27.1264,26.63,26.94,26.94,53278
2009-10-05,27.1,27.5201,26.9465,27.38,27.38,19618
2009-10-06,27.62,28,27.45,27.79,27.79,26617
2009-10-07,27.76,27.76,27.49,27.5,27.5,27361
2009-10-08,27.7,27.79,27.2901,27.34,27.34,31249
2009-10-09,27.31,27.735,27.29,27.69,27.69,24096
2009-10-12,27.86,28.05,27.63,27.7546,27.7546,31705
2009-10-13,27.75,27.75,27.3497,27.44,27.44,31817
2009-10-14,27.96,28.08,27.7147,28.04,28.04,101399
2009-10-15,27.96,28.3482,27.95,28.23,28.23,100568
2009-10-16,28.04,28.3,27.886,28.25,28.25,34345
2009-10-19,28.26,28.45,28.1194,28.22,28.22,40520
2009-10-20,28.17,28.23,27.3715,27.3715,27.3715,28339
2009-10-21,27.3,27.62,27.06,27.07,27.07,26743
2009-10-22,27.07,27.378,26.74,27.21,27.21,42523
2009-10-23,27.21,27.21,26.57,26.6,26.6,65322
2009-10-26,26.63,26.87,26,26.16,26.16,93510
2009-10-27,26.13,26.426,26.1,26.12,26.12,43463
2009-10-28,25.95,25.98,25.07,25.07,25.07,25746
2009-10-29,25.3,25.5316,25.12,25.4554,25.4554,56256
2009-10-30,25.38,25.51,24.84,24.93,24.93,64282
2009-11-02,25.56,26.024,25.32,25.59,25.59,44463
2009-11-03,25.65,26.53,25.65,26.48,26.48,59400
2009-11-04,26.64,26.68,26.03,26.03,26.03,41496
2009-11-05,26.31,26.81,26.31,26.75,26.75,50738
2009-11-06,26.56,27.06,26.508,27,27,21363
2009-11-09,27.09,27.19,27.01,27.13,27.13,13244
2009-11-10,27.15,27.3604,27,27.2724,27.2724,17377
2009-11-11,27.26,27.68,27.26,27.41,27.41,40074
2009-11-12,27.43,27.49,27,27.03,27.03,38719
2009-11-13,27.228,27.228,26.8,26.98,26.98,27195
2009-11-16,27,27.43,27,27.33,27.33,27281
2009-11-17,27.14,27.273,26.14,27.18,27.18,25157
2009-11-18,27.09,27.09,26.71,26.8228,26.8228,14046
2009-11-19,26.73,26.73,26.221,26.3676,26.3676,13695
2009-11-20,26.33,26.33,26.12,26.32,26.32,10518
2009-11-23,26.38,26.52,26.1825,26.28,26.28,18047
2009-11-24,26.22,26.88,26.188,26.88,26.88,16504
2009-11-25,26.87,27.048,26.87,27.04,27.04,17253
2009-11-27,27.04,27.09,26.26,26.88,26.88,10988
2009-11-30,27.15,27.15,26.8456,26.93,26.93,9723
2009-12-01,27.25,27.3526,26.2,27.29,27.29,17203
2009-12-02,27.53,27.64,27.36,27.59,27.59,10538
2009-12-03,27.75,27.922,27.47,27.47,27.47,26279
2009-12-04,27.7301,27.92,27.35,27.4634,27.4634,21322
2009-12-07,27.692,27.692,27.45,27.613,27.613,9005
2009-12-08,27.28,27.5599,27.27,27.41,27.41,15180
2009-12-09,27.26,27.57,27.251,27.57,27.57,7100
2009-12-10,27.67,27.7498,27.474,27.5166,27.5166,9072
2009-12-11,27.59,27.74,27.2644,27.54,27.54,13054
2009-12-14,27.7,28.002,27.7,28.002,28.002,13108
2009-12-15,27.96,27.96,27.79,27.87,27.87,12585
2009-12-16,28.05,28.0502,27.5684,27.6443,27.6443,50169
2009-12-17,27.27,27.41,27.05,27.17,27.17,17541
2009-12-18,27.45,27.5,27.344,27.48,27.48,5710
2009-12-21,27.61,27.8599,27.61,27.82,27.82,22062
2009-12-22,27.91,28.353,27.9,28.29,28.29,26113
2009-12-23,28.23,28.565,27.4415,28.51,28.51,134241
2009-12-24,28.47,28.57,28.382,28.556,28.556,11958
2009-12-28,28.65,28.69,28.58,28.69,28.69,19248
2009-12-29,28.6199,28.699,28.5615,28.64,28.64,12728
2009-12-30,28.62,28.73,28.5324,28.73,28.73,15413
2009-12-31,28.79,28.79,28.56,28.56,28.56,46130
2010-01-04,28.95,28.95,28.68,28.91,28.91,21927
2010-01-05,28.93,28.98,28.72,28.84,28.84,18147
2010-01-06,28.93,29.33,28.93,29.26,29.26,27875
2010-01-07,29.25,29.4148,29.06,29.37,29.37,25580
2010-01-08,29.29,29.49,29.15,29.49,29.49,25013
2010-01-11,29.76,29.87,29.38,29.58,29.58,32513
2010-01-12,29.48,29.53,29.1,29.47,29.47,34638
2010-01-13,29.5334,29.98,29.4375,29.91,29.91,31748
2010-01-14,29.8,29.93,29.77,29.86,29.86,23479
2010-01-15,29.98,30.03,29.05,29.74,29.74,28157
2010-01-19,29.8,30.21,29.8,30.18,30.18,93474
2010-01-20,30.1,30.15,29.6,30.0999,30.0999,126905
2010-01-21,30.08,30.26,29.38,29.39,29.39,78405
2010-01-22,29.39,29.59,29.03,29.1,29.1,83466
2010-01-25,29.35,29.35,28.8602,29.04,29.04,49437
2010-01-26,29.21,29.26,28.8625,29.11,29.11,11100
2010-01-27,29.06,29.4226,29.04,29.4226,29.4226,11782
2010-01-28,29.46,29.46,28.91,29.08,29.08,81271
2010-01-29,29.44,29.44,29.04,29.25,29.25,16241
2010-02-01,29.3,29.56,29.25,29.53,29.53,28096
2010-02-02,29.59,30.43,29.47,30.43,30.43,262504
2010-02-03,30.39,30.41,30.0901,30.26,30.26,58830
2010-02-04,30.36,30.37,29.4301,29.47,29.47,58427
2010-02-05,29.48,29.48,28.47,29.24,29.24,129759
2010-02-08,29.3,29.4293,28.965,29.08,29.08,47600
2010-02-09,29.28,29.64,29.18,29.43,29.43,155390
2010-02-10,29.49,29.52,29,29.4299,29.4299,54466
2010-02-11,29.44,29.8299,29.22,29.7,29.7,39002
2010-02-12,29.39,30.03,29.39,30.03,30.03,82853
2010-02-16,30.27,30.6,29.89,30.55,30.55,85484
2010-02-17,30.82,31.16,30.612,31.07,31.07,220195
2010-02-18,31.13,31.17,30.948,31.09,31.09,115926
2010-02-19,30.96,31.17,30.8215,31.03,31.03,112497
2010-02-22,31.24,31.94,30.932,31.34,31.34,184415
2010-02-23,31.42,31.54,30.95,30.95,30.95,49215
2010-02-24,31.18,31.537,31.04,31.35,31.35,219580
2010-02-25,31.1,31.32,30.83,31.32,31.32,69372
2010-02-26,31.29,31.64,31.1138,31.51,31.51,74163
2010-03-01,32,33.34,32,33.34,33.34,137561
2010-03-02,33.73,34.22,33.6601,34.07,34.07,159302
2010-03-03,34.24,34.57,34.13,34.3,34.3,117576
2010-03-04,34.38,34.39,33.97,34.1,34.1,79285
2010-03-05,35.17,35.52,35.04,35.52,35.52,114227
2010-03-08,35.86,35.86,35.3,35.3,35.3,157125
2010-03-09,35.33,36.01,35.2,35.95,35.95,470269
2010-03-10,36.94,37.36,36.9,37.175,37.175,480658
2010-03-11,37.18,37.3562,36.75,37.3562,37.3562,180511
2010-03-12,37.68,37.71,36.8776,37.1201,37.1201,162121
2010-03-15,37.23,37.56,37.07,37.5,37.5,103673
2010-03-16,37.67,37.82,36.8206,37.02,37.02,132528
2010-03-17,37.11,37.139,36.77,36.87,36.87,164015
2010-03-18,36.82,37,36.72,36.97,36.97,62419
2010-03-19,37.01,37.33,36.82,36.96,36.96,77191
2010-03-22,37.02,37.4,36.25,37.3,37.3,186068
2010-03-23,37.29,38.01,37.29,37.94,37.94,142816
2010-03-24,37.94,38.32,37.64,37.68,37.68,144105
2010-03-25,38.05,38.15,37.67,37.67,37.67,209350
2010-03-26,37.8,38.03,37.36,37.69,37.69,92105
2010-03-29,37.9,37.9,37.5181,37.65,37.65,109083
2010-03-30,37.6,37.62,37.27,37.5481,37.5481,85528
2010-03-31,37.52,37.52,37.08,37.16,37.16,111783
2010-04-01,37.26,37.6781,37.24,37.6,37.6,131323
2010-04-05,37.9,37.9,37.5452,37.63,37.63,170220
2010-04-06,37.5,37.74,37.5,37.54,37.54,246904
2010-04-07,37.57,37.64,37.2,37.31,37.31,145274
2010-04-08,37.26,37.57,37,37.54,37.54,80027
2010-04-09,37.56,37.7,37.3,37.7,37.7,143642
2010-04-12,37.53,37.7,37.42,37.43,37.43,97212
2010-04-13,37.43,37.57,37.2074,37.38,37.38,69762
2010-04-14,37.62,37.7,37.341,37.639,37.639,372319
2010-04-15,37.57,37.68,37.43,37.45,37.45,175383
2010-04-16,37.4,37.42,36.8,37.12,37.12,122872
2010-04-19,36.91,37.4275,36.8,37.0001,37.0001,159924
2010-04-20,36.98,37.06,36.7,37.06,37.06,127864
2010-04-21,37.03,37.03,36.33,36.52,36.52,224973
2010-04-22,36.26,36.31,35.63,35.96,35.96,158275
2010-04-23,35.93,36.16,35.83,36.132,36.132,108989
2010-04-26,36.08,36.214,35.78,35.79,35.79,128157
2010-04-27,35.72,36.1481,35.35,35.38,35.38,127032
2010-04-28,35.53,35.95,35.53,35.84,35.84,79199
2010-04-29,36.13,36.9,36.13,36.88,36.88,222053
2010-04-30,36.84,37.19,36.24,36.24,36.24,132814
2010-05-03,36.41,36.99,36.37,36.9181,36.9181,115258
2010-05-04,36.52,36.53,35.76,35.93,35.93,173532
2010-05-05,34.26,34.26,32.72,33.97,33.97,364930
2010-05-06,33.8,33.8,16,32.69,32.69,423607
2010-05-07,32.26,32.63,31.29,31.731,31.731,227753
2010-05-10,33.6,33.6,32.533,32.77,32.77,78841
2010-05-11,32.65,33.26,32.48,32.98,32.98,121894
2010-05-12,32.97,33.632,32.9314,33.59,33.59,88023
2010-05-13,33.51,33.6626,33.39,33.43,33.43,50182
2010-05-14,33.3,33.37,32.471,32.82,32.82,64561
2010-05-17,32.82,33.05,32.5,33.02,33.02,89457
2010-05-18,33.25,33.36,32.73,32.81,32.81,81843
2010-05-19,32.65,33.03,32.47,32.79,32.79,101220
2010-05-20,32.19,32.323,31.64,31.64,31.64,203151
2010-05-21,31.19,31.83,31.09,31.42,31.42,194062
2010-05-24,31.47,31.77,31.3,31.4119,31.4119,94584
2010-05-25,30.85,31.44,30.39,31.44,31.44,140174
2010-05-26,31.63,31.9626,31.2,31.26,31.26,243392
2010-05-27,31.82,31.96,31.53,31.96,31.96,66588
2010-05-28,31.98,32.041,31.64,31.7999,31.7999,57932
2010-06-01,31.45,31.989,31.45,31.46,31.46,71468
2010-06-02,31.6,32.44,31.54,32.44,32.44,66216
2010-06-03,32.44,32.8101,32.37,32.8101,32.8101,129258
2010-06-04,32.03,32.46,31.5,31.55,31.55,80653
2010-06-07,31.6,31.77,31.086,31.11,31.11,78269
2010-06-08,31.6,31.6,30.36,30.82,30.82,120168
2010-06-09,31.01,31.2656,30.641,30.73,30.73,98218
2010-06-10,30.99,31.6989,30.99,31.67,31.67,45008
2010-06-11,31.58,32.24,31.32,32.2399,32.2399,18330
2010-06-14,32.51,32.826,32.33,32.33,32.33,133271
2010-06-15,32.25,33.06,32.25,33.06,33.06,72548
2010-06-16,32.96,33.05,32.75,32.79,32.79,222476
2010-06-17,32.96,33.07,32.492,32.83,32.83,58192
2010-06-18,32.96,33.304,32.938,33.21,33.21,56564
2010-06-21,33.62,33.62,32.8374,32.94,32.94,84685
2010-06-22,33.03,33.1,32.28,32.31,32.31,37268
2010-06-23,32.39,32.61,32.25,32.42,32.42,32050
2010-06-24,32.21,32.45,32,32.03,32.03,24908
2010-06-25,32.21,32.82,31.91,32.64,32.64,63369
2010-06-28,32.63,32.9599,32.39,32.46,32.46,20486
2010-06-29,32.08,32.08,31.2,31.31,31.31,35832
2010-06-30,31.21,31.58,30.83,30.9,30.9,110629
2010-07-01,30.95,30.95,29.64,30.22,30.22,149745
2010-07-02,30.32,30.77,30.2,30.39,30.39,90732
2010-07-06,30.75,30.78,29.86,30.02,30.02,73447
2010-07-07,29.99,30.35,29.4,30.29,30.29,44466
2010-07-08,30.55,30.77,30.3938,30.77,30.77,19721
2010-07-09,30.8,31.3,30.6981,31.284,31.284,18261
2010-07-12,31.26,31.33,30.6719,30.784,30.784,16887
2010-07-13,31.16,31.739,31.04,31.63,31.63,33768
2010-07-14,31.42,31.7,31.42,31.59,31.59,29503
2010-07-15,31.56,31.8,31.386,31.67,31.67,24206
2010-07-16,31.43,31.46,30.583,30.6457,30.6457,19457
2010-07-19,30.81,30.914,30.44,30.78,30.78,23353
2010-07-20,30.37,30.898,30.24,30.89,30.89,80926
2010-07-21,31.14,31.31,30.72,30.76,30.76,29031
2010-07-22,31.1,31.5,31.02,31.28,31.28,153104
2010-07-23,31.13,31.77,30.75,31.76,31.76,100002
2010-07-26,31.84,32.87,31.81,32.73,32.73,97399
2010-07-27,33,33,32.25,32.49,32.49,60892
2010-07-28,32.43,32.512,31.91,31.97,31.97,63760
2010-07-29,32.22,32.3,31.3994,31.71,31.71,41446
2010-07-30,31.37,32.1,31.23,31.96,31.96,50960
2010-08-02,32.4,32.78,32.39,32.68,32.68,43853
2010-08-03,32.689,32.96,32.51,32.79,32.79,36393
2010-08-04,32.93,33.66,32.93,33.6374,33.6374,50970
2010-08-05,33.56,33.64,33.36,33.54,33.54,25727
2010-08-06,33.39,33.73,33.03,33.72,33.72,48591
2010-08-09,33.88,33.88,33.629,33.83,33.83,57586
2010-08-10,33.49,33.7,33.0885,33.46,33.46,55513
2010-08-11,33,33,32.2081,32.31,32.31,158603
2010-08-12,31.87,32.8699,31.75,32.73,32.73,36592
2010-08-13,32.5548,32.77,32.5101,32.584,32.584,12391
2010-08-16,32.34,32.91,32.23,32.79,32.79,53846
2010-08-17,33.15,33.348,32.83,33.18,33.18,303017
2010-08-18,33.23,33.48,32.85,33.19,33.19,35269
2010-08-19,33.03,33.18,32.167,32.26,32.26,263616
2010-08-20,32.15,32.4062,31.83,32.4,32.4,114101
2010-08-23,32.52,32.73,32.12,32.12,32.12,75568
2010-08-24,31.76,31.8319,31.39,31.53,31.53,96647
2010-08-25,31.27,32.214,31.25,32.19,32.19,79027
2010-08-26,32.27,32.27,31.59,31.7,31.7,42582
2010-08-27,32,32.39,31.42,32.35,32.35,54326
2010-08-30,32.33,32.47,32.041,32.05,32.05,21909
2010-08-31,31.91,32.24,31.79,31.99,31.99,36302
2010-09-01,32.46,32.982,32.46,32.976,32.976,44848
2010-09-02,33.05,33.55,32.876,33.54,33.54,43877
2010-09-03,33.85,34.019,33.56,33.88,33.88,44634
2010-09-07,33.84,33.84,33.3,33.34,33.34,29985
2010-09-08,33.41,33.96,33.41,33.9,33.9,49006
2010-09-09,34.24,34.24,33.76,33.96,33.96,34495
2010-09-10,34.03,34.4,34.0183,34.4,34.4,45038
2010-09-13,34.66,34.7,34.45,34.59,34.59,79841
2010-09-14,34.57,34.7,34.4365,34.6,34.6,55487
2010-09-15,34.49,34.7722,34.34,34.73,34.73,83450
2010-09-16,34.67,34.73,34.47,34.5894,34.5894,83114
2010-09-17,34.8,34.8,34.426,34.7217,34.7217,24519
2010-09-20,34.88,35.3,34.67,35.25,35.25,34148
2010-09-21,35.32,35.3261,35,35.0517,35.0517,76266
2010-09-22,34.98,35.2976,34.71,34.78,34.78,131533
2010-09-23,34.59,35.1,34.34,34.72,34.72,121341
2010-09-24,35.37,35.37,34.9902,35.26,35.26,37466
2010-09-27,35.39,35.39,34.8,34.84,34.84,35336
2010-09-28,34.89,35.11,34.533,35.08,35.08,34440
2010-09-29,35.11,35.11,34.7818,34.84,34.84,64636
2010-09-30,35.08,35.08,34.6599,34.92,34.92,28568
2010-10-01,35.2,35.2,34.72,34.98,34.98,54404
2010-10-04,34.86,35.01,34.52,34.6599,34.6599,31353
2010-10-05,34.77,35.41,34.77,35.35,35.35,137342
2010-10-06,35.57,35.57,34.7501,34.86,34.86,55380
2010-10-07,35.06,35.22,34.7948,35.03,35.03,29208
2010-10-08,35.01,35.48,34.93,35.3876,35.3876,32290
2010-10-11,35.43,35.47,35.08,35.1,35.1,26251
2010-10-12,35.06,35.49,34.749,35.428,35.428,33823
2010-10-13,35.79,35.79,35.41,35.41,35.41,64049
2010-10-14,35.36,35.5044,35.024,35.25,35.25,18309
2010-10-15,35.54,35.54,35.149,35.5,35.5,32890
2010-10-18,35.25,35.89,35.25,35.87,35.87,32969
2010-10-19,35.5601,35.7012,34.95,35.13,35.13,25744
2010-10-20,34.64,34.91,34.26,34.67,34.67,51442
2010-10-21,34.96,35.059,34.3381,34.59,34.59,24045
2010-10-22,34.93,34.93,34.52,34.65,34.65,22988
2010-10-25,35.05,35.2365,34.86,35,35,32582
2010-10-26,34.95,35.1001,34.67,35.04,35.04,54600
2010-10-27,35.23,35.51,34.99,35.51,35.51,29927
2010-10-28,35.9,35.94,35.47,35.49,35.49,19383
2010-10-29,35.48,35.48,35.1514,35.16,35.16,24639
2010-11-01,35.27,35.32,34.8296,34.99,34.99,25405
2010-11-02,35.28,35.382,35,35.36,35.36,20251
2010-11-03,35.47,35.7,35.35,35.69,35.69,12098
2010-11-04,35.83,35.91,35.373,35.41,35.41,50212
2010-11-05,35.47,35.47,35.166,35.3,35.3,34776
2010-11-08,35.32,35.32,35,35.15,35.15,32355
2010-11-09,35.22,35.23,34.76,34.83,34.83,51843
2010-11-10,34.94,35.2,34.7004,35.184,35.184,25814
2010-11-11,34.92,35.52,34.92,35.45,35.45,33241
2010-11-12,35.101,35.222,34.75,34.87,34.87,46515
2010-11-15,34.95,35.2917,34.95,35.19,35.19,28272
2010-11-16,35.14,35.64,34.58,35.0762,35.0762,72821
2010-11-17,35.08,35.49,34.62,34.91,34.91,134614
2010-11-18,35.51,35.51,35.1198,35.328,35.328,140394
2010-11-19,35.36,35.42,35.09,35.33,35.33,57929
2010-11-22,35.28,35.6,35.17,35.454,35.454,27563
2010-11-23,35.1,35.19,34.75,34.93,34.93,40945
2010-11-24,35.25,35.5,35.25,35.4381,35.4381,14689
2010-11-26,35.35,35.35,35.09,35.25,35.25,7776
2010-11-29,35.14,35.14,34.5,34.87,34.87,80279
2010-11-30,34.66,34.66,34.34,34.45,34.45,100774
2010-12-01,34.93,35.106,34.8914,34.96,34.96,39188
2010-12-02,34.85,35.11,34.71,35.11,35.11,57865
2010-12-03,34.99,35.4,34.99,35.4,35.4,34531
2010-12-06,35.19,35.234,35.01,35.16,35.16,30018
2010-12-07,35.45,35.5,35.07,35.1,35.1,73454
2010-12-08,35.11,35.28,35.04,35.09,35.09,31573
2010-12-09,35.22,35.22,34.906,35.0277,35.0277,9794
2010-12-10,35.09,35.64,35.0782,35.62,35.62,65797
2010-12-13,35.65,35.65,35.26,35.29,35.29,43774
2010-12-14,35.37,35.81,35.37,35.74,35.74,48411
2010-12-15,35.76,36.0699,35.76,35.86,35.86,38734
2010-12-16,35.85,36.44,35.85,36.438,36.438,130038
2010-12-17,37.89,39.32,37.89,39.2099,39.2099,144377
2010-12-20,39.45,39.53,38.96,39.11,39.11,43601
2010-12-21,39.16,39.16,38.8319,39.06,39.06,37486
2010-12-22,39.12,39.5201,39,39.428,39.428,46834
2010-12-23,39.6,39.66,39.39,39.56,39.56,82457
2010-12-27,39.39,39.876,39.39,39.81,39.81,24880
2010-12-28,39.88,39.88,39.56,39.56,39.56,16685
2010-12-29,39.58,39.58,39.33,39.33,39.33,86693
2010-12-30,39.27,39.379,39.2286,39.31,39.31,99980
2010-12-31,39.21,39.346,39.0628,39.11,39.11,24931
2011-01-03,39.43,39.71,39.41,39.41,39.41,62781
2011-01-04,39.53,39.53,38.8919,39.09,39.09,56065
2011-01-05,39.06,39.51,39.0295,39.4301,39.4301,48156
2011-01-06,39.51,39.58,39.3101,39.44,39.44,38331
2011-01-07,39.59,39.61,39,39.36,39.36,73043
2011-01-10,39.23,39.23,38.72,38.93,38.93,30825
2011-01-11,39.1,39.2298,39.03,39.18,39.18,106464
2011-01-12,39.49,39.71,39.2398,39.67,39.67,36355
2011-01-13,39.75,39.85,39.6452,39.67,39.67,59069
2011-01-14,39.55,39.87,39.33,39.82,39.82,61719
2011-01-18,39.97,40.17,39.9,40.164,40.164,33776
2011-01-19,40.15,40.15,39,39.11,39.11,62292
2011-01-20,38.97,39.34,38.8462,39.15,39.15,44676
2011-01-21,39.41,39.41,38.63,38.63,38.63,72516
2011-01-24,38.66,39.2803,38.61,39.04,39.04,24788
2011-01-25,39.02,39.02,38.7419,39,39,45824
2011-01-26,39.2,39.4,39,39.38,39.38,102295
2011-01-27,39.59,39.59,39.27,39.45,39.45,149641
2011-01-28,39.32,39.35,38.11,38.18,38.18,113323
2011-01-31,38.34,38.74,38.25,38.63,38.63,78846
2011-02-01,38.94,39.08,38.7199,38.8881,38.8881,46217
2011-02-02,38.9,39.04,38.799,38.94,38.94,83438
2011-02-03,39.13,39.13,38.63,38.84,38.84,102227
2011-02-04,38.92,38.9795,38.65,38.91,38.91,49131
2011-02-07,39,39.14,38.6,38.61,38.61,53089
2011-02-08,38.62,38.75,38.5395,38.72,38.72,45479
2011-02-09,38.79,38.79,38.28,38.38,38.38,48840
2011-02-10,38.59,38.88,38.42,38.835,38.835,30645
2011-02-11,38.58,38.96,38.5,38.96,38.96,33610
2011-02-14,38.99,39.1105,38.9305,39.11,39.11,68903
2011-02-15,38.97,39.182,38.9,38.99,38.99,82828
2011-02-16,39.18,39.18,38.9401,39.12,39.12,34575
2011-02-17,39.22,39.22,39.02,39.16,39.16,19779
2011-02-18,39.44,39.44,38.97,39.06,39.06,62053
2011-02-22,38.7,38.8152,38.17,38.19,38.19,135009
2011-02-23,38.43,38.464,37.9,38,38,42835
2011-02-24,38.22,38.25,37.75,38.1162,38.1162,42939
2011-02-25,38.17,38.724,38.1219,38.7,38.7,48467
2011-02-28,38.87,38.9399,38.47,38.63,38.63,28139
2011-03-01,38.74,38.788,38.2812,38.37,38.37,34191
2011-03-02,38.36,38.8899,38.27,38.7224,38.7224,26201
2011-03-03,38.63,38.9148,38.6,38.9,38.9,22389
2011-03-04,38.56,39.142,38.56,39.07,39.07,37525
2011-03-07,39.08,39.25,38.298,38.74,38.74,24203
2011-03-08,38.62,39.049,38.34,38.86,38.86,41849
2011-03-09,38.81,38.94,38.6404,38.78,38.78,56906
2011-03-10,38.51,38.65,38.25,38.25,38.25,20030
2011-03-11,38.07,38.71,38.07,38.63,38.63,39105
2011-03-14,38.42,38.8274,38.3927,38.51,38.51,92397
2011-03-15,37.64,38.286,37.51,38.1,38.1,51742
2011-03-16,37.96,38.03,37.39,37.54,37.54,93775
2011-03-17,38.12,38.12,37.7,37.72,37.72,43844
2011-03-18,38.45,38.591,38.3308,38.45,38.45,21833
2011-03-21,38.6,38.87,38.5801,38.6,38.6,15698
2011-03-22,38.67,38.67,38.308,38.36,38.36,9685
2011-03-23,38.26,38.51,38.076,38.41,38.41,136453
2011-03-24,38.5,39.1,38.5,39.03,39.03,60732
2011-03-25,39.12,39.41,39.06,39.29,39.29,49920
2011-03-28,39.49,39.49,39.21,39.21,39.21,14408
2011-03-29,39.21,39.847,39.2,39.8443,39.8443,39716
2011-03-30,40.55,41.079,40.54,40.96,40.96,127890
2011-03-31,40.95,41.24,40.95,41.2,41.2,37841
2011-04-01,41.46,41.486,41.26,41.41,41.41,60544
2011-04-04,41.69,41.69,41.22,41.3,41.3,67938
2011-04-05,41.3,41.72,41.12,41.5,41.5,46454
2011-04-06,41.72,41.89,41.568,41.6599,41.6599,39650
2011-04-07,41.56,41.84,41.44,41.47,41.47,38834
2011-04-08,41.65,41.74,41.3438,41.6268,41.6268,32092
2011-04-11,41.72,41.87,41.62,41.79,41.79,17509
2011-04-12,41.88,41.88,41.4,41.64,41.64,38603
2011-04-13,42.07,42.07,41.67,41.92,41.92,45724
2011-04-14,42.05,42.42,41.66,42.42,42.42,108024
2011-04-15,42.67,43,42.4951,42.98,42.98,97569
2011-04-18,42.82,42.82,42.011,42.34,42.34,137959
2011-04-19,42.38,42.38,41.88,42.04,42.04,34209
2011-04-20,42.51,42.81,42.41,42.81,42.81,43335
2011-04-21,43.28,43.29,42.962,43.23,43.23,59679
2011-04-25,43.5,43.5,42.7852,43.09,43.09,34737
2011-04-26,43.35,43.8,43.21,43.7,43.7,59054
2011-04-27,43.96,44.938,43.7848,44.904,44.904,72326
2011-04-28,45.1,45.5,44.411,45.5,45.5,87780
2011-04-29,44.87,44.87,44,44,44,236085
2011-05-02,44.48,44.95,44.27,44.51,44.51,62234
2011-05-03,44.24,44.59,43.85,44.14,44.14,38469
2011-05-04,44.2,44.38,43.52,43.8438,43.8438,101747
2011-05-05,43.53,43.81,43.1947,43.33,43.33,64144
2011-05-06,43.67,44.5,43.67,44.26,44.26,68896
2011-05-09,44.68,45.08,44.3401,44.95,44.95,90506
2011-05-10,45.04,45.1,44.6325,45.05,45.05,207474
2011-05-11,45.1,45.11,44.28,44.63,44.63,158964
2011-05-12,44.39,45.18,44.081,45.17,45.17,53768
2011-05-13,45.04,45.5,44.915,45.05,45.05,59409
2011-05-16,44.78,44.9,44.2614,44.32,44.32,91414
2011-05-17,44.12,44.214,43.85,44.18,44.18,167079
2011-05-18,44.1,44.74,44.06,44.74,44.74,67942
2011-05-19,44.9,45,44.25,44.49,44.49,86801
2011-05-20,44.39,44.55,43.8902,44.4,44.4,35605
2011-05-23,43.82,43.82,43.45,43.68,43.68,62106
2011-05-24,43.75,43.75,43.31,43.35,43.35,28057
2011-05-25,43.18,43.8,43.08,43.72,43.72,132352
2011-05-26,43.67,43.94,43.38,43.91,43.91,66265
2011-05-27,43.92,44,43.83,43.95,43.95,25875
2011-05-31,44.31,44.54,44.0099,44.5,44.5,54103
2011-06-01,44.54,44.54,43.9528,43.97,43.97,98903
2011-06-02,43.95,44.6,43.95,44.47,44.47,47187
2011-06-03,43.94,44.4508,43.8,44.09,44.09,46211
2011-06-06,44.08,44.1638,43.516,43.59,43.59,20598
2011-06-07,43.83,44.119,43.76,43.85,43.85,34831
2011-06-08,43.75,43.75,43.2476,43.43,43.43,66834
2011-06-09,43.21,43.596,42.81,43.3101,43.3101,88512
2011-06-10,43.14,43.1866,42.4238,42.44,42.44,109713
2011-06-13,42.55,42.728,42.1335,42.24,42.24,50273
2011-06-14,42.48,42.6786,42.234,42.5,42.5,60084
2011-06-15,42.39,43.52,42.29,42.47,42.47,4098223
2011-06-16,42.57,42.75,41.986,42.36,42.36,1542766
2011-06-17,42.9,43,41.8129,41.8552,41.8552,725824
2011-06-20,42.03,42.34,41.76,42.2,42.2,680844
2011-06-21,42.39,42.97,42.34,42.84,42.84,685700
2011-06-22,42.9,43.21,42.6929,42.8,42.8,294289
2011-06-23,42.6,42.98,41.8848,42.96,42.96,203466
2011-06-24,43.07,43.08,42.3189,42.4599,42.4599,180062
2011-06-27,42.46,43.04,42.32,42.974,42.974,172669
2011-06-28,43.14,43.87,42.89,43.76,43.76,269749
2011-06-29,44.11,44.11,43.69,43.92,43.92,495371
2011-06-30,44.19,44.23,43.84,43.84,43.84,366742
2011-07-01,44.24,44.34,43.87,44.33,44.33,331872
2011-07-05,44.48,44.48,44.08,44.38,44.38,235351
2011-07-06,44.4,44.63,44.27,44.43,44.43,404698
2011-07-07,44.28,44.28,43.77,44.22,44.22,975978
2011-07-08,44.22,44.31,43.91,44.3,44.3,192217
2011-07-11,43.99,43.99,43.15,43.27,43.27,254055
2011-07-12,43.24,43.6,43.07,43.21,43.21,224457
2011-07-13,43.52,43.91,43.2944,43.39,43.39,217320
2011-07-14,43.44,43.86,42.9758,43.11,43.11,72160
2011-07-15,43.28,43.28,42.848,43.11,43.11,83726
2011-07-18,42.87,42.98,41.96,42.46,42.46,164237
2011-07-19,42.77,43.34,42.7,43.34,43.34,78189
2011-07-20,43.36,43.36,42.6,42.92,42.92,331125
2011-07-21,43.14,43.86,43.1,43.65,43.65,333151
2011-07-22,43.72,43.83,43.36,43.73,43.73,155159
2011-07-25,43.42,43.42,42.75,42.77,42.77,88875
2011-07-26,42.66,42.6912,41.89,41.94,41.94,220514
2011-07-27,41.74,41.74,40.3031,40.55,40.55,388601
2011-07-28,40.62,41.24,40.3056,40.38,40.38,185757
2011-07-29,40.27,40.85,39.63,40.64,40.64,198430
2011-08-01,41.04,41.35,39.58,39.87,39.87,256930
2011-08-02,39.64,40.22,38.633,38.67,38.67,347032
2011-08-03,38.6,38.83,36.98,38.37,38.37,2111187
2011-08-04,36.44,36.44,34.31,34.33,34.33,905373
2011-08-05,34.61,34.9396,33.15,34.16,34.16,973673
2011-08-08,33.92,33.92,31.63,32,32,544248
2011-08-09,32.4,33.65,31.46,33.65,33.65,416918
2011-08-10,33.08,33.1493,31.86,31.89,31.89,248832
2011-08-11,32.11,33.4999,31.72,33.03,33.03,337491
2011-08-12,32.77,34.136,32.77,33.85,33.85,188571
2011-08-15,33.88,35.18,33.88,35.18,35.18,200962
2011-08-16,34.94,35.3281,34.61,35.04,35.04,117503
2011-08-17,35,35.5,34.39,34.79,34.79,106931
2011-08-18,33.9,34.11,32.78,33.07,33.07,188816
2011-08-19,32.63,33.71,32.55,33.104,33.104,115801
2011-08-22,33.43,33.7892,32.57,32.7229,32.7229,196936
2011-08-23,32.87,34.04,32.5,34.04,34.04,84201
2011-08-24,33.72,34.13,33.33,34.1,34.1,76103
2011-08-25,33.96,34.44,33.33,33.35,33.35,91716
2011-08-26,33.19,34.2,32.488,34.15,34.15,49351
2011-08-29,34.51,35.33,34.51,35.31,35.31,95352
2011-08-30,35.31,35.96,34.9313,35.76,35.76,233548
2011-08-31,35.86,36.35,35.498,35.83,35.83,193056
2011-09-01,35.97,36.18,35.01,35.05,35.05,124380
2011-09-02,34.5,35.36,34.28,34.41,34.41,70890
2011-09-06,33.32,34.78,33.32,34.71,34.71,203496
2011-09-07,35.1,35.95,35.02,35.92,35.92,49542
2011-09-08,35.76,36.21,35.5156,35.64,35.64,71602
2011-09-09,35.24,35.35,34.23,34.41,34.41,118736
2011-09-12,33.89,34.73,33.89,34.69,34.69,74666
2011-09-13,34.73,35.21,34.5,35.08,35.08,82843
2011-09-14,35.54,35.972,34.91,35.58,35.58,63357
2011-09-15,36.1,36.1,35.4815,35.97,35.97,84116
2011-09-16,36.06,36.145,35.59,35.7,35.7,85571
2011-09-19,35.66,35.66,35,35.4,35.4,65108
2011-09-20,35.5,36.105,35.39,35.64,35.64,65110
2011-09-21,35.91,36.3,35.12,35.12,35.12,67125
2011-09-22,34.18,34.49,33.3901,33.85,33.85,177840
2011-09-23,33.63,34.38,33.63,34.23,34.23,180969
2011-09-26,34.45,34.73,33.564,34.44,34.44,79758
2011-09-27,35.15,35.3795,34.72,34.81,34.81,92386
2011-09-28,35,35.133,33.71,33.71,33.71,164244
2011-09-29,34.29,34.376,32.88,33.73,33.73,136199
2011-09-30,33.24,33.64,33.05,33.06,33.06,106135
2011-10-03,32.74,33.11,31.51,31.54,31.54,250159
2011-10-04,31.01,32.73,31.01,32.73,32.73,579264
2011-10-05,32.75,33.7385,32.5,33.65,33.65,189363
2011-10-06,33.54,34.59,33.412,34.58,34.58,127138
2011-10-07,33.99,33.99,33.35,33.44,33.44,193314
2011-10-10,34.01,34.2365,33.5629,33.92,33.92,63444
2011-10-11,33.83,34.3022,33.75,33.93,33.93,119627
2011-10-12,34.25,34.36,33.66,33.74,33.74,333944
2011-10-13,33.65,34.34,33.644,34.152,34.152,165737
2011-10-14,34.54,34.54,33.8492,34.34,34.34,161823
2011-10-17,34.18,34.32,33.336,33.47,33.47,78103
2011-10-18,33.45,33.7725,32.92,33.53,33.53,132456
2011-10-19,33.54,33.8725,33.13,33.19,33.19,364739
2011-10-20,33.36,33.65,32.7704,33.49,33.49,336011
2011-10-21,33.97,34.66,33.96,34.66,34.66,1922893
2011-10-24,34.41,35.6,34.41,35.6,35.6,682020
2011-10-25,35.51,35.51,34.76,34.82,34.82,333088
2011-10-26,35.23,35.23,34.01,34.58,34.58,314063
2011-10-27,35.6,36.1,34.9906,35.87,35.87,291788
2011-10-28,35.34,36.43,35.34,36.3,36.3,166024
2011-10-31,36.06,36.06,35.14,35.14,35.14,106495
2011-11-01,34.27,34.58,33.8,34.1,34.1,168083
2011-11-02,34.43,34.78,33.18,33.74,33.74,3566103
2011-11-03,33.48,33.6216,32.53,33.06,33.06,1620495
2011-11-04,32.9,33.41,32.73,33.08,33.08,1021832
2011-11-07,33.04,33.25,32.21,32.85,32.85,430202
2011-11-08,32.87,33.05,32.31,32.99,32.99,741110
2011-11-09,32.22,32.68,32.04,32.13,32.13,307186
2011-11-10,32.44,32.59,31.66,32,32,369867
2011-11-11,32.41,32.54,32.2,32.37,32.37,169974
2011-11-14,32.34,32.54,32.25,32.41,32.41,153615
2011-11-15,32.26,32.45,31.89,32.3,32.3,220265
2011-11-16,32,32.39,31.69,31.789,31.789,664604
2011-11-17,31.82,32.04,31.17,31.34,31.34,141755
2011-11-18,31.43,31.43,30.96,30.989,30.989,157919
2011-11-21,30.7,30.75,30.25,30.6,30.6,257445
2011-11-22,30.61,31.0092,30.47,30.93,30.93,198995
2011-11-23,30.61,30.61,30.1,30.26,30.26,108535
2011-11-25,30.07,30.354,29.94,30.01,30.01,27984
2011-11-28,30.75,31.23,30.74,31.15,31.15,104137
2011-11-29,31.21,31.334,30.81,30.98,30.98,178969
2011-11-30,31.7,32.26,31.7,32.22,32.22,145776
2011-12-01,32.1,32.455,32,32.37,32.37,47069
2011-12-02,32.63,32.68,31.97,32.02,32.02,73417
2011-12-05,32.42,32.46,32.04,32.26,32.26,54850
2011-12-06,32.23,32.274,31.8,31.97,31.97,46181
2011-12-07,31.84,31.85,31.4302,31.7,31.7,45723
2011-12-08,31.63,31.7492,30.94,30.94,30.94,66408
2011-12-09,31.12,31.6,31.0729,31.52,31.52,55440
2011-12-12,31.2,31.23,30.93,31.21,31.21,141985
2011-12-13,31.52,31.52,30.66,30.77,30.77,54184
2011-12-14,30.59,30.875,30.45,30.58,30.58,49195
2011-12-15,30.89,30.89,30.33,30.37,30.37,47616
2011-12-16,30.59,30.88,30.48,30.66,30.66,103737
2011-12-19,30.84,31.14,30.4112,30.49,30.49,57292
2011-12-20,30.93,31.41,30.93,31.4,31.4,89114
2011-12-21,31.33,31.5792,31,31.53,31.53,47461
2011-12-22,31.57,32.1435,31.54,32.03,32.03,96245
2011-12-23,32.11,32.2285,31.82,32.15,32.15,37934
2011-12-27,32.06,32.516,32.06,32.44,32.44,113892
2011-12-28,32.39,32.5,32.09,32.12,32.12,76700
2011-12-29,32.17,32.65,32.0506,32.58,32.58,41428
2011-12-30,32.44,32.829,32.44,32.66,32.66,61471
2012-01-03,33.21,33.477,32.928,33.02,33.02,94094
2012-01-04,32.95,33.17,32.81,32.85,32.85,87280
2012-01-05,33.01,34.21,33.01,33.99,33.99,90080
2012-01-06,34.15,34.88,34.15,34.79,34.79,55365
2012-01-09,35,35.3592,34.9064,35.12,35.12,86019
2012-01-10,35.88,36.0124,35.46,36,36,115116
2012-01-11,35.91,36.85,35.81,36.79,36.79,62114
2012-01-12,36.92,37.09,36.49,37.03,37.03,130801
2012-01-13,36.85,37.17,36.646,37.12,37.12,113189
2012-01-17,37.46,37.46,36.88,37.05,37.05,136666
2012-01-18,37.07,37.71,36.97,37.67,37.67,97387
2012-01-19,37.97,38.09,37.6,37.64,37.64,90254
2012-01-20,37.56,37.56,37.06,37.18,37.18,64662
2012-01-23,37.27,37.4748,36.7403,36.85,36.85,158792
2012-01-24,36.69,37.46,36.567,37.32,37.32,142648
2012-01-25,38.38,39.33,38.38,39.23,39.23,350616
2012-01-26,39.45,39.45,38.68,38.781,38.781,94667
2012-01-27,38.75,39.75,38.75,39.66,39.66,200378
2012-01-30,39.18,39.5048,39.02,39.4571,39.4571,134779
2012-01-31,39.64,39.81,39.39,39.57,39.57,244235
2012-02-01,39.72,40.77,39.72,40.63,40.63,190416
2012-02-02,40.67,41.44,40.63,41.24,41.24,286273
2012-02-03,41.7,41.98,41.3,41.54,41.54,89056
2012-02-06,41.19,42.5671,41.06,42.51,42.51,159387
2012-02-07,42.59,42.682,41.73,41.86,41.86,191074
2012-02-08,41.85,42,41.17,41.52,41.52,405407
2012-02-09,41.5,41.5,40.92,41.18,41.18,238982
2012-02-10,40.9,40.9,40.53,40.67,40.67,117162
2012-02-13,41.1,41.712,41.1,41.67,41.67,114472
2012-02-14,41.58,41.58,40.98,41.07,41.07,69924
2012-02-15,41.25,41.79,40.83,41.21,41.21,171179
2012-02-16,41.55,41.87,41.24,41.63,41.63,42122
2012-02-17,41.52,41.52,40.57,40.6,40.6,90868
2012-02-21,40.75,40.9,39.52,39.61,39.61,150880
2012-02-22,39.53,39.61,39.146,39.5,39.5,86320
2012-02-23,39.61,40.41,39.574,40.33,40.33,40344
2012-02-24,40.45,40.6285,40.1308,40.38,40.38,129854
2012-02-27,40.01,40.01,39.413,39.77,39.77,49220
2012-02-28,39.7,39.7071,39.4103,39.58,39.58,36510
2012-02-29,39.63,40.05,39.27,39.27,39.27,103447
2012-03-01,39.3,39.92,39.24,39.85,39.85,166140
2012-03-02,39.77,40.0494,39.456,39.69,39.69,40463
2012-03-05,39.69,39.69,38.86,39.01,39.01,51830
2012-03-06,38.61,38.61,37.98,38.3,38.3,122949
2012-03-07,38.44,38.5459,38.23,38.35,38.35,30248
2012-03-08,38.56,39.34,38.45,39.27,39.27,47774
2012-03-09,39.17,39.54,39.17,39.47,39.47,86034
2012-03-12,39.55,39.57,39.1791,39.24,39.24,69311
2012-03-13,39.53,39.77,39.3634,39.77,39.77,74687
2012-03-14,39.66,39.82,39.37,39.46,39.46,29759
2012-03-15,39.61,40.1471,39.61,40.04,40.04,103107
2012-03-16,40.04,40.1971,39.9535,40.13,40.13,44522
2012-03-19,40.03,40.479,40.03,40.26,40.26,45257
2012-03-20,40.14,40.14,39.66,39.9,39.9,68797
2012-03-21,39.92,40.16,39.75,39.878,39.878,24041
2012-03-22,39.5,39.9,39.38,39.83,39.83,83820
2012-03-23,39.9,40.09,39.66,40.09,40.09,23393
2012-03-26,40.33,40.878,40.16,40.8,40.8,42509
2012-03-27,40.84,40.95,40.53,40.56,40.56,26245
2012-03-28,41.64,42.09,41.1,41.59,41.59,103081
2012-03-29,41.37,42.0074,41.31,41.93,41.93,82950
2012-03-30,42.18,42.45,41.99,42.27,42.27,46256
2012-04-02,42.25,42.25,41.78,42.07,42.07,76572
2012-04-03,42.08,42.44,42.08,42.42,42.42,76186
2012-04-04,42.19,42.19,41.44,41.67,41.67,102740
2012-04-05,41.54,42.13,41.5155,41.984,41.984,27746
2012-04-09,41.42,41.42,40.8,40.88,40.88,94004
2012-04-10,41,41.005,39.7,39.837,39.837,49003
2012-04-11,40.16,40.44,40,40.13,40.13,23701
2012-04-12,40.25,40.48,40.25,40.37,40.37,29853
2012-04-13,40.3,40.3,39.43,39.55,39.55,45987
2012-04-16,39.85,39.85,39.03,39.42,39.42,41657
2012-04-17,39.69,40.3435,39.69,40.15,40.15,41204
2012-04-18,40.03,40.03,39.52,39.69,39.69,75845
2012-04-19,41.72,42.56,41.72,42.02,42.02,101705
2012-04-20,42.25,42.93,42.06,42.75,42.75,50088
2012-04-23,42.39,42.67,42.02,42.61,42.61,51106
2012-04-24,42.61,43.17,42.58,42.96,42.96,94784
2012-04-25,43.43,43.8,42.98,43.73,43.73,55566
2012-04-26,43.75,44.34,43.75,44.23,44.23,87424
2012-04-27,44.04,44.36,43.386,44.25,44.25,103830
2012-04-30,44.38,44.38,43.8809,44.02,44.02,49477
2012-05-01,44.28,44.61,43.83,44.08,44.08,88993
2012-05-02,44,44.79,44,44.69,44.69,54448
2012-05-03,44.71,44.71,44,44.13,44.13,83352
2012-05-04,43.79,43.79,43.32,43.42,43.42,26463
2012-05-07,43.93,45.0804,43.93,44.79,44.79,90215
2012-05-08,44.41,44.75,43.683,44.68,44.68,70111
2012-05-09,44.2,44.68,43.972,44.45,44.45,47245
2012-05-10,44.8,44.8869,44.33,44.66,44.66,56900
2012-05-11,44.51,45.28,44.51,45.14,45.14,123397
2012-05-14,44.82,45.29,44.8,45.08,45.08,40244
2012-05-15,45.12,45.3392,44.86,45.05,45.05,92837
2012-05-16,45.17,45.35,44.8517,44.94,44.94,70675
2012-05-17,44.96,45.12,43.398,43.44,43.44,148023
2012-05-18,43.52,43.52,42.368,42.44,42.44,95553
2012-05-21,42.64,43.7385,42.64,43.6612,43.6612,46300
2012-05-22,43.69,44.19,43.32,43.51,43.51,47418
2012-05-23,43.15,43.315,42.555,43.24,43.24,37534
2012-05-24,43.24,43.43,42.97,43.43,43.43,25010
2012-05-25,43.43,43.83,43.35,43.83,43.83,33666
2012-05-29,43.35,43.69,43.09,43.63,43.63,33039
2012-05-30,43.23,43.3299,42.86,43.23,43.23,25634
2012-05-31,43.26,43.5,42.34,42.56,42.56,159865
2012-06-01,41.87,41.96,41.17,41.26,41.26,108938
2012-06-04,41.28,41.54,40.4809,41.19,41.19,178315
2012-06-05,41.08,41.99,41.08,41.72,41.72,32937
2012-06-06,42.09,42.44,41.99,42.2,42.2,28860
2012-06-07,42.79,42.79,42,42,42,182269
2012-06-08,41.99,42.38,41.56,42.24,42.24,21722
2012-06-11,42.61,42.61,41.46,41.48,41.48,45440
2012-06-12,41.64,42.081,41.42,42.06,42.06,30850
2012-06-13,41.93,42.45,41.77,41.89,41.89,40785
2012-06-14,41.91,42.81,41.846,42.77,42.77,46448
2012-06-15,42.79,43.45,42.71,43.35,43.35,32723
2012-06-18,43.36,43.8648,43.16,43.65,43.65,36375
2012-06-19,43.76,44.35,43.59,43.88,43.88,83712
2012-06-20,43.88,44.015,43.41,43.78,43.78,118593
2012-06-21,43.74,43.75,42.82,42.88,42.88,17598
2012-06-22,43.08,43.91,42.85,43.81,43.81,29732
2012-06-25,43.37,43.37,42.96,43.11,43.11,28592
2012-06-26,43.28,43.65,43.19,43.44,43.44,88109
2012-06-27,43.52,44.07,43.4905,43.97,43.97,35443
2012-06-28,43.45,43.5,42.11,42.76,42.76,64848
2012-06-29,43.68,43.88,43.43,43.81,43.81,97171
2012-07-02,44.17,45.02,44,45.02,45.02,58112
2012-07-03,45,45.27,44.82,45.24,45.24,34417
2012-07-05,45.46,45.46,44.94,44.95,44.95,70016
2012-07-06,44.84,44.86,44.2928,44.49,44.49,44137
2012-07-09,44.65,44.65,44.186,44.48,44.48,32320
2012-07-10,44.81,44.86,43.8401,43.95,43.95,24546
2012-07-11,43.86,43.86,43.1404,43.42,43.42,52898
2012-07-12,43.1,43.89,42.83,43.77,43.77,45060
2012-07-13,43.94,44.382,43.9,44.28,44.28,35786
2012-07-16,44.61,44.902,44.17,44.81,44.81,30579
2012-07-17,44.89,45.38,44.551,45.29,45.29,54068
2012-07-18,45.3,45.8882,45.3,45.63,45.63,34383
2012-07-19,45.52,45.71,45.26,45.5,45.5,54497
2012-07-20,45.37,45.37,44.73,44.87,44.87,96897
2012-07-23,44.32,44.32,43.51,43.76,43.76,43363
2012-07-24,43.95,43.95,42.88,43,43,76612
2012-07-25,43.42,43.78,43.1701,43.61,43.61,86758
2012-07-26,44.24,44.56,43.98,44.34,44.34,51252
2012-07-27,44.75,45.51,44.75,45.12,45.12,74305
2012-07-30,45.08,45.2726,44.3,44.325,44.325,208720
2012-07-31,44.05,44.1204,43.4,43.44,43.44,111507
2012-08-01,43.81,43.81,42.82,42.82,42.82,88534
2012-08-02,42.44,42.67,41.89,42.19,42.19,63326
2012-08-03,43.14,43.28,42.58,42.61,42.61,74511
2012-08-06,42.56,43.0552,42.54,42.88,42.88,43223
2012-08-07,43.11,43.2625,42.8,43.05,43.05,24889
2012-08-08,43,43.0299,42.661,42.74,42.74,75038
2012-08-09,42.73,42.8698,42.63,42.7799,42.7799,29079
2012-08-10,42.78,43.02,42.75,42.99,42.99,13355
2012-08-13,42.79,42.882,42.305,42.81,42.81,30877
2012-08-14,42.96,43.24,42.88,43.02,43.02,9562
2012-08-15,43.23,43.67,43.1,43.58,43.58,43559
2012-08-16,43.88,43.88,43.2,43.28,43.28,35976
2012-08-17,43.3,43.348,42.92,43.2336,43.2336,57093
2012-08-20,43.15,43.26,42.8775,43.1,43.1,24126
2012-08-21,43.35,43.5999,42.79,43,43,41302
2012-08-22,43.05,43.4699,43.05,43.33,43.33,13795
2012-08-23,43.26,43.5261,43.06,43.43,43.43,11432
2012-08-24,43.4,44.015,43.4,43.82,43.82,36006
2012-08-27,43.83,44.2,43.73,43.94,43.94,12527
2012-08-28,43.79,44.1635,43.766,44.02,44.02,17393
2012-08-29,43.9,44.2017,43.8802,44.01,44.01,16585
2012-08-30,43.66,43.7876,43.47,43.62,43.62,44726
2012-08-31,43.83,44,43.45,43.6,43.6,11137
2012-09-04,43.81,44.5708,43.38,44.45,44.45,108215
2012-09-05,44.49,44.5,44.1401,44.3,44.3,49090
2012-09-06,44.64,45.28,44.08,45.0001,45.0001,53406
2012-09-07,45.27,45.27,44.8319,45.05,45.05,51287
2012-09-10,44.95,45.14,44.82,44.84,44.84,19688
2012-09-11,45.09,45.09,44.45,44.5,44.5,53516
2012-09-12,44.71,44.85,44.49,44.83,44.83,47924
2012-09-13,44.98,45.5095,44.79,45.31,45.31,57098
2012-09-14,45.3,46.006,45.29,45.98,45.98,48011
2012-09-17,46.18,46.44,45.8,46.4,46.4,25872
2012-09-18,46.5,46.784,46.3,46.69,46.69,24843
2012-09-19,46.83,47.1699,46.74,47.08,47.08,32612
2012-09-20,46.97,47.36,46.796,47.21,47.21,204361
2012-09-21,47.43,47.7138,47.36,47.65,47.65,37266
2012-09-24,47.47,47.61,46.95,47.09,47.09,59549
2012-09-25,47.29,47.3001,46.3701,46.41,46.41,46128
2012-09-26,46.82,46.82,45.78,46.05,46.05,22601
2012-09-27,46.08,46.41,45.894,46.24,46.24,16843
2012-09-28,46.22,46.58,45.91,46.4,46.4,10428
2012-10-01,46.76,47.1156,46.61,46.74,46.74,64173
2012-10-02,47.28,47.42,47.0096,47.25,47.25,28003
2012-10-03,47.41,47.7,47.18,47.53,47.53,65434
2012-10-04,47.77,47.94,47.5,47.7,47.7,30759
2012-10-05,48.07,48.39,47.67,47.81,47.81,20049
2012-10-08,47.5,47.5,47.06,47.3,47.3,18916
2012-10-09,47.26,47.26,46.3001,46.32,46.32,26042
2012-10-10,46.22,46.25,45.65,45.82,45.82,25266
2012-10-11,46.02,46.44,45.93,45.99,45.99,27899
2012-10-12,46.07,46.07,45.32,45.36,45.36,32352
2012-10-15,45.26,45.5257,45.13,45.37,45.37,27347
2012-10-16,45.95,45.95,45.64,45.88,45.88,24502
2012-10-17,45.97,46.822,45.97,46.82,46.82,29531
2012-10-18,46.75,46.75,46.28,46.37,46.37,30413
2012-10-19,46.25,46.25,44.72,44.99,44.99,67948
2012-10-22,44.81,45.04,44.22,44.44,44.44,111784
2012-10-23,43.97,43.97,43.05,43.43,43.43,182331
2012-10-24,43.97,43.97,43.1552,43.18,43.18,32763
2012-10-25,43.5,43.7283,43.25,43.3,43.3,20360
2012-10-26,43.23,43.2699,42.3801,42.5,42.5,40597
2012-10-31,42.43,42.55,41.44,41.58,41.58,124104
2012-11-01,41.67,42.768,41.67,42.59,42.59,54502
2012-11-02,42.78,42.87,41.98,42.06,42.06,29122
2012-11-05,42.49,43.37,42.49,43.31,43.31,21153
2012-11-06,43.48,43.822,43.31,43.62,43.62,17925
2012-11-07,43.26,43.26,42.282,42.641,42.641,41350
2012-11-08,42.86,42.86,42.31,42.31,42.31,39818
2012-11-09,42.05,43.3822,41.9001,43.04,43.04,29333
2012-11-12,43.57,44,43.223,43.39,43.39,59519
2012-11-13,43.2,43.6978,43.0401,43.37,43.37,13368
2012-11-14,43.46,43.46,42.41,42.49,42.49,64812
2012-11-15,42.55,42.55,41.71,42.08,42.08,68723
2012-11-16,42,43.15,42,42.99,42.99,42016
2012-11-19,43.42,43.69,43.05,43.69,43.69,33833
2012-11-20,43.63,44.34,43.6,44.34,44.34,15031
2012-11-21,44.77,44.9,44.391,44.78,44.78,16928
2012-11-23,45.19,45.65,45.02,45.65,45.65,13447
2012-11-26,45.64,45.82,45.1,45.53,45.53,114213
2012-11-27,45.61,45.75,45.1199,45.14,45.14,28024
2012-11-28,45.12,45.27,44.2301,45.24,45.24,22448
2012-11-29,45.53,46.14,45.53,46.03,46.03,184164
2012-11-30,46.06,46.1,45.6848,45.85,45.85,13563
2012-12-03,45.92,45.92,45.4144,45.48,45.48,23462
2012-12-04,45.59,45.64,45.31,45.5,45.5,24975
2012-12-05,45.71,45.71,45.288,45.38,45.38,12219
2012-12-06,45.4,45.701,45.12,45.3101,45.3101,18000
2012-12-07,45.44,45.59,45.1801,45.43,45.43,12767
2012-12-10,45.48,46.16,45.48,46.01,46.01,14879
2012-12-11,46.34,46.83,46.34,46.64,46.64,39395
2012-12-12,46.66,46.84,46.34,46.51,46.51,46817
2012-12-13,46.48,46.48,45.84,45.97,45.97,17120
2012-12-14,45.86,46.0565,45.6331,45.7,45.7,15303
2012-12-17,45.71,46.17,45.52,46.16,46.16,28903
2012-12-18,46.27,46.8222,46.2,46.61,46.61,102367
2012-12-19,46.79,46.83,46.38,46.51,46.51,22392
2012-12-20,46.74,46.85,46.45,46.75,46.75,25316
2012-12-21,46.21,46.5798,46.02,46.1743,46.1743,26949
2012-12-24,46.08,46.13,45.86,46.09,46.09,25375
2012-12-26,46.17,46.17,45.43,45.59,45.59,143156
2012-12-27,45.68,45.9601,44.94,45.56,45.56,38306
2012-12-28,45.35,45.54,45.13,45.2,45.2,20895
2012-12-31,45.16,46.06,44.8714,45.95,45.95,25322
2013-01-02,46.97,47.72,46.9627,47.66,47.66,305541
2013-01-03,47.58,48.11,47.26,47.9,47.9,104170
2013-01-04,48.03,48.32,47.7901,48.11,48.11,50591
2013-01-07,47.93,48.2675,47.6445,48.2,48.2,73113
2013-01-08,48.17,48.39,47.84,48.19,48.19,35403
2013-01-09,48.4,48.69,48.18,48.68,48.68,51242
2013-01-10,49.05,49.05,48.044,48.23,48.23,58200
2013-01-11,48.75,48.84,48.34,48.78,48.78,66420
2013-01-14,48.95,49.5,48.95,49.36,49.36,93411
2013-01-15,49.2,49.57,48.82,49.56,49.56,63626
2013-01-16,49.69,49.69,49.24,49.24,49.24,74939
2013-01-17,49.46,49.46,48.98,49.27,49.27,111919
2013-01-18,49.81,49.81,49.05,49.46,49.46,52353
2013-01-22,49.61,49.6799,49.1445,49.67,49.67,115973
2013-01-23,49.57,49.7158,49.11,49.14,49.14,55029
2013-01-24,49.13,49.8899,49.12,49.4,49.4,50894
2013-01-25,49.56,49.97,49.2855,49.97,49.97,45659
2013-01-28,50.13,50.13,49.61,49.82,49.82,74266
2013-01-29,49.81,50.0635,49.53,49.9,49.9,58180
2013-01-30,50.08,50.08,49.14,49.27,49.27,36142
2013-01-31,49.145,49.564,49.05,49.47,49.47,31823
2013-02-01,49.98,50.16,49.54,50.0516,50.0516,48884
2013-02-04,49.59,49.95,49.4,49.5299,49.5299,111718
2013-02-05,49.82,50.22,49.65,50.22,50.22,40947
2013-02-06,50.24,50.38,49.8701,50.13,50.13,29127
2013-02-07,50.16,50.19,49.19,49.61,49.61,35078
2013-02-08,49.79,50.47,49.79,50.31,50.31,56567
2013-02-11,50.77,50.77,49.86,49.98,49.98,51946
2013-02-12,50,50,49.53,49.6,49.6,33853
2013-02-13,49.96,50,49.4045,49.74,49.74,35859
2013-02-14,49.84,50.1099,49.4,49.96,49.96,64428
2013-02-15,50.02,50.17,49.778,50.0655,50.0655,54620
2013-02-19,50.16,50.244,49.9199,50.2011,50.2011,30988
2013-02-20,50.3,50.3,49.5,49.52,49.52,52756
2013-02-21,49.27,49.4,48.69,48.91,48.91,54230
2013-02-22,49.11,49.66,49.11,49.66,49.66,67056
2013-02-25,49.9,50.24,49.12,49.13,49.13,29935
2013-02-26,49.35,49.4696,48.76,49.27,49.27,18386
2013-02-27,49.29,50.4272,49.2101,50.24,50.24,26575
2013-02-28,50.25,50.93,50.25,50.68,50.68,31138
2013-03-01,50.66,51.47,50.5,51.36,51.36,31758
2013-03-04,51.55,52,51.1017,52,52,108101
2013-03-05,52.31,52.85,52.2801,52.54,52.54,56598
2013-03-06,52.66,52.9299,52.574,52.68,52.68,112390
2013-03-07,52.92,53.05,52.65,53.03,53.03,43487
2013-03-08,53.35,53.35,52.7,53.2699,53.2699,30659
2013-03-11,53.5,53.5,53,53.37,53.37,50737
2013-03-12,53.5,53.599,53.159,53.53,53.53,33131
2013-03-13,53.64,53.76,53.2101,53.56,53.56,37763
2013-03-14,53.74,53.8815,53.5825,53.8733,53.8733,48643
2013-03-15,54.03,54.0499,53.45,53.49,53.49,42615
2013-03-18,53.16,53.32,52.34,53.09,53.09,36075
2013-03-19,53.22,53.374,52.608,52.79,52.79,59851
2013-03-20,53.11,53.563,53.11,53.44,53.44,61637
2013-03-21,53.65,53.73,52.9,53.07,53.07,64577
2013-03-22,53.2,53.5,53.11,53.29,53.29,37461
2013-03-25,53.39,53.43,52.5875,52.95,52.95,76574
2013-03-26,53.24,53.3055,52.6901,52.98,52.98,27609
2013-03-27,52.94,53.74,52.5,53.68,53.68,27196
2013-03-28,53.87,54.5199,53.87,54.34,54.34,53318
2013-04-01,54.62,54.7188,53.74,53.98,53.98,45644
2013-04-02,54.14,54.97,54.14,54.69,54.69,116861
2013-04-03,54.93,54.93,53.44,53.61,53.61,39724
2013-04-04,53.93,54.132,53.6755,53.98,53.98,29150
2013-04-05,53.46,53.83,53.1,53.76,53.76,27943
2013-04-08,54.09,54.09,53.335,53.92,53.92,16801
2013-04-09,54.07,54.07,53.44,53.54,53.54,44570
2013-04-10,53.69,55,53.69,55,55,61445
2013-04-11,55.06,55.7958,55.06,55.67,55.67,35733
2013-04-12,55.51,55.84,55.181,55.819,55.819,37512
2013-04-15,55.87,55.87,53.98,54.15,54.15,67456
2013-04-16,54.67,55.2,54.15,55.15,55.15,126010
2013-04-17,54.95,55,53.7749,54.7,54.7,80189
2013-04-18,54.8,54.8,53.34,53.87,53.87,107142
2013-04-19,55.61,57.14,55.45,57.14,57.14,52173
2013-04-22,57.2199,57.32,56.4401,56.92,56.92,48570
2013-04-23,57.32,58.08,57.17,57.5,57.5,65683
2013-04-24,57.46,57.46,56.1768,56.24,56.24,52455
2013-04-25,56.68,56.91,56.26,56.82,56.82,37176
2013-04-26,56.81,57.26,56.65,57.06,57.06,16016
2013-04-29,57.32,57.81,57.06,57.43,57.43,49490
2013-04-30,57.21,57.47,56.66,57.42,57.42,50782
2013-05-01,57.42,57.42,56.22,56.31,56.31,79612
2013-05-02,56.62,57.48,56.52,57.22,57.22,35664
2013-05-03,57.89,58.7995,57.89,57.99,57.99,32802
2013-05-06,58.08,58.14,57.6,57.91,57.91,28974
2013-05-07,58.22,58.22,57.458,57.56,57.56,90316
2013-05-08,57.77,58.06,57.5,57.852,57.852,14926
2013-05-09,57.85,58.17,57.321,57.45,57.45,24867
2013-05-10,57.7,59.68,57.7,59.43,59.43,69535
2013-05-13,59.52,60.4,59.3,60.3,60.3,49722
2013-05-14,60.63,61.47,60.4,61.42,61.42,109173
2013-05-15,61.42,61.53,60.19,60.58,60.58,39271
2013-05-16,60.55,60.55,59.0445,59.4,59.4,53787
2013-05-17,59.57,59.992,59.19,59.66,59.66,66917
2013-05-20,59.66,60.1398,59.38,59.41,59.41,33236
2013-05-21,59.69,59.92,59.2884,59.67,59.67,23759
2013-05-22,59.82,60.918,58.57,59,59,70294
2013-05-23,58.27,59.44,57.4601,59.27,59.27,93782
2013-05-24,59.15,59.15,58.5,58.97,58.97,27536
2013-05-28,59.69,60.242,59.53,59.95,59.95,35092
2013-05-29,59.65,59.65,58.84,59.33,59.33,41762
2013-05-30,59.57,60.15,59.3,60.07,60.07,45786
2013-05-31,60.05,60.23,59.1,59.1,59.1,24087
2013-06-03,59.13,59.13,56.7099,58.07,58.07,104715
2013-06-04,58.11,58.4262,56.78,57.11,57.11,86800
2013-06-05,56.76,57.458,55.3701,55.59,55.59,186141
2013-06-06,55.76,56.87,55.4701,56.87,56.87,88167
2013-06-07,57.24,58.13,57.01,58.09,58.09,42518
2013-06-10,58.35,58.35,57.4301,57.959,57.959,29057
2013-06-11,57.76,58.3065,57.11,57.69,57.69,26652
2013-06-12,58.08,58.2299,57,57.03,57.03,122964
2013-06-13,56.95,58.09,56.62,57.61,57.61,24429
2013-06-14,57.45,57.45,56.3999,56.68,56.68,76651
2013-06-17,57.22,57.3299,56.36,56.53,56.53,39016
2013-06-18,56.68,57.4267,56.395,57.21,57.21,24493
2013-06-19,57.31,57.668,56.66,56.66,56.66,67958
2013-06-20,56.1,56.1,54.89,55.0971,55.0971,92737
2013-06-21,55.29,55.99,54.55,55.35,55.35,60250
2013-06-24,54.79,55.96,53.8201,55.48,55.48,191681
2013-06-25,55.9875,56.11,55.38,56.05,56.05,76590
2013-06-26,56.75,57.96,56.54,57.77,57.77,2434972
2013-06-27,58.3456,58.91,57.91,58.46,58.46,1413106
2013-06-28,58.68,58.9,58.19,58.19,58.19,378430
2013-07-01,59.17,60.43,59.0001,59.57,59.57,499163
2013-07-02,59.78,59.91,59.27,59.52,59.52,413681
2013-07-03,59.58,59.62,59.01,59.45,59.45,125519
2013-07-05,60.18,60.51,59.7501,60.51,60.51,112831
2013-07-08,61.02,61.02,60.125,60.29,60.29,303392
2013-07-09,60.69,60.74,60,60.591,60.591,211157
2013-07-10,60.62,61.54,60.5,61.44,61.44,241031
2013-07-11,62.33,63.19,62.08,63.17,63.17,246741
2013-07-12,63.36,65.2538,63.17,64.71,64.71,156420
2013-07-15,65.16,65.16,64.1499,64.81,64.81,231978
2013-07-16,65.1,65.1,63.91,64.17,64.17,164038
2013-07-17,64.85,64.85,64.23,64.37,64.37,338196
2013-07-18,64.56,64.56,63.76,64.15,64.15,230144
2013-07-19,64.15,64.8,63.9,64.34,64.34,110933
2013-07-22,64.78,64.84,64.15,64.57,64.57,206946
2013-07-23,64.89,64.89,63.16,63.23,63.23,119978
2013-07-24,63.79,64.08,63.25,63.59,63.59,140182
2013-07-25,62.87,63.79,61.88,63.76,63.76,145316
2013-07-26,63.43,63.8145,62.75,63.72,63.72,82450
2013-07-29,63.7,63.7,62.711,62.8,62.8,157223
2013-07-30,63.04,63.8394,62.77,63.62,63.62,176447
2013-07-31,63.53,64.1835,63.47,63.74,63.74,246733
2013-08-01,64.69,65.139,64.2,65.06,65.06,171698
2013-08-02,65.22,65.22,64.37,64.67,64.67,199595
2013-08-05,64.72,65.12,64.5,64.75,64.75,223002
2013-08-06,64.7,64.7,63.278,63.36,63.36,149906
2013-08-07,63.09,63.44,62.28,62.86,62.86,140729
2013-08-08,63.24,63.3,62.62,62.85,62.85,154992
2013-08-09,62.59,63.0875,62.18,62.57,62.57,172763
2013-08-12,62.35,62.36,61.4101,61.9,61.9,71617
2013-08-13,62.11,62.11,61.13,61.6,61.6,96652
2013-08-14,61.44,61.93,61.34,61.37,61.37,78130
2013-08-15,60.89,60.89,59.67,59.8,59.8,238503
2013-08-16,59.7,60.3,59.4605,59.61,59.61,116216
2013-08-19,59.75,60.0499,59.22,59.22,59.22,141847
2013-08-20,59.16,60.37,59.12,60.13,60.13,76484
2013-08-21,60.59,62.41,60.53,61.5,61.5,117479
2013-08-22,61.66,62.92,61.45,62.14,62.14,245686
2013-08-23,62.36,62.36,61.3975,61.69,61.69,49599
2013-08-26,61.92,63.23,61.883,62.91,62.91,67633
2013-08-27,61.9,62.14,60.65,60.65,60.65,89162
2013-08-28,60.59,61.446,60.3601,61.33,61.33,67970
2013-08-29,61.14,62.4165,61.09,62.01,62.01,79382
2013-08-30,62.07,62.07,61,61.11,61.11,42209
2013-09-03,61.71,62.53,61.71,62.45,62.45,94175
2013-09-04,62.52,63.755,62.3301,63.73,63.73,78042
2013-09-05,63.81,64.27,63.73,64.03,64.03,61247
2013-09-06,64.36,64.48,62.99,64.2,64.2,97454
2013-09-09,64.25,65.8,64.25,65.79,65.79,95511
2013-09-10,66.24,66.43,65.395,65.75,65.75,105592
2013-09-11,65.69,65.98,64.8,65.53,65.53,124156
2013-09-12,65.73,66.1206,65.37,65.72,65.72,73798
2013-09-13,65.94,65.94,65.0695,65.66,65.66,116805
2013-09-16,66.33,66.6,65.552,65.79,65.79,76015
2013-09-17,66.11,66.48,65.7965,66.37,66.37,107580
2013-09-18,66.57,67.08,65.8978,66.79,66.79,110718
2013-09-19,67.11,67.2,66.058,66.5,66.5,118166
2013-09-20,66.59,66.59,65.761,65.88,65.88,78362
2013-09-23,65.75,65.75,64.57,64.98,64.98,100880
2013-09-24,65.12,65.31,64.5,64.99,64.99,106661
2013-09-25,65.23,65.23,64.62,64.67,64.67,64373
2013-09-26,65,66.22,64.85,65.91,65.91,149335
2013-09-27,65.18,65.56,64.85,65.25,65.25,69812
2013-09-30,64.4,65.578,64.4,64.8,64.8,91655
2013-10-01,65.05,66.16,65.0201,66.16,66.16,94332
2013-10-02,65.75,66.052,65.5357,65.87,65.87,70520
2013-10-03,65.97,65.97,64.38,65.07,65.07,82535
2013-10-04,65.17,65.7799,65.06,65.55,65.55,95657
2013-10-07,65.1,65.1,63.85,63.87,63.87,99397
2013-10-08,63.91,64.11,60.98,61,61,225263
2013-10-09,61.18,61.23,59.0901,60.02,60.02,386179
2013-10-10,61.15,62.21,61.15,62.21,62.21,224196
2013-10-11,62.37,62.44,61.433,62.17,62.17,117681
2013-10-14,61.68,62.84,61.26,62.82,62.82,119524
2013-10-15,62.74,63.03,62.02,62.17,62.17,116284
2013-10-16,62.92,64.25,62.9,64.25,64.25,187964
2013-10-17,64.21,64.5,63.416,64.49,64.49,206620
2013-10-18,64.79,64.9978,63.36,64.21,64.21,156153
2013-10-21,64.24,64.24,62.825,63.04,63.04,123146
2013-10-22,63.57,64.5899,63.2,64.47,64.47,130564
2013-10-23,64.23,64.74,63.725,64.74,64.74,93372
2013-10-24,64.94,65.7,64.94,65.46,65.46,90129
2013-10-25,65.53,65.84,65,65.61,65.61,104678
2013-10-28,65.68,66,65.18,65.4,65.4,81449
2013-10-29,65.51,65.56,64.761,65.56,65.56,75148
2013-10-30,65.75,65.9299,64.04,64.42,64.42,181657
2013-10-31,64.44,64.9,63.6601,64.26,64.26,92070
2013-11-01,64.47,64.69,63.971,64.64,64.64,113577
2013-11-04,65.07,65.07,64.552,64.76,64.76,51392
2013-11-05,64.4,64.4,63.48,63.77,63.77,93228
2013-11-06,64.24,64.24,61.91,61.98,61.98,210349
2013-11-07,62.2,62.61,60.78,60.97,60.97,180067
2013-11-08,61.35,63.418,61.35,63.27,63.27,79947
2013-11-11,63.52,63.87,62.82,63.8,63.8,56277
2013-11-12,63.79,64,62.91,63.99,63.99,209824
2013-11-13,63.6,64.658,63.27,64.39,64.39,100618
2013-11-14,64.51,64.929,64.15,64.7,64.7,98621
2013-11-15,64.83,66.07,64.63,65.98,65.98,51328
2013-11-18,66.33,66.38,64.59,64.91,64.91,86985
2013-11-19,65.05,65.179,64.35,64.65,64.65,90353
2013-11-20,65.05,66.1199,64.95,65.39,65.39,103236
2013-11-21,65.65,66.875,65.65,66.74,66.74,61740
2013-11-22,67.8,68.2,67.623,67.88,67.88,100413
2013-11-25,68.27,68.4001,67.61,67.96,67.96,67000
2013-11-26,68.24,68.24,67.583,68.07,68.07,55938
2013-11-27,68.31,68.69,68.05,68.62,68.62,56830
2013-11-29,68.86,69.1299,68.62,68.74,68.74,16299
2013-12-02,68.7,68.73,68.03,68.53,68.53,69875
2013-12-03,68.24,68.27,67.33,67.63,67.63,71511
2013-12-04,67.43,67.84,66.92,67.32,67.32,79323
2013-12-05,67.19,67.5199,67,67.36,67.36,30841
2013-12-06,67.95,68.1399,66.94,67.89,67.89,51641
2013-12-09,68.27,68.3699,67.35,67.61,67.61,50874
2013-12-10,67.46,67.7899,66.616,67.199,67.199,87342
2013-12-11,67.2,67.2,65.16,65.36,65.36,75921
2013-12-12,65.4,66.4,65.34,65.96,65.96,80522
2013-12-13,66.26,66.26,65.3,65.95,65.95,108025
2013-12-16,66.29,67.1099,65.1601,66.09,66.09,80071
2013-12-17,66.13,67.41,65.04,65.35,65.35,97598
2013-12-18,65.71,66.97,65.27,66.97,66.97,149357
2013-12-19,66.7,67.25,66.45,66.89,66.89,95658
2013-12-20,67.4,68.09,66.96,67.98,67.98,172165
2013-12-23,69.02,69.62,68.87,69.42,69.42,123497
2013-12-24,69.52,69.69,69.07,69.48,69.48,45721
2013-12-26,69.63,70.12,69.5,69.75,69.75,65651
2013-12-27,69.96,70.06,69.41,69.47,69.47,62073
2013-12-30,69.2,69.46,68.535,69.36,69.36,74865
2013-12-31,69.4,69.54,68.8,69.18,69.18,80835
2014-01-02,68.77,69.5,68.42,69.48,69.48,96319
2014-01-03,69.58,69.7299,68.88,69.09,69.09,90558
2014-01-06,69.1,69.52,68.29,68.86,68.86,147900
2014-01-07,69.31,70.42,69.21,70.09,70.09,94750
2014-01-08,70.24,71.18,69.81,71.1199,71.1199,125733
2014-01-09,71.54,72.49,71.37,72.03,72.03,153489
2014-01-10,72.42,73.55,72.12,73.502,73.502,154469
2014-01-13,73.97,74.12,71.36,71.96,71.96,221110
2014-01-14,72.38,75.07,72.28,75.07,75.07,103649
2014-01-15,75.29,75.29,74.39,75.21,75.21,135681
2014-01-16,75.43,76.29,75.21,76.2,76.2,119190
2014-01-17,76.77,76.96,75.98,76.18,76.18,262757
2014-01-21,77.34,77.9,76.54,77.9,77.9,125959
2014-01-22,78.02,78.2,77.23,77.54,77.54,213817
2014-01-23,77.11,77.72,76.73,77.72,77.72,128305
2014-01-24,76.94,76.99,74.9,74.9,74.9,171012
2014-01-27,74.91,74.91,71.92,73.28,73.28,253807
2014-01-28,73.82,74.89,73.772,74.65,74.65,120406
2014-01-29,73.79,75.48,73.27,74.23,74.23,182063
2014-01-30,75.65,76.75,75.65,76.39,76.39,223072
2014-01-31,75.51,75.971,74.82,75.26,75.26,193742
2014-02-03,75.16,75.312,72.58,72.72,72.72,269930
2014-02-04,73.27,73.67,72.72,73.23,73.23,212147
2014-02-05,73.77,73.77,71.171,72.5397,72.5397,159061
2014-02-06,72.91,73.13,71.988,72.28,72.28,116360
2014-02-07,72.93,75.15,72.85,75.11,75.11,158294
2014-02-10,75.49,76.62,74.93,76.62,76.62,174554
2014-02-11,77,77.83,76.556,77.56,77.56,232495
2014-02-12,77.99,78.3699,77.41,77.88,77.88,181652
2014-02-13,77.28,78.87,77.081,78.77,78.77,159768
2014-02-14,79.05,79.17,77.78,78.12,78.12,150827
2014-02-18,78.8,80.25,78.8,80.18,80.18,239278
2014-02-19,80.1,80.6899,78.8042,78.96,78.96,195230
2014-02-20,79.21,80.76,78.5435,80.73,80.73,137516
2014-02-21,81.27,82.7399,80.75,81.87,81.87,158553
2014-02-24,82.57,83.187,82.26,82.72,82.72,161743
2014-02-25,87.33,87.955,85.3,87.45,87.45,263859
2014-02-26,87.46,87.71,85.65,85.72,85.72,272607
2014-02-27,85.8,85.949,85.09,85.36,85.36,194876
2014-02-28,85.29,85.706,82.32,83.44,83.44,213111
2014-03-03,82.44,84.472,81.9101,83.92,83.92,215961
2014-03-04,85.49,85.9999,85,85.61,85.61,160815
2014-03-05,85.9,86,85.13,85.65,85.65,142183
2014-03-06,86.12,86.21,83.1745,83.53,83.53,207155
2014-03-07,84.21,84.34,81.46,83.65,83.65,226542
2014-03-10,83.6,84.0544,82.3901,84.01,84.01,115350
2014-03-11,84.43,84.43,82.606,83.07,83.07,180406
2014-03-12,82.44,83.74,82.311,83.7,83.7,96397
2014-03-13,83.83,84.142,81.256,81.78,81.78,184382
2014-03-14,81.23,82.2,80.61,81.2,81.2,280852
2014-03-17,82.01,82.972,81.4199,81.51,81.51,134227
2014-03-18,82.08,84.27,82.04,84.27,84.27,164980
2014-03-19,84.65,84.7868,82.73,83.25,83.25,144245
2014-03-20,83,83.78,82.5908,82.99,82.99,160203
2014-03-21,83.86,84.31,79.47,79.66,79.66,469493
2014-03-24,80.04,80.6599,75.24,77.57,77.57,593416
2014-03-25,78.24,79.47,76.28,77.57,77.57,452492
2014-03-26,78.16,78.75,75.9557,75.99,75.99,276257
2014-03-27,75.9,77.42,74.18,77.4,77.4,363497
2014-03-28,77,77.41,73.99,74.28,74.28,376342
2014-03-31,74.91,76.87,74.91,76.69,76.69,218944
2014-04-01,77.5,79.34,77.38,78.64,78.64,257044
2014-04-02,79.86,80.046,78.16,78.9,78.9,255823
2014-04-03,78.83,79.03,75.73,76.54,76.54,179409
2014-04-04,77.67,77.67,73.47,74.14,74.14,265170
2014-04-07,73.64,75.57,72.99,74.35,74.35,294957
2014-04-08,74.49,75.02,72.61,73.88,73.88,327335
2014-04-09,74.26,76.7,74.26,76.61,76.61,170461
2014-04-10,76.45,76.45,71.57,72.26,72.26,356133
2014-04-11,71.24,73.63,70.29,70.37,70.37,450211
2014-04-14,71.13,72,68.81,70.19,70.19,432846
2014-04-15,70.41,71.5635,67.27,70.8,70.8,729026
2014-04-16,71.7,73.16,71.25,72.65,72.65,214094
2014-04-17,72.63,73.843,71.86,72.53,72.53,207519
2014-04-21,72.91,73.46,71.79,73.42,73.42,169283
2014-04-22,74.27,76.07,74.27,75.64,75.64,178662
2014-04-23,76.19,76.19,74.088,74.45,74.45,121200
2014-04-24,75.11,75.11,72.18,74.14,74.14,191689
2014-04-25,73.69,73.72,71.433,71.63,71.63,199657
2014-04-28,72.06,73.36,70.01,71.79,71.79,362260
2014-04-29,72.33,74.23,71.71,73.92,73.92,202219
2014-04-30,73.69,74.5944,72.73,74.57,74.57,162344
2014-05-01,74.45,75.99,73.37,75.08,75.08,159693
2014-05-02,75.48,75.48,73.72,73.97,73.97,161405
2014-05-05,73.34,75.91,73.02,75.88,75.88,121571
2014-05-06,75.71,75.99,74.66,74.84,74.84,127783
2014-05-07,75.03,75.03,72.7,74.06,74.06,134821
2014-05-08,73.45,75.212,72.55,72.7,72.7,168158
2014-05-09,72.54,74.33,72.08,74.27,74.27,256138
2014-05-12,74.69,76.26,74.5,76.18,76.18,163927
2014-05-13,76.19,76.6592,75.38,75.39,75.39,173814
2014-05-14,75.34,76.55,74.6401,75.8,75.8,138321
2014-05-15,75.19,75.55,73.3542,74.45,74.45,241256
2014-05-16,74.48,74.48,73.2801,74.1899,74.1899,128664
2014-05-19,74.25,75.76,73.99,75.73,75.73,107940
2014-05-20,75.41,75.5,73.94,74.34,74.34,133555
2014-05-21,74.55,75.38,74.3,74.75,74.75,119841
2014-05-22,74.66,76.5399,74.66,75.92,75.92,128461
2014-05-23,76.07,76.12,75.18,75.57,75.57,71330
2014-05-27,76.24,77.13,76.08,77.13,77.13,69575
2014-05-28,77.46,77.54,76.48,76.83,76.83,589314
2014-05-29,76.96,77.5,76.96,77.19,77.19,300838
2014-05-30,77.07,77.3,76.18,76.74,76.74,175750
2014-06-02,76.9,77.11,75.39,76.485,76.485,98538
2014-06-03,76.29,77.17,75.626,77.13,77.13,165396
2014-06-04,77.02,78.23,76.73,78.23,78.23,141344
2014-06-05,78.43,79.5,77.9095,79.06,79.06,148957
2014-06-06,79.25,79.4237,78.27,78.93,78.93,149856
2014-06-09,79.09,80.3,78.95,79.58,79.58,128121
2014-06-10,79.54,80.13,78.691,79.79,79.79,129656
2014-06-11,79.35,80.4734,79.14,79.72,79.72,95426
2014-06-12,79.8,80.5999,79.4,79.93,79.93,407501
2014-06-13,80.32,80.67,79.82,80.31,80.31,104766
2014-06-16,80.02,81.41,80,80.7,80.7,79871
2014-06-17,80.61,81.0575,80.0198,80.32,80.32,67440
2014-06-18,80.33,80.92,79.79,80.92,80.92,109876
2014-06-19,81.21,81.28,80.13,80.88,80.88,78265
2014-06-20,81.09,81.56,80.6456,81.52,81.52,85965
2014-06-23,81.45,82,80.75,80.83,80.83,75538
2014-06-24,82.42,83.48,81.3896,81.63,81.63,118465
2014-06-25,81.38,82.4,80.9601,81.69,81.69,124974
2014-06-26,81.65,81.78,80.59,81.69,81.69,49941
2014-06-27,81.62,82,81.0833,82,82,43834
2014-06-30,81.88,82.58,81.84,82.33,82.33,98174
2014-07-01,82.65,84.23,82.65,84.17,84.17,270433
2014-07-02,84.03,84.9,83.7201,84.36,84.36,71546
2014-07-03,84.56,84.84,83.9,84.63,84.63,63351
2014-07-07,84.33,84.84,82.77,82.82,82.82,95284
2014-07-08,82.66,82.66,80.81,81.2,81.2,104247
2014-07-09,81.47,82.4911,80.37,82.45,82.45,105197
2014-07-10,80.83,82.49,80.61,81.99,81.99,56418
2014-07-11,82.07,83,81.69,82.89,82.89,51907
2014-07-14,83.47,83.59,82.6628,83.24,83.24,61066
2014-07-15,83.32,83.32,80.928,81.58,81.58,303580
2014-07-16,81.94,82.1115,80.5,80.68,80.68,97010
2014-07-17,80.2,80.78,78.5,78.66,78.66,133007
2014-07-18,79.04,80.85,78.6,80.73,80.73,59225
2014-07-21,80.63,80.93,79.8501,80.7,80.7,50254
2014-07-22,81.14,81.96,80.89,81.4,81.4,54334
2014-07-23,82.57,83.72,82.57,83.2,83.2,58439
2014-07-24,83.25,83.25,81.78,81.93,81.93,51396
2014-07-25,81.66,82.06,80.934,81.51,81.51,52313
2014-07-28,81.34,81.34,80.1534,81,81,52521
2014-07-29,81.31,83.27,81.31,83.04,83.04,67035
2014-07-30,83.75,84.849,83.12,83.2,83.2,82147
2014-07-31,82.5,82.5,80.82,81.11,81.11,111876
2014-08-01,80.93,82.23,79.23,81.29,81.29,222386
2014-08-04,81.89,82.36,81.05,82.06,82.06,47885
2014-08-05,81.57,82.9199,81.3201,82.16,82.16,101278
2014-08-06,81.49,82.917,81.49,82.42,82.42,103411
2014-08-07,82.86,83.0299,81.41,81.75,81.75,86048
2014-08-08,81.75,82.739,81.5,82.61,82.61,60359
2014-08-11,83.07,83.79,82.39,83.33,83.33,59665
2014-08-12,83.66,83.66,82.79,83.21,83.21,63420
2014-08-13,83.33,85.0095,83.085,84.92,84.92,151484
2014-08-14,84.94,86.15,84.92,86.02,86.02,111796
2014-08-15,86.74,86.932,85.0575,86.36,86.36,174619
2014-08-18,86.93,87.51,86.79,87.18,87.18,149192
2014-08-19,87.45,87.7645,86.77,87.58,87.58,225454
2014-08-20,87.45,88.36,87.25,87.9,87.9,121708
2014-08-21,87.92,88.18,86.79,87.04,87.04,126769
2014-08-22,87.12,87.93,86.57,87.49,87.49,133319
2014-08-25,90.1,91.442,90.08,91.14,91.14,130387
2014-08-26,91.47,92.2699,91.2,92.04,92.04,129809
2014-08-27,92.17,92.17,91.38,91.84,91.84,135757
2014-08-28,91.36,92.1399,91.27,91.43,91.43,96728
2014-08-29,91.66,93.1792,91.44,92.87,92.87,101160
2014-09-02,93.41,93.72,92.65,92.99,92.99,146274
2014-09-03,93.53,93.74,92.57,92.96,92.96,121526
2014-09-04,93.26,93.26,91.36,91.59,91.59,114697
2014-09-05,91.99,91.99,90.05,91.58,91.58,94095
2014-09-08,91.46,92.5,91.42,92.45,92.45,95491
2014-09-09,92.42,92.42,91.1455,91.35,91.35,82941
2014-09-10,91.36,93.15,91.36,93.12,93.12,117758
2014-09-11,92.76,93,91.44,92.28,92.28,655008
2014-09-12,92.12,92.26,90.8,91.37,91.37,135847
2014-09-15,91.49,91.54,89.0942,89.89,89.89,121250
2014-09-16,89.67,91.47,89.49,91.4,91.4,92851
2014-09-17,91.73,92.31,90.99,91.69,91.69,139447
2014-09-18,92.1,92.34,91.35,92.34,92.34,113635
2014-09-19,93.18,93.18,91.61,92.09,92.09,113853
2014-09-22,91.98,91.98,90.5401,91.55,91.55,77983
2014-09-23,90.92,91.96,90.91,91.185,91.185,89273
2014-09-24,91.49,93.74,91.435,93.74,93.74,172644
2014-09-25,93.36,93.6595,91.53,91.94,91.94,107077
2014-09-26,92.37,92.926,91.696,92.73,92.73,86788
2014-09-29,91.65,93.42,91.5,92.91,92.91,136587
2014-09-30,92.92,93.24,91.65,91.78,91.78,81716
2014-10-01,91.77,91.95,89.92,90.51,90.51,358621
2014-10-02,90.46,90.79,88.85,90.28,90.28,145086
2014-10-03,91.13,92.18,90.58,91.75,91.75,142068
2014-10-06,92.18,92.53,90.19,90.45,90.45,176591
2014-10-07,89.9,90.4099,88.5401,88.71,88.71,151547
2014-10-08,88.67,91.32,88.13,91.23,91.23,193751
2014-10-09,90.94,91,88.77,89.09,89.09,144721
2014-10-10,90.38,92.29,89.29,89.33,89.33,180534
2014-10-13,89.37,90,87.13,87.44,87.44,269114
2014-10-14,88.21,88.776,85.45,86.91,86.91,227026
2014-10-15,85.97,87.85,84.7,87.34,87.34,284572
2014-10-16,85.83,89.57,85.3312,88.68,88.68,188760
2014-10-17,90.38,90.5947,88.93,89.62,89.62,408886
2014-10-20,89.49,90.79,89.49,90.64,90.64,254449
2014-10-21,90.84,92.8935,90.84,92.86,92.86,311276
2014-10-22,93.25,93.44,91.74,92.66,92.66,280540
2014-10-23,93.71,95.44,93.558,95.02,95.02,206975
2014-10-24,95.14,96.5491,94.731,96.22,96.22,228588
2014-10-27,96.37,97.27,95.26,97.26,97.26,192914
2014-10-28,98.1,98.7,97.5,98.29,98.29,221523
2014-10-29,98.38,98.38,96.9,97.68,97.68,177042
2014-10-30,97.24,99.51,97.2,99.26,99.26,189984
2014-10-31,101.5,101.5399,99.006,99.46,99.46,210970
2014-11-03,99.82,100.49,99.23,99.7,99.7,231915
2014-11-04,99.49,99.91,98.394,98.69,98.69,168511
2014-11-05,99.49,99.63,96.5903,97.01,97.01,157353
2014-11-06,97.35,98.5799,97.2808,98.54,98.54,177474
2014-11-07,98.24,98.24,96.0501,97.23,97.23,271090
2014-11-10,97.72,98.6099,97.24,98.4,98.4,140277
2014-11-11,98.78,99.5799,98.31,98.98,98.98,124847
2014-11-12,98.47,99.17,98.086,99.05,99.05,127246
2014-11-13,99.12,99.98,98.39,98.8,98.8,165455
2014-11-14,98.75,98.75,95.94,96.58,96.58,168166
2014-11-17,96.13,97.85,95.95,96.79,96.79,182025
2014-11-18,97.16,98.78,97,98.57,98.57,181593
2014-11-19,98.54,99.185,97.93,98.32,98.32,151845
2014-11-20,98,98.81,97.54,98.56,98.56,135225
2014-11-21,99.62,99.94,98.8261,99.2,99.2,160666
2014-11-24,99.45,100.9,99.45,100.88,100.88,172052
2014-11-25,101.28,101.402,100.05,100.82,100.82,206579
2014-11-26,100.85,101.925,100.5632,101.9,101.9,133323
2014-11-28,102.05,103.2664,101.64,101.9,101.9,80945
2014-12-01,101.69,102.02,100.46,100.82,100.82,144122
2014-12-02,101.43,102.66,101.4101,102.33,102.33,144296
2014-12-03,102.73,102.73,101.17,102.41,102.41,104974
2014-12-04,102.22,102.7148,101.36,101.78,101.78,117032
2014-12-05,101.97,102.52,101.812,102.49,102.49,125875
2014-12-08,104.06,105.92,103.858,104.61,104.61,161348
2014-12-09,103.52,105.315,102.4401,105.02,105.02,150418
2014-12-10,105.3,105.3,102.7455,102.87,102.87,126324
2014-12-11,103.91,105.07,102.6455,102.93,102.93,140227
2014-12-12,102.07,103.21,101.53,101.61,101.61,163196
2014-12-15,102.26,102.325,98.45,98.69,98.69,232853
2014-12-16,97.95,100.11,97.12,97.41,97.41,209077
2014-12-17,97.78,101.005,97.41,100.9,100.9,229346
2014-12-18,102.68,104.28,102,104.28,104.28,237499
2014-12-19,104.85,105.9207,103.71,105.3,105.3,201174
2014-12-22,104.75,104.999,102.95,104.09,104.09,329102
2014-12-23,104.37,104.37,98.7,99.46,99.46,384530
2014-12-24,99.16,101.888,99.0001,100.93,100.93,111456
2014-12-26,101.73,103.53,101.65,103.41,103.41,99982
2014-12-29,103.5,104.12,102.73,103.73,103.73,158068
2014-12-30,104.13,104.13,102.33,102.44,102.44,122498
2014-12-31,102.91,104.06,101.8301,102.02,102.02,158626
2015-01-02,102.52,103.7299,101.76,102.47,102.47,193969
2015-01-05,101.97,103.546,101.5,102.83,102.83,207561
2015-01-06,103.15,103.598,100.02,101.17,101.17,437693
2015-01-07,102.59,104.24,102.2804,104.22,104.22,245362
2015-01-08,105.39,105.623,104.45,105.46,105.46,313051
2015-01-09,105.88,105.88,104.21,104.99,104.99,269938
2015-01-12,106,106.9,105.41,106.19,106.19,226728
2015-01-13,107.61,109.26,105.89,107.06,107.06,425506
2015-01-14,106.09,107.5072,105.47,107.24,107.24,305943
2015-01-15,108.04,108.04,105,105.14,105.14,225877
2015-01-16,105.19,107.57,105,107.49,107.49,223087
2015-01-20,108.1,109.6299,106.5801,109.24,109.24,195577
2015-01-21,108.87,109.92,107.5775,107.94,107.94,217210
2015-01-22,108.5,108.94,105.41,108.94,108.94,204214
2015-01-23,108.74,109.6499,108.2001,109.51,109.51,206213
2015-01-26,110,111.6199,109.132,111.38,111.38,261602
2015-01-27,110.24,112.43,110.0984,111.6,111.6,315673
2015-01-28,112.55,112.55,108.69,108.94,108.94,266799
2015-01-29,108.9,110.06,107.2,110.06,110.06,190092
2015-01-30,110.72,112.4461,109.73,109.9,109.9,237107
2015-02-02,110.59,110.698,107.5655,109.14,109.14,202373
2015-02-03,109.65,109.6599,105.46,107.85,107.85,271981
2015-02-04,105.36,106.763,103.49,106.09,106.09,299467
2015-02-05,106.94,108.75,106.4,108.55,108.55,249983
2015-02-06,109,109.2499,106.55,107,107,208489
2015-02-09,106.36,107.73,106.16,106.29,106.29,148532
2015-02-10,107.3,108.14,106.6,107.84,107.84,156573
2015-02-11,107.61,109,106.66,107.69,107.69,189215
2015-02-12,108.57,109.2,107.63,109.19,109.19,205498
2015-02-13,109.47,110.21,108.4999,110.21,110.21,170611
2015-02-17,110.48,111.67,110.23,111.04,111.04,254314
2015-02-18,111.08,112.33,110.62,112.33,112.33,187892
2015-02-19,112.77,113.3603,111.9737,112.95,112.95,247110
2015-02-20,113.13,114.42,112.71,114.42,114.42,254107
2015-02-23,114.87,116.999,114.7039,115.46,115.46,318438
2015-02-24,115.46,115.46,113.0176,114.17,114.17,260425
2015-02-25,114.27,117.095,113.02,116.34,116.34,272848
2015-02-26,116.44,116.44,114.4101,116.16,116.16,199770
2015-02-27,115.99,116.16,114.62,115.23,115.23,219054
2015-03-02,115.5,115.96,114.92,115.96,115.96,261960
2015-03-03,115.67,116.06,114.34,115.99,115.99,222226
2015-03-04,115.76,117.96,114.903,117.54,117.54,177812
2015-03-05,119.28,121.21,118.92,120.21,120.21,263015
2015-03-06,120.45,120.45,118.3807,118.67,118.67,271145
2015-03-09,118.67,118.9656,117.24,118.36,118.36,155507
2015-03-10,117.55,119.95,116.5,118.59,118.59,207899
2015-03-11,119,119.7,117.79,119.31,119.31,193803
2015-03-12,120.01,120.44,119.03,120.42,120.42,209425
2015-03-13,120.55,121.84,119.59,120.87,120.87,248829
2015-03-16,122,123.93,121.42,123.68,123.68,235756
2015-03-17,123.67,124.4448,122.6,123.93,123.93,271347
2015-03-18,123.64,124.41,122.01,123.769,123.769,298786
2015-03-19,124.38,126.33,124.0051,125.98,125.98,291566
2015-03-20,127.98,128.188,125.041,125.71,125.71,302229
2015-03-23,124.48,124.6,122.51,123.34,123.34,332989
2015-03-24,123.39,124.3,122.12,122.23,122.23,241662
2015-03-25,122.07,122.5,116.65,116.8396,116.8396,549738
2015-03-26,114.21,117.8399,113.4,116.46,116.46,427207
2015-03-27,117.17,120.05,117.17,119.62,119.62,217316
2015-03-30,121,121.7399,119.3315,120.9,120.9,245020
2015-03-31,120.08,120.4116,118.11,118.23,118.23,168222
2015-04-01,117.99,118.17,114.75,117.14,117.14,371295
2015-04-02,117.26,117.63,116.1201,116.6,116.6,120686
2015-04-06,115.82,117.5,115.7,116.47,116.47,151326
2015-04-07,116.58,119.16,116.1776,117.01,117.01,193833
2015-04-08,117.37,119.81,117.37,118.99,118.99,139718
2015-04-09,119.26,120.26,117.87,119.44,119.44,185977
2015-04-10,119.58,121.45,119.44,120.99,120.99,109224
2015-04-13,121.22,122.95,121.22,121.59,121.59,206060
2015-04-14,121.73,122.26,120.1365,121.04,121.04,133515
2015-04-15,121.58,122.03,120.384,121.52,121.52,189150
2015-04-16,121.17,122.45,121.156,122.03,122.03,193592
2015-04-17,121.24,121.73,119.501,120.32,120.32,227621
2015-04-20,121.08,121.2418,119.35,120.4,120.4,165122
2015-04-21,121.54,121.98,120.42,121.36,121.36,341837
2015-04-22,122.1,122.27,120.1401,121.09,121.09,102567
2015-04-23,120.88,122.64,120.3881,122.41,122.41,131193
2015-04-24,122.29,122.879,121.57,121.64,121.64,118307
2015-04-27,121.91,122.294,116.4,116.62,116.62,267501
2015-04-28,116.5,117.73,112.89,114.93,114.93,402275
2015-04-29,114.49,116.5799,113.58,115.02,115.02,229994
2015-04-30,114.35,115.04,110.46,111.51,111.51,362666
2015-05-01,112.55,115.27,112.53,115.22,115.22,213433
2015-05-04,115.7,118.06,115.635,115.865,115.865,163309
2015-05-05,115.57,115.57,113.245,113.68,113.68,134930
2015-05-06,114.54,114.64,112.893,114.43,114.43,185868
2015-05-07,114.88,115.83,113.49,115.22,115.22,234393
2015-05-08,116.37,118.84,116.16,118.32,118.32,180248
2015-05-11,118.63,119.2343,118.0717,118.35,118.35,87928
2015-05-12,117.5,118.75,116.5401,118.5,118.5,133900
2015-05-13,119.24,119.69,117.76,118.37,118.37,90799
2015-05-14,119.12,119.75,117.15,119.57,119.57,93570
2015-05-15,119.68,120.1649,119.1346,119.73,119.73,132465
2015-05-18,119.54,122,119.332,121.68,121.68,112507
2015-05-19,121.69,122.09,120.86,121.55,121.55,151297
2015-05-20,121.56,123.859,120.56,123.23,123.23,137387
2015-05-21,123.35,123.905,122.312,122.99,122.99,189737
2015-05-22,122.73,123.58,122.5495,123.39,123.39,103118
2015-05-26,122.9,123.23,121.6288,122.31,122.31,124211
2015-05-27,122.56,124.03,121.98,123.97,123.97,116431
2015-05-28,123.62,124.2,122.502,123.44,123.44,96447
2015-05-29,123.27,124.19,122.6801,123.55,123.55,124668
2015-06-01,123.55,123.91,121.65,122.8,122.8,103131
2015-06-02,122.57,123.542,121.5301,122.6,122.6,105383
2015-06-03,123.06,123.3899,122.2124,123.01,123.01,99355
2015-06-04,122.59,123.2229,120.72,121.62,121.62,166815
2015-06-05,121.35,122.96,120.01,122.69,122.69,111305
2015-06-08,122.58,123.0584,121.51,122.08,122.08,0
2015-06-09,122.1,122.23,119.59,120.52,120.52,0
2015-06-10,120.61,122.19,119.5,122.1,122.1,139835
2015-06-11,122.69,123.19,122,123.19,123.19,128994
2015-06-12,122.42,122.45,120.6001,121.04,121.04,131650
2015-06-15,119.84,120.14,118.52,120.05,120.05,141855
2015-06-16,119.8,121.4545,119.72,120.97,120.97,101385
2015-06-17,121.33,121.7699,120.6856,121.38,121.38,142116
2015-06-18,121.91,125.2493,121.9,124.74,124.74,198115
2015-06-19,124.61,125.73,124,125.36,125.36,116108
2015-06-22,126.11,127.97,126.11,127.8344,127.8344,176107
2015-06-23,128.01,128.4199,127.16,128.22,128.22,123743
2015-06-24,127.85,128.128,126.0992,126.46,126.46,126618
2015-06-25,126.93,127.4499,125.0208,125.89,125.89,142769
2015-06-26,126.18,126.5699,123.85,124.88,124.88,99834
2015-06-29,123.32,124.5,121.05,121.18,121.18,247367
2015-06-30,122.59,124.3,121.862,124.02,124.02,143868
2015-07-01,125.26,125.7276,122.755,123.53,123.53,219897
2015-07-02,123.81,124.48,122.281,122.86,122.86,103714
2015-07-06,121.64,124.57,120.9382,123.59,123.59,134909
2015-07-07,123.83,123.8752,121.48,123.84,123.84,148911
2015-07-08,122.94,122.94,119.8301,120.14,120.14,115841
2015-07-09,122.66,122.85,121.07,121.85,121.85,153901
2015-07-10,123.06,123.95,122.368,123.79,123.79,106349
2015-07-13,124.92,125.66,124.8756,125.16,125.16,164543
2015-07-14,125.75,128.776,125.35,128.56,128.56,162661
2015-07-15,129.58,131.12,128.7353,129.14,129.14,174863
2015-07-16,130.16,131.1099,129.55,130.88,130.88,179369
2015-07-17,131.06,131.52,129.878,131.45,131.45,143759
2015-07-20,131.97,132.2099,130.79,131.19,131.19,132221
2015-07-21,131.17,131.42,128.59,129.94,129.94,123301
2015-07-22,128.65,130.35,128.206,129.94,129.94,126593
2015-07-23,130.23,130.909,129.13,129.73,129.73,175992
2015-07-24,128.44,128.92,125.0301,125.27,125.27,210043
2015-07-27,124.66,124.82,122.43,123.85,123.85,193689
2015-07-28,124.8,126.908,123.9069,126.6,126.6,226022
2015-07-29,127.31,127.31,123.6707,124.78,124.78,204849
2015-07-30,124.83,125.318,122.21,125.06,125.06,118032
2015-07-31,125.99,127.4,125.201,126.39,126.39,111880
2015-08-03,126.66,127.29,124.832,126.02,126.02,130837
2015-08-04,126.44,127.37,125.63,126.14,126.14,112234
2015-08-05,127.1,128.46,126.69,127.13,127.13,128067
2015-08-06,127.23,127.6999,121.2606,121.75,121.75,208410
2015-08-07,121.56,121.56,118.092,120.41,120.41,212622
2015-08-10,121.49,123.14,121.22,121.65,121.65,168074
2015-08-11,120.44,122.02,119.4,120.59,120.59,114549
2015-08-12,119.29,121.5842,117.4014,121.2,121.2,251219
2015-08-13,121.33,122.31,120.358,120.53,120.53,85440
2015-08-14,120.34,120.4,117.812,119.41,119.41,126158
2015-08-17,118.91,122.4299,118.3001,122.4299,122.4299,101788
2015-08-18,122.3,122.737,120.92,121.18,121.18,115649
2015-08-19,120.25,120.93,118.75,119.82,119.82,161309
2015-08-20,118.65,119.35,114.22,114.22,114.22,250254
2015-08-21,112.96,115.5,111.3901,111.57,111.57,745992
2015-08-24,107,110.8479,64.08,105.54,105.54,1067062
2015-08-25,106.59,111.25,106.59,106.78,106.78,485772
2015-08-26,107.85,111.65,106.3,111.61,111.61,421042
2015-08-27,112.72,114.9249,112.47,114.7,114.7,308147
2015-08-28,114.06,115.88,114.0201,115.81,115.81,141698
2015-08-31,115.56,116.56,112.28,112.5,112.5,145069
2015-09-01,111.38,112.18,109.15,109.41,109.41,289272
2015-09-02,110.5,113.55,109.77,113.51,113.51,168914
2015-09-03,114.12,114.63,111.17,111.39,111.39,156844
2015-09-04,110.28,112.03,109.41,111.42,111.42,136905
2015-09-08,113.58,115.79,112.69,115.67,115.67,103187
2015-09-09,116.96,117.12,113.39,113.72,113.72,164938
2015-09-10,113.54,116.01,113.478,115.38,115.38,166151
2015-09-11,114.88,117.24,114.59,117.17,117.17,87666
2015-09-14,117.23,117.3891,115.67,117.18,117.18,93150
2015-09-15,117.56,118.92,116.731,118.7,118.7,150699
2015-09-16,119,119.73,117.25,118.5,118.5,140273
2015-09-17,118.5,121.6999,118.1401,120.59,120.59,230538
2015-09-18,118.81,120.02,118.42,118.53,118.53,147221
2015-09-21,119.35,119.53,113.31,114.1392,114.1392,301060
2015-09-22,112.22,113.0499,110.39,112.43,112.43,195448
2015-09-23,112.49,113.4299,110.7435,111.82,111.82,99564
2015-09-24,110.95,111.2611,107.73,109.92,109.92,180774
2015-09-25,111.19,111.2899,102.81,104.75,104.75,286201
2015-09-28,103.69,104,97.52,99.26,99.26,649676
2015-09-29,99.36,102.87,97.0001,97.9,97.9,719261
2015-09-30,100.27,102.51,99.192,101.32,101.32,375989
2015-10-01,101.55,101.73,99.37,101.63,101.63,250353
2015-10-02,99.82,105.05,99.7,105.05,105.05,242295
2015-10-05,106.02,107.2499,103.14,104.41,104.41,296916
2015-10-06,102.71,102.71,96.29,99.37,99.37,378784
2015-10-07,99.8,102.5599,97.89,101.73,101.73,449555
2015-10-08,101.16,101.67,98.07,100.91,100.91,473834
2015-10-09,100.97,102.61,99.91,102.26,102.26,350285
2015-10-12,102.96,103.43,101.35,102.07,102.07,225701
2015-10-13,101.28,103.579,98.9001,98.94,98.94,344861
2015-10-14,99.58,101.03,97.89,98.58,98.58,604554
2015-10-15,98.33,102.88,98.33,102.88,102.88,320653
2015-10-16,102.93,103.6802,101.1301,102.52,102.52,259739
2015-10-19,102.17,104.5,100.29,102.56,102.56,386774
2015-10-20,102.31,102.3992,99.094,99.54,99.54,220374
2015-10-21,100.84,101.228,96.19,99.08,99.08,549196
2015-10-22,99.29,100.51,97.3601,99.33,99.33,552258
2015-10-23,100.48,102,99.3,101.94,101.94,269159
2015-10-26,101.77,103.82,100.83,102.73,102.73,169834
2015-10-27,102.72,106.36,102.72,106.35,106.35,124374
2015-10-28,105.79,106.89,103.6733,106.89,106.89,204919
2015-10-29,106.57,107.7799,105.19,105.54,105.54,126035
2015-10-30,105.96,105.96,103.99,104.32,104.32,139087
2015-11-02,105.86,109.72,105.563,109.7,109.7,203797
2015-11-03,109.42,110.6919,108.13,110.04,110.04,186439
2015-11-04,110.6,111.16,108.9,110.71,110.71,153215
2015-11-05,110.13,110.21,107.73,109.14,109.14,169626
2015-11-06,108.61,109.5599,106.461,108.97,108.97,154805
2015-11-09,108.15,110.58,107.75,110.17,110.17,106583
2015-11-10,109.79,111.2,109.02,111.12,111.12,105024
2015-11-11,111.54,111.54,108.7,108.7,108.7,103480
2015-11-12,108.14,108.7686,106.42,106.44,106.44,210631
2015-11-13,106.45,108.8535,105.7301,107.45,107.45,99483
2015-11-16,106.99,108.07,105.91,108.0204,108.0204,98014
2015-11-17,108.47,110.72,107.77,109.85,109.85,136624
2015-11-18,110.21,112.496,109.77,112.4,112.4,267417
2015-11-19,112.32,112.48,110.23,110.63,110.63,119384
2015-11-20,110.58,111.65,110.1701,110.95,110.95,107413
2015-11-23,111.13,113.0599,111.01,112.25,112.25,169516
2015-11-24,111.53,112.29,111.0901,112.2,112.2,73658
2015-11-25,112.13,113.71,112.13,113.42,113.42,96288
2015-11-27,113.6,114.16,113.39,113.94,113.94,37575
2015-11-30,114.06,114.3698,111.56,112.38,112.38,126722
2015-12-01,112.95,113.0699,111.3,112.8,112.8,127522
2015-12-02,112.71,113.8,111.5,111.83,111.83,93809
2015-12-03,112.82,112.85,108.14,108.69,108.69,171574
2015-12-04,109,111.63,108.96,111.51,111.51,106332
2015-12-07,111.23,111.23,107.8801,108.01,108.01,123822
2015-12-08,106.94,110.23,106.74,110.03,110.03,105850
2015-12-09,109.42,110.05,107.44,108.07,108.07,79509
2015-12-10,108.01,109.29,107.7,108.78,108.78,74233
2015-12-11,107.6,108.41,105.7,105.78,105.78,89977
2015-12-14,105.95,106.82,103.6801,105.24,105.24,179314
2015-12-15,106.68,109.13,106.43,108.85,108.85,123530
2015-12-16,109.77,112.1099,109.1401,111.85,111.85,218709
2015-12-17,112.09,112.36,110.0414,110.42,110.42,155797
2015-12-18,109.74,111.2416,109.35,109.56,109.56,136328
2015-12-21,110.35,111.17,109.18,111.17,111.17,158404
2015-12-22,111.61,111.77,109.93,111.04,111.04,85218
2015-12-23,112.17,112.7295,111.313,112.42,112.42,115164
2015-12-24,112.33,113.6134,112.33,113.22,113.22,81282
2015-12-28,112.68,113.22,112.28,112.9,112.9,196925
2015-12-29,113.82,114.911,113.41,114.62,114.62,202142
2015-12-30,114.25,114.79,113.48,113.71,113.71,107595
2015-12-31,113.31,114.03,112.93,113.02,113.02,83974
2016-01-04,110.93,111.03,109.08,109.91,109.91,346767
2016-01-05,110.35,111.19,109.2425,109.95,109.95,182339
2016-01-06,108.45,108.76,106.31,107.38,107.38,191794
2016-01-07,104.8,106.18,103.31,103.42,103.42,409132
2016-01-08,104.6,105.17,101.67,101.88,101.88,290789
2016-01-11,102.1,102.1,95.7401,97.77,97.77,402170
2016-01-12,98.8,101.64,95.7501,99.31,99.31,286467
2016-01-13,99.74,100.21,93.83,94.03,94.03,539833
2016-01-14,94.54,98.08,91.07,97.05,97.05,595179
2016-01-15,94.14,95.13,92.28,94.98,94.98,909616
2016-01-19,96.32,96.5943,90.76,92.3,92.3,704774
2016-01-20,90,96.22,88.62,94.75,94.75,1293462
2016-01-21,93.67,95.4113,91.89,92.01,92.01,296751
2016-01-22,94.04,95.23,93.084,94.92,94.92,265426
2016-01-25,94.01,96.06,93.1,93.25,93.25,462264
2016-01-26,93.53,93.57,90.411,92.28,92.28,166270
2016-01-27,92.57,92.96,88.43,88.85,88.85,199927
2016-01-28,89.44,89.47,84.1123,84.88,84.88,541822
2016-01-29,84.86,86.7067,83.8,85.803,85.803,854389
2016-02-01,85.21,86.57,83.815,85.85,85.85,1251150
2016-02-02,84.67,85.38,81.7001,82.18,82.18,1126557
2016-02-03,82.56,83.15,78.4,82.9,82.9,5813832
2016-02-04,82.35,85.65,81.32,82.9,82.9,3317399
2016-02-05,82.22,82.45,78.707,81.17,81.17,17193258
2016-02-08,79.44,79.859,77.23,78.35,78.35,1006134
2016-02-09,76.67,80.495,76.11,78.61,78.61,647312
2016-02-10,79.09,82.006,78.842,78.98,78.98,511069
2016-02-11,76.675,78.98,76.375,78.18,78.18,396398
2016-02-12,79.3,81.68,77.76,81.44,81.44,359611
2016-02-16,82.57,84.27,82.12,83.95,83.95,317604
2016-02-17,84.89,86.5106,83.95,86.34,86.34,272958
2016-02-18,86.51,86.756,83.89,83.99,83.99,466237
2016-02-19,83.63,85.1185,82.61,85,85,326777
2016-02-22,85.96,86.46,84.57,85.01,85.01,201304
2016-02-23,84.5,85.49,83.02,83.13,83.13,153382
2016-02-24,82.11,83.71,80.58,83.52,83.52,219023
2016-02-25,84.07,85.06,82.7001,83.47,83.47,87078
2016-02-26,84.08,85.33,83.71,85.03,85.03,176745
2016-02-29,84.87,85.42,83.33,83.33,83.33,233750
2016-03-01,83.91,87.51,83.4,87.48,87.48,196968
2016-03-02,87.25,89.28,87.07,88.55,88.55,228902
2016-03-03,88.5,88.63,87.1,87.82,87.82,103634
2016-03-04,88.06,89.8361,87.17,88.37,88.37,214350
2016-03-07,86.85,90.08,86.29,89.12,89.12,230758
2016-03-08,88.9,88.9,85.64,85.83,85.83,237860
2016-03-09,86.23,86.2802,83.7578,84.98,84.98,158168
2016-03-10,85.71,86.4474,83.16,84.06,84.06,189483
2016-03-11,85.12,86.53,84.561,86.47,86.47,105577
2016-03-14,86.27,87.39,86.18,86.7,86.7,94605
2016-03-15,85.87,85.92,82.87,83.24,83.24,152515
2016-03-16,82.88,84.169,81.48,82.69,82.69,299248
2016-03-17,82.36,82.82,80.166,82.19,82.19,317045
2016-03-18,82.5,84.3,81.4201,83.94,83.94,382695
2016-03-21,83.62,85.75,83.62,85.26,85.26,320191
2016-03-22,84.79,87.9,84.73,87.57,87.57,231623
2016-03-23,87.57,88.1782,84.45,84.47,84.47,248669
2016-03-24,83.85,86.37,82.6652,85.091,85.091,145029
2016-03-28,85.39,85.39,83.5,83.74,83.74,91284
2016-03-29,83.35,85.3,81.97,85.29,85.29,244043
2016-03-30,85.79,87.6072,84.53,84.905,84.905,158500
2016-03-31,85.28,88.6715,85.28,87.56,87.56,146417
2016-04-01,87,90.05,86.4,89.91,89.91,158842
2016-04-04,90.06,92.378,90.05,90.64,90.64,159227
2016-04-05,90.09,92.25,90.06,90.82,90.82,106520
2016-04-06,91.09,96.2,91.01,96.2,96.2,197690
2016-04-07,95.41,96.78,93.69,94.74,94.74,306843
2016-04-08,95.52,95.52,92.38,93.45,93.45,122965
2016-04-11,93.93,93.94,91.43,91.69,91.69,85613
2016-04-12,91.71,92.69,90.72,92.62,92.62,118498
2016-04-13,93.49,94.7,92.7824,94.56,94.56,69699
2016-04-14,94.83,95.3,93.95,94.7,94.7,63439
2016-04-15,94.72,94.75,93.5483,94.58,94.58,80658
2016-04-18,94.44,96.1,94.05,95.89,95.89,61829
2016-04-19,95.87,96,93.2794,93.94,93.94,83002
2016-04-20,94.36,95.04,93.6911,94.24,94.24,62145
2016-04-21,94.34,96.82,94.34,96.76,96.76,94183
2016-04-22,96.87,97.2383,95.25,97.07,97.07,81492
2016-04-25,96.7,97.43,96.325,96.47,96.47,68543
2016-04-26,96.5,96.5,94.2001,95.32,95.32,54142
2016-04-27,94.98,95.2699,93.76,94.46,94.46,63599
2016-04-28,93.5,95.8,92.7,93.55,93.55,79846
2016-04-29,92.58,93,90.6301,91.32,91.32,100690
2016-05-02,91.55,92.31,89.94,92.27,92.27,88229
2016-05-03,91.27,91.54,89.815,89.93,89.93,57773
2016-05-04,89.44,89.44,86.65,86.73,86.73,76498
2016-05-05,87.13,87.65,86.16,86.88,86.88,47877
2016-05-06,86.6,87.4256,85.4926,86.65,86.65,44552
2016-05-09,86.68,89.69,86.68,89.14,89.14,57197
2016-05-10,89.36,89.64,87.9,89.56,89.56,69755
2016-05-11,89.37,89.58,86.73,86.78,86.78,72927
2016-05-12,87.02,87.38,84.58,85.48,85.48,94815
2016-05-13,85.12,87.18,85.12,86.37,86.37,52007
2016-05-16,86.57,89.06,86.57,88.83,88.83,77009
2016-05-17,88.59,89.48,87.95,88.25,88.25,105836
2016-05-18,88.1,90.22,88.1,89.54,89.54,96580
2016-05-19,88.92,90.1,87.68,88.25,88.25,57292
2016-05-20,88.45,90.461,88.45,90.2,90.2,70669
2016-05-23,90.16,91.59,90.16,91.01,91.01,53461
2016-05-24,91.42,92.73,91.34,92.6,92.6,45283
2016-05-25,93.17,94.1235,93.0157,93.98,93.98,36342
2016-05-26,93.43,93.43,92.3601,92.71,92.71,63179
2016-05-27,92.73,94,92.09,94,94,52132
2016-05-31,94.52,96.09,94.52,95.49,95.49,61125
2016-06-01,94.91,96.3468,94.86,96.03,96.03,82179
2016-06-02,95.78,98.49,95.78,98.46,98.46,90448
2016-06-03,98.33,98.33,95.32,96.59,96.59,80332
2016-06-06,96.79,99.02,95.63,98.72,98.72,81230
2016-06-07,97.7,97.7409,96.3358,97.08,97.08,81013
2016-06-08,97.22,97.66,96.41,97.51,97.51,156878
2016-06-09,96.92,97.56,95.11,95.11,95.11,111420
2016-06-10,94.15,94.18,92.3101,92.77,92.77,94843
2016-06-13,92.52,93.34,91.19,91.31,91.31,163493
2016-06-14,90.97,91.97,89.65,90.89,90.89,170287
2016-06-15,91.33,92.04,90.8,90.87,90.87,68522
2016-06-16,90.31,90.982,89.45,90.83,90.83,122383
2016-06-17,90.75,91.14,89.01,89.02,89.02,120534
2016-06-20,90.22,91.28,89.9515,90.2199,90.2199,68193
2016-06-21,90.43,90.43,88.08,88.82,88.82,157282
2016-06-22,88.81,91.04,88.351,89.4001,89.4001,123139
2016-06-23,90.24,91.45,89.61,91.44,91.44,52150
2016-06-24,87.36,89.1999,86.78,86.8,86.8,191872
2016-06-27,85.85,86.6993,83.1,83.45,83.45,175055
2016-06-28,84.79,87.13,84.74,87.07,87.07,161791
2016-06-29,88.28,89.2195,87.52,88.84,88.84,116510
2016-06-30,88.88,89.68,87.84,89.44,89.44,111397
2016-07-01,89.39,91.78,89.3,91.68,91.68,82762
2016-07-05,91.04,91.24,89.7772,90.49,90.49,70567
2016-07-06,89.91,92.24,89.68,92.2,92.2,278799
2016-07-07,92.69,93.3361,92.07,92.94,92.94,99790
2016-07-08,92.41,94.0099,92.17,93.72,93.72,64399
2016-07-11,94.25,94.6699,93.64,93.68,93.68,63487
2016-07-12,94.3,94.98,94.115,94.34,94.34,161897
2016-07-13,95.28,95.34,92.5,92.56,92.56,96040
2016-07-14,93.41,93.41,92.24,92.69,92.69,72999
2016-07-15,93,93.8895,92.97,93.66,93.66,56349
2016-07-18,93.63,94.11,93.151,93.89,93.89,50804
2016-07-19,93.8,94,92.371,92.54,92.54,56580
2016-07-20,92.82,95.052,92.6,94.92,94.92,52179
2016-07-21,95.67,96.6,95.0001,95.77,95.77,58108
2016-07-22,96.03,96.503,95.46,96.01,96.01,63786
2016-07-25,96.13,96.594,95.28,96.43,96.43,63269
2016-07-26,95.83,96.958,95.55,96.58,96.58,84331
2016-07-27,96.78,98.74,96.54,98.49,98.49,75429
2016-07-28,98.6,98.78,97.38,98.41,98.41,54164
2016-07-29,98.37,100.3911,98.02,100.26,100.26,83587
2016-08-01,100.92,103.929,100.92,102.69,102.69,132512
2016-08-02,102.74,102.74,100.015,101.95,101.95,175093
2016-08-03,101.72,102.96,101.32,102.79,102.79,65520
2016-08-04,103.15,103.58,101.69,101.79,101.79,59295
2016-08-05,101.96,102.84,101.64,102.21,102.21,67189
2016-08-08,102.32,102.58,100.57,101.04,101.04,67941
2016-08-09,101.08,101.2262,100.5,100.6175,100.6175,43766
2016-08-10,99.91,99.96,97.4,97.55,97.55,101152
2016-08-11,98,98.63,97.2,98.48,98.48,59147
2016-08-12,98.24,98.9471,97.7501,98.73,98.73,59547
2016-08-15,99,100.56,98.96,100.22,100.22,118747
2016-08-16,99.75,100.09,98.76,98.82,98.82,106850
2016-08-17,98.76,99.05,97.95,98.57,98.57,53542
2016-08-18,98.56,99.08,97.98,98.74,98.74,61979
2016-08-19,98.45,98.7,97.71,98.08,98.08,24208
2016-08-22,99.23,100.79,99.23,100.78,100.78,51982
2016-08-23,101.1,101.5606,100.94,101.3,101.3,36694
2016-08-24,101.12,102.5,97.6,97.75,97.75,98463
2016-08-25,97.92,98.87,95.1772,96.67,96.67,100858
2016-08-26,96.95,98.24,96.5,97.56,97.56,120980
2016-08-29,97.64,97.731,96.65,97.21,97.21,62050
2016-08-30,97.15,97.7444,96.34,96.58,96.58,66323
2016-08-31,96.38,96.55,95.5401,95.82,95.82,52214
2016-09-01,95.98,96.3,95.16,96.15,96.15,64207
2016-09-02,96.46,96.66,95.6,96.14,96.14,83352
2016-09-06,97.91,99.19,97.91,98.91,98.91,82960
2016-09-07,99.42,100.73,99.42,100.47,100.47,65214
2016-09-08,100.54,101.43,99.71,101.19,101.19,67455
2016-09-09,100.13,100.3809,98.06,98.06,98.06,41695
2016-09-12,97.14,101.02,97.14,100.92,100.92,109494
2016-09-13,100.19,100.19,98.2501,99.3201,99.3201,55397
2016-09-14,99.35,101.3012,99.35,100.64,100.64,64940
2016-09-15,100.74,101.87,100.05,101.56,101.56,45094
2016-09-16,98.28,99.58,98.28,99.28,99.28,40055
2016-09-19,99.75,100.3163,99.15,99.44,99.44,51814
2016-09-20,100.33,101.22,100.2,100.79,100.79,45336
2016-09-21,101.24,102.05,99.5131,101.9,101.9,42540
2016-09-22,102.64,102.7699,101.51,102.58,102.58,116321
2016-09-23,102.24,102.83,101.88,101.8801,101.8801,55035
2016-09-26,101.41,101.63,100.6062,100.98,100.98,22370
2016-09-27,100.67,102.47,100.67,102.43,102.43,42331
2016-09-28,102.63,102.63,100.465,101.31,101.31,35764
2016-09-29,101.1,101.22,98.41,98.5,98.5,41618
2016-09-30,98.76,100.071,97.9906,99.71,99.71,34485
2016-10-03,99.5,99.68,98.23,99.62,99.62,79481
2016-10-04,99.57,100,98.48,98.83,98.83,26655
2016-10-05,99.14,100.36,98.88,99.83,99.83,78692
2016-10-06,97.74,97.86,96.37,96.63,96.63,58984
2016-10-07,96.7,96.94,95.76,96.82,96.82,51009
2016-10-10,97.28,97.945,97.26,97.51,97.51,38467
2016-10-11,96,96.44,93.15,93.94,93.94,74281
2016-10-12,93.81,94.234,91.135,91.24,91.24,71552
2016-10-13,90.3,91.7124,90.3,91.1799,91.1799,82180
2016-10-14,91.96,91.96,89.62,89.67,89.67,83272
2016-10-17,89.67,90.25,88.62,89.52,89.52,58527
2016-10-18,90.53,91.27,90.297,90.55,90.55,37764
2016-10-19,90.49,90.49,89.5,89.54,89.54,53399
2016-10-20,89.35,90.6992,89,90.44,90.44,47043
2016-10-21,90.67,91.27,90.135,90.42,90.42,53417
2016-10-24,90.68,90.9,89.93,89.94,89.94,35592
2016-10-25,90.09,90.11,88.6496,88.83,88.83,54886
2016-10-26,88.78,89.89,88.21,88.58,88.58,44313
2016-10-27,89.55,90.19,88.1,88.14,88.14,61390
2016-10-28,87.97,88.4131,86.65,87.64,87.64,71899
2016-10-31,87.91,87.91,86.9,86.9,86.9,68548
2016-11-01,87.16,88.15,86.4255,87.99,87.99,75643
2016-11-02,87.43,87.43,85.88,85.95,85.95,59572
2016-11-03,86.41,86.98,83.69,83.69,83.69,86721
2016-11-04,84.04,86.37,84.04,85.2898,85.2898,58056
2016-11-07,87.35,88.96,86.7785,88.71,88.71,72141
2016-11-08,88.45,90.64,88.4,89.88,89.88,105191
2016-11-09,95,98.7218,93.2658,98.23,98.23,383740
2016-11-10,99.88,101.6399,98.0578,100.11,100.11,236621
2016-11-11,99.22,100.1,97.706,99.79,99.79,207037
2016-11-14,100.32,102.44,98.81,102.37,102.37,101622
2016-11-15,102.34,102.34,100.4601,101.77,101.77,134200
2016-11-16,101.53,101.96,99.3,99.3,99.3,59656
2016-11-17,99.58,100.79,98.8817,100.77,100.77,116063
2016-11-18,100.94,100.95,99.2,99.65,99.65,49969
2016-11-21,99.82,100.613,99.4,100.59,100.59,73444
2016-11-22,100.68,100.68,97.8244,98.22,98.22,82947
2016-11-23,96.02,98.97,94.8479,98.93,98.93,62881
2016-11-25,99.14,99.5199,98,99.45,99.45,20718
2016-11-28,99.1,99.1,96.8877,97.08,97.08,45559
2016-11-29,97.24,97.89,96.6644,97.16,97.16,56482
2016-11-30,97.63,97.63,94.535,94.57,94.57,64675
2016-12-01,94.8,94.8,92.36,92.61,92.61,106775
2016-12-02,92.48,94.2,91.9012,93.08,93.08,143110
2016-12-05,94.05,95,93.07,93.88,93.88,52880
2016-12-06,94.13,94.9,93,94.85,94.85,53579
2016-12-07,92.95,93.3169,90.53,92,92,177066
2016-12-08,91.63,92.9599,90.6868,92.84,92.84,134015
2016-12-09,93.56,95.19,92.9251,93.05,93.05,80298
2016-12-12,92.29,92.6928,91.6551,92.56,92.56,146482
2016-12-13,92.98,93.6685,92.6828,92.9,92.9,65124
2016-12-14,92.67,93.7022,92.45,93.16,93.16,72772
2016-12-15,93.46,95.19,93.04,95.19,95.19,66348
2016-12-19,94.39,95.1861,93.1168,93.31,93.31,83094
2016-12-20,94.15,94.7253,93.88,94.44,94.44,83012
2016-12-21,94.4,94.5,92.59,92.6,92.6,58950
2016-12-22,92.74,92.75,91.42,91.97,91.97,59495
2016-12-23,91.99,94.2,91.99,94.03,94.03,96331
2016-12-27,94.2,94.9128,93.36,93.4,93.4,84395
2016-12-28,93.35,93.35,92.0312,92.04,92.04,61867
2016-12-29,92.04,92.2706,91.16,91.52,91.52,73187
2016-12-30,91.64,92.14,90.56,90.88,90.88,92545
2017-01-03,91.93,92.75,90.97,92.08,92.08,105802
2017-01-04,92.32,95.85,92.32,95.55,95.55,141799
2017-01-05,95.79,96.171,94.6,95.56,95.56,123604
2017-01-06,96.31,97.53,96.31,97.08,97.08,118073
2017-01-09,98.07,98.2627,96.42,97.72,97.72,85840
2017-01-10,98.47,98.88,96.77,98.29,98.29,68616
2017-01-11,98.15,98.25,94.079,94.8,94.8,92550
2017-01-12,94.24,96.2208,93.825,95.87,95.87,71773
2017-01-13,95.88,97.08,95.85,96,96,71288
2017-01-17,95.5,95.6,93.54,93.88,93.88,76782
2017-01-18,94.02,95.1,93.86,95.05,95.05,88263
2017-01-19,95.04,95.152,93.9,94.35,94.35,55942
2017-01-20,94.53,94.53,93.56,93.84,93.84,78752
2017-01-23,93.6,94.019,92.37,92.64,92.64,58990
2017-01-24,92.76,92.8,91.0515,92.65,92.65,95424
2017-01-25,93.18,93.8745,92.73,93.5,93.5,52884
2017-01-26,93.7,94.37,92.7701,92.87,92.87,60122
2017-01-27,93.2,94.15,93.09,94.13,94.13,57390
2017-01-30,93.62,93.7715,91.8981,92.56,92.56,55097
2017-01-31,91.83,96.09,91.7081,96.04,96.04,88514
2017-02-01,96.33,96.64,95.56,96.57,96.57,70454
2017-02-02,96.42,96.6114,95.62,96.37,96.37,103783
2017-02-03,97.02,97.5507,96.1259,97.48,97.48,43024
2017-02-06,97.35,97.9,96.91,97.9,97.9,74895
2017-02-07,98.03,98.1,96.76,97.24,97.24,35907
2017-02-08,96.95,97.61,96.19,97.27,97.27,56546
2017-02-09,97.3,99,97.25,98.65,98.65,30323
2017-02-10,98.86,99.1699,98.2261,98.527,98.527,85848
2017-02-13,99.1,99.7291,99.1,99.29,99.29,51859
2017-02-14,99.5,101.06,99.1041,100.99,100.99,71498
2017-02-15,100.79,102.2403,100.58,102.13,102.13,124955
2017-02-16,102.34,103.1,100.35,101.45,101.45,137350
2017-02-17,101.28,102.27,101.14,102.23,102.23,50420
2017-02-21,102.36,102.49,101.4301,101.73,101.73,41958
2017-02-22,101.48,101.6901,100.42,100.48,100.48,48085
2017-02-23,100.61,100.61,98.6468,99.75,99.75,52199
2017-02-24,99.32,99.97,98.72,99.96,99.96,27040
2017-02-27,99.9,103.86,99.6092,103.72,103.72,46646
2017-02-28,103.45,105.3656,103.01,104.3,104.3,209260
2017-03-01,105.77,106.289,104.68,105.98,105.98,103782
2017-03-02,105.4,107.37,104.49,105.59,105.59,99556
2017-03-03,105.4,106.5,105.015,106.18,106.18,57094
2017-03-06,105.76,105.76,104.6501,105.21,105.21,31146
2017-03-07,104.03,104.8,103.25,103.71,103.71,54241
2017-03-08,104.07,106.12,104.07,105.17,105.17,44417
2017-03-09,105,106.31,104.66,105.84,105.84,76798
2017-03-10,106.32,106.77,105.048,106.7,106.7,31871
2017-03-13,106.78,107.126,105.9701,106.93,106.93,39169
2017-03-14,106.48,106.48,105.34,105.73,105.73,35658
2017-03-15,105.92,107.7672,105.8351,107.39,107.39,74245
2017-03-16,107.04,107.08,105.66,106.08,106.08,66227
2017-03-17,105.27,106.0119,104.83,105.41,105.41,48651
2017-03-20,106.08,107.73,106.08,107.6304,107.6304,51568
2017-03-21,108,108.01,103.12,103.24,103.24,109684
2017-03-22,103.34,104.136,102.88,103.91,103.91,42179
2017-03-23,103.48,104.008,102.8976,103.09,103.09,52274
2017-03-24,103.34,104.015,102.86,103.73,103.73,30217
2017-03-27,102.84,104.89,102,104.74,104.74,42767
2017-03-28,104.69,105.32,104.02,104.43,104.43,26420
2017-03-29,105.21,106.54,105.1255,105.62,105.62,61628
2017-03-30,105.72,105.72,104.473,105.06,105.06,41587
2017-03-31,104.88,105.73,104.78,105.3,105.3,65426
2017-04-03,105.43,105.95,103.94,104,104,159871
2017-04-04,103.91,104.544,103.576,104.07,104.07,51697
2017-04-05,104.38,104.4815,101.76,101.96,101.96,55175
2017-04-06,102.3,102.48,101.34,102.13,102.13,36286
2017-04-07,101.83,102.8647,101.5,102.75,102.75,25954
2017-04-10,102.79,103.49,102.2527,102.29,102.29,24890
2017-04-11,102.13,102.29,100.9,101.99,101.99,38680
2017-04-12,102.86,103.1473,102.29,102.77,102.77,41242
2017-04-13,102.78,104.557,102.78,104.09,104.09,31837
2017-04-17,103.88,104.3099,103.2592,104.21,104.21,21050
2017-04-18,103.73,103.73,102.109,102.92,102.92,26536
2017-04-19,103.38,104.01,102.7521,103.18,103.18,35627
2017-04-20,103.49,104.38,103.01,103.97,103.97,37097
2017-04-21,104.04,104.04,102.58,102.79,102.79,30364
2017-04-24,104,104.7282,103.68,104.59,104.59,26388
2017-04-25,105.44,106.6712,105.01,106.43,106.43,46416
2017-04-26,106.35,107.03,106.1965,106.65,106.65,36190
2017-04-27,106.72,107.3149,106.245,106.84,106.84,23059
2017-04-28,106.72,107.52,106.33,107.41,107.41,31942
2017-05-01,107.55,108.3899,107.1784,108.25,108.25,55105
2017-05-02,108.46,108.5,106.7313,107.26,107.26,24266
2017-05-03,107.08,107.64,106.54,107.53,107.53,28901
2017-05-04,108.07,108.66,107.88,108.59,108.59,54156
2017-05-05,108.53,108.5485,107.03,107.85,107.85,26758
2017-05-08,107.52,107.52,104.686,104.97,104.97,71411
2017-05-09,105.23,106.35,105.23,106.28,106.28,34311
2017-05-10,106.12,106.2,104.785,105.74,105.74,74191
2017-05-11,105.66,105.98,104.93,105.79,105.79,65356
2017-05-12,105.72,107.15,105.5636,106.84,106.84,72349
2017-05-15,107.43,108.55,107.36,108.18,108.18,32286
2017-05-16,108.55,109,108.143,108.95,108.95,83251
2017-05-17,107.61,107.8728,106,106.05,106.05,40231
2017-05-18,106.25,107.8028,106.25,107.47,107.47,41338
2017-05-19,107.64,108.27,106.48,106.54,106.54,26172
2017-05-22,106.74,107.23,106.25,107.19,107.19,16650
2017-05-23,107.37,107.4261,106.4574,106.9,106.9,22523
2017-05-24,106.74,107.34,105.45,106.98,106.98,33505
2017-05-25,107.67,107.67,106.39,106.54,106.54,48935
2017-05-26,106.48,106.7392,105.244,105.37,105.37,23357
2017-05-30,105.21,105.37,103.536,103.59,103.59,47141
2017-05-31,104.07,104.65,102.9322,104.6,104.6,54722
2017-06-01,105.01,107.1788,105.01,106.89,106.89,33004
2017-06-02,107.31,109.1,107.14,108.87,108.87,30119
2017-06-05,109.29,109.29,106.73,107.47,107.47,30555
2017-06-06,107.21,108.43,107.21,107.73,107.73,24380
2017-06-07,108.27,108.415,106.95,107.52,107.52,16357
2017-06-08,107.59,108.6,107.2718,108.26,108.26,19539
2017-06-09,108.34,109.7524,107.5554,108.0282,108.0282,39778
2017-06-12,107.79,108.07,106.7031,107.62,107.62,28782
2017-06-13,107.93,108.63,107.669,108.63,108.63,26504
2017-06-14,108.9,110.62,108.52,109.93,109.93,25733
2017-06-15,108.99,109.51,108.06,108.7192,108.7192,32396
2017-06-16,108.7,109.01,107.86,108.99,108.99,23373
2017-06-19,109.38,111.91,109,111.39,111.39,38274
2017-06-20,111.35,114.59,111.35,112.5,112.5,55321
2017-06-21,112.79,116.83,112.79,116.81,116.81,74837
2017-06-22,117.44,119.0045,116.82,117.81,117.81,106023
2017-06-23,117.45,118.78,116.5998,118.68,118.68,42398
2017-06-26,118.77,118.77,116.78,117.61,117.61,121874
2017-06-27,117.47,117.5,113.77,113.77,113.77,83710
2017-06-28,114.38,116.81,114.01,116.61,116.61,59361
2017-06-29,116.47,116.47,113.43,114.7,114.7,32551
2017-06-30,115.08,115.08,113.6305,114.04,114.04,38683
2017-07-03,114.35,115.1,113.976,114.54,114.54,40397
2017-07-05,114.51,116.8854,114.51,116.81,116.81,67596
2017-07-06,115.7,115.796,114,114.29,114.29,75251
2017-07-07,115,115.6826,114.7082,115.3,115.3,33571
2017-07-10,115.26,115.26,113.0518,113.42,113.42,71172
2017-07-11,113.63,114.49,113.368,114.22,114.22,45175
2017-07-12,115.14,115.22,114.36,115.03,115.03,34772
2017-07-13,115.11,116.36,113.4924,115.77,115.77,55387
2017-07-14,115.99,116.26,115.3281,115.46,115.46,45578
2017-07-17,115.49,116.44,115,115.13,115.13,36395
2017-07-18,114.84,115.51,114.31,115.45,115.45,50331
2017-07-19,117.04,117.969,116.55,116.98,116.98,49463
2017-07-20,117.3,119.04,117,118.53,118.53,42699
2017-07-21,118.36,119.14,118.2682,118.93,118.93,53340
2017-07-24,118.91,120.4,118.6967,120.38,120.38,56738
2017-07-25,120.92,120.92,118.47,118.93,118.93,68629
2017-07-26,118.99,119.601,118.99,119.27,119.27,67347
2017-07-27,120.23,120.23,116.3189,116.84,116.84,63064
2017-07-28,116.6,117.9,116.1,117.75,117.75,25904
2017-07-31,117.41,117.49,116.0634,116.13,116.13,43893
2017-08-01,116.54,116.54,114.3,115.04,115.04,73768
2017-08-02,115.59,116,114.1856,115.68,115.68,28843
2017-08-03,116,116.1699,114.87,115.73,115.73,24138
2017-08-04,116.54,116.54,116.54,116.54,116.54,32536
2017-08-07,116.56,117.43,116.1416,117.27,117.27,25013
2017-08-08,116.85,116.94,115.1352,115.39,115.39,70016
2017-08-09,115.26,116.365,115,115.7,115.7,87263
2017-08-10,114.88,114.88,111.75,111.75,111.75,107344
2017-08-11,111.76,113.23,111.76,113.09,113.09,76634
2017-08-14,114.17,114.4099,113.6914,113.87,113.87,20200
2017-08-15,114.2,114.69,113.58,114.06,114.06,258473
2017-08-16,114.53,114.918,113.97,114.1,114.1,36476
2017-08-17,113.75,114.0975,112.06,112.14,112.14,39178
2017-08-18,112.05,112.59,111.47,111.755,111.755,45333
2017-08-21,111.77,112.31,111.23,112.2,112.2,37382
2017-08-22,112.72,114.72,112.69,114.56,114.56,30264
2017-08-23,113.91,114.53,113.46,113.75,113.75,113507
2017-08-24,114.07,115.4957,113.69,115.3,115.3,34884
2017-08-25,116,116,114.55,114.56,114.56,19551
2017-08-28,117.5,118.0177,117.33,117.95,117.95,20886
2017-08-29,117,119.8589,117,119.39,119.39,33159
2017-08-30,119.41,121.5,119.25,120.95,120.95,47697
2017-08-31,121.27,124.33,121.27,124.21,124.21,75681
2017-09-01,124.29,125.32,123.63,124.81,124.81,49259
2017-09-05,124.55,125.07,122.79,124.13,124.13,53729
2017-09-06,125.01,125.01,123.3,124.32,124.32,46778
2017-09-07,123.88,124.8585,123.4003,124.45,124.45,26637
2017-09-08,124,124.362,123.41,123.62,123.62,28558
2017-09-11,124.54,124.54,123.3412,123.99,123.99,30832
2017-09-12,123.81,124.25,123.1,124.25,124.25,30114
2017-09-13,124.23,124.23,123.67,124.11,124.11,20337
2017-09-14,123.83,124.31,122.99,123.28,123.28,27584
2017-09-15,123.28,123.7021,122.5692,123.35,123.35,22354
2017-09-18,123.59,123.91,122.93,123.39,123.39,31109
2017-09-19,123.5,123.5,122.0757,122.25,122.25,52720
2017-09-20,122.72,124.29,122.72,124.19,124.19,30367
2017-09-21,122.75,122.75,122.75,122.75,122.75,43996
2017-09-22,122.54,123.18,122.383,122.99,122.99,45665
2017-09-25,123,123.9984,122.506,123.48,123.48,26471
2017-09-26,123.71,123.71,121.7356,122.11,122.11,39589
2017-09-27,122.62,123.119,122.29,122.79,122.79,34719
2017-09-28,122.66,123.63,122.12,123.43,123.43,66717
2017-09-29,123.51,124.1396,122.76,123.93,123.93,56086
2017-10-02,124.73,126.4,124.73,126.3,126.3,76606
2017-10-03,126.61,126.61,125.32,126.24,126.24,129388
2017-10-04,126.03,126.79,126.03,126.78,126.78,66054
2017-10-05,127,127.33,126.3,127.09,127.09,396864
2017-10-06,126.78,127.23,126.03,126.38,126.38,74972
2017-10-09,126.66,126.66,125.57,125.96,125.96,27990
2017-10-10,126.33,126.33,125.265,125.96,125.96,29173
2017-10-11,125.89,126.4177,125.7033,126.2,126.2,26379
2017-10-12,125.81,126.49,125.37,125.96,125.96,47171
2017-10-13,126.16,126.16,125.58,125.74,125.74,24981
2017-10-16,125.93,127.47,125.291,126.1,126.1,57397
2017-10-17,126.18,127.2874,126.18,126.78,126.78,61020
2017-10-18,127.35,127.62,125.961,126.14,126.14,61281
2017-10-19,125.86,126.16,124.4788,125.43,125.43,29145
2017-10-20,125.45,125.45,123.97,125.22,125.22,39205
2017-10-23,125.41,125.41,123.94,123.99,123.99,26561
2017-10-24,124.1,124.1,121.9427,122.84,122.84,67272
2017-10-25,123.01,123.22,120.87,121.51,121.51,46943
2017-10-26,119.66,121.0929,118.66,120.43,120.43,98983
2017-10-27,120.55,121.46,119.8,121.4,121.4,38333
2017-10-30,121.29,122.78,120.819,121.48,121.48,33108
2017-10-31,121.88,122.05,120.585,121.07,121.07,61060
2017-11-01,122.25,122.4267,120,120.46,120.46,37106
2017-11-02,121.21,122.75,120.7,122.17,122.17,40532
2017-11-03,122.14,124.22,122.14,123.98,123.98,40289
2017-11-06,123.95,123.96,122.4686,122.53,122.53,32822
2017-11-07,122.42,123.041,121.6653,122.14,122.14,51203
2017-11-08,122.89,123.4377,122.0701,122.32,122.32,150061
2017-11-09,121.6,121.6,120.15,121.3,121.3,62712
2017-11-10,120.86,120.86,119.78,120.57,120.57,85145
2017-11-13,121.54,121.54,120.3042,120.4,120.4,37302
2017-11-14,120.2,120.2,117.85,119.22,119.22,60627
2017-11-15,118.38,120.6204,117.98,120.14,120.14,65119
2017-11-16,120.8,122.36,120.43,122.07,122.07,74095
2017-11-17,121.88,122.44,121.88,122.39,122.39,16924
2017-11-20,122.38,122.38,121.1763,121.64,121.64,56779
2017-11-21,122.23,123.21,122.046,123.21,123.21,34348
2017-11-22,123.48,123.8426,123.04,123.69,123.69,23116
2017-11-24,123.67,124.5807,123.67,124.34,124.34,12455
2017-11-27,124.55,124.7,122.62,122.96,122.96,85426
2017-11-28,123.36,123.36,121.75,122.7,122.7,44129
2017-11-29,122.83,123.77,122.3422,123.14,123.14,36088
2017-11-30,123.54,125.46,123.54,125.38,125.38,69074
2017-12-01,125.21,125.97,122.526,125.58,125.58,41253
2017-12-04,126.59,127.24,123.05,123.09,123.09,42213
2017-12-05,123,124.59,122.1,122.28,122.28,27905
2017-12-06,122.08,122.4055,119.96,121.36,121.36,24921
2017-12-07,121.58,123.68,120.95,123.4,123.4,40451
2017-12-08,124.24,125.1718,124.07,124.81,124.81,26823
2017-12-11,125.59,125.59,123.5,123.5,123.5,22226
2017-12-12,123.66,123.66,122.0166,122.4,122.4,34060
2017-12-13,122.7,124.5,122.56,123.95,123.95,19906
2017-12-14,124.07,124.189,120.975,121.28,121.28,27635
2017-12-15,122.17,123.19,121.2,123.19,123.19,74109
2017-12-18,123.74,123.86,122.42,122.68,122.68,42473
2017-12-19,122.7,123,122.0546,122.45,122.45,25138
2017-12-20,122.91,123.3267,122.23,123.16,123.16,21871
2017-12-21,123.08,123.7239,122.85,123.36,123.36,32108
2017-12-22,123.29,124.71,123.29,124.02,124.02,25356
2017-12-26,123.64,125.4,123.64,125.22,125.22,39506
2017-12-27,125.3688,126.1797,125.3688,125.51,125.51,147218
2017-12-28,125.81,126.06,125.08,125.94,125.94,22015
2017-12-29,126.06,126.27,124.55,124.57,124.57,54626
2018-01-02,125.38,127.44,124.46,127.44,127.44,247305
2018-01-03,127.63,129.39,127.34,128.97,128.97,76442
2018-01-04,129.66,129.66,127.2,127.5,127.5,75023
2018-01-05,128.19,128.19,127.0401,127.82,127.82,69592
2018-01-08,128,128,125.32,126.36,126.36,88220
2018-01-09,127.1,130.9,127.1,130.51,130.51,67445
2018-01-10,129.92,130.71,128.92,130.67,130.67,57690
2018-01-11,130.9,131.3799,129.94,131.04,131.04,45751
2018-01-12,131.25,132.64,130.82,132.41,132.41,40688
2018-01-16,133.15,133.79,129.321,129.47,129.47,85474
2018-01-17,132.5,132.87,131.36,132.44,132.44,49717
2018-01-18,132.19,132.699,131.25,132.06,132.06,36084
2018-01-19,132.37,133.25,132.2552,133.08,133.08,33561
2018-01-22,137.69,141.1199,137.69,141.08,141.08,79201
2018-01-23,141.08,143.64,141.08,143.35,143.35,65905
2018-01-24,143.88,144.3168,141.395,142.66,142.66,61967
2018-01-25,143.64,143.85,142.21,143.67,143.67,41076
2018-01-26,144.35,145.33,143.985,145.3,145.3,59760
2018-01-29,145.07,147.1,145.001,145.69,145.69,116262
2018-01-30,144.65,145.0904,143.33,143.33,143.33,113454
2018-01-31,144.03,144.2402,140.45,140.73,140.73,194789
2018-02-01,141.39,142.2,140.65,141.7,141.7,59517
2018-02-02,140.54,141.29,138.93,139.08,139.08,111496
2018-02-05,138.06,139.56,133.09,133.13,133.13,142962
2018-02-06,130.71,135.75,130.6,135.62,135.62,135431
2018-02-07,134.85,136.54,134.66,135.16,135.16,74005
2018-02-08,135.4,135.81,129.5,129.5,129.5,70017
2018-02-09,131.14,131.4343,125.41,130.43,130.43,137101
2018-02-12,131.61,134.129,130.81,132.94,132.94,52901
2018-02-13,132.16,133.58,131.0965,133.43,133.43,67330
2018-02-14,132.15,137.37,132.15,137.22,137.22,101857
2018-02-15,138.25,138.77,136.45,138.53,138.53,93041
2018-02-16,138.01,139.85,137.98,138.44,138.44,62151
2018-02-20,137.66,139.246,137.02,137.18,137.18,51892
2018-02-21,137.42,139.1,136.38,136.43,136.43,57844
2018-02-22,136.97,138.09,135.6,135.76,135.76,39041
2018-02-23,136.82,138.44,135.6292,138.44,138.44,24650
2018-02-26,139.06,139.52,138.061,139.37,139.37,36027
2018-02-27,139.19,139.8681,137.83,137.83,137.83,32420
2018-02-28,137.27,137.27,134.89,134.89,134.89,78727
2018-03-01,134.81,134.89,131.78,133.04,133.04,66643
2018-03-02,132.4,137.42,132.4,137.23,137.23,43788
2018-03-05,136.94,139.4392,136.85,139.25,139.25,118605
2018-03-06,139.67,139.67,138.02,139.39,139.39,40877
2018-03-07,138.18,140.45,138.18,140.41,140.41,32103
2018-03-08,140.99,141.63,139.59,141.62,141.62,39977
2018-03-09,142.48,143.94,141.7398,143.62,143.62,50794
2018-03-12,144.28,144.85,143.38,144.51,144.51,46796
2018-03-13,145,145.38,143.05,143.43,143.43,53347
2018-03-14,144.1,144.12,142.6,143.27,143.27,142231
2018-03-15,144.15,144.15,141.08,141.65,141.65,64788
2018-03-16,141.92,142.37,141.3,141.41,141.41,78529
2018-03-19,140.77,141.23,137.64,138.94,138.94,51880
2018-03-20,139.32,139.43,137.81,138.64,138.64,48388
2018-03-21,138.61,139.649,138.58,138.87,138.87,50994
2018-03-22,137.42,138.929,135.7,135.73,135.73,58928
2018-03-23,135.35,136.2,132.55,132.67,132.67,106193
2018-03-26,134.66,136.49,132.33,136.42,136.42,148404
2018-03-27,137.28,137.28,131.5647,132.01,132.01,71063
2018-03-28,132.34,133.33,130.75,132.66,132.66,58863
2018-03-29,133.35,134.23,131.9025,132.9,132.9,70598
2018-04-02,131.34,131.34,125.18,126.24,126.24,134910
2018-04-03,127.1,127.94,125.09,127.25,127.25,88611
2018-04-04,125.35,131.23,125.35,130.8,130.8,77306
2018-04-05,131.79,132.0706,129.23,129.68,129.68,68029
2018-04-06,127.19,128.1,124.451,125.54,125.54,65530
2018-04-09,131.02,133.625,130.84,132.27,132.27,80520
2018-04-10,134.08,135.93,133.2235,135.58,135.58,70672
2018-04-11,135.11,136.46,134.85,135.19,135.19,77925
2018-04-12,136.16,137.8126,135.94,137.08,137.08,40376
2018-04-13,137.76,137.76,135.71,136.26,136.26,37604
2018-04-16,137.86,137.86,135.036,135.47,135.47,64604
2018-04-17,136.57,138.11,135.96,137.57,137.57,60982
2018-04-18,138.05,138.3055,137,137.47,137.47,46192
2018-04-19,137.1,137.46,134.95,135.21,135.21,57069
2018-04-20,135.74,135.74,134.3,134.6,134.6,59202
2018-04-23,135.03,135.8557,134.1,134.65,134.65,41714
2018-04-24,134.75,134.75,131.22,131.97,131.97,54377
2018-04-25,131.95,132.67,130.47,130.83,130.83,46237
2018-04-26,131.81,133.9601,131.81,133.28,133.28,40393
2018-04-27,133.7,134.4377,132.98,134.3527,134.3527,34161
2018-04-30,134.53,134.58,131.92,131.92,131.92,30975
2018-05-01,131.78,133.27,130.73,133.2,133.2,38657
2018-05-02,132.48,133.193,131.53,131.64,131.64,92271
2018-05-03,131.31,132.75,129.69,130.4,130.4,39837
2018-05-04,130.27,132.845,129.81,132.09,132.09,39919
2018-05-07,132.58,133.9,132.58,133.68,133.68,117548
2018-05-08,133.13,133.739,132.28,132.8,132.8,33845
2018-05-09,132.92,135.0848,132.4956,134.73,134.73,32195
2018-05-10,135.15,136.6782,134.58,134.73,134.73,130509
2018-05-11,134.82,137.66,134.82,137.4,137.4,51448
2018-05-14,137.6,139.84,137.6,138.98,138.98,226633
2018-05-15,138.17,138.44,137.353,137.51,137.51,51411
2018-05-16,137.8,138.66,137.38,138.3,138.3,40900
2018-05-17,138.18,138.18,136.945,137.85,137.85,28688
2018-05-18,138.11,138.8,137.77,138.75,138.75,19304
2018-05-21,139.39,139.4196,136.69,137.05,137.05,47138
2018-05-22,137.38,138.13,136.61,137.4,137.4,45684
2018-05-23,136.81,138.4,136.81,137.84,137.84,55661
2018-05-24,137.87,138.15,137.34,137.42,137.42,83120
2018-05-25,137.4,138.07,137.3,137.98,137.98,34065
2018-05-29,137.19,137.885,135.98,137.44,137.44,39391
2018-05-30,137.95,140.2997,137.8634,140.04,140.04,50373
2018-05-31,140.17,140.6,138.9094,139.96,139.96,55693
2018-06-01,140.92,142.5,140.39,142.15,142.15,38723
2018-06-04,141.37,141.37,138.8044,140.88,140.88,60399
2018-06-05,140.96,141.5499,139.7783,140.72,140.72,206487
2018-06-06,141.13,143.05,140.6647,142.91,142.91,54291
2018-06-07,143.25,143.25,141.12,141.76,141.76,56124
2018-06-08,141.54,142.94,141.3647,142.86,142.86,50537
2018-06-11,143,143.55,142.4244,143.18,143.18,46024
2018-06-12,143.34,145.22,143.34,144.79,144.79,44224
2018-06-13,144.95,145.35,143.3,143.74,143.74,35899
2018-06-14,144.55,145.4349,144,145.07,145.07,48266
2018-06-15,144.65,145.72,144.56,145.5,145.5,33949
2018-06-18,143.91,144.08,142.94,144,144,93602
2018-06-19,143.01,145.54,143.01,145.49,145.49,82266
2018-06-20,146,148.05,145.64,148,148,49061
2018-06-21,147.37,147.569,145.02,145.29,145.29,84938
2018-06-22,145.91,145.91,144.38,145.28,145.28,51124
2018-06-25,144.56,144.56,140.3213,141.29,141.29,72223
2018-06-26,141.95,142.1474,139.23,140.63,140.63,30477
2018-06-27,140.89,140.99,136.68,136.68,136.68,78952
2018-06-28,136.76,137.86,135.14,137.41,137.41,69869
2018-06-29,139.04,141.55,139.04,140.01,140.01,65644
2018-07-02,139.11,141.53,138.76,141.51,141.51,63593
2018-07-03,142,143.03,141.67,141.93,141.93,34048
2018-07-05,142.87,143.08,141.35,142.73,142.73,35208
2018-07-06,144.01,147.66,144.01,147.66,147.66,83882
2018-07-09,148.36,148.84,147.05,148.19,148.19,50069
2018-07-10,148.52,148.63,147.82,148.48,148.48,62592
2018-07-11,147.43,148.65,146.87,148.24,148.24,51780
2018-07-12,149.5,150.73,148.43,150.73,150.73,63929
2018-07-13,149.76,151.2799,149.76,150.77,150.77,73076
2018-07-16,150.7,150.7,148.61,149.03,149.03,37573
2018-07-17,148.52,151.12,148.5,150.71,150.71,60340
2018-07-18,150.46,150.46,149.6198,150.34,150.34,58438
2018-07-19,149.86,151.15,149.11,150.68,150.68,52570
2018-07-20,150.7,151.489,150.4678,150.7,150.7,87103
2018-07-23,150.46,150.98,150,150.26,150.26,57491
2018-07-24,151.69,152.19,148.04,148.9,148.9,117669
2018-07-25,148.96,151.32,148.96,151.32,151.32,48455
2018-07-26,151.07,151.66,149.35,151.39,151.39,2592166
2018-07-27,151.15,151.2057,147.421,148.45,148.45,106788
2018-07-30,148.26,148.26,145.9001,146.45,146.45,81933
2018-07-31,147,148.7667,146.93,148.09,148.09,100734
2018-08-01,148.31,149.5275,148.23,149.01,149.01,154467
2018-08-02,148.67,151.62,148.67,151.36,151.36,167901
2018-08-03,151.78,151.78,148.9612,149.15,149.15,73978
2018-08-06,149.38,150.61,148.94,150.09,150.09,76043
2018-08-07,150.95,152.66,150.95,152.65,152.65,99809
2018-08-08,152.2,152.29,151.21,151.37,151.37,101930
2018-08-09,151.13,153.3086,150.89,151.66,151.66,64198
2018-08-10,150.64,152.0234,150.32,150.88,150.88,141091
2018-08-13,150.67,151.13,149.08,149.92,149.92,78506
2018-08-14,150.29,151.65,150.29,151.07,151.07,67590
2018-08-15,150.18,150.18,147.8,148.18,148.18,121978
2018-08-16,148.81,149.79,147.66,149.69,149.69,76728
2018-08-17,149.5,150.069,148.63,149.76,149.76,51379
2018-08-20,150.16,150.2,148.985,149.52,149.52,46934
2018-08-21,149.66,151.989,149.66,151.62,151.62,65301
2018-08-22,151.35,153.21,151.35,152.93,152.93,86815
2018-08-23,152.95,153.3499,150.9861,151.7,151.7,87463
2018-08-24,151.96,152.1899,151.1,151.75,151.75,42292
2018-08-27,152.5,155.81,152.5,155.42,155.42,66121
2018-08-28,155.03,155.4513,154.3835,155.33,155.33,76698
2018-08-29,155.64,157.68,155.54,157.28,157.28,86112
2018-08-30,156.89,157.87,156.89,157.45,157.45,67301
2018-08-31,157.01,157.82,156.44,157.26,157.26,78173
2018-09-04,156.71,156.71,154.46,156.12,156.12,104674
2018-09-05,155.93,156.51,154.919,155.67,155.67,93164
2018-09-06,155.67,155.78,152.19,152.5,152.5,59360
2018-09-07,151.89,152.7999,151.01,151.4,151.4,60034
2018-09-10,152.09,152.3699,150.96,151.98,151.98,108133
2018-09-11,151.68,151.68,150.225,151,151,92885
2018-09-12,151.22,151.3999,149.4219,150.85,150.85,88679
2018-09-13,151.33,152.28,151,151.76,151.76,54067
2018-09-14,151.92,152.62,150.7022,151.5,151.5,59946
2018-09-17,151.49,151.59,148.9,149.27,149.27,71635
2018-09-18,149.34,151.74,149.34,151.22,151.22,53502
2018-09-19,151.17,152.0817,150.7,151.1,151.1,57348
2018-09-20,151.94,154.41,151.66,154.4,154.4,72850
2018-09-21,155.01,155.01,153.08,153.43,153.43,60884
2018-09-24,153.97,156.76,153.97,156.67,156.67,109492
2018-09-25,157.2,158.29,156.88,157.48,157.48,587936
2018-09-26,157.7,159.44,157.4,157.61,157.61,1851660
2018-09-27,157.59,159.8,157.1647,159.14,159.14,1080139
2018-09-28,158.89,159.85,158.14,158.49,158.49,6610312
2018-10-01,159.8,159.8,157.22,157.53,157.53,752265
2018-10-02,157.55,157.89,155.32,156.26,156.26,366722
2018-10-03,156.67,157.5,154.83,156.72,156.72,226723
2018-10-04,156.24,156.3286,152.1246,153.02,153.02,271522
2018-10-05,153.05,154.618,149.945,152.37,152.37,199887
2018-10-08,151.53,151.86,148.43,150.18,150.18,226419
2018-10-09,149.5,151.179,149.1369,149.28,149.28,187273
2018-10-10,148.96,149.3,143.84,143.95,143.95,266739
2018-10-11,143.35,145.175,140.79,141.83,141.83,178933
2018-10-12,144.63,145.1352,142.475,144.57,144.57,168956
2018-10-15,144.38,144.6299,142.56,143.01,143.01,147745
2018-10-16,144.23,149.4225,144.08,149.26,149.26,225603
2018-10-17,149.13,149.2002,146.82,149.1,149.1,146542
2018-10-18,148.95,148.95,145.08,146.43,146.43,108515
2018-10-19,146.85,148.22,143.3201,143.86,143.86,116556
2018-10-22,144.4,144.7229,140.1,141,141,171712
2018-10-23,138.41,142.475,136.45,140.67,140.67,139767
2018-10-24,140.77,141.42,130.29,130.46,130.46,4137128
2018-10-25,131.12,136.61,130.7,134.92,134.92,818188
2018-10-26,131.65,135.5266,130.68,133.59,133.59,280771
2018-10-29,135.86,136.3899,128.76,131.17,131.17,220208
2018-10-30,131.13,133.43,130.35,132.69,132.69,141615
2018-10-31,134.43,135.7,133.15,133.76,133.76,288854
2018-11-01,134.36,140.2979,134.27,139.98,139.98,432874
2018-11-02,141.5,143.86,139.47,141.29,141.29,242562
2018-11-05,141.61,142.09,139,141.14,141.14,196703
2018-11-06,140.61,141.9,139.9251,141.04,141.04,102285
2018-11-07,142.49,144.3099,141.79,143.56,143.56,244539
2018-11-08,143.12,144.28,141.87,141.98,141.98,185945
2018-11-09,140.92,141.01,136.74,137.98,137.98,337112
2018-11-12,137.62,137.97,132.58,132.89,132.89,117720
2018-11-13,133.63,135.87,132.74,132.95,132.95,118485
2018-11-14,134.4,134.4,129.4,130.17,130.17,136105
2018-11-15,129.82,134.26,129.5,133.88,133.88,108162
2018-11-16,133.02,136.36,132.8811,135.46,135.46,111808
2018-11-19,135.06,136,131.2903,132.41,132.41,116024
2018-11-20,130.18,132.985,128.98,131.75,131.75,189129
2018-11-21,132.87,133.76,131.9478,132.81,132.81,94085
2018-11-23,131.71,135.7975,131.71,133.67,133.67,36067
2018-11-26,134.86,136.93,134.72,136.84,136.84,485402
2018-11-27,135.71,135.841,134.57,135.29,135.29,104642
2018-11-28,136.31,140.03,135.19,140.03,140.03,189787
2018-11-29,139.33,140.69,138.85,139.13,139.13,155240
2018-11-30,138.91,140.1,138.31,140.05,140.05,142542
2018-12-03,142.05,142.61,140.47,141.72,141.72,435982
2018-12-04,141.38,142.95,135.85,135.96,135.96,113193
2018-12-06,133.89,136.42,132.7155,136.42,136.42,182868
2018-12-07,135.91,136.62,131,131.58,131.58,131450
2018-12-10,131.63,132.9355,129.4301,132.37,132.37,173470
2018-12-11,134.04,134.6714,131.57,132.78,132.78,171990
2018-12-12,134.12,136.38,133.896,134.98,134.98,147808
2018-12-13,135.35,135.5264,131.78,132.45,132.45,86753
2018-12-14,130.98,132.163,129.97,130.29,130.29,83899
2018-12-17,129.81,132.1996,127.07,127.89,127.89,231991
2018-12-18,129.01,129.25,124.45,125.99,125.99,563659
2018-12-19,126,128.4201,121.33,123.06,123.06,304561
2018-12-20,122.4,123.89,119.3443,120.49,120.49,431273
2018-12-21,120.9,120.9,115.77,115.92,115.92,366375
2018-12-24,114.85,117.1494,113.4301,114.5,114.5,355508
2018-12-26,114.73,121.28,114.73,121.24,121.24,273164
2018-12-27,119.27,121.57,117.0449,121.57,121.57,288531
2018-12-28,121.86,123.68,120.69,121.44,121.44,363139
2018-12-31,122.43,124.68,122.4201,124.2,124.2,413961
2019-01-02,122.09,124.5471,121.28,124.06,124.06,140944
2019-01-03,125.89,126.1,122.87,123.09,123.09,165188
2019-01-04,125,130.04,125,129.56,129.56,133452
2019-01-07,130.62,134.99,130.49,134.02,134.02,243574
2019-01-08,135.49,136.8999,133.1,136.62,136.62,168844
2019-01-09,137.37,138.77,137.08,138.03,138.03,239251
2019-01-10,137.25,140.33,136.12,140.31,140.31,181042
2019-01-11,139.84,140.44,139.06,140.2,140.2,459422
2019-01-14,139.22,139.82,138.04,138.05,138.05,75906
2019-01-15,138.56,141.44,138.52,141.37,141.37,142626
2019-01-16,141.51,143.7199,141.1,141.18,141.18,128040
2019-01-17,140.77,143.726,140.77,142.65,142.65,139797
2019-01-18,143.63,144.28,141.4025,144.28,144.28,238136
2019-01-22,143.3,143.3,139.87,140.86,140.86,142909
2019-01-23,141.32,142.51,137.9,139.97,139.97,117778
2019-01-24,140.46,141.0791,139.68,140.82,140.82,138736
2019-01-25,141.81,143.43,140.9415,143.23,143.23,304157
2019-01-28,141.86,141.86,139.515,140.47,140.47,89723
2019-01-29,140.74,140.8,139.1,140.25,140.25,154908
2019-01-30,140.39,142.2,138.9,142.19,142.19,92461
2019-01-31,141.93,144.02,141.93,143.77,143.77,250435
2019-02-01,143.9,144.96,143.3,144.5,144.5,124206
2019-02-04,144.82,144.82,143.265,144.72,144.72,142163
2019-02-05,144.67,146.528,144.19,144.96,144.96,165038
2019-02-06,145.04,145.5803,143.75,144.35,144.35,110261
2019-02-07,143.5,143.6,140.3668,140.96,140.96,111404
2019-02-08,139.62,140.913,139.316,140.76,140.76,97312
2019-02-11,141.33,141.93,140.6333,141.71,141.71,84147
2019-02-12,142.33,143.47,142.1736,143.31,143.31,70208
2019-02-13,144.14,145,143.6401,144.06,144.06,136926
2019-02-14,143.92,145.64,143.92,144.87,144.87,79334
2019-02-15,145.68,147.17,145.27,147.15,147.15,120785
2019-02-19,147.7,147.98,146.28,146.34,146.34,133199
2019-02-20,146.75,147.2999,144.02,145.52,145.52,91616
2019-02-21,145.24,145.649,142.22,142.61,142.61,132126
2019-02-22,142.66,145.05,142.62,144.92,144.92,108069
2019-02-25,146.77,148.92,146.77,148.48,148.48,110705
2019-02-26,148.05,148.78,147.74,147.81,147.81,97467
2019-02-27,147.2,151.44,147.2,151.28,151.28,103419
2019-02-28,150.87,151.3499,149.3614,150.22,150.22,111662
2019-03-01,150.52,151.34,149.59,151.3,151.3,84069
2019-03-04,152.37,152.37,147.0635,148.72,148.72,84208
2019-03-05,148.52,150.7201,148.1416,148.73,148.73,96753
2019-03-06,148.54,148.6177,144.37,144.53,144.53,124554
2019-03-07,144.29,144.838,142.515,143.7,143.7,135561
2019-03-08,142.26,143.38,141.47,143.05,143.05,119320
2019-03-11,143.62,146.37,143.62,146.35,146.35,124810
2019-03-12,146.74,148.13,146.41,147.48,147.48,76211
2019-03-13,148.19,150.65,147.9742,150.59,150.59,85916
2019-03-14,150.66,151.2657,149.2347,149.62,149.62,45809
2019-03-15,150.28,151.48,150.28,151.46,151.46,67773
2019-03-18,151.69,152.87,150.0401,151.18,151.18,641214
2019-03-19,151.8,152.23,150.69,151.26,151.26,175679
2019-03-20,151.04,151.67,149.184,150.16,150.16,122862
2019-03-21,147.91,151.0821,147.13,150.98,150.98,123190
2019-03-22,150.1,150.55,145.66,145.66,145.66,502033
2019-03-25,145.51,146.54,144,145.95,145.95,122355
2019-03-26,147.1,149.13,147.1,149.09,149.09,78305
2019-03-27,149.07,149.12,145.23,146.43,146.43,294026
2019-03-28,146.57,148.34,146.57,147.89,147.89,74125
2019-03-29,149.61,151.07,149.2563,150.85,150.85,151966
2019-04-01,152.07,152.677,150.85,151.14,151.14,238353
2019-04-02,151.2,152.97,150.7507,152.56,152.56,109263
2019-04-03,153.47,153.47,152.0201,153.34,153.34,143664
2019-04-04,153.28,153.7008,150.24,151.51,151.51,70089
2019-04-05,152.13,154.84,151.8,154.76,154.76,96736
2019-04-08,154.39,154.39,152.2602,153.77,153.77,143668
2019-04-09,153.28,153.5099,151.08,151.38,151.38,85947
2019-04-10,151.94,153.425,151.88,153.18,153.18,83527
2019-04-11,153,153,149.2701,149.58,149.58,138680
2019-04-12,150.64,150.7767,147.63,147.99,147.99,187545
2019-04-15,148.22,148.85,145.81,146.78,146.78,83813
2019-04-16,147.72,147.85,144.65,145.21,145.21,113230
2019-04-17,145.43,145.43,136.51,137.52,137.52,285350
2019-04-18,137.85,138.96,134.29,136.53,136.53,299316
2019-04-22,136.18,137.44,135.3204,136.47,136.47,171165
2019-04-23,136.71,140.55,136.35,140.07,140.07,214019
2019-04-24,140.13,140.13,137.6662,138.45,138.45,175496
2019-04-25,138.12,139.54,136.95,139.25,139.25,195625
2019-04-26,138.99,140.1722,137.8201,140.06,140.06,818880
2019-04-29,140.1,140.64,139.09,139.63,139.63,118589
2019-04-30,139.57,140.0857,137.1,138.51,138.51,147459
2019-05-01,138.74,138.9677,136.49,136.52,136.52,141051
2019-05-02,136.48,138.5,135.9684,137.97,137.97,146054
2019-05-03,138.42,140.42,137.89,140.42,140.42,94437
2019-05-06,137.29,140.88,137,140.83,140.83,135015
2019-05-07,139.13,139.68,134.91,135.95,135.95,125780
2019-05-08,135.52,137.1493,134.77,136.09,136.09,81568
2019-05-09,134.54,136.5,133.0016,135.67,135.67,142395
2019-05-10,134.47,134.5375,131.17,133.9,133.9,231520
2019-05-13,130.93,131.5,128.22,128.68,128.68,385406
2019-05-14,129.32,131.8151,128.9954,130.83,130.83,119813
2019-05-15,129.86,132.5287,129.7166,131.87,131.87,363042
2019-05-16,132.48,134.2099,132.48,133.33,133.33,134815
2019-05-17,131.92,133.6884,131.61,131.92,131.92,61995
2019-05-20,131.17,131.3033,129.9,130.14,130.14,104186
2019-05-21,131.17,133.1069,131.17,132.94,132.94,62781
2019-05-22,132.31,133.7891,131.1718,133.07,133.07,75796
2019-05-23,131.45,131.88,130.23,131.41,131.41,290666
2019-05-24,132,133.71,132,132.49,132.49,92525
2019-05-28,132.44,133.5388,131.23,131.23,131.23,56293
2019-05-29,130.26,130.4255,128.78,129.22,129.22,177124
2019-05-30,129.71,130.42,129.06,129.94,129.94,100427
2019-05-31,128.6,129.525,127.77,128.3,128.3,89113
2019-06-03,128.81,131.103,128.81,129.33,129.33,92999
2019-06-04,130.89,132.49,129.88,132.49,132.49,56653
2019-06-05,133.09,133.09,131.7,132.7,132.7,107749
2019-06-06,132.78,133.39,130.89,131.2,131.2,123374
2019-06-07,131.86,133.4799,131.29,133.23,133.23,203869
2019-06-10,133.98,134.1618,132.76,132.86,132.86,183924
2019-06-11,133.99,134,131.99,132.36,132.36,44451
2019-06-12,132.45,133.28,131.73,133.13,133.13,58079
2019-06-13,133.71,134.08,132.4502,134.06,134.06,53635
2019-06-14,134.03,134.03,131.9866,132.07,132.07,88436
2019-06-17,133.32,136,133.32,135.79,135.79,68406
2019-06-18,137.23,138.71,136.74,137.65,137.65,72538
2019-06-19,137.82,139.0323,137.82,138.97,138.97,62065
2019-06-20,140.36,141.8,138.81,139.38,139.38,106619
2019-06-21,139.04,140.109,137.83,139.965,139.965,45599
2019-06-24,140.12,140.12,137.33,137.49,137.49,54236
2019-06-25,137.97,138.76,136.36,136.58,136.58,47551
2019-06-26,137.06,137.52,135.12,135.41,135.41,44497
2019-06-27,135.89,138.02,135.89,138.01,138.01,27872
2019-06-28,138.15,140.84,138.15,140.84,140.84,107117
2019-07-01,142.68,142.99,140.63,141.3,141.3,88265
2019-07-02,141.34,141.3521,140.25,141,141,87920
2019-07-03,141.48,142.2,140.7,142.2,142.2,36522
2019-07-05,141.17,142.1011,139.9901,140.19,140.19,40696
2019-07-08,139.39,139.39,136.6409,137.6801,137.6801,79029
2019-07-09,137.08,139.89,137.08,139.88,139.88,57659
2019-07-10,140.36,140.8109,137.91,139.71,139.71,61983
2019-07-11,139.83,139.83,136.34,137.77,137.77,90724
2019-07-12,136.95,136.95,135.61,136.18,136.18,139448
2019-07-15,136.86,137.98,136.28,137.53,137.53,53242
2019-07-16,137.71,137.82,136.75,136.76,136.76,110584
2019-07-17,137.28,138.54,136.92,137.82,137.82,70226
2019-07-18,137.67,140.05,137.32,139.74,139.74,65394
2019-07-19,140.07,140.07,137.1,137.11,137.11,89422
2019-07-22,137.52,138.6743,137.4768,137.7,137.7,57597
2019-07-23,137.39,137.41,136.2316,136.74,136.74,145668
2019-07-24,136.2,137.54,134.88,137.51,137.51,99832
2019-07-25,137.17,137.17,134.7141,134.81,134.81,51144
2019-07-26,135.16,136.2,134.8,136.12,136.12,42560
2019-07-29,136.22,136.54,133.8822,135.95,135.95,86918
2019-07-30,135.6,138.08,135.6,138.08,138.08,45039
2019-07-31,137.85,139.3,136.39,136.81,136.81,56021
2019-08-01,137.93,140.192,136.7675,137.71,137.71,74153
2019-08-02,137.05,137.06,134.67,135.62,135.62,60873
2019-08-05,133.39,133.43,130.25,131.12,131.12,104394
2019-08-06,132.18,133.46,130.6454,133.34,133.34,189794
2019-08-07,132.06,134.49,131.1844,134.2,134.2,94733
2019-08-08,134.78,137.44,134.71,137.21,137.21,60364
2019-08-09,135.11,136.01,133.69,135.13,135.13,96868
2019-08-12,134.37,134.4316,132.3401,133.08,133.08,87600
2019-08-13,132.51,135.5883,132.51,134.24,134.24,61271
2019-08-14,132.29,133.45,131.35,131.35,131.35,200576
2019-08-15,131.72,132.3246,130.4219,131.05,131.05,90811
2019-08-16,132.08,134.04,132.0636,133.95,133.95,73899
2019-08-19,135.24,135.815,134.1813,135.21,135.21,54533
2019-08-20,134.5,134.9819,133.03,133.39,133.39,93470
2019-08-21,134.3,135.1,133.65,134.69,134.69,88275
2019-08-22,134.94,134.9603,131.765,132.41,132.41,59948
2019-08-23,131.87,132.893,128.515,129,129,60323
2019-08-26,129.8,130.28,128.73,129.3,129.3,122424
2019-08-27,129.95,130.7781,127.16,127.61,127.61,113289
2019-08-28,127.17,129.46,127.033,128.54,128.54,83754
2019-08-29,129.6,129.93,128.74,129.69,129.69,93678
2019-08-30,129.79,129.8732,127.89,128.83,128.83,38429
2019-09-03,128.1,128.82,125.12,125.66,125.66,322904
2019-09-04,126.68,126.68,124.1739,125.15,125.15,284781
2019-09-05,126.25,127.04,125.39,126.42,126.42,358174
2019-09-06,126.67,127.1,125.32,125.54,125.54,286705
2019-09-09,128.31,128.4,125.7,126.81,126.81,316523
2019-09-10,126.37,129.06,125.32,129.06,129.06,338833
2019-09-11,129.16,131.03,129,130.89,130.89,1387203
2019-09-12,131.32,131.5041,129.3903,129.88,129.88,731897
2019-09-13,129.7,131.67,129.6101,130.08,130.08,5820910
2019-09-16,129.32,132.42,128.9681,131.99,131.99,249587
2019-09-17,131.69,132.0599,130.5,131.8,131.8,296100
2019-09-18,131.42,131.42,129.541,130.84,130.84,213670
2019-09-19,130.78,131.89,130.77,130.99,130.99,242668
2019-09-20,131.15,132.423,130.635,131.52,131.52,119118
2019-09-23,131.62,132.65,130.85,130.89,130.89,88279
2019-09-24,131.32,131.32,126.96,127.73,127.73,146001
2019-09-25,127.7,128.2904,126.7078,127.3,127.3,131688
2019-09-26,127.38,127.38,123.96,124.47,124.47,163575
2019-09-27,124.94,126.42,122.6451,123.44,123.44,100485
2019-09-30,123.89,124.94,123.26,123.77,123.77,547074
2019-10-01,124.28,125.3678,121.57,121.8,121.8,203154
2019-10-02,121.01,121.99,119.3435,121.08,121.08,169543
2019-10-03,120.84,123.2,120.05,123.16,123.16,142362
2019-10-04,123.47,123.91,122.1382,123.82,123.82,101937
2019-10-07,123.23,124.64,123.23,123.59,123.59,84685
2019-10-08,121.78,122.0938,119.8833,120.34,120.34,123109
2019-10-09,121.42,121.9,120.86,121.17,121.17,91001
2019-10-10,121.29,122.8,121.245,122.3,122.3,122650
2019-10-11,123.08,124.77,123.06,123.74,123.74,147741
2019-10-14,123.77,125.2555,123.03,124.21,124.21,67528
2019-10-15,124.55,126.7,124.55,126.4,126.4,103584
2019-10-16,126.13,126.67,125.73,125.93,125.93,112219
2019-10-17,126.56,127,126.09,126.21,126.21,130615
2019-10-18,125.92,127.02,124.4111,125.63,125.63,100961
2019-10-21,126.68,127.7384,126.2,127.4,127.4,69733
2019-10-22,129.87,130.55,127.92,127.96,127.96,210441
2019-10-23,128.06,129.51,127.8618,127.99,127.99,54344
2019-10-24,128.54,128.54,127.48,128.07,128.07,52108
2019-10-25,127.34,129.347,127.01,129.09,129.09,73059
2019-10-28,129.49,131.5346,129.29,131.33,131.33,48135
2019-10-29,131.37,132.0017,130.86,131.13,131.13,77349
2019-10-30,131.39,131.4931,130.3,131.07,131.07,39502
2019-10-31,130.75,131.0213,128.81,129.87,129.87,81100
2019-11-01,130.73,132.92,130.7,132.92,132.92,76516
2019-11-04,133.85,133.94,132.215,132.61,132.61,56620
2019-11-05,132.79,133.4387,132.0248,132.19,132.19,48918
2019-11-06,132.6,132.6,130.86,131.11,131.11,105468
2019-11-07,131.83,132.22,130.72,130.94,130.94,61987
2019-11-08,130.57,135.4,130,134.62,134.62,142032
2019-11-11,134.48,134.57,133.18,133.48,133.48,69196
2019-11-12,133.89,135.03,133.57,134.37,134.37,41350
2019-11-13,134.05,135.7,133.38,134.93,134.93,109444
2019-11-14,134.81,134.9,133.34,134.57,134.57,281321
2019-11-15,135.57,137.19,135.07,137.19,137.19,92676
2019-11-18,137.16,137.16,135.67,136.5,136.5,89594
2019-11-19,137.19,139.04,137.18,138.56,138.56,77725
2019-11-20,138.25,140.62,138.25,140.32,140.32,203123
2019-11-21,140.39,140.98,139.01,140.85,140.85,79157
2019-11-22,141.23,142.12,140.63,141.86,141.86,53544
2019-11-25,143.48,145.6718,143.48,145.28,145.28,141942
2019-11-26,145.88,145.91,144.6756,145.48,145.48,128183
2019-11-27,145.91,147.32,145.38,147.24,147.24,100386
2019-11-29,147.09,148,146.74,146.88,146.88,60175
2019-12-02,146.98,147.68,145.3,146.21,146.21,73006
2019-12-03,145.37,147.15,145.3,146.89,146.89,55873
2019-12-04,147.3,148.9083,146.054,148.7,148.7,55710
2019-12-05,149.5,149.5,148.0185,148.41,148.41,60966
2019-12-06,149.56,149.61,148.82,149.17,149.17,67353
2019-12-09,149.94,150.98,148,148,148,67539
2019-12-10,147.91,149.73,147.64,149.53,149.53,38297
2019-12-11,149.6,150.2817,147.74,147.93,147.93,172058
2019-12-12,148.01,149.71,147.8584,148.55,148.55,60817
2019-12-13,150.09,151.62,149,149.57,149.57,68537
2019-12-16,151.13,152.23,150.56,151.72,151.72,60126
2019-12-17,152.03,152.03,150.3615,151.22,151.22,145022
2019-12-18,151.2,151.4987,149.3916,150.07,150.07,46067
2019-12-19,150.26,150.87,149.5325,150.87,150.87,49486
2019-12-20,151.3,151.9599,150.67,151.87,151.87,47065
2019-12-23,152.99,153.2154,151.45,153.04,153.04,56104
2019-12-24,153.07,154.03,152.59,154.01,154.01,37908
2019-12-26,152.31,152.68,151.34,151.63,151.63,45504
2019-12-27,152,152,149.76,149.84,149.84,49324
2019-12-30,149.87,149.87,147.8,148.38,148.38,45146
2019-12-31,147.89,149.2235,147.67,148.72,148.72,29327
2020-01-02,149.6,149.6,147.14,148.22,148.22,324870
2020-01-03,145.9,147.33,145.29,146.3,146.3,175091
2020-01-06,145.47,147.89,144.895,147.89,147.89,92569
2020-01-07,147.76,148.5996,146.72,148.37,148.37,93063
2020-01-08,148.24,150.5567,148.24,150.07,150.07,66629
2020-01-09,150.68,151.59,150.4629,151.03,151.03,62525
2020-01-10,151.66,154.32,151.66,152.78,152.78,86481
2020-01-13,152.34,152.7485,148.3103,149.63,149.63,85490
2020-01-14,149.4,153.82,149.4,153.54,153.54,57070
2020-01-15,152.71,154.5746,152.2901,152.67,152.67,47462
2020-01-16,153.42,153.9427,152.18,153.14,153.14,50279
2020-01-17,153.48,153.48,151.4683,152.05,152.05,36649
2020-01-21,151.37,151.9603,150.1,150.23,150.23,82581
2020-01-22,150.71,151.5,149.9145,150.14,150.14,74743
2020-01-23,149.58,149.58,147.66,148.47,148.47,117166
2020-01-24,149.05,149.2355,144.46,145.47,145.47,104814
2020-01-27,143.05,144.7699,142.4227,143.73,143.73,134896
2020-01-28,144.81,145.96,144.1644,145.68,145.68,44919
2020-01-29,145.79,146.6464,145.3817,145.87,145.87,57829
2020-01-30,144.75,145.42,142.55,143.73,143.73,71290
2020-01-31,143.33,143.33,140.5383,141.83,141.83,82468
2020-02-03,142.82,144.1,142.82,143.6,143.6,68559
2020-02-04,145.56,147.51,145.18,147.16,147.16,52339
2020-02-05,148.97,152.71,148.97,150.92,150.92,265203
2020-02-06,151.77,152.2378,150.73,151.29,151.29,62311
2020-02-07,150.71,151.1199,149.81,149.91,149.91,39669
2020-02-10,149.59,151.72,149.59,151.72,151.72,52753
2020-02-11,152.65,153.98,152.44,152.65,152.65,51372
2020-02-12,153.24,154.35,152.96,154.29,154.29,70529
2020-02-13,153.85,154.44,153.5601,153.63,153.63,57091
2020-02-14,153.94,154.44,153.11,154.29,154.29,69762
2020-02-18,154.13,154.4599,152.77,154.44,154.44,43712
2020-02-19,154.9,156.13,154.844,155.87,155.87,46100
2020-02-20,155.58,156.32,153.86,156.02,156.02,55289
2020-02-21,155.58,156.5,154.8983,155.61,155.61,41608
2020-02-24,151.86,151.86,149.2469,151.24,151.24,107484
2020-02-25,151.43,151.7874,146.0634,146.72,146.72,71026
2020-02-26,147.16,149.39,145.7249,146.72,146.72,102576
2020-02-27,144.75,146.7707,141.39,141.39,141.39,79937
2020-02-28,136.45,143.67,136.08,143.67,143.67,273737
2020-03-02,144.32,147.65,141.7201,147.65,147.65,208207
2020-03-03,147.97,149.4,142.2,143.87,143.87,90009
2020-03-04,146.29,149.84,145.4672,149.78,149.78,70639
2020-03-05,146.62,149.78,145.89,147.28,147.28,46102
2020-03-06,143.7,145.9,141.5825,143.96,143.96,60264
2020-03-09,133.99,139.31,133.22,134.94,134.94,101354
2020-03-10,139.48,139.48,131.88,139.05,139.05,410445
2020-03-11,135.57,138.27,130.04,131.15,131.15,167351
2020-03-12,122.06,126.205,114.2982,120.02,120.02,246819
2020-03-13,125.94,127.37,116.5363,127.14,127.14,176693
2020-03-16,115.33,122.42,111.87,115.7966,115.7966,199225
2020-03-17,115.74,120.84,112.48,118.15,118.15,123508
2020-03-18,112.81,119.32,108.08,114.56,114.56,112131
2020-03-19,113.77,121,113.44,119.17,119.17,121892
2020-03-20,121.46,124.24,116.191,116.38,116.38,242298
2020-03-23,116.77,118.3358,112.14,115.76,115.76,100057
2020-03-24,120.58,122.65,119.17,122.59,122.59,128636
2020-03-25,123.22,127.0599,121.2596,124.01,124.01,129802
2020-03-26,124.85,130.28,124.1834,130,130,194083
2020-03-27,127.36,130.16,125.7701,127.43,127.43,134916
2020-03-30,128.72,131.83,127.9,131.78,131.78,95584
2020-03-31,132.22,132.49,129.79,131.12,131.12,100123
2020-04-01,127.46,130.4611,126.49,127.11,127.11,114463
2020-04-02,126.05,131.02,125.72,130.87,130.87,231447
2020-04-03,130.42,131.62,128.17,129.41,129.41,77451
2020-04-06,133.47,136.34,132.7161,136.11,136.11,155705
2020-04-07,139.04,139.56,134.36,134.36,134.36,136112
2020-04-08,135.66,138.82,134.64,138.68,138.68,81536
2020-04-09,139.47,140.51,137.5,138.93,138.93,117077
2020-04-13,138.91,139.52,136.95,139.08,139.08,117766
2020-04-14,141.55,143.81,141.55,143.4,143.4,81688
2020-04-15,141.01,142.69,140.06,141.33,141.33,166083
2020-04-16,142.38,145.8,142.2,145.75,145.75,108382
2020-04-17,149.41,152.16,148.09,151.99,151.99,148040
2020-04-20,152.06,157.8,152.06,155.32,155.32,156366
2020-04-21,153.46,154,149.8,151.14,151.14,243030
2020-04-22,152.95,152.95,150.64,152.06,152.06,87775
2020-04-23,153.06,156.1999,152.5,152.9,152.9,77150
2020-04-24,153.79,156.19,152.14,155.91,155.91,91298
2020-04-27,157.79,159.15,156.47,158.47,158.47,79244
2020-04-28,159.71,159.71,153.73,154.5,154.5,225922
2020-04-29,157.31,157.31,153.9312,154.28,154.28,89711
2020-04-30,153.76,154,151.43,151.43,151.43,165115
2020-05-01,149.38,149.65,146.1,147.33,147.33,82582
2020-05-04,147.15,152.08,146.98,152.04,152.04,76767
2020-05-05,153.87,155.625,153.0992,154.24,154.24,149874
2020-05-06,155.01,157.54,154.5069,155.14,155.14,84037
2020-05-07,156.66,157.5187,155.54,155.72,155.72,137155
2020-05-08,157.37,158.43,156.4001,157.54,157.54,77066
2020-05-11,156.94,163.8099,156.94,163.39,163.39,162549
2020-05-12,164.5,166.65,160.71,160.72,160.72,124052
2020-05-13,160.75,163.61,156.54,158.52,158.52,94218
2020-05-14,156.78,157.65,155.22,156.88,156.88,309925
2020-05-15,156.45,161.27,156.4169,161.13,161.13,111359
2020-05-18,164.33,165.58,163.44,163.72,163.72,72281
2020-05-19,163.71,165.125,161.8,161.8,161.8,103015
2020-05-20,163.82,165.93,163.13,165.89,165.89,102260
2020-05-21,165.82,165.82,163.2305,164.25,164.25,125731
2020-05-22,163.53,165.03,162.835,164.94,164.94,50301
2020-05-26,167.56,167.61,162.53,162.86,162.86,188689
2020-05-27,162.48,163.4233,157.3101,163.4,163.4,122579
2020-05-28,163.43,166.07,163.135,163.55,163.55,50784
2020-05-29,163.6,165.43,161.11,165.41,165.41,63701
2020-06-01,165.07,165.63,163.7,165.24,165.24,90173
2020-06-02,165.24,166.74,163.69,166.66,166.66,105659
2020-06-03,166.81,166.96,164.81,165.45,165.45,171815
2020-06-04,165.08,166.59,162.5219,163.13,163.13,90177
2020-06-05,164.44,164.97,161.29,163.29,163.29,73613
2020-06-08,164.16,166.295,162.74,166.18,166.18,139012
2020-06-09,165.4,166.59,164.95,165.04,165.04,56305
2020-06-10,165.95,167.44,165.1093,165.95,165.95,129167
2020-06-11,163.29,163.645,158.15,158.15,158.15,112078
2020-06-12,161.17,161.99,155.97,159.65,159.65,56892
2020-06-15,157.08,161.9292,157.08,161.16,161.16,103899
2020-06-16,163.88,164.43,160.788,163.17,163.17,66153
2020-06-17,164.1,165.82,163.5687,164.51,164.51,39529
2020-06-18,163.75,166.14,163.28,165.1917,165.1917,45510
2020-06-19,165.72,170.73,165.72,170.73,170.73,68228
2020-06-22,170.63,172.0099,168.28,171.5,171.5,82702
2020-06-23,172.77,174.18,171.59,171.8,171.8,99117
2020-06-24,171.33,172.45,167.05,168.1499,168.1499,69871
2020-06-25,168.14,170.88,167,170.88,170.88,36761
2020-06-26,170.97,170.97,166.9406,167.41,167.41,53086
2020-06-29,166.55,167.11,164.36,165.24,165.24,39700
2020-06-30,165.23,168.16,164.78,167.77,167.77,66500
2020-07-01,167.88,170.31,167.36,169.72,169.72,112500
2020-07-02,171.11,172.08,170.16,170.54,170.54,69000
2020-07-06,172.58,173.5,171.51,171.91,171.91,75600
2020-07-07,171.75,175.83,171.38,172.98,172.98,51900
2020-07-08,174.06,175.17,173.25,174.53,174.53,77700
2020-07-09,175,175.39,172.09,174.27,174.27,116600
2020-07-10,174.97,174.97,172.33,173.25,173.25,46542
2020-07-13,174.69,175.49,168.57,168.71,168.71,84500
2020-07-14,168.49,172.63,166.22,172.52,172.52,206600
2020-07-15,174.77,176.59,173.74,176.06,176.06,90500
2020-07-16,175.81,175.81,172.99,175.06,175.06,44000
2020-07-17,175.87,177.78,175.2,177.01,177.01,33800
2020-07-20,177.92,180.637,177.92,180.07,180.07,51269
2020-07-21,179.88,179.88,175.01,175.42,175.42,111585
2020-07-22,175.75,176.41,174,174.68,174.68,50300
2020-07-23,175.11,176.54,171.99,172.39,172.39,63300
2020-07-24,171.28,171.28,167.77,169.21,169.21,50400
2020-07-27,169.74,173.49,169.74,173.26,173.26,59700
2020-07-28,172.95,173.18,170.55,170.63,170.63,70400
2020-07-29,171.07,171.59,168.08,168.35,168.35,86700
2020-07-30,167.16,170.07,166.64,168.87,168.87,90900
2020-07-31,169.02,169.02,164.31,165.74,165.74,105500
2020-08-03,166.98,170.45,166.55,170.23,170.23,66200
2020-08-04,170.85,170.85,167.12,168.33,168.33,103000
2020-08-05,169.04,169.21,166.85,167.34,167.34,70900
2020-08-06,167,167.57,165.52,166.29,166.29,85102
2020-08-07,166.6,167.71,165.16,166.33,166.33,46300
2020-08-10,166.74,167.79,163.45,164.54,164.54,63326
2020-08-11,164.88,165.7,162.151,162.26,162.26,114837
2020-08-12,162.89,164.69,162.89,164.14,164.14,77100
2020-08-13,164.33,165.5299,164.01,164.29,164.29,45433
2020-08-14,164.21,164.82,162.34,162.83,162.83,91600
2020-08-17,163.34,166.64,163.34,165.44,165.44,63200
2020-08-18,165.64,165.64,163.29,164.3,164.3,65500
2020-08-19,162.95,162.95,159.67,160.06,160.06,93800
2020-08-20,159.51,159.51,158,159,159,85000
2020-08-21,158.74,158.74,157.11,158.15,158.15,94700
2020-08-24,159.1,159.1,155.32,156.29,156.29,82600
2020-08-25,156.28,158.36,156.28,157.82,157.82,84100
2020-08-26,157.54,157.82,156.49,156.89,156.89,79300
2020-08-27,157.33,158.24,155.79,157.08,157.08,360700
2020-08-28,157.24,157.51,156.17,157.38,157.38,87900
2020-08-31,157.78,161.12,157.76,160.56,160.56,74900
2020-09-01,160.56,160.56,156.68,157.03,157.03,91600
2020-09-02,157.43,160.23,156.97,160.09,160.09,193500
2020-09-03,159.98,159.98,153.86,154.79,154.79,123100
2020-09-04,155.13,155.13,149.81,153.57,153.57,197600
2020-09-08,151.95,153.72,150.74,150.97,150.97,185300
2020-09-09,152.41,154.03,152.34,153.26,153.26,81800
2020-09-10,153.66,154.34,150.15,150.39,150.39,86300
2020-09-11,151.12,152.5,149.5,150.91,150.91,86500
2020-09-14,153.34,157.52,153.34,156.86,156.86,96200
2020-09-15,157.99,159.28,157.83,158.12,158.12,83400
2020-09-16,158.83,160.08,157.92,158.17,158.17,83300
2020-09-17,156.3,158,155.5,157.74,157.74,54500
2020-09-18,158.36,158.36,154.22,157.24,157.24,53100
2020-09-21,155.03,155.03,151.97,153.27,153.27,121100
2020-09-22,153.24,154.69,151.14,154.64,154.64,51300
2020-09-23,154.77,156.41,152.76,152.82,152.82,51500
2020-09-24,151.83,153.02,149.58,152.4,152.4,61500
2020-09-25,152.17,155.37,151.71,155.15,155.15,50800
2020-09-28,156.65,157.12,155.2,156.32,156.32,55021
2020-09-29,156.47,157.55,155.76,156.61,156.61,68563
2020-09-30,156.5,158.48,156.09,157.26,157.26,84100
2020-10-01,157.71,158.75,157.2026,158.45,158.45,73898
2020-10-02,156.37,158.2,154.37,154.72,154.72,128700
2020-10-05,156.54,160.87,156.54,160.52,160.52,153800
2020-10-06,160.94,161.5,158.44,158.6,158.6,66700
2020-10-07,159.54,163.1699,159.54,162.68,162.68,98780
2020-10-08,163.52,163.57,162.05,163.03,163.03,47200
2020-10-09,163.63,164,162.74,163.69,163.69,55400
2020-10-12,165.09,165.4,163.47,164.44,164.44,40900
2020-10-13,163.74,165.41,163.74,164.62,164.62,53800
2020-10-14,165.12,165.12,162.37,162.72,162.72,47400
2020-10-15,160.71,161.93,159.7,160.49,160.49,58900
2020-10-16,161.5,163.43,160.58,160.62,160.62,71490
2020-10-19,161.29,161.34,157.54,157.99,157.99,105200
2020-10-20,159.18,159.31,157.81,157.95,157.95,67800
2020-10-21,157.78,157.78,155.17,155.17,155.17,44300
2020-10-22,155.28,157.81,155.28,157.47,157.47,61200
2020-10-23,158.12,158.33,156.34,157.62,157.62,74900
2020-10-26,156.4,156.96,153.88,155.33,155.33,56622
2020-10-27,155.84,158.2213,155.72,156.98,156.98,167924
2020-10-28,154.41,155.4,153.71,153.92,153.92,53300
2020-10-29,153.62,155.33,152.51,153.96,153.96,73600
2020-10-30,152.93,153.17,150.33,152.75,152.75,72265
2020-11-02,154.27,154.27,150.53,153.03,153.03,55900
2020-11-03,154.12,156.16,153.81,155.72,155.72,69400
2020-11-04,158.22,166.56,158.22,164.74,164.74,101600
2020-11-05,165.7,165.7,163.11,163.73,163.73,62200
2020-11-06,163.22,163.22,158.97,160.02,160.02,97700
2020-11-09,161.94,162.59,159.47,159.94,159.94,66800
2020-11-10,160,160.75,158.08,159.75,159.75,109500
2020-11-11,160.41,161.5,159.31,160.88,160.88,57900
2020-11-12,160.74,162.07,159.64,160.42,160.42,38600
2020-11-13,161.09,163.17,161.09,162.86,162.86,27500
2020-11-16,164.13,164.13,161.86,162.47,162.47,41000
2020-11-17,161.71,162.09,160.45,162,162,77200
2020-11-18,162.23,162.28,158.28,158.28,158.28,39200
2020-11-19,158.21,159.36,157.7,158.3,158.3,85400
2020-11-20,158.18,158.6316,157.01,158.1,158.1,45857
2020-11-23,158.78,159.32,157.725,158.54,158.54,135805
2020-11-24,158.84,160.4103,158.84,159.08,159.08,79193
2020-11-25,159.52,160.39,158.62,159.2,159.2,34700
2020-11-27,159.99,161.46,159.93,161.46,161.46,21900
2020-11-30,162.48,162.48,159.92,161.17,161.17,49600
2020-12-01,162.91,163.93,162.25,163.11,163.11,71800
2020-12-02,162.52,163.56,162.18,163.03,163.03,26300
2020-12-03,163.46,163.9408,162.68,162.99,162.99,65385
2020-12-04,163.36,164.8693,162.9201,164.54,164.54,72635
2020-12-07,164.61,165.22,161.68,162.36,162.36,89700
2020-12-08,161.96,163.13,161.3,163.01,163.01,301100
2020-12-09,163.47,163.47,158.5,159.33,159.33,38900
2020-12-10,159.62,162.48,159.62,161.7,161.7,41400
2020-12-11,160.99,162.59,160.38,162.21,162.21,28700
2020-12-14,165.25,170.2,165.22,167.78,167.78,41100
2020-12-15,169.16,169.6,167.68,169.59,169.59,43500
2020-12-16,170,170.11,168.84,169.31,169.31,31800
2020-12-17,169.96,172.52,169.8,172.46,172.46,34900
2020-12-18,172.8,173.45,171.94,173.45,173.45,50596
2020-12-21,171.22,173.97,170.92,173.81,173.81,43600
2020-12-22,174.34,175,173.39,173.98,173.98,40000
2020-12-23,174.43,174.8,172.56,174.52,174.52,53100
2020-12-24,175.08,175.17,173.66,173.87,173.87,22100
2020-12-28,174.86,175.14,171.67,171.82,171.82,28900
2020-12-29,172.77,173,168.31,168.9,168.9,58400
2020-12-30,169.44,171.37,168.67,169.26,169.26,54200
2020-12-31,169.2,169.2,166.52,167.99,167.99,48400
2021-01-04,168.4,169.13,165.82,168.06,168.06,95200
2021-01-05,168.09,169.3,167.24,168.95,168.95,38300
2021-01-06,167.72,171.19,167.59,170.31,170.31,88600
2021-01-07,171.14,176.2,171.14,176.01,176.01,62400
2021-01-08,173.08,175.57,172.62,174.58,174.58,111100
2021-01-11,174.12,177.22,173.06,176.11,176.11,65100
2021-01-12,176.29,178.38,174.83,175.8,175.8,42000
2021-01-13,175.86,175.86,174.26,174.3,174.3,36200
2021-01-14,174.64,177.17,174.37,176.21,176.21,50100
2021-01-15,176.32,177.46,175.43,176.29,176.29,53400
2021-01-19,178.27,179.77,178.1,179.39,179.39,69700
2021-01-20,179.99,181.42,179.12,179.84,179.84,65200
2021-01-21,180.27,180.27,177.45,178.37,178.37,77400
2021-01-22,177.39,180.72,177.31,180.58,180.58,49600
2021-01-25,181.14,184.21,180.5,184.21,184.21,84800
2021-01-26,184.5,185.02,179.94,180.02,180.02,49400
2021-01-27,177.57,178.4,174.79,175.72,175.72,90700
2021-01-28,176.16,178.49,175.67,176.2,176.2,69000
2021-01-29,176.8,178.91,174,175.26,175.26,104600
2021-02-01,177.7,177.97,175.45,177.41,177.41,51400
2021-02-02,178.67,180.37,178.48,179.61,179.61,33900
2021-02-03,179.47,180.61,178.3,178.44,178.44,47100
2021-02-04,179,180.42,178.4,180.01,180.01,60700
2021-02-05,181.09,183.19,180.03,182.47,182.47,27500
2021-02-08,183.47,185.18,183.04,184.8413,184.8413,39954
2021-02-09,185.08,185.314,183.46,183.83,183.83,33152
2021-02-10,184.7,186.5106,182.13,184.16,184.16,63728
2021-02-11,184.89,184.89,181.19,182.11,182.11,48300
2021-02-12,181.94,183.17,180.35,182.5,182.5,50000
2021-02-16,181.69,181.69,177.32,177.6,177.6,149377
2021-02-17,177.58,179.83,176.25,179.29,179.29,60000
2021-02-18,177.97,177.97,175.52,176.72,176.72,54300
2021-02-19,177.33,178.42,176.68,176.82,176.82,48700
2021-02-22,175.68,175.87,173.82,173.82,173.82,74200
2021-02-23,172,174,169.01,172.98,172.98,136700
2021-02-24,172.32,174.45,171.97,173.3,173.3,80600
2021-02-25,173.19,173.4,168,168.45,168.45,117400
2021-02-26,168.62,169.39,164.96,168.2,168.2,136600
2021-03-01,169.87,170.66,169.68,170.05,170.05,50400
2021-03-02,168.13,168.73,166.96,167.38,167.38,81800
2021-03-03,166.68,166.68,161.76,161.76,161.76,152800
2021-03-04,161.24,162.18,156.44,158,158,405500
2021-03-05,159.01,162.07,154.29,161.87,161.87,230100
2021-03-08,161.74,163.55,158.76,158.83,158.83,209700
2021-03-09,159.27,161.77,159.27,159.64,159.64,87500
2021-03-10,161.63,162.37,158.57,158.73,158.73,113700
2021-03-11,160.32,162.78,159.73,162.41,162.41,52400
2021-03-12,161.34,162.47,159.77,162.41,162.41,55800
2021-03-15,162.94,165.63,162.8,165.48,165.48,49800
2021-03-16,166.15,166.44,161.93,163.81,163.81,71400
2021-03-17,162.85,165.48,161.61,164.79,164.79,74800
2021-03-18,163.25,164.51,160.69,161,161,97700
2021-03-19,162.04,163.62,160.75,163.37,163.37,96100
2021-03-22,163.54,166.3,163.54,165.44,165.44,105200
2021-03-23,164.32,164.32,158.91,159.53,159.53,85100
2021-03-24,159.78,159.78,156.01,156.06,156.06,140100
2021-03-25,155.97,158.99,154.84,158.75,158.75,173500
2021-03-26,158.68,160.09,157.26,160.09,160.09,99300
2021-03-29,159.72,160.46,158.29,158.36,158.36,109900
2021-03-30,157.68,158.67,155.89,157.03,157.03,155900
2021-03-31,158.25,161.47,157.96,160.5,160.5,76700
2021-04-01,161.78,164.42,161.1,162.96,162.96,232500
2021-04-05,163.54,163.86,162.53,163.75,163.75,64568
2021-04-06,163.72,165.2899,163.33,163.47,163.47,58595
2021-04-07,161.86,161.86,159.11,159.33,159.33,48200
2021-04-08,160.59,161.67,159.25,159.57,159.57,61100
2021-04-09,159.24,159.33,157.86,158.84,158.84,85200
2021-04-12,158.66,158.66,156.34,157.67,157.67,77700
2021-04-13,157.91,159,157.09,158.92,158.92,62900
2021-04-14,159.32,162.57,159.32,160.39,160.39,111200
2021-04-15,161.46,163.58,161.46,162.46,162.46,54100
2021-04-16,163.14,163.18,161.58,162.43,162.43,75000
2021-04-19,161.79,162.84,160.05,161.18,161.18,82500
2021-04-20,160.41,162.34,160.09,162.08,162.08,72200
2021-04-21,162,164.24,161.21,164.24,164.24,51400
2021-04-22,163.8,166.1,162.5,163.96,163.96,88800
2021-04-23,164.6,165.23,163.8,164.64,164.64,65400
2021-04-26,164.84,168.13,164.72,167.92,167.92,78900
2021-04-27,168.11,168.11,166.33,166.48,166.48,44600
2021-04-28,166.39,166.68,164.39,165.77,165.77,77200
2021-04-29,166.52,166.86,163.29,164.6,164.6,55800
2021-04-30,163.79,165.68,163.79,164.18,164.18,26000
2021-05-03,165.34,165.44,164.08,164.08,164.08,30700
2021-05-04,163.51,163.77,159.82,160.59,160.59,88900
2021-05-05,161.46,161.83,159.54,159.87,159.87,28200
2021-05-06,159.54,160.33,157.55,160.06,160.06,161300
2021-05-07,161.04,163.66,161.04,161.85,161.85,45900
2021-05-10,162.14,162.14,159.01,159.07,159.07,44300
2021-05-11,156.24,160.68,155.3,159.68,159.68,110300
2021-05-12,158.44,161.52,158.44,159.85,159.85,41700
2021-05-13,160.63,161.09,157.98,160.02,160.02,49600
2021-05-14,160.84,163.41,160.11,162.68,162.68,41600
2021-05-17,162.19,162.792,160.88,161.21,161.21,55327
2021-05-18,161.81,164.332,161.81,161.94,161.94,37609
2021-05-19,160.41,160.49,159.01,160.21,160.21,34100
2021-05-20,160.65,165.11,160.65,164.05,164.05,35100
2021-05-21,164.72,165.24,163.62,163.62,163.62,56000
2021-05-24,164.69,164.69,162.45,162.48,162.48,32900
2021-05-25,163.05,163.05,161,161.2,161.2,38000
2021-05-26,161.6,162.07,160.75,161.45,161.45,38800
2021-05-27,162.02,162.89,160.73,162.37,162.37,28900
2021-05-28,163.01,165.18,162.84,162.93,162.93,28800
2021-06-01,164.04,164.07,161.46,162.24,162.24,61900
2021-06-02,162.46,163.28,161.15,161.72,161.72,31200
2021-06-03,161.06,161.92,160.15,161.41,161.41,50500
2021-06-04,162.1,163.36,161.88,162.52,162.52,30700
2021-06-07,163.28,171.56,162.66,168.39,168.39,269000
2021-06-08,169.3,169.7,166.59,169.5,169.5,31800
2021-06-09,170.02,172.75,170.02,172.1,172.1,47800
2021-06-10,172.33,176.64,171.66,176.2,176.2,43800
2021-06-11,176.06,176.06,174.25,174.99,174.99,19200
2021-06-14,175.31,175.69,174.55,174.94,174.94,17500
2021-06-15,175.19,175.19,172.56,172.93,172.93,59300
2021-06-16,173.23,174.22,170.62,172.39,172.39,35800
2021-06-17,171.98,174.03,171.78,173.03,173.03,33900
2021-06-18,172.3,173.41,171.83,172.93,172.93,49800
2021-06-21,173.78,174.35,172.46,173.59,173.59,28580
2021-06-22,173.8,173.8,172.09,173.47,173.47,51778
2021-06-23,173.55,173.66,171.71,172.84,172.84,23500
2021-06-24,173.36,174.83,173.16,173.69,173.69,31400
2021-06-25,174.27,174.58,173.58,174.45,174.45,22900
2021-06-28,174.74,174.74,172.45,173.17,173.17,32667
2021-06-29,173.32,173.6928,171.84,172.08,172.08,28028
2021-06-30,172.21,173.33,171.03,172.62,172.62,33710
2021-07-01,172.66,174.18,172.08,174,174,115200
2021-07-02,174.19,174.92,172.4,173.77,173.77,20800
2021-07-06,173.45,173.45,171.75,172.62,172.62,26497
2021-07-07,172.85,172.85,170.55,171.74,171.74,33300
2021-07-08,169.64,172.56,169.64,172.16,172.16,63700
2021-07-09,172.46,173.3,171.78,173.03,173.03,21500
2021-07-12,172.87,173.2,170.85,170.95,170.95,23300
2021-07-13,170.35,170.35,168.86,169.1,169.1,30900
2021-07-14,169.68,169.68,166.93,167.11,167.11,45400
2021-07-15,166.36,170.6,165.22,168.3,168.3,64800
2021-07-16,165.96,166.34,164.3,165.6,165.6,55800
2021-07-19,164.2,166.068,163.97,164.822,164.822,30466
