Date,Open,High,Low,Close,AdjustedClose,Volume
1982-10-20,9.752,10.5,9.752,9.752,9.752,1500
1982-10-21,9.752,10.5,9.752,9.752,9.752,1200
1982-10-22,9.752,10.5,9.752,9.752,9.752,3500
1982-10-25,10,10.5,10,10,10,2500
1982-10-26,9.752,10.5,9.752,9.752,9.752,6000
1982-11-03,9.752,10.252,9.752,9.752,9.752,5800
1982-11-05,9.752,10.252,9.752,9.752,9.752,100
1982-11-08,9.5,10.252,9.5,9.5,9.5,1000
1982-11-09,9.252,10,9.252,9.252,9.252,4400
1982-11-11,9.5,10,9.5,9.5,9.5,800
1982-11-16,9.5,10,9.5,9.5,9.5,200
1982-11-18,9.5,10,9.5,9.5,9.5,100
1982-11-22,9.752,10.252,9.752,9.752,9.752,1600
1982-11-24,9.5,10,9.5,9.5,9.5,100
1982-11-26,9.5,10,9.5,9.5,9.5,1200
1982-11-29,9.5,10,9.5,9.5,9.5,300
1982-11-30,9.5,10,9.5,9.5,9.5,10
1982-12-01,10,10.5,10,10,10,5600
1982-12-02,10.5,11.252,10.5,10.5,10.5,6900
1982-12-03,12.5,13.252,12.5,12.5,12.5,3200
1982-12-06,14.752,15.752,14.752,14.752,14.752,6400
1982-12-07,14.252,15,14.252,14.252,14.252,9400
1982-12-08,14.252,15,14.252,14.252,14.252,3000
1982-12-09,14.252,15,14.252,14.252,14.252,1400
1982-12-10,14.252,15,14.252,14.252,14.252,400
1982-12-13,14.5,15,14.5,14.5,14.5,1000
1982-12-14,14.5,15.5,14.5,14.5,14.5,11600
1982-12-16,12,15,12,12,12,100
1982-12-20,12,14,12,12,12,100
1982-12-21,11,14,11,11,11,100
1982-12-22,12.252,13,12.252,12.252,12.252,67500
1982-12-23,12.752,13.752,12.752,12.752,12.752,33200
1982-12-27,13.252,14,13.252,13.252,13.252,19200
1982-12-28,13.252,14,13.252,13.252,13.252,29200
1982-12-29,13.5,14.5,13.5,13.5,13.5,27000
1982-12-30,14.252,15,14.252,14.252,14.252,21800
1982-12-31,14,14.5,14,14,14,3600
1983-01-03,13.752,14.5,13.752,13.752,13.752,4400
1983-01-04,13.752,14.5,13.752,13.752,13.752,1800
1983-01-05,13.752,14.5,13.752,13.752,13.752,6100
1983-01-06,14,14.5,14,14,14,7300
1983-01-07,14.252,15,14.252,14.252,14.252,3100
1983-01-10,14,15,14,14,14,9400
1983-01-11,14,15,14,14,14,3900
1983-01-12,14,15,14,14,14,900
1983-01-13,14,15,14,14,14,500
1983-01-14,14,15,14,14,14,1000
1983-01-17,14,15,14,14,14,1000
1983-01-18,14,15,14,14,14,1400
1983-01-19,14,15,14,14,14,15300
1983-01-20,14.5,15.752,14.5,14.5,14.5,11500
1983-01-21,14.5,16,14.5,14.5,14.5,1700
1983-01-24,15,16,15,15,15,5000
1983-01-25,14.5,16,14.5,14.5,14.5,1300
1983-01-26,14.5,16,14.5,14.5,14.5,2500
1983-01-27,14.5,16,14.5,14.5,14.5,14000
1983-01-28,14.5,16,14.5,14.5,14.5,60
1983-01-31,14.5,16.5,14.5,14.5,14.5,23600
1983-02-01,15.252,16.5,15.252,15.252,15.252,9100
1983-02-02,15,16.5,15,15,15,2400
1983-02-03,15,16.5,15,15,15,2500
1983-02-04,15.5,17.5,15.5,15.5,15.5,13600
1983-02-07,16,17.5,16,16,16,36700
1983-02-08,16,17.5,16,16,16,6300
1983-02-09,16,17.5,16,16,16,300
1983-02-10,16,17.5,16,16,16,20100
1983-02-11,16,17.5,16,16,16,39000
1983-02-14,16.5,18,16.5,16.5,16.5,9300
1983-02-15,17,18.5,17,17,17,9500
1983-02-16,17,18.5,17,17,17,7200
1983-02-17,17,18.5,17,17,17,1500
1983-02-18,17,18.5,17,17,17,700
1983-02-22,17,18.5,17,17,17,1100
1983-02-23,17,18.5,17,17,17,1100
1983-02-24,17,18.5,17,17,17,1200
1983-02-25,16.5,17.752,16.5,16.5,16.5,6300
1983-02-28,16.5,18,16.5,16.5,16.5,3700
1983-03-02,16.5,18,16.5,16.5,16.5,600
1983-03-03,16.5,18,16.5,16.5,16.5,4700
1983-03-04,16.5,18,16.5,16.5,16.5,6700
1983-03-07,16.5,18,16.5,16.5,16.5,900
1983-03-09,16.5,18,16.5,16.5,16.5,100
1983-03-10,16.752,18.5,16.752,16.752,16.752,6300
1983-03-11,16.5,18.252,16.5,16.5,16.5,5300
1983-03-14,16.5,18.252,16.5,16.5,16.5,10500
1983-03-15,16.5,18.252,16.5,16.5,16.5,63300
1983-03-16,16.5,18.252,16.5,16.5,16.5,300
1983-03-17,16.752,18.5,16.752,16.752,16.752,2500
1983-03-21,16.752,18.5,16.752,16.752,16.752,20100
1983-03-22,16.752,18.5,16.752,16.752,16.752,200
1983-03-24,16.5,18,16.5,16.5,16.5,1100
1983-03-25,16.5,18,16.5,16.5,16.5,1100
1983-03-28,16.5,18,16.5,16.5,16.5,10000
1983-03-29,16.5,18,16.5,16.5,16.5,200
1983-03-30,16.5,18,16.5,16.5,16.5,300
1983-03-31,16.5,18,16.5,16.5,16.5,200
1983-04-04,16.5,18,16.5,16.5,16.5,200
1983-04-05,16.5,18,16.5,16.5,16.5,40
1983-04-06,16,17.5,16,16,16,800
1983-04-07,16,17.5,16,16,16,100
1983-04-08,16,17.5,16,16,16,200
1983-04-11,16.5,17.5,16.5,16.5,16.5,1200
1983-04-12,17,18,17,17,17,2200
1983-04-13,17,18,17,17,17,50
1983-04-14,17.5,19.5,17.5,17.5,17.5,4700
1983-04-18,17.752,19.5,17.752,17.752,17.752,300
1983-04-19,18,19.5,18,18,18,200
1983-04-20,18,19.5,18,18,18,5900
1983-04-21,18,19.5,18,18,18,700
1983-04-22,18,19.5,18,18,18,1800
1983-04-25,18.252,19.5,18.252,18.252,18.252,2300
1983-04-26,18.252,19.5,18.252,18.252,18.252,400
1983-04-27,18.252,19.5,18.252,18.252,18.252,100
1983-04-29,18.5,19.5,18.5,18.5,18.5,300
1983-05-02,18.5,20,18.5,18.5,18.5,200
1983-05-03,18.5,20,18.5,18.5,18.5,200
1983-05-04,18.752,20.5,18.752,18.752,18.752,2000
1983-05-05,19.5,21.5,19.5,19.5,19.5,1000
1983-05-06,19.5,21.5,19.5,19.5,19.5,200
1983-05-09,20,21.5,20,20,20,400
1983-05-10,21.252,22.752,21.252,21.252,21.252,1700
1983-05-11,23.5,25.252,23.5,23.5,23.5,1000
1983-05-12,23.252,24.752,23.252,23.252,23.252,2100
1983-05-13,23.5,25,23.5,23.5,23.5,2000
1983-05-16,23.252,25,23.252,23.252,23.252,2500
1983-05-17,23.252,25,23.252,23.252,23.252,200
1983-05-18,23.252,25,23.252,23.252,23.252,3000
1983-05-19,23.252,25,23.252,23.252,23.252,1200
1983-05-20,23,24.5,23,23,23,1200
1983-05-23,23,24.5,23,23,23,100
1983-05-24,23,24.5,23,23,23,200
1983-05-25,23,24.5,23,23,23,2200
1983-05-26,23,24.5,23,23,23,700
1983-05-27,23,24.5,23,23,23,1300
1983-05-31,23,24.5,23,23,23,400
1983-06-01,23,24.5,23,23,23,200
1983-06-02,23,24.5,23,23,23,1000
1983-06-03,22.5,24.5,22.5,22.5,22.5,3500
1983-06-06,22,23.5,22,22,22,1900
1983-06-07,20.5,22,20.5,20.5,20.5,1600
1983-06-08,19.5,20.752,19.5,19.5,19.5,2900
1983-06-09,18.5,20,18.5,18.5,18.5,1000
1983-06-10,19,20.5,19,19,19,5000
1983-06-13,19,20.5,19,19,19,200
1983-06-14,19,20.5,19,19,19,700
1983-06-15,19,20.5,19,19,19,500
1983-06-16,20,21.752,20,20,20,4300
1983-06-17,20,21.752,20,20,20,2100
1983-06-20,23.252,24.5,23.252,23.252,23.252,5700
1983-06-21,23.752,25.5,23.752,23.752,23.752,7500
1983-06-22,24,25.752,24,24,24,2200
1983-06-23,23.752,25.5,23.752,23.752,23.752,4000
1983-06-24,23.752,25.5,23.752,23.752,23.752,800
1983-06-27,23.752,25.5,23.752,23.752,23.752,700
1983-06-28,23,25,23,23,23,4500
1983-06-29,22.252,24,22.252,22.252,22.252,1800
1983-07-01,22.252,24,22.252,22.252,22.252,600
1983-07-05,22,24,22,22,22,70
1983-07-06,21.752,23.252,21.752,21.752,21.752,1000
1983-07-08,21.752,23.5,21.752,21.752,21.752,400
1983-07-11,22.752,24.5,22.752,22.752,22.752,2100
1983-07-12,23.5,25.252,23.5,23.5,23.5,3700
1983-07-13,23.5,25.252,23.5,23.5,23.5,3100
1983-07-14,23.5,25,23.5,23.5,23.5,8600
1983-07-15,23.5,24.752,23.5,23.5,23.5,3400
1983-07-18,23.5,24.752,23.5,23.5,23.5,3700
1983-07-19,23.5,24.752,23.5,23.5,23.5,800
1983-07-20,23.5,24.752,23.5,23.5,23.5,12400
1983-07-21,23.5,24.752,23.5,23.5,23.5,11300
1983-07-22,23.5,24.5,23.5,23.5,23.5,1300
1983-07-25,23.5,24.5,23.5,23.5,23.5,1000
1983-07-26,23.5,25,23.5,23.5,23.5,1600
1983-07-27,23.5,25,23.5,23.5,23.5,500
1983-07-29,23.5,24.752,23.5,23.5,23.5,5300
1983-08-01,23.5,24.752,23.5,23.5,23.5,1900
1983-08-02,23,24.252,23,23,23,8800
1983-08-04,23,24.252,23,23,23,400
1983-08-05,23,24.252,23,23,23,800
1983-08-08,23,24.252,23,23,23,5900
1983-08-09,18,19.5,18,18,18,7700
1983-08-10,18.5,20,18.5,18.5,18.5,200
1983-08-11,18.5,20,18.5,18.5,18.5,2200
1983-08-12,18.5,20,18.5,18.5,18.5,200
1983-08-15,18.5,20,18.5,18.5,18.5,100
1983-08-16,18.5,20,18.5,18.5,18.5,700
1983-08-17,18.5,20,18.5,18.5,18.5,700
1983-08-18,18.5,20,18.5,18.5,18.5,1500
1983-08-23,18.5,19.5,18.5,18.5,18.5,1600
1983-08-24,18,19.5,18,18,18,4100
1983-08-25,18,19.5,18,18,18,3700
1983-08-26,18,19.5,18,18,18,1500
1983-08-29,18,19.5,18,18,18,1600
1983-08-30,18,19.5,18,18,18,3600
1983-08-31,17.5,19,17.5,17.5,17.5,3900
1983-09-01,17.5,19,17.5,17.5,17.5,6700
1983-09-02,17.5,19,17.5,17.5,17.5,1800
1983-09-06,17.5,18.5,17.5,17.5,17.5,700
1983-09-07,17.5,18.5,17.5,17.5,17.5,500
1983-09-08,17.5,18.5,17.5,17.5,17.5,2500
1983-09-09,17.5,18.5,17.5,17.5,17.5,3200
1983-09-12,17.5,19,17.5,17.5,17.5,300
1983-09-13,17.5,19,17.5,17.5,17.5,400
1983-09-14,18,19.5,18,18,18,800
1983-09-15,18,19.5,18,18,18,600
1983-09-16,18,19.5,18,18,18,500
1983-09-19,18,19.5,18,18,18,400
1983-09-20,18,19.5,18,18,18,300
1983-09-21,18,20,18,18,18,1500
1983-09-23,18,20,18,18,18,20
1983-09-26,18,20,18,18,18,100
1983-09-27,18,20,18,18,18,100
1983-09-29,18,20,18,18,18,100
1983-09-30,18,20,18,18,18,1100
1983-10-03,18,20,18,18,18,1800
1983-10-04,18,20,18,18,18,6300
1983-10-05,18.5,20,18.5,18.5,18.5,9700
1983-10-06,18,19.5,18,18,18,5900
1983-10-07,18,19.5,18,18,18,2800
1983-10-10,18,19.5,18,18,18,4600
1983-10-11,18,19.5,18,18,18,1200
1983-10-12,18,19.5,18,18,18,1100
1983-10-13,18,19.5,18,18,18,300
1983-10-14,18,19.5,18,18,18,3000
1983-10-17,8.75,10,8.75,8.75,8.75,2900
1983-10-19,7,8,7,7,7,4600
1983-10-20,7,7.5,7,7,7,3800
1983-10-21,7,7.5,7,7,7,4600
1983-10-24,7,7.5,7,7,7,3100
1983-10-25,6.5,7.5,6.5,6.5,6.5,1000
1983-10-26,5.5,7,5.5,5.5,5.5,92000
1983-10-27,5.5,6.5,5.5,5.5,5.5,20900
1983-10-28,5.75,6.5,5.75,5.75,5.75,19300
1983-10-31,5.5,6,5.5,5.5,5.5,38200
1983-11-01,5.25,5.5,5.25,5.25,5.25,12300
1983-11-02,5.25,5.5,5.25,5.25,5.25,15500
1983-11-03,5.5,5.75,5.5,5.5,5.5,10100
1983-11-04,5.25,5.75,5.25,5.25,5.25,2100
1983-11-07,5.25,5.75,5.25,5.25,5.25,5000
1983-11-08,5.25,5.75,5.25,5.25,5.25,7100
1983-11-09,5.25,5.75,5.25,5.25,5.25,3400
1983-11-10,5.75,6,5.75,5.75,5.75,18600
1983-11-11,6.5,7,6.5,6.5,6.5,8400
1983-11-14,7,7.5,7,7,7,6800
1983-11-15,7,7.5,7,7,7,1900
1983-11-16,7,7.25,7,7,7,21200
1983-11-17,6.75,7.5,6.75,6.75,6.75,6400
1983-11-18,6.75,7.5,6.75,6.75,6.75,700
1983-11-21,6.75,7.25,6.75,6.75,6.75,4000
1983-11-22,6.75,7.5,6.75,6.75,6.75,2600
1983-11-23,6.75,7.5,6.75,6.75,6.75,7100
1983-11-25,7,8,7,7,7,400
1983-11-28,7,7.5,7,7,7,4900
1983-11-29,7.25,7.75,7.25,7.25,7.25,4400
1983-11-30,7,7.25,7,7,7,8700
1983-12-01,7,7.25,7,7,7,3700
1983-12-02,6.5,6.75,6.5,6.5,6.5,8500
1983-12-05,6.5,7,6.5,6.5,6.5,3400
1983-12-06,6.5,7,6.5,6.5,6.5,900
1983-12-07,6.5,7,6.5,6.5,6.5,200
1983-12-08,6.5,7,6.5,6.5,6.5,1900
1983-12-09,6.5,7,6.5,6.5,6.5,1800
1983-12-12,6.5,7,6.5,6.5,6.5,3800
1983-12-13,6.5,6.75,6.5,6.5,6.5,10100
1983-12-14,7,7.25,7,7,7,12700
1983-12-15,7.25,7.75,7.25,7.25,7.25,1900
1983-12-16,7.25,7.75,7.25,7.25,7.25,1200
1983-12-19,7.5,8,7.5,7.5,7.5,900
1983-12-20,7.5,8,7.5,7.5,7.5,600
1983-12-21,7.5,8,7.5,7.5,7.5,300
1983-12-22,8.25,8.75,8.25,8.25,8.25,7600
1983-12-23,8.25,8.75,8.25,8.25,8.25,7200
1983-12-27,8.25,8.75,8.25,8.25,8.25,1500
1983-12-28,8,8.75,8,8,8,1600
1983-12-29,7.75,8.25,7.75,7.75,7.75,8000
1983-12-30,7.75,8.25,7.75,7.75,7.75,1200
1984-01-03,7.75,8.25,7.75,7.75,7.75,2500
1984-01-04,7.75,8.25,7.75,7.75,7.75,5300
1984-01-05,7.75,8.25,7.75,7.75,7.75,2600
1984-01-06,7.75,8.25,7.75,7.75,7.75,2000
1984-01-09,7.75,8.25,7.75,7.75,7.75,5700
1984-01-10,7.75,8.25,7.75,7.75,7.75,6400
1984-01-11,8,8.75,8,8,8,4800
1984-01-12,8,8.75,8,8,8,700
1984-01-13,8,8.75,8,8,8,1200
1984-01-16,8.25,8.75,8.25,8.25,8.25,3900
1984-01-17,8.5,9,8.5,8.5,8.5,1300
1984-01-18,8.5,9,8.5,8.5,8.5,2400
1984-01-19,8.5,9,8.5,8.5,8.5,500
1984-01-20,8,8.75,8,8,8,1600
1984-01-23,8,8.75,8,8,8,39000
1984-01-24,8,8.75,8,8,8,200
1984-01-25,8,8.75,8,8,8,400
1984-01-26,8,8.75,8,8,8,1900
1984-01-27,8,8.75,8,8,8,10
1984-01-30,7.75,8.5,7.75,7.75,7.75,4100
1984-01-31,7.75,8.5,7.75,7.75,7.75,1400
1984-02-01,7.75,8.25,7.75,7.75,7.75,4300
1984-02-02,7.75,8.25,7.75,7.75,7.75,800
1984-02-03,7.5,8.25,7.5,7.5,7.5,2100
1984-02-06,7.25,8,7.25,7.25,7.25,2200
1984-02-07,7,7.75,7,7,7,900
1984-02-08,7,7.75,7,7,7,20
1984-02-09,7,7.75,7,7,7,2300
1984-02-13,7,7.75,7,7,7,1000
1984-02-14,7,7.5,7,7,7,1000
1984-02-15,6.75,7.5,6.75,6.75,6.75,5300
1984-02-16,6.75,7.5,6.75,6.75,6.75,800
1984-02-17,6.75,7.5,6.75,6.75,6.75,4500
1984-02-21,6.75,7.5,6.75,6.75,6.75,50
1984-02-22,6.75,7.5,6.75,6.75,6.75,600
1984-02-23,6.75,7.5,6.75,6.75,6.75,500
1984-02-24,6.5,7.5,6.5,6.5,6.5,4000
1984-03-01,6.5,7.25,6.5,6.5,6.5,500
1984-03-02,7,7.5,7,7,7,4700
1984-03-05,6.75,7.5,6.75,6.75,6.75,300
1984-03-07,6.75,7.75,6.75,6.75,6.75,600
1984-03-12,7,7.5,7,7,7,2300
1984-03-14,7.25,7.75,7.25,7.25,7.25,4600
1984-03-15,7.25,7.75,7.25,7.25,7.25,700
1984-03-16,7.75,8.5,7.75,7.75,7.75,7100
1984-03-20,7.75,8.25,7.75,7.75,7.75,3200
1984-03-22,7.75,8,7.75,7.75,7.75,1700
1984-03-23,7.5,8,7.5,7.5,7.5,500
1984-03-26,7.25,8,7.25,7.25,7.25,5900
1984-03-28,7.25,7.75,7.25,7.25,7.25,40
1984-04-02,7,7.75,7,7,7,1000
1984-04-03,7,7.5,7,7,7,1000
1984-04-05,7,7.5,7,7,7,300
1984-04-06,7,7.5,7,7,7,100
1984-04-09,7,7.5,7,7,7,200
1984-04-10,6.5,7.25,6.5,6.5,6.5,800
1984-04-11,6.25,7,6.25,6.25,6.25,4300
1984-04-12,6.25,6.75,6.25,6.25,6.25,500
1984-04-13,6.25,6.75,6.25,6.25,6.25,3500
1984-04-17,6.25,6.75,6.25,6.25,6.25,400
1984-04-18,6.25,6.75,6.25,6.25,6.25,50
1984-04-19,6.25,6.75,6.25,6.25,6.25,500
1984-04-23,6.25,7,6.25,6.25,6.25,2000
1984-04-24,6.25,7,6.25,6.25,6.25,1500
1984-05-02,6.75,7.25,6.75,6.75,6.75,6500
1984-05-03,6.75,7.5,6.75,6.75,6.75,1000
1984-05-04,6.75,7.5,6.75,6.75,6.75,70
1984-05-07,6.75,7.5,6.75,6.75,6.75,2000
1984-05-08,6.75,7.5,6.75,6.75,6.75,32500
1984-05-11,6.75,7.5,6.75,6.75,6.75,90
1984-05-14,6.75,7.25,6.75,6.75,6.75,300
1984-05-15,6.75,7.25,6.75,6.75,6.75,400
1984-05-16,6.75,7.25,6.75,6.75,6.75,500
1984-05-22,6.75,7.25,6.75,6.75,6.75,2000
1984-05-24,6.5,7.25,6.5,6.5,6.5,6000
1984-05-29,6.5,7.25,6.5,6.5,6.5,500
1984-05-30,6.25,7,6.25,6.25,6.25,1300
1984-06-04,6.5,7,6.5,6.5,6.5,105800
1984-06-05,6.5,7,6.5,6.5,6.5,100
1984-06-07,6.5,7,6.5,6.5,6.5,200
1984-06-08,6.5,7,6.5,6.5,6.5,1200
1984-06-11,6.5,7,6.5,6.5,6.5,200
1984-06-12,6.5,7,6.5,6.5,6.5,4500
1984-06-13,6.5,7,6.5,6.5,6.5,7000
1984-06-14,6.25,7,6.25,6.25,6.25,4000
1984-06-15,6.25,7,6.25,6.25,6.25,100
1984-06-18,6,7,6,6,6,700
1984-06-19,6,6.75,6,6,6,3000
1984-06-20,6,6.75,6,6,6,2200
1984-06-21,6.25,6.75,6.25,6.25,6.25,142800
1984-06-22,6.5,7.25,6.5,6.5,6.5,3700
1984-06-25,7,7.5,7,7,7,4600
1984-06-26,7.25,7.75,7.25,7.25,7.25,2000
1984-06-27,7,7.75,7,7,7,2600
1984-06-28,7.25,7.75,7.25,7.25,7.25,600
1984-06-29,7.25,7.876,7.25,7.25,7.25,2300
1984-07-02,7.25,7.75,7.25,7.25,7.25,1200
1984-07-03,7.25,7.75,7.25,7.25,7.25,2500
1984-07-05,7.25,7.75,7.25,7.25,7.25,2300
1984-07-06,7.75,8.5,7.75,7.75,7.75,2700
1984-07-09,7.75,8.25,7.75,7.75,7.75,2400
1984-07-10,8,8.75,8,8,8,7000
1984-07-11,8.25,8.75,8.25,8.25,8.25,4700
1984-07-12,7.75,8.25,7.75,7.75,7.75,3100
1984-07-16,7.75,8.25,7.75,7.75,7.75,500
1984-07-17,7.75,8.25,7.75,7.75,7.75,700
1984-07-18,7.5,8.25,7.5,7.5,7.5,3700
1984-07-19,7.25,8,7.25,7.25,7.25,3900
1984-07-20,7.126,7.876,7.126,7.126,7.126,100
1984-07-23,7.126,7.876,7.126,7.126,7.126,1000
1984-07-24,7,7.75,7,7,7,9200
1984-07-25,7.25,7.626,7.25,7.25,7.25,4000
1984-07-26,7.126,7.626,7.126,7.126,7.126,1500
1984-07-27,7.25,7.75,7.25,7.25,7.25,3000
1984-07-31,7.126,7.626,7.126,7.126,7.126,200
1984-08-01,7.376,8,7.376,7.376,7.376,1500
1984-08-02,7.5,8.25,7.5,7.5,7.5,5000
1984-08-03,7.75,8.5,7.75,7.75,7.75,6000
1984-08-06,8.25,8.75,8.25,8.25,8.25,7300
1984-08-07,8.25,9,8.25,8.25,8.25,3000
1984-08-08,8,8.75,8,8,8,5600
1984-08-09,8,8.75,8,8,8,3000
1984-08-10,8.25,9,8.25,8.25,8.25,2100
1984-08-14,8.25,9,8.25,8.25,8.25,100
1984-08-15,8.25,9,8.25,8.25,8.25,3000
1984-08-16,8.25,9,8.25,8.25,8.25,700
1984-08-17,8.25,9,8.25,8.25,8.25,600
1984-08-20,8.25,9,8.25,8.25,8.25,1100
1984-08-21,8.5,9,8.5,8.5,8.5,2900
1984-08-22,8.75,9.5,8.75,8.75,8.75,3100
1984-08-23,8.75,9.5,8.75,8.75,8.75,4400
1984-08-24,8.75,9.5,8.75,8.75,8.75,1500
1984-08-27,8.75,9.5,8.75,8.75,8.75,2200
1984-08-28,8.75,9.25,8.75,8.75,8.75,1700
1984-08-29,8.5,9.126,8.5,8.5,8.5,11800
1984-08-30,8.5,9.126,8.5,8.5,8.5,500
1984-09-04,8.5,9.126,8.5,8.5,8.5,3700
1984-09-05,8.5,9.126,8.5,8.5,8.5,100
1984-09-06,8.75,9.25,8.75,8.75,8.75,3600
1984-09-07,9.25,9.5,9.25,9.25,9.25,89600
1984-09-10,9.126,9.376,9.126,9.126,9.126,36200
1984-09-11,9.126,9.376,9.126,9.126,9.126,7300
1984-09-12,9.126,9.376,9.126,9.126,9.126,3800
1984-09-13,9.126,9.25,9.126,9.126,9.126,77100
1984-09-14,9.5,9.75,9.5,9.5,9.5,13800
1984-09-17,9.376,9.75,9.376,9.376,9.376,4000
1984-09-18,9.376,9.876,9.376,9.376,9.376,12300
1984-09-19,9.5,9.75,9.5,9.5,9.5,10200
1984-09-20,9.5,9.75,9.5,9.5,9.5,3100
1984-09-21,9.5,10,9.5,9.5,9.5,7000
1984-09-24,9.5,10,9.5,9.5,9.5,37400
1984-09-25,9.5,9.75,9.5,9.5,9.5,39900
1984-09-26,9.5,10,9.5,9.5,9.5,29300
1984-09-27,9.5,10,9.5,9.5,9.5,5300
1984-09-28,9.5,10,9.5,9.5,9.5,200
1984-10-01,9.5,10,9.5,9.5,9.5,100
1984-10-02,9.5,10,9.5,9.5,9.5,3100
1984-10-03,9.5,10,9.5,9.5,9.5,3000
1984-10-04,9.5,10,9.5,9.5,9.5,1700
1984-10-05,9.5,10,9.5,9.5,9.5,4400
1984-10-08,9.75,10.25,9.75,9.75,9.75,3000
1984-10-09,9.75,10.25,9.75,9.75,9.75,5900
1984-10-10,9.626,10,9.626,9.626,9.626,23400
1984-10-11,9.626,10,9.626,9.626,9.626,31300
1984-10-12,9.5,10,9.5,9.5,9.5,5500
1984-10-15,9.25,10,9.25,9.25,9.25,4500
1984-10-16,9.25,10,9.25,9.25,9.25,600
1984-10-17,9.25,10,9.25,9.25,9.25,2200
1984-10-18,9.25,10,9.25,9.25,9.25,6100
1984-10-19,9.5,10,9.5,9.5,9.5,2100
1984-10-22,9.5,10,9.5,9.5,9.5,2100
1984-10-23,9.25,10,9.25,9.25,9.25,28700
1984-10-24,9.25,10,9.25,9.25,9.25,200
1984-10-25,9.25,10,9.25,9.25,9.25,2200
1984-10-26,9.25,9.75,9.25,9.25,9.25,1700
1984-10-29,9.25,9.75,9.25,9.25,9.25,4100
1984-10-30,9.25,9.75,9.25,9.25,9.25,1600
1984-10-31,9.25,9.75,9.25,9.25,9.25,100
1984-11-01,9.25,9.75,9.25,9.25,9.25,2200
1984-11-02,9.25,9.75,9.25,9.25,9.25,3600
1984-11-05,9.25,9.5,9.25,9.25,9.25,1600
1984-11-06,9.25,9.5,9.25,9.25,9.25,2800
1984-11-07,9.25,9.5,9.25,9.25,9.25,13600
1984-11-08,9.25,9.5,9.25,9.25,9.25,10100
1984-11-09,9.25,9.5,9.25,9.25,9.25,800
1984-11-12,9.25,9.5,9.25,9.25,9.25,4100
1984-11-13,9.25,9.5,9.25,9.25,9.25,6200
1984-11-14,9.25,9.5,9.25,9.25,9.25,1700
1984-11-15,9.25,10,9.25,9.25,9.25,1700
1984-11-16,9.25,9.75,9.25,9.25,9.25,1600
1984-11-19,9.25,9.75,9.25,9.25,9.25,13000
1984-11-20,9.25,9.75,9.25,9.25,9.25,5300
1984-11-21,9,9.5,9,9,9,2900
1984-11-23,9,9.5,9,9,9,13000
1984-11-26,9,9.5,9,9,9,4000
1984-11-27,9,9.25,9,9,9,4500
1984-11-28,9,9.25,9,9,9,4800
1984-11-29,9,9.25,9,9,9,3600
1984-11-30,9,9.25,9,9,9,2500
1984-12-03,9,9.25,9,9,9,5500
1984-12-04,9,9.25,9,9,9,900
1984-12-05,9,9.25,9,9,9,6000
1984-12-06,9,9.25,9,9,9,11400
1984-12-07,9,9.25,9,9,9,1600
1984-12-10,9,9.25,9,9,9,4200
1984-12-11,9,9.25,9,9,9,1400
1984-12-12,9,9.25,9,9,9,1500
1984-12-13,9,9.5,9,9,9,1100
1984-12-17,9,9.5,9,9,9,500
1984-12-18,9,9.5,9,9,9,200
1984-12-19,9,9.5,9,9,9,13500
1984-12-20,9,9.5,9,9,9,800
1984-12-21,9.126,9.5,9.126,9.126,9.126,7300
1984-12-24,9.25,9.5,9.25,9.25,9.25,7000
1984-12-26,9.25,9.75,9.25,9.25,9.25,400
1984-12-27,9.25,9.75,9.25,9.25,9.25,4000
1984-12-28,9.25,9.75,9.25,9.25,9.25,1200
1984-12-31,9.5,9.75,9.5,9.5,9.5,1200
1985-01-02,9.5,9.75,9.5,9.5,9.5,3000
1985-01-03,9.5,9.75,9.5,9.5,9.5,5000
1985-01-04,9.5,9.75,9.5,9.5,9.5,1600
1985-01-07,9.5,9.75,9.5,9.5,9.5,400
1985-01-08,9.5,9.75,9.5,9.5,9.5,500
1985-01-09,9.5,9.75,9.5,9.5,9.5,700
1985-01-10,9.5,10,9.5,9.5,9.5,7700
1985-01-11,9.25,9.75,9.25,9.25,9.25,2400
1985-01-14,9.25,9.75,9.25,9.25,9.25,2400
1985-01-15,9.5,10,9.5,9.5,9.5,3000
1985-01-16,9.75,10.25,9.75,9.75,9.75,1100
1985-01-17,10.25,10.75,10.25,10.25,10.25,2900
1985-01-18,10.5,10.75,10.5,10.5,10.5,19200
1985-01-21,10.5,11.25,10.5,10.5,10.5,2800
1985-01-22,11.25,11.75,11.25,11.25,11.25,4100
1985-01-23,11.25,11.75,11.25,11.25,11.25,5800
1985-01-24,11.25,11.75,11.25,11.25,11.25,5000
1985-01-25,11,11.75,11,11,11,1000
1985-01-28,11,11.5,11,11,11,4000
1985-01-29,10.5,11,10.5,10.5,10.5,7800
1985-01-30,10.75,11.25,10.75,10.75,10.75,5700
1985-01-31,10.75,11.25,10.75,10.75,10.75,1400
1985-02-01,10.75,11.25,10.75,10.75,10.75,2200
1985-02-04,10.5,11.5,10.5,10.5,10.5,4200
1985-02-05,10.75,11.5,10.75,10.75,10.75,1400
1985-02-06,11,11.5,11,11,11,3100
1985-02-07,11.25,12,11.25,11.25,11.25,1800
1985-02-08,11.75,12.5,11.75,11.75,11.75,2500
1985-02-11,11.75,12.5,11.75,11.75,11.75,3500
1985-02-12,12.25,13,12.25,12.25,12.25,3300
1985-02-13,12.25,13,12.25,12.25,12.25,2600
1985-02-14,12.25,13,12.25,12.25,12.25,2200
1985-02-15,11.75,12.5,11.75,11.75,11.75,3000
1985-02-19,11.5,12.25,11.5,11.5,11.5,1900
1985-02-20,11,11.75,11,11,11,4300
1985-02-21,11.25,12,11.25,11.25,11.25,400
1985-02-22,11,11.75,11,11,11,17100
1985-02-25,11.25,11.75,11.25,11.25,11.25,6300
1985-02-26,11.25,12,11.25,11.25,11.25,3100
1985-02-27,11.5,12,11.5,11.5,11.5,4400
1985-02-28,11.5,12,11.5,11.5,11.5,3400
1985-03-01,11.5,12,11.5,11.5,11.5,100
1985-03-04,11.5,12,11.5,11.5,11.5,300
1985-03-05,11.5,12.5,11.5,11.5,11.5,5600
1985-03-06,11.75,12.5,11.75,11.75,11.75,7500
1985-03-07,11.75,12.25,11.75,11.75,11.75,4700
1985-03-08,11.75,12.25,11.75,11.75,11.75,1000
1985-03-11,11.75,12.25,11.75,11.75,11.75,1400
1985-03-12,11.5,12,11.5,11.5,11.5,6200
1985-03-13,11.5,11.75,11.5,11.5,11.5,7400
1985-03-14,11.5,12,11.5,11.5,11.5,3000
1985-03-15,11.5,12,11.5,11.5,11.5,3600
1985-03-18,11.5,12.25,11.5,11.5,11.5,800
1985-03-19,11.25,11.75,11.25,11.25,11.25,3400
1985-03-20,11.25,11.75,11.25,11.25,11.25,5400
1985-03-21,11.25,11.5,11.25,11.25,11.25,3800
1985-03-22,11.25,11.75,11.25,11.25,11.25,4600
1985-03-25,11,11.5,11,11,11,6100
1985-03-26,11,11.5,11,11,11,3200
1985-03-27,11,11.75,11,11,11,2000
1985-03-28,11,11.75,11,11,11,4000
1985-03-29,11,11.5,11,11,11,4200
1985-04-01,11,11.75,11,11,11,600
1985-04-02,11,11.75,11,11,11,400
1985-04-03,11,11.5,11,11,11,1900
1985-04-09,11,11.5,11,11,11,1300
1985-04-10,11,11.5,11,11,11,2400
1985-04-11,11,11.5,11,11,11,4200
1985-04-12,11,11.5,11,11,11,2400
1985-04-15,11,11.5,11,11,11,2300
1985-04-16,11,11.5,11,11,11,500
1985-04-17,11,11.5,11,11,11,1400
1985-04-18,11,11.5,11,11,11,4100
1985-04-22,11,11.5,11,11,11,2000
1985-04-23,11,11.5,11,11,11,1100
1985-04-24,11,11.5,11,11,11,1900
1985-04-25,11,11.5,11,11,11,700
1985-04-26,11,11.5,11,11,11,3100
1985-04-29,11,11.5,11,11,11,12500
1985-04-30,11,11.5,11,11,11,2200
1985-05-01,11.25,12,11.25,11.25,11.25,2300
1985-05-02,11.25,12,11.25,11.25,11.25,500
1985-05-03,11.25,12,11.25,11.25,11.25,2000
1985-05-06,11.25,12,11.25,11.25,11.25,1000
1985-05-08,11.25,12,11.25,11.25,11.25,1000
1985-05-09,11.25,12,11.25,11.25,11.25,5300
1985-05-10,11.25,12,11.25,11.25,11.25,2000
1985-05-13,11.25,12,11.25,11.25,11.25,500
1985-05-14,11.25,12,11.25,11.25,11.25,3200
1985-05-15,11.25,12,11.25,11.25,11.25,1700
1985-05-16,11.25,12,11.25,11.25,11.25,800
1985-05-17,11.25,12,11.25,11.25,11.25,7000
1985-05-20,11.25,11.5,11.25,11.25,11.25,4600
1985-05-21,11.25,11.5,11.25,11.25,11.25,2500
1985-05-23,11.25,11.75,11.25,11.25,11.25,4000
1985-05-24,11.25,11.75,11.25,11.25,11.25,100
1985-05-28,11.5,12.25,11.5,11.5,11.5,300
1985-05-29,11.5,12.25,11.5,11.5,11.5,2300
1985-05-30,11.5,12.25,11.5,11.5,11.5,800
1985-05-31,11.5,12.25,11.5,11.5,11.5,2100
1985-06-03,11.75,12.25,11.75,11.75,11.75,600
1985-06-04,12,12.25,12,12,12,800
1985-06-05,12.75,13.5,12.75,12.75,12.75,5900
1985-06-06,12.5,13.25,12.5,12.5,12.5,14000
1985-06-07,12.25,13,12.25,12.25,12.25,18100
1985-06-10,12.25,13,12.25,12.25,12.25,2700
1985-06-11,12.25,13.25,12.25,12.25,12.25,2700
1985-06-12,12.25,12.75,12.25,12.25,12.25,5400
1985-06-13,12.25,12.75,12.25,12.25,12.25,1500
1985-06-14,12.25,12.75,12.25,12.25,12.25,4300
1985-06-17,12.25,12.75,12.25,12.25,12.25,7700
1985-06-18,12.25,12.75,12.25,12.25,12.25,8300
1985-06-19,12.25,13,12.25,12.25,12.25,3200
1985-06-20,12,12.75,12,12,12,4300
1985-06-21,12,12.75,12,12,12,2200
1985-06-24,11.75,12.5,11.75,11.75,11.75,4000
1985-06-25,11.5,12.25,11.5,11.5,11.5,3700
1985-06-26,11.5,12.25,11.5,11.5,11.5,300
1985-06-27,11.5,12.25,11.5,11.5,11.5,4200
1985-06-28,11.5,12,11.5,11.5,11.5,1800
1985-07-02,11.25,12,11.25,11.25,11.25,3000
1985-07-03,10.75,11.75,10.75,10.75,10.75,5000
1985-07-05,10.75,11.75,10.75,10.75,10.75,500
1985-07-08,11.25,11.75,11.25,11.25,11.25,2100
1985-07-09,11.5,12,11.5,11.5,11.5,4300
1985-07-10,11.5,12,11.5,11.5,11.5,800
1985-07-11,11.5,12,11.5,11.5,11.5,300
1985-07-12,11.5,12,11.5,11.5,11.5,800
1985-07-15,12,12.75,12,12,12,7500
1985-07-16,12,12.75,12,12,12,4600
1985-07-17,12.75,13,12.75,12.75,12.75,33200
1985-07-18,12.75,13.25,12.75,12.75,12.75,5500
1985-07-19,12.75,13.126,12.75,12.75,12.75,229700
1985-07-22,13,13.25,13,13,13,127800
1985-07-23,13.5,14,13.5,13.5,13.5,135700
1985-07-24,13.5,14,13.5,13.5,13.5,44300
1985-07-25,13.75,14.25,13.75,13.75,13.75,12700
1985-07-26,13.75,14.25,13.75,13.75,13.75,3900
1985-07-29,13.25,13.5,13.25,13.25,13.25,20600
1985-07-30,13.25,13.5,13.25,13.25,13.25,7200
1985-07-31,13.25,13.5,13.25,13.25,13.25,11600
1985-08-01,13.75,14,13.75,13.75,13.75,8400
1985-08-02,13.75,14.25,13.75,13.75,13.75,2400
1985-08-05,14,14.25,14,14,14,20600
1985-08-06,14,14.5,14,14,14,32300
1985-08-07,13.75,14.25,13.75,13.75,13.75,7800
1985-08-08,13.75,14.25,13.75,13.75,13.75,11800
1985-08-09,13.75,14,13.75,13.75,13.75,24100
1985-08-12,13.75,14.25,13.75,13.75,13.75,12400
1985-08-13,13.75,14.25,13.75,13.75,13.75,3800
1985-08-14,13.5,14,13.5,13.5,13.5,22400
1985-08-15,13.5,14,13.5,13.5,13.5,3300
1985-08-16,13.5,14,13.5,13.5,13.5,4400
1985-08-20,13.5,14,13.5,13.5,13.5,6400
1985-08-21,13.5,14,13.5,13.5,13.5,15700
1985-08-22,13.5,14,13.5,13.5,13.5,3100
1985-08-23,13.5,14,13.5,13.5,13.5,3700
1985-08-26,13.5,13.75,13.5,13.5,13.5,5800
1985-08-27,13.25,13.5,13.25,13.25,13.25,5500
1985-08-28,13.25,13.75,13.25,13.25,13.25,33700
1985-08-29,13.25,13.75,13.25,13.25,13.25,23900
1985-08-30,13.5,13.75,13.5,13.5,13.5,10600
1985-09-03,13.5,14,13.5,13.5,13.5,3100
1985-09-04,13.5,13.75,13.5,13.5,13.5,4700
1985-09-05,13.5,13.75,13.5,13.5,13.5,4000
1985-09-06,13.25,13.75,13.25,13.25,13.25,50400
1985-09-09,13.25,13.5,13.25,13.25,13.25,2800
1985-09-10,13.25,13.5,13.25,13.25,13.25,3400
1985-09-11,13.25,13.5,13.25,13.25,13.25,70
1985-09-12,13.25,13.5,13.25,13.25,13.25,4200
1985-09-13,13.25,13.5,13.25,13.25,13.25,12700
1985-09-16,13.25,13.5,13.25,13.25,13.25,600
1985-09-17,13.25,13.5,13,13.25,13.25,17800
1985-09-18,13,13.5,13,13,13,1400
1985-09-19,13.75,13.75,13.25,13.75,13.75,6800
1985-09-20,13.75,13.75,13.25,13.75,13.75,16700
1985-09-23,14,14,13.5,14,14,11200
1985-09-24,14.25,14.25,13.5,14.25,14.25,21000
1985-09-25,13.5,14.25,13.5,13.5,13.5,56100
1985-09-26,14,14,13.5,14,14,1200
1985-09-27,14,14,14,14,14,200
1985-09-30,13.5,14,13.5,13.5,13.5,2300
1985-10-01,13.5,13.75,13.5,13.5,13.5,11000
1985-10-02,13.75,13.75,13.75,13.75,13.75,14000
1985-10-03,13.75,13.75,13.5,13.75,13.75,7400
1985-10-04,13.5,13.75,13.5,13.5,13.5,1300
1985-10-07,13.75,13.75,13.5,13.75,13.75,33500
1985-10-08,13.5,13.5,13.5,13.5,13.5,3500
1985-10-09,13.25,13.75,13.25,13.25,13.25,22600
1985-10-10,13,13.5,13,13,13,4000
1985-10-11,13,13,13,13,13,200
1985-10-14,13,13,13,13,13,100
1985-10-15,13.5,13.5,13.5,13.5,13.5,200
1985-10-16,13.5,13.5,13.25,13.5,13.5,10900
1985-10-17,13.25,13.25,13,13.25,13.25,1900
1985-10-18,7,7,6.5,7,7,12200
1985-10-21,6.625,7,6.625,6.625,6.625,20000
1985-10-22,6.75,7.125,6.625,6.75,6.75,19600
1985-10-23,7,7,6.625,7,7,12000
1985-10-24,6.625,7,6.625,6.625,6.625,4900
1985-10-25,6.625,7,6.625,6.625,6.625,800
1985-10-28,7,7,6.625,7,7,14300
1985-10-29,6.625,7,6.625,6.625,6.625,3000
1985-10-30,6.75,7,6.75,6.75,6.75,17400
1985-10-31,7,7,6.625,7,7,45600
1985-11-01,6.875,7,6.625,6.875,6.875,20800
1985-11-04,6.75,6.75,6.625,6.75,6.75,8300
1985-11-05,6.75,6.875,6.625,6.75,6.75,8200
1985-11-06,6.75,6.75,6.625,6.75,6.75,12400
1985-11-07,6.625,6.75,6.625,6.625,6.625,9800
1985-11-08,6.375,6.625,6.25,6.375,6.375,44100
1985-11-11,6.375,6.75,6.375,6.375,6.375,14900
1985-11-12,6.75,6.75,6.5,6.75,6.75,11700
1985-11-13,6.75,6.75,6.5,6.75,6.75,13600
1985-11-14,6.625,6.875,6.5,6.625,6.625,9100
1985-11-15,7,7,6.75,7,7,18900
1985-11-18,6.75,7,6.75,6.75,6.75,3100
1985-11-19,7.125,7.25,6.875,7.125,7.125,61900
1985-11-20,7.125,7.125,7,7.125,7.125,34400
1985-11-21,7,7.25,7,7,7,64900
1985-11-22,7.375,7.375,7,7.375,7.375,14700
1985-11-25,7.125,7.375,7.125,7.125,7.125,16300
1985-11-26,7.375,7.375,7.125,7.375,7.375,6100
1985-11-27,7.375,7.375,7.125,7.375,7.375,13700
1985-11-29,7.25,7.375,7.125,7.25,7.25,124000
1985-12-02,7.375,7.5,7.25,7.375,7.375,24400
1985-12-03,7.5,7.625,7.125,7.5,7.5,21200
1985-12-04,7.5,7.75,7.5,7.5,7.5,53900
1985-12-05,7.5,7.75,7.5,7.5,7.5,22000
1985-12-06,8.375,8.375,7.5,8.375,8.375,69700
1985-12-09,8.875,8.875,8.125,8.875,8.875,91600
1985-12-10,9,9.25,8.625,9,9,132700
1985-12-11,9,9.25,8.875,9,9,54900
1985-12-12,8.875,9,8.875,8.875,8.875,21400
1985-12-13,8.875,9,8.875,8.875,8.875,22100
1985-12-16,8.75,9,8.75,8.75,8.75,86800
1985-12-17,8.875,9,8.75,8.875,8.875,16100
1985-12-18,9,9,8.75,9,9,9500
1985-12-19,8.75,9,8.75,8.75,8.75,3400
1985-12-20,8.625,9,8.625,8.625,8.625,14300
1985-12-23,8.625,8.875,8.5,8.625,8.625,11500
1985-12-24,8.625,8.875,8.625,8.625,8.625,1900
1985-12-26,8.875,8.875,8.625,8.875,8.875,1500
1985-12-27,8.75,8.875,8.625,8.75,8.75,2800
1985-12-30,8.375,8.75,8.375,8.375,8.375,32000
1985-12-31,8.875,8.875,8.375,8.875,8.875,8100
1986-01-02,8.5,8.75,8.5,8.5,8.5,2000
1986-01-03,8.75,8.75,8.375,8.75,8.75,9000
1986-01-06,8.25,8.625,8.25,8.25,8.25,2600
1986-01-07,8.625,8.75,8.25,8.625,8.625,132800
1986-01-08,8.25,8.75,8.25,8.25,8.25,5500
1986-01-09,8,8.5,8,8,8,13300
1986-01-10,8.375,8.375,8,8.375,8.375,400
1986-01-13,8.375,8.375,8.375,8.375,8.375,23200
1986-01-14,8.375,8.375,8.125,8.375,8.375,5700
1986-01-15,8.25,8.375,8,8.25,8.25,21900
1986-01-16,8.125,8.375,8,8.125,8.125,26200
1986-01-17,8.125,8.375,8.125,8.125,8.125,8400
1986-01-20,8.375,8.375,8.125,8.375,8.375,4500
1986-01-21,8.25,8.25,8.125,8.25,8.25,8000
1986-01-22,8.125,8.375,8.125,8.125,8.125,10700
1986-01-23,8.125,8.125,8.125,8.125,8.125,2200
1986-01-24,8.375,8.375,8.125,8.375,8.375,5600
1986-01-27,8.25,8.25,8.125,8.25,8.25,3300
1986-01-28,8.125,8.125,8.125,8.125,8.125,4700
1986-01-29,8.375,8.375,8.125,8.375,8.375,14400
1986-01-31,7.75,8.375,7.75,7.75,7.75,7600
1986-02-03,8,8,7.625,8,8,214700
1986-02-04,7.75,8.125,7.5,7.75,7.75,14800
1986-02-05,7.5,7.75,7.375,7.5,7.5,44200
1986-02-06,6.75,7.75,6.5,6.75,6.75,28600
1986-02-07,7.375,7.625,6.875,7.375,7.375,27800
1986-02-10,7.375,7.625,7.375,7.375,7.375,10200
1986-02-11,7.5,7.625,7.375,7.5,7.5,13700
1986-02-12,7.375,7.875,7.375,7.375,7.375,23000
1986-02-13,7.875,7.875,7.5,7.875,7.875,3000
1986-02-14,8.25,8.25,7.625,8.25,8.25,19300
1986-02-18,8.375,8.5,8,8.375,8.375,16800
1986-02-19,8.375,8.625,8.375,8.375,8.375,4100
1986-02-20,8.125,8.625,8.125,8.125,8.125,32800
1986-02-21,8.125,8.25,7.75,8.125,8.125,17500
1986-02-24,8.125,8.125,7.75,8.125,8.125,5500
1986-02-25,8.125,8.125,7.75,8.125,8.125,19600
1986-02-26,8.125,8.125,7.875,8.125,8.125,7500
1986-02-27,7.875,8.125,7.875,7.875,7.875,10900
1986-02-28,8.25,8.25,7.875,8.25,8.25,8300
1986-03-03,8.625,8.625,8.125,8.625,8.625,22200
1986-03-04,8.625,8.625,8.375,8.625,8.625,19800
1986-03-05,8.5,8.5,8.375,8.5,8.5,20700
1986-03-06,8.5,8.5,8.375,8.5,8.5,27700
1986-03-07,8.5,8.5,8.375,8.5,8.5,58300
1986-03-10,8.5,8.5,8.375,8.5,8.5,7100
1986-03-11,8.5,8.5,8.375,8.5,8.5,64600
1986-03-12,8.625,8.625,8.125,8.625,8.625,190600
1986-03-13,8.375,8.625,8.375,8.375,8.375,10500
1986-03-14,8.125,8.625,8.125,8.125,8.125,8600
1986-03-17,8.125,8.5,8.125,8.125,8.125,6300
1986-03-18,8.375,8.5,8,8.375,8.375,16600
1986-03-19,8.375,8.375,8.125,8.375,8.375,2100
1986-03-20,8.125,8.5,8,8.125,8.125,158900
1986-03-21,8.5,8.5,8.125,8.5,8.5,24200
1986-03-24,8.375,8.5,8.125,8.375,8.375,9200
1986-03-25,8.375,8.5,8.125,8.375,8.375,4400
1986-03-26,8.125,8.375,8,8.125,8.125,24500
1986-03-27,8.375,8.375,8.125,8.375,8.375,2800
1986-03-31,8.375,8.375,8.125,8.375,8.375,3000
1986-04-01,8.375,8.375,8.125,8.375,8.375,52900
1986-04-02,8.375,8.375,8.125,8.375,8.375,1900
1986-04-03,8,8.375,8,8,8,3200
1986-04-04,8,8.25,7.875,8,8,20900
1986-04-07,7.75,8.125,7.75,7.75,7.75,8400
1986-04-08,8.125,8.125,7.75,8.125,8.125,6400
1986-04-09,8.375,8.375,8.125,8.375,8.375,30900
1986-04-10,8.625,8.875,8.125,8.625,8.625,339500
1986-04-11,8.625,8.875,8.5,8.625,8.625,55700
1986-04-14,8.75,8.75,8.375,8.75,8.75,83500
1986-04-15,8.375,8.75,8.375,8.375,8.375,5500
1986-04-16,8.75,8.75,8.375,8.75,8.75,24300
1986-04-17,8.5,8.875,8.375,8.5,8.5,33900
1986-04-18,8.875,9,8.5,8.875,8.875,22300
1986-04-21,8.875,8.875,8.625,8.875,8.875,15700
1986-04-22,8.75,9.125,8.625,8.75,8.75,34000
1986-04-23,8.875,9.125,8.75,8.875,8.875,43100
1986-04-24,9.125,9.125,8.75,9.125,9.125,1900
1986-04-25,9,9.125,8.75,9,9,29600
1986-04-28,9.125,9.125,8.75,9.125,9.125,3400
1986-04-29,9.125,9.125,8.875,9.125,9.125,16500
1986-04-30,8.875,9.125,8.875,8.875,8.875,23600
1986-05-01,8.875,9.125,8.875,8.875,8.875,14700
1986-05-02,9.125,9.125,8.875,9.125,9.125,14200
1986-05-05,9.125,9.125,8.875,9.125,9.125,5100
1986-05-06,9.125,9.125,8.875,9.125,9.125,40300
1986-05-07,8.875,9.125,8.875,8.875,8.875,4400
1986-05-08,8.875,8.875,8.875,8.875,8.875,1800
1986-05-09,9.125,9.125,8.875,9.125,9.125,6400
1986-05-12,9,9.125,8.875,9,9,11700
1986-05-13,9,9,8.875,9,9,9800
1986-05-14,8.875,8.875,8.75,8.875,8.875,15500
1986-05-15,8.75,8.875,8.75,8.75,8.75,10000
1986-05-16,8.875,9,8.75,8.875,8.875,13700
1986-05-19,8.875,8.875,8.75,8.875,8.875,82600
1986-05-20,8.75,8.875,8.75,8.75,8.75,18400
1986-05-21,8.75,9,8.75,8.75,8.75,16500
1986-05-22,8.75,9,8.75,8.75,8.75,17200
1986-05-23,8.75,9,8.75,8.75,8.75,47000
1986-05-27,8.75,9,8.75,8.75,8.75,5000
1986-05-28,8.75,9,8.75,8.75,8.75,6500
1986-05-29,9,9,8.75,9,9,17000
1986-05-30,8.75,9,8.75,8.75,8.75,13900
1986-06-02,9,9,8.75,9,9,10400
1986-06-03,8.75,9,8.625,8.75,8.75,23100
1986-06-04,9,9,8.75,9,9,5700
1986-06-05,8.75,9,8.75,8.75,8.75,5300
1986-06-06,8.75,9,8.75,8.75,8.75,4000
1986-06-09,9,9,8.625,9,9,3900
1986-06-10,9,9,8.625,9,9,3900
1986-06-11,9,9,8.625,9,9,2500
1986-06-12,8.625,9,8.625,8.625,8.625,4200
1986-06-13,9,9,8.625,9,9,14100
1986-06-16,8.625,9,8.625,8.625,8.625,8900
1986-06-17,9,9,8.625,9,9,40400
1986-06-18,8.875,9,8.625,8.875,8.875,16300
1986-06-19,8.625,8.875,8.625,8.625,8.625,7900
1986-06-20,8.625,8.875,8.625,8.625,8.625,4500
1986-06-23,8.875,8.875,8.125,8.875,8.875,97800
1986-06-24,9,9,8.625,9,9,220200
1986-06-25,8.875,8.875,8.5,8.875,8.875,3900
1986-06-26,8.5,8.875,8.5,8.5,8.5,8300
1986-06-27,9.25,9.25,8.5,9.25,9.25,117300
1986-06-30,8.875,9.25,8.875,8.875,8.875,10200
1986-07-01,9.375,9.375,9,9.375,9.375,56000
1986-07-02,9.375,9.375,9,9.375,9.375,7900
1986-07-03,9.25,9.375,9,9.25,9.25,3900
1986-07-07,9,9.25,8.75,9,9,21600
1986-07-08,8.625,9,8.625,8.625,8.625,7000
1986-07-09,8.5,8.875,8.5,8.5,8.5,5500
1986-07-10,8.5,8.75,8.5,8.5,8.5,9300
1986-07-11,8.75,8.75,8.375,8.75,8.75,4200
1986-07-14,8.375,8.625,8.375,8.375,8.375,2100
1986-07-15,8.375,8.625,8.375,8.375,8.375,19300
1986-07-16,8.625,8.625,8.375,8.625,8.625,6600
1986-07-17,8.625,8.625,8.375,8.625,8.625,3600
1986-07-18,8.625,8.625,8.375,8.625,8.625,10000
1986-07-21,8.375,8.625,8.375,8.375,8.375,21300
1986-07-22,8.5,8.625,8.375,8.5,8.5,10200
1986-07-23,8.375,8.625,8.375,8.375,8.375,14600
1986-07-24,8.125,8.5,8.125,8.125,8.125,3700
1986-07-25,8.25,8.375,8.125,8.25,8.25,24900
1986-07-28,8.125,8.5,8.125,8.125,8.125,3700
1986-07-29,8.125,8.375,8.125,8.125,8.125,6900
1986-07-30,8,8.25,8,8,8,9500
1986-07-31,7.375,8.25,7.25,7.375,7.375,115400
1986-08-01,7.125,7.375,7,7.125,7.125,30500
1986-08-04,7,7,6.875,7,7,3000
1986-08-05,7,7,6.75,7,7,4100
1986-08-06,6.75,7,6.75,6.75,6.75,3800
1986-08-07,6.625,6.875,6.625,6.625,6.625,9600
1986-08-08,6.75,6.75,6.625,6.75,6.75,3300
1986-08-11,6.75,6.75,6.625,6.75,6.75,2900
1986-08-12,6.75,6.75,6.75,6.75,6.75,3200
1986-08-13,6.625,6.75,6.625,6.625,6.625,2100
1986-08-14,6.625,6.75,6.625,6.625,6.625,6400
1986-08-15,6.75,6.75,6.625,6.75,6.75,4800
1986-08-18,6.75,6.75,6.5,6.75,6.75,20600
1986-08-19,6.5,6.75,6.5,6.5,6.5,12300
1986-08-20,6.75,6.75,6.5,6.75,6.75,8900
1986-08-21,6.875,6.875,6.625,6.875,6.875,5800
1986-08-22,7.125,7.125,6.625,7.125,7.125,54700
1986-08-25,7.125,7.125,6.875,7.125,7.125,25300
1986-08-26,7.125,7.125,7,7.125,7.125,16000
1986-08-27,7.125,7.125,7,7.125,7.125,6500
1986-08-28,7,7.125,7,7,7,11100
1986-08-29,7.125,7.125,7,7.125,7.125,52100
1986-09-02,7,7.125,7,7,7,15600
1986-09-03,7,7.125,7,7,7,11200
1986-09-04,6.875,7.125,6.875,6.875,6.875,19900
1986-09-05,6.75,7.125,6.75,6.75,6.75,24700
1986-09-08,6.875,6.875,6.75,6.875,6.875,5600
1986-09-09,6.875,6.875,6.5,6.875,6.875,5300
1986-09-10,6.25,6.75,6.25,6.25,6.25,22900
1986-09-11,6.25,6.5,5.875,6.25,6.25,43500
1986-09-12,6.25,6.25,6,6.25,6.25,39700
1986-09-15,6,6.25,6,6,6,6300
1986-09-16,6,6.25,6,6,6,28600
1986-09-17,6,6.375,6,6,6,245200
1986-09-18,6.25,6.375,6,6.25,6.25,20000
1986-09-19,6.25,6.25,6,6.25,6.25,4900
1986-09-22,6.25,6.25,6,6.25,6.25,2900
1986-09-23,6.25,6.25,6,6.25,6.25,2100
1986-09-24,6,6.25,5.875,6,6,201300
1986-09-25,6.25,6.25,6,6.25,6.25,3600
1986-09-26,6,6.125,6,6,6,27500
1986-09-29,6.125,6.125,6.125,6.125,6.125,1000
1986-09-30,6.125,6.125,6,6.125,6.125,11500
1986-10-01,5.875,6.125,5.875,5.875,5.875,300
1986-10-02,6.125,6.125,5.875,6.125,6.125,3800
1986-10-03,5.75,6.125,5.75,5.75,5.75,6100
1986-10-06,5.75,6,5.75,5.75,5.75,9900
1986-10-07,5.75,6,5.75,5.75,5.75,7700
1986-10-08,5.75,5.875,5.75,5.75,5.75,2800
1986-10-09,5.75,5.875,5.625,5.75,5.75,3400
1986-10-10,5.75,5.75,5.5,5.75,5.75,3400
1986-10-13,5.25,5.625,5.25,5.25,5.25,2700
1986-10-14,5.375,5.5,5,5.375,5.375,7200
1986-10-15,5,5.5,5,5,5,117600
1986-10-16,5.625,5.625,5,5.625,5.625,34200
1986-10-17,6.125,6.125,5.75,6.125,6.125,25900
1986-10-20,6.125,6.125,5.75,6.125,6.125,18000
1986-10-21,5.75,6.125,5.75,5.75,5.75,4100
1986-10-22,6.125,6.125,5.75,6.125,6.125,4500
1986-10-23,6.125,6.125,5.75,6.125,6.125,3200
1986-10-24,6.125,6.125,5.75,6.125,6.125,2900
1986-10-27,6.125,6.125,5.875,6.125,6.125,8900
1986-10-28,6.125,6.125,5.875,6.125,6.125,2200
1986-10-29,6,6.125,5.875,6,6,14100
1986-10-30,6.125,6.125,6,6.125,6.125,24800
1986-10-31,6.25,6.25,6,6.25,6.25,3000
1986-11-03,6.375,6.375,6.125,6.375,6.375,6700
1986-11-04,6.25,6.375,5.875,6.25,6.25,16600
1986-11-05,6.125,6.125,5.875,6.125,6.125,15800
1986-11-06,6.25,6.25,6,6.25,6.25,5800
1986-11-07,6.5,6.5,6.25,6.5,6.5,17800
1986-11-10,6.375,6.5,6.25,6.375,6.375,5000
1986-11-11,6.5,6.5,6.25,6.5,6.5,7000
1986-11-12,6.375,6.375,6.25,6.375,6.375,15500
1986-11-13,6.25,6.5,6.25,6.25,6.25,13800
1986-11-14,6.5,6.5,6.25,6.5,6.5,11500
1986-11-17,6.25,6.5,6.25,6.25,6.25,7500
1986-11-18,5.875,6.375,5.875,5.875,5.875,26800
1986-11-19,5.875,6.25,5.625,5.875,5.875,34600
1986-11-20,5.5,5.625,5.25,5.5,5.5,9200
1986-11-21,5.5,5.5,5.25,5.5,5.5,18600
1986-11-24,5.625,5.625,5.25,5.625,5.625,6800
1986-11-25,5.625,5.625,5.25,5.625,5.625,6000
1986-11-26,5.625,5.625,5.25,5.625,5.625,17900
1986-11-28,5.625,5.625,5.25,5.625,5.625,39600
1986-12-01,5.625,5.625,5.25,5.625,5.625,31900
1986-12-02,5.625,5.625,5.375,5.625,5.625,64400
1986-12-03,5.375,5.625,5.375,5.375,5.375,41000
1986-12-04,5.625,5.625,5.375,5.625,5.625,188700
1986-12-05,5.625,5.625,5.375,5.625,5.625,5100
1986-12-08,5.375,5.625,5.375,5.375,5.375,10800
1986-12-09,5.5,5.875,5.5,5.5,5.5,25500
1986-12-10,6,6,5.5,6,6,13400
1986-12-11,6.125,6.25,5.625,6.125,6.125,36600
1986-12-12,6.25,6.25,5.875,6.25,6.25,4300
1986-12-15,5.875,6.25,5.875,5.875,5.875,25900
1986-12-16,6.375,6.375,6,6.375,6.375,13800
1986-12-17,6.375,6.5,6.125,6.375,6.375,37400
1986-12-18,6.5,6.5,6.25,6.5,6.5,9200
1986-12-19,6,6.5,6,6,6,3100
1986-12-22,6,6.375,5.875,6,6,10200
1986-12-23,5.625,6.125,5.625,5.625,5.625,11300
1986-12-24,5.875,6,5.5,5.875,5.875,51900
1986-12-26,5.5,5.875,5.375,5.5,5.5,15000
1986-12-29,5.75,5.75,5.5,5.75,5.75,7600
1986-12-30,5.625,5.625,5.375,5.625,5.625,193400
1986-12-31,5.625,5.625,5.375,5.625,5.625,12800
1987-01-02,5.625,5.625,5.375,5.625,5.625,5100
1987-01-05,5.5,5.625,5.375,5.5,5.5,32100
1987-01-06,5.375,5.625,5.375,5.375,5.375,15800
1987-01-07,5.625,5.625,5.375,5.625,5.625,5300
1987-01-08,5.5,5.625,5.375,5.5,5.5,38200
1987-01-09,5.625,5.625,5.375,5.625,5.625,35500
1987-01-12,5.5,5.75,5.375,5.5,5.5,75400
1987-01-13,5.625,5.625,5.375,5.625,5.625,38500
1987-01-14,6.375,6.375,5.375,6.375,6.375,173600
1987-01-15,6.625,6.625,6.125,6.625,6.625,129200
1987-01-16,6.5,6.625,6.375,6.5,6.5,25200
1987-01-19,6.5,6.625,6.125,6.5,6.5,15200
1987-01-20,6.5,6.5,6.125,6.5,6.5,21900
1987-01-21,6.5,6.5,6.125,6.5,6.5,4700
1987-01-22,6.5,6.5,6,6.5,6.5,5400
1987-01-23,6.5,6.5,6,6.5,6.5,63300
1987-01-26,6.5,6.5,6,6.5,6.5,14200
1987-01-27,6.125,6.5,6,6.125,6.125,13500
1987-01-28,6.5,6.5,6,6.5,6.5,58900
1987-01-29,6.375,6.5,6,6.375,6.375,42300
1987-01-30,6.375,6.375,6,6.375,6.375,10600
1987-02-02,6.125,6.375,6,6.125,6.125,31100
1987-02-03,6.25,6.375,6.125,6.25,6.25,64600
1987-02-04,6.25,6.25,6.125,6.25,6.25,51600
1987-02-05,6.25,6.25,6.125,6.25,6.25,134600
1987-02-06,6.375,6.375,6.125,6.375,6.375,167000
1987-02-09,6.125,6.375,6.125,6.125,6.125,79400
1987-02-10,6.25,6.375,6.125,6.25,6.25,198900
1987-02-11,6.125,6.375,6.125,6.125,6.125,43500
1987-02-12,6.125,6.375,6.125,6.125,6.125,67700
1987-02-13,6.375,6.375,6.125,6.375,6.375,136900
1987-02-17,6.875,6.875,6.125,6.875,6.875,68900
1987-02-18,6.75,7.125,6.5,6.75,6.75,150000
1987-02-19,7.125,7.25,6.75,7.125,7.125,116300
1987-02-20,7.375,7.5,6.75,7.375,7.375,125100
1987-02-23,7.625,7.625,7.125,7.625,7.625,40000
1987-02-24,8,8.25,7.5,8,8,194200
1987-02-25,8.125,8.25,8,8.125,8.125,74400
1987-02-26,7.875,8.25,7.5,7.875,7.875,48800
1987-02-27,7.75,8,7.5,7.75,7.75,76600
1987-03-02,7.875,8.125,7.75,7.875,7.875,49600
1987-03-03,8,8,7.5,8,8,23800
1987-03-04,7.5,7.875,7.5,7.5,7.5,22300
1987-03-05,7.5,7.75,7.375,7.5,7.5,13100
1987-03-06,7.375,7.75,7.375,7.375,7.375,44300
1987-03-09,7.75,7.75,7.375,7.75,7.75,5700
1987-03-10,8.125,8.125,7.375,8.125,8.125,182500
1987-03-11,8.25,8.625,8,8.25,8.25,216800
1987-03-12,8.25,8.625,8.25,8.25,8.25,25400
1987-03-13,8.25,8.625,8.25,8.25,8.25,294300
1987-03-16,8.25,8.5,8.25,8.25,8.25,74300
1987-03-17,8.25,8.5,8.25,8.25,8.25,22000
1987-03-18,8.25,8.5,8.25,8.25,8.25,14000
1987-03-19,8.5,8.5,8.25,8.5,8.5,31200
1987-03-20,8.25,8.5,8.25,8.25,8.25,11400
1987-03-23,8.25,8.5,8.25,8.25,8.25,14900
1987-03-24,7.875,8.5,7.875,7.875,7.875,26000
1987-03-25,7.625,8,7.625,7.625,7.625,17300
1987-03-26,7.75,7.875,7.375,7.75,7.75,141900
1987-03-27,7.875,7.875,7.5,7.875,7.875,110500
1987-03-30,7.75,7.75,7.5,7.75,7.75,10100
1987-03-31,7.5,7.75,7.5,7.5,7.5,8800
1987-04-01,7.25,7.75,7.25,7.25,7.25,77400
1987-04-02,7.25,7.625,7.25,7.25,7.25,7500
1987-04-03,7.625,7.625,7.25,7.625,7.625,45000
1987-04-06,7.625,7.625,7.25,7.625,7.625,16400
1987-04-07,7.25,7.625,7.25,7.25,7.25,29400
1987-04-08,7.625,7.625,7,7.625,7.625,59700
1987-04-09,7.625,7.625,7.25,7.625,7.625,4300
1987-04-10,7.625,7.625,7.25,7.625,7.625,3000
1987-04-13,7.625,7.625,7.25,7.625,7.625,3300
1987-04-14,7.25,7.625,7.25,7.25,7.25,1700
1987-04-15,7.625,7.625,7.25,7.625,7.625,2900
1987-04-16,7.625,7.625,7.25,7.625,7.625,5100
1987-04-20,7.625,7.625,7.25,7.625,7.625,6500
1987-04-21,7.375,7.5,7.125,7.375,7.375,6900
1987-04-22,7.375,7.375,7.125,7.375,7.375,9000
1987-04-23,7.125,7.375,7.125,7.125,7.125,11300
1987-04-24,6.875,7.375,6.875,6.875,6.875,11500
1987-04-27,7,7,6.75,7,7,24300
1987-04-28,7,7,6.75,7,7,8900
1987-04-29,6.625,7,6.625,6.625,6.625,15600
1987-04-30,6.625,6.625,6.5,6.625,6.625,16000
1987-05-01,6.875,6.875,6.375,6.875,6.875,107300
1987-05-04,7,7,6.5,7,7,26500
1987-05-05,6.75,7,6.75,6.75,6.75,8400
1987-05-06,6.75,7.125,6.75,6.75,6.75,101700
1987-05-07,7.125,7.5,6.75,7.125,7.125,166800
1987-05-08,7.25,7.625,7.125,7.25,7.25,95100
1987-05-11,7.625,7.625,7.25,7.625,7.625,49800
1987-05-12,7.25,7.625,7.25,7.25,7.25,11900
1987-05-13,7.5,7.625,7.25,7.5,7.5,36500
1987-05-14,7.5,7.75,7.25,7.5,7.5,18900
1987-05-15,7.5,7.5,7.5,7.5,7.5,17400
1987-05-18,7.125,7.75,7.125,7.125,7.125,22800
1987-05-19,7.125,7.5,7.125,7.125,7.125,60400
1987-05-20,7.125,7.375,7.125,7.125,7.125,38200
1987-05-21,7.375,7.375,7.125,7.375,7.375,3100
1987-05-22,7.125,7.375,7.125,7.125,7.125,6200
1987-05-26,7.125,7.375,6.875,7.125,7.125,10100
1987-05-27,6.875,6.875,6.875,6.875,6.875,900
1987-05-28,8.125,8.25,7,8.125,8.125,146900
1987-05-29,8.125,8.625,7.875,8.125,8.125,36000
1987-06-01,8.125,8.125,7.875,8.125,8.125,56900
1987-06-02,7.875,8.125,7.875,7.875,7.875,8800
1987-06-03,8.125,8.125,7.875,8.125,8.125,9800
1987-06-04,8.125,8.125,7.875,8.125,8.125,82400
1987-06-05,7.875,8.125,7.875,7.875,7.875,15600
1987-06-08,7.875,8.125,7.875,7.875,7.875,6000
1987-06-09,7.875,8,7.625,7.875,7.875,2900
1987-06-10,7.625,7.875,7.625,7.625,7.625,16700
1987-06-11,7.625,7.875,7.5,7.625,7.625,36700
1987-06-12,7.625,7.75,7.375,7.625,7.625,39500
1987-06-15,7.625,7.625,7.25,7.625,7.625,7100
1987-06-16,7.5,7.5,7.125,7.5,7.5,12400
1987-06-17,7.125,7.5,7,7.125,7.125,52600
1987-06-18,6.875,7.25,6.875,6.875,6.875,800
1987-06-19,6.875,7.125,6.75,6.875,6.875,10200
1987-06-22,7.25,7.25,6.875,7.25,7.25,74000
1987-06-23,6.875,7.25,6.875,6.875,6.875,2200
1987-06-24,6.875,7.25,6.875,6.875,6.875,137000
1987-06-25,6.875,7.25,6.875,6.875,6.875,12200
1987-06-26,7.25,7.25,6.875,7.25,7.25,3900
1987-06-29,6.875,7.25,6.875,6.875,6.875,36800
1987-06-30,7.125,7.125,6.875,7.125,7.125,9900
1987-07-01,7,7.125,6.875,7,7,23200
1987-07-02,6.875,7.125,6.875,6.875,6.875,74500
1987-07-06,7.125,7.125,6.875,7.125,7.125,63100
1987-07-07,7.375,7.375,7,7.375,7.375,27000
1987-07-08,7.5,7.5,7.125,7.5,7.5,23800
1987-07-09,7.25,7.5,7.25,7.25,7.25,4500
1987-07-10,7.125,7.5,7.125,7.125,7.125,35200
1987-07-13,7.125,7.375,7.125,7.125,7.125,15700
1987-07-14,7.375,7.375,7.125,7.375,7.375,20400
1987-07-15,7.5,7.5,7.25,7.5,7.5,15200
1987-07-16,7.5,7.5,7.25,7.5,7.5,10100
1987-07-17,7.5,7.5,7.25,7.5,7.5,13500
1987-07-20,7.5,7.5,7.25,7.5,7.5,4900
1987-07-21,7.25,7.5,7.25,7.25,7.25,6400
1987-07-22,7.25,7.375,7.25,7.25,7.25,13000
1987-07-23,7.375,7.5,7,7.375,7.375,22400
1987-07-24,7.25,7.5,7.125,7.25,7.25,22200
1987-07-27,7.375,7.5,7.25,7.375,7.375,11600
1987-07-28,7.25,7.5,7.25,7.25,7.25,12300
1987-07-29,7.125,7.5,7.125,7.125,7.125,21000
1987-07-30,7.25,7.5,7,7.25,7.25,19700
1987-07-31,7,7.25,7,7,7,19100
1987-08-03,7.125,7.25,7,7.125,7.125,30500
1987-08-04,7,7.375,7,7,7,61900
1987-08-05,7,7.375,7,7,7,6200
1987-08-06,7,7.25,7,7,7,8600
1987-08-07,7.25,7.25,7,7.25,7.25,2700
1987-08-10,7,7.25,7,7,7,9600
1987-08-11,7.375,7.5,7,7.375,7.375,27400
1987-08-12,7.5,7.5,7.125,7.5,7.5,21300
1987-08-13,7.25,7.5,7.25,7.25,7.25,11200
1987-08-14,7.25,7.5,7.125,7.25,7.25,5300
1987-08-17,7.5,7.5,7.25,7.5,7.5,7800
1987-08-18,7.5,7.5,7.25,7.5,7.5,10000
1987-08-19,7.625,7.625,7.25,7.625,7.625,19100
1987-08-20,7.5,7.75,7.375,7.5,7.5,28900
1987-08-21,8.125,8.125,7.5,8.125,8.125,26300
1987-08-24,8.25,8.25,7.75,8.25,8.25,34300
1987-08-25,8.125,8.25,7.875,8.125,8.125,24700
1987-08-26,8.125,8.25,7.875,8.125,8.125,16300
1987-08-27,8.125,8.125,7.875,8.125,8.125,10100
1987-08-28,7.75,8.125,7.75,7.75,7.75,14900
1987-08-31,7.75,8.125,7.75,7.75,7.75,6400
1987-09-01,7.5,8,7.5,7.5,7.5,110300
1987-09-02,7.5,7.75,7.5,7.5,7.5,3600
1987-09-03,7,7.75,7,7,7,42400
1987-09-04,7.25,7.25,7,7.25,7.25,17300
1987-09-08,6.75,7.25,6.5,6.75,6.75,27100
1987-09-09,6.5,6.875,6.5,6.5,6.5,7400
1987-09-10,6.5,6.875,6.5,6.5,6.5,8200
1987-09-11,6.875,6.875,6.5,6.875,6.875,9600
1987-09-14,6.875,6.875,6.625,6.875,6.875,37900
1987-09-15,6.625,6.875,6.625,6.625,6.625,8700
1987-09-16,6.625,6.875,6.625,6.625,6.625,9900
1987-09-17,6.875,6.875,6.625,6.875,6.875,12000
1987-09-18,6.875,6.875,6.625,6.875,6.875,18100
1987-09-21,6.875,6.875,6.625,6.875,6.875,21200
1987-09-22,6.75,7,6.625,6.75,6.75,3700
1987-09-23,6.75,7.125,6.75,6.75,6.75,6200
1987-09-24,6.75,7.125,6.75,6.75,6.75,13900
1987-09-25,7.125,7.125,6.75,7.125,7.125,3600
1987-09-28,7.125,7.125,7.125,7.125,7.125,2000
1987-09-29,7.25,7.625,7.125,7.25,7.25,19200
1987-09-30,7.625,7.625,7.25,7.625,7.625,14700
1987-10-01,7.625,7.625,7.25,7.625,7.625,3500
1987-10-02,7.375,7.75,7.375,7.375,7.375,18900
1987-10-05,7.375,7.75,7.375,7.375,7.375,10500
1987-10-06,7.75,7.75,7.375,7.75,7.75,2000
1987-10-07,7.375,7.75,7.375,7.375,7.375,16900
1987-10-08,7.75,7.75,7.375,7.75,7.75,13400
1987-10-09,7.75,7.75,7.375,7.75,7.75,13300
1987-10-12,7.375,7.75,7.375,7.375,7.375,19200
1987-10-13,7.375,7.625,7.375,7.375,7.375,96400
1987-10-14,7,7.375,7,7,7,9500
1987-10-15,6.625,7.125,6.625,6.625,6.625,28300
1987-10-16,6.25,6.625,6.125,6.25,6.25,12600
1987-10-19,5.375,6.25,5.125,5.375,5.375,39600
1987-10-20,4.5,5.375,4.25,4.5,4.5,48300
1987-10-21,5.75,5.75,4.5,5.75,5.75,27200
1987-10-22,5.125,5.625,5,5.125,5.125,19900
1987-10-23,4.875,5.25,4.5,4.875,4.875,22200
1987-10-26,3.875,4.625,3,3.875,3.875,34900
1987-10-27,3.75,4.25,3.625,3.75,3.75,82100
1987-10-28,3.625,4,3.625,3.625,3.625,18600
1987-10-29,3.875,4,3.625,3.875,3.875,52900
1987-10-30,4.75,4.875,3.875,4.75,4.75,23200
1987-11-02,4.875,5.125,4.75,4.875,4.875,18900
1987-11-03,4.75,5,4.25,4.75,4.75,26100
1987-11-04,4.75,4.75,4.25,4.75,4.75,44900
1987-11-05,4.75,4.75,4.25,4.75,4.75,4400
1987-11-06,4.75,5,4.375,4.75,4.75,9700
1987-11-09,4.625,5,4.625,4.625,4.625,33200
1987-11-10,4.5,4.875,4.5,4.5,4.5,28300
1987-11-11,4.5,4.875,4.5,4.5,4.5,7800
1987-11-12,4.5,4.75,4.5,4.5,4.5,16500
1987-11-13,4.5,4.625,4.25,4.5,4.5,14900
1987-11-16,4.5,4.5,4,4.5,4.5,92800
1987-11-17,4.25,4.5,4.25,4.25,4.25,20300
1987-11-18,4,4.5,4,4,4,8200
1987-11-19,4,4.5,3.75,4,4,55100
1987-11-20,4.125,4.125,3.625,4.125,4.125,41200
1987-11-23,4,4,3.5,4,4,37900
1987-11-24,3.75,4,3.625,3.75,3.75,40200
1987-11-25,3.625,4,3.625,3.625,3.625,14600
1987-11-27,3.625,4,3.625,3.625,3.625,25100
1987-11-30,4,4,3.625,4,4,24700
1987-12-01,3.625,3.875,3.625,3.625,3.625,69700
1987-12-02,3.625,4,3.625,3.625,3.625,29900
1987-12-03,3.625,4,3.625,3.625,3.625,79300
1987-12-04,3.75,4,3.625,3.75,3.75,101800
1987-12-07,3.625,4,3.625,3.625,3.625,12100
1987-12-08,3.625,4,3.625,3.625,3.625,17700
1987-12-09,3.75,4,3.625,3.75,3.75,5300
1987-12-10,3.75,4,3.75,3.75,3.75,65600
1987-12-11,3.875,4.25,3.75,3.875,3.875,32000
1987-12-14,3.875,4.25,3.875,3.875,3.875,27500
1987-12-15,4,4.375,4,4,4,20200
1987-12-16,4.125,4.375,3.875,4.125,4.125,18800
1987-12-17,4.125,4.375,4.125,4.125,4.125,23200
1987-12-18,4.125,4.375,4.125,4.125,4.125,17900
1987-12-21,4.25,4.375,4.125,4.25,4.25,16100
1987-12-22,4.125,4.375,4.125,4.125,4.125,25700
1987-12-23,4.375,4.375,4.125,4.375,4.375,13500
1987-12-24,4.25,4.375,4,4.25,4.25,39200
1987-12-28,4.25,4.375,4.25,4.25,4.25,17700
1987-12-29,4.375,4.375,4.25,4.375,4.375,24300
1987-12-30,4.5,4.75,4.25,4.5,4.5,249700
1987-12-31,4.5,4.5,4.25,4.5,4.5,235200
1988-01-04,4.562,4.625,4.375,4.562,4.562,14900
1988-01-05,5,5.25,4.75,5,5,31500
1988-01-06,5,5.25,5,5,5,7200
1988-01-07,5.25,5.25,5,5.25,5.25,14000
1988-01-08,4.875,5.25,4.875,4.875,4.875,16800
1988-01-11,4.437,5,4.125,4.437,4.437,52000
1988-01-12,4.375,4.5,4.125,4.375,4.375,9400
1988-01-13,4,4.25,4,4,4,15600
1988-01-14,4,4.25,4,4,4,8400
1988-01-15,4.25,4.5,4.25,4.25,4.25,14600
1988-01-18,4.25,4.5,4.25,4.25,4.25,1400
1988-01-19,4.25,4.5,4.25,4.25,4.25,5800
1988-01-20,4.5,4.5,4.25,4.5,4.5,3800
1988-01-21,4.25,4.5,4.25,4.25,4.25,8000
1988-01-22,4.5,4.5,4.25,4.5,4.5,17300
1988-01-25,4.5,4.5,4.25,4.5,4.5,3900
1988-01-26,4.375,4.5,4.125,4.375,4.375,84700
1988-01-27,4.5,4.5,4.125,4.5,4.5,5200
1988-01-28,4.5,4.5,4.125,4.5,4.5,2800
1988-01-29,4.5,4.5,4.25,4.5,4.5,5000
1988-02-01,4.5,4.625,4.375,4.5,4.5,5800
1988-02-02,4.875,4.875,4.375,4.875,4.875,24900
1988-02-03,4.625,4.625,4.625,4.625,4.625,1900
1988-02-04,4.875,4.875,4.5,4.875,4.875,14600
1988-02-05,4.5,4.875,4.5,4.5,4.5,4800
1988-02-08,4.875,4.875,4.5,4.875,4.875,1900
1988-02-09,4.875,4.875,4.5,4.875,4.875,11500
1988-02-10,4.625,4.875,4.625,4.625,4.625,400
1988-02-11,4.875,4.875,4.625,4.875,4.875,2000
1988-02-12,4.625,4.875,4.625,4.625,4.625,4800
1988-02-16,5,5.25,4.625,5,5,28000
1988-02-17,5.125,5.375,5,5.125,5.125,23900
1988-02-18,5,5.125,4.875,5,5,8600
1988-02-19,5.25,5.5,5.125,5.25,5.25,22800
1988-02-22,5.125,5.5,5.125,5.125,5.125,1100
1988-02-23,5.125,5.375,5.125,5.125,5.125,8100
1988-02-24,5.25,5.25,5.125,5.25,5.25,4200
1988-02-25,5,5.25,5,5,5,17200
1988-02-26,5.25,5.25,5,5.25,5.25,4200
1988-02-29,5.25,5.25,5,5.25,5.25,3500
1988-03-01,5.125,5.125,5,5.125,5.125,32900
1988-03-02,5,5.25,4.875,5,5,107100
1988-03-03,5.25,5.25,5,5.25,5.25,7000
1988-03-04,5.25,5.5,5,5.25,5.25,33900
1988-03-07,5.75,5.75,5.25,5.75,5.75,21500
1988-03-08,5.5,5.75,5.375,5.5,5.5,16200
1988-03-09,6.125,6.125,5.5,6.125,6.125,43400
1988-03-10,5.75,6.125,5.75,5.75,5.75,7300
1988-03-11,5.75,6.125,5.75,5.75,5.75,54000
1988-03-14,5.875,6.125,5.75,5.875,5.875,10100
1988-03-15,5.875,6.125,5.75,5.875,5.875,2600
1988-03-16,6,6.125,5.75,6,6,27000
1988-03-17,5.875,6.125,5.75,5.875,5.875,30100
1988-03-18,5.75,6,5.625,5.75,5.75,19900
1988-03-21,5.625,5.875,5.625,5.625,5.625,22600
1988-03-22,5.75,5.875,5.5,5.75,5.75,40600
1988-03-23,5.687,5.875,5.5,5.687,5.687,13300
1988-03-24,5.5,5.75,5.5,5.5,5.5,21600
1988-03-25,5.5,5.75,5.375,5.5,5.5,24100
1988-03-28,5.375,5.75,5.375,5.375,5.375,4100
1988-03-29,5.625,5.625,5.375,5.625,5.625,17700
1988-03-30,5.375,5.625,5.375,5.375,5.375,2200
1988-03-31,5.75,5.75,5.375,5.75,5.75,9200
1988-04-04,5.75,5.75,5.375,5.75,5.75,20700
1988-04-05,5.375,5.375,5.375,5.375,5.375,2900
1988-04-06,5.625,5.625,5.375,5.625,5.625,4300
1988-04-07,5.375,5.75,5.375,5.375,5.375,28800
1988-04-08,5.75,5.75,5.375,5.75,5.75,1100
1988-04-11,5.5,5.75,5.375,5.5,5.5,3000
1988-04-12,5.625,5.625,5.5,5.625,5.625,1800
1988-04-13,5.5,5.75,5.5,5.5,5.5,24300
1988-04-14,6,6,5.5,6,6,64400
1988-04-15,6,6,5.625,6,6,1900
1988-04-18,6,6,5.75,6,6,14300
1988-04-19,5.75,6,5.75,5.75,5.75,9800
1988-04-20,6,6,5.75,6,6,27800
1988-04-21,6,6.25,5.875,6,6,65800
1988-04-22,6,6.375,6,6,6,49900
1988-04-25,6,6.125,6,6,6,11200
1988-04-26,6,6.25,6,6,6,8300
1988-04-27,6,6,6,6,6,3000
1988-04-28,6,6.25,6,6,6,17200
1988-04-29,6.25,6.25,5.937,6.25,6.25,7600
1988-05-02,6.25,6.25,6,6.25,6.25,3900
1988-05-03,6,6.125,6,6,6,9000
1988-05-04,6,6.25,6,6,6,4500
1988-05-05,6,6.25,6,6,6,7400
1988-05-06,6,6,6,6,6,1800
1988-05-09,5.75,6.125,5.75,5.75,5.75,8200
1988-05-10,6.125,6.125,6.125,6.125,6.125,2000
1988-05-11,5.75,6,5.75,5.75,5.75,9100
1988-05-12,5.75,6.125,5.75,5.75,5.75,1900
1988-05-16,5.75,6,5.75,5.75,5.75,27400
1988-05-17,5.75,5.75,5.75,5.75,5.75,3300
1988-05-18,5.75,5.875,5.75,5.75,5.75,16700
1988-05-19,5.75,6.125,5.75,5.75,5.75,26100
1988-05-20,5.75,6,5.75,5.75,5.75,15600
1988-05-23,5.75,6.125,5.75,5.75,5.75,3300
1988-05-24,6.125,6.125,5.75,6.125,6.125,15800
1988-05-25,6,6.125,5.875,6,6,10300
1988-05-26,6.125,6.125,5.875,6.125,6.125,2700
1988-05-27,5.875,6.125,5.875,5.875,5.875,4600
1988-05-31,6,6,5.875,6,6,4700
1988-06-01,5.875,6.125,5.875,5.875,5.875,28100
1988-06-02,6.125,6.125,5.875,6.125,6.125,35600
1988-06-03,5.875,6.125,5.875,5.875,5.875,6500
1988-06-06,5.875,6.125,5.875,5.875,5.875,22500
1988-06-07,6.125,6.125,5.875,6.125,6.125,2000
1988-06-08,5.875,5.875,5.875,5.875,5.875,10500
1988-06-09,5.875,6.125,5.875,5.875,5.875,5300
1988-06-10,6.125,6.125,5.875,6.125,6.125,10700
1988-06-13,5.875,5.875,5.875,5.875,5.875,100
1988-06-14,5.875,5.875,5.75,5.875,5.875,24000
1988-06-15,5.625,6,5.625,5.625,5.625,21400
1988-06-16,5.875,5.875,5.625,5.875,5.875,17300
1988-06-17,5.625,5.625,5.625,5.625,5.625,1900
1988-06-20,5.5,5.625,5.5,5.5,5.5,7900
1988-06-21,5.5,5.75,5.5,5.5,5.5,7000
1988-06-22,5.875,5.875,5.5,5.875,5.875,74600
1988-06-23,5.75,5.75,5.5,5.75,5.75,70600
1988-06-24,5.875,5.875,5.5,5.875,5.875,6100
1988-06-27,5.5,5.625,5.5,5.5,5.5,23100
1988-06-28,5.875,5.875,5.5,5.875,5.875,2800
1988-06-29,5.5,5.875,5.5,5.5,5.5,9000
1988-06-30,6,6,5.5,6,6,173400
1988-07-01,5.75,6,5.75,5.75,5.75,3300
1988-07-05,5.875,6.125,5.75,5.875,5.875,15200
1988-07-06,5.875,6.125,5.875,5.875,5.875,5400
1988-07-07,6,6.125,5.875,6,6,11100
1988-07-08,6.25,6.25,5.875,6.25,6.25,44400
1988-07-11,6,6.25,5.875,6,6,31800
1988-07-12,6.125,6.375,6,6.125,6.125,39300
1988-07-13,6,6.125,6,6,6,12900
1988-07-14,6.25,6.25,6,6.25,6.25,42100
1988-07-15,6,6.25,6,6,6,15000
1988-07-18,6.25,6.25,6,6.25,6.25,2700
1988-07-19,6.25,6.25,6,6.25,6.25,16500
1988-07-20,6.375,6.375,6,6.375,6.375,16000
1988-07-21,6.125,6.375,6.125,6.125,6.125,2700
1988-07-22,6.25,6.25,6.125,6.25,6.25,12700
1988-07-25,6.125,6.125,6.125,6.125,6.125,1200
1988-07-26,6.125,6.125,6.125,6.125,6.125,5900
1988-07-27,6.375,6.375,6.125,6.375,6.375,11400
1988-07-28,6.25,6.375,6.125,6.25,6.25,16800
1988-07-29,5.625,6.625,5,5.625,5.625,253000
1988-08-01,5.75,5.75,5.375,5.75,5.75,20300
1988-08-02,5.875,5.875,5.625,5.875,5.875,79300
1988-08-03,5.625,5.875,5.625,5.625,5.625,1900
1988-08-04,5.625,5.875,5.625,5.625,5.625,29200
1988-08-05,5.75,5.75,5.625,5.75,5.75,15700
1988-08-08,5.625,5.875,5.625,5.625,5.625,3100
1988-08-09,5.625,5.625,5.625,5.625,5.625,7300
1988-08-10,5.625,5.75,5.375,5.625,5.625,11300
1988-08-11,5.375,5.625,5.375,5.375,5.375,28600
1988-08-12,5.375,5.5,5.25,5.375,5.375,23700
1988-08-15,5.25,5.5,5.25,5.25,5.25,4600
1988-08-16,5.125,5.375,5,5.125,5.125,15300
1988-08-17,5.25,5.25,5,5.25,5.25,33400
1988-08-18,5.063,5.063,5,5.063,5.063,33300
1988-08-19,5.063,5.125,5,5.063,5.063,8500
1988-08-22,5,5.25,5,5,5,23800
1988-08-23,5,5.25,5,5,5,25000
1988-08-24,5,5.125,4.875,5,5,9400
1988-08-25,4.75,5,4.75,4.75,4.75,18700
1988-08-26,4.625,4.875,4.5,4.625,4.625,99600
1988-08-29,4.625,5,4.625,4.625,4.625,34100
1988-08-30,4.625,4.875,4.625,4.625,4.625,23900
1988-08-31,4.5,4.75,4.5,4.5,4.5,21100
1988-09-01,4.75,4.75,4.5,4.75,4.75,14200
1988-09-02,4.5,4.5,4.5,4.5,4.5,1400
1988-09-06,4.5,4.875,4.5,4.5,4.5,6100
1988-09-07,4.5,4.875,4.5,4.5,4.5,16600
1988-09-08,4.625,4.75,4.5,4.625,4.625,3700
1988-09-09,4.75,4.875,4.5,4.75,4.75,8100
1988-09-12,4.625,4.875,4.625,4.625,4.625,2500
1988-09-13,4.875,4.875,4.625,4.875,4.875,1200
1988-09-14,5,5,4.75,5,5,12400
1988-09-15,4.875,5.125,4.875,4.875,4.875,30700
1988-09-16,5.125,5.125,5,5.125,5.125,45300
1988-09-19,5,5.125,5,5,5,15000
1988-09-20,5.25,5.25,5.125,5.25,5.25,10200
1988-09-21,5.375,5.5,5.125,5.375,5.375,2900
1988-09-22,5.125,5.125,5.125,5.125,5.125,2000
1988-09-23,5.375,5.375,5.125,5.375,5.375,9100
1988-09-26,5.25,5.25,5.25,5.25,5.25,4700
1988-09-27,4.875,5.375,4.875,4.875,4.875,12600
1988-09-28,5,5,4.875,5,5,12400
1988-09-29,5.125,5.125,4.875,5.125,5.125,16500
1988-09-30,5.125,5.125,4.875,5.125,5.125,1400
1988-10-03,4.875,5.125,4.875,4.875,4.875,5100
1988-10-04,5.125,5.125,4.875,5.125,5.125,6200
1988-10-05,4.875,4.875,4.875,4.875,4.875,1400
1988-10-06,5,5.125,4.875,5,5,1700
1988-10-07,5.125,5.125,4.875,5.125,5.125,24800
1988-10-10,5,5.25,5,5,5,3600
1988-10-11,5,5.25,5,5,5,50200
1988-10-12,4.875,5.125,4.875,4.875,4.875,21700
1988-10-14,4.875,4.875,4.875,4.875,4.875,1900
1988-10-17,4.875,4.875,4.875,4.875,4.875,6600
1988-10-18,4.875,5,4.875,4.875,4.875,13400
1988-10-19,4.875,4.875,4.875,4.875,4.875,1400
1988-10-21,4.75,5,4.75,4.75,4.75,1700
1988-10-24,4.75,5,4.75,4.75,4.75,37100
1988-10-25,4.875,4.875,4.75,4.875,4.875,1200
1988-10-26,4.75,4.875,4.75,4.75,4.75,2800
1988-10-27,4.75,4.875,4.625,4.75,4.75,11900
1988-10-28,4.5,4.625,4.5,4.5,4.5,3000
1988-10-31,4.5,4.625,4.5,4.5,4.5,11900
1988-11-01,4.5,4.75,4.5,4.5,4.5,1400
1988-11-02,4.5,4.75,4.5,4.5,4.5,7300
1988-11-03,4.75,4.75,4.5,4.75,4.75,1100
1988-11-04,4.5,4.625,4.5,4.5,4.5,16100
1988-11-07,4.5,4.5,4.5,4.5,4.5,3300
1988-11-08,4.625,4.75,4.5,4.625,4.625,24400
1988-11-09,4.75,4.75,4.5,4.75,4.75,11300
1988-11-10,4.625,4.75,4.5,4.625,4.625,13000
1988-11-11,4.5,4.75,4.5,4.5,4.5,25300
1988-11-14,4.75,4.75,4.5,4.75,4.75,4000
1988-11-15,4.5,4.5,4.5,4.5,4.5,1500
1988-11-16,4.5,4.5,4.5,4.5,4.5,3500
1988-11-17,4.5,4.75,4.5,4.5,4.5,31600
1988-11-18,4.5,4.625,4.5,4.5,4.5,13900
1988-11-21,4.5,4.625,4.5,4.5,4.5,9800
1988-11-22,4.625,4.625,4.5,4.625,4.625,20800
1988-11-23,4.625,4.625,4.5,4.625,4.625,15500
1988-11-25,4.625,4.625,4.5,4.625,4.625,6300
1988-11-28,4.5,4.5,4.5,4.5,4.5,900
1988-11-29,4.5,4.625,4.5,4.5,4.5,6500
1988-11-30,4.5,4.625,4.5,4.5,4.5,38600
1988-12-01,4.5,4.625,4.5,4.5,4.5,27600
1988-12-02,4.5,4.75,4.5,4.5,4.5,8600
1988-12-05,4.5,4.5,4.5,4.5,4.5,900
1988-12-06,4.625,4.625,4.5,4.625,4.625,24200
1988-12-07,4.5,4.625,4.5,4.5,4.5,19100
1988-12-08,4.5,4.625,4.5,4.5,4.5,8300
1988-12-09,4.625,4.625,4.5,4.625,4.625,3400
1988-12-12,4.5,4.625,4.5,4.5,4.5,8400
1988-12-13,4.5,4.75,4.5,4.5,4.5,13100
1988-12-14,4.625,4.625,4.5,4.625,4.625,9600
1988-12-15,4.5,4.625,4.5,4.5,4.5,12100
1988-12-16,4.5,4.625,4.5,4.5,4.5,15800
1988-12-19,4.5,4.5,4.5,4.5,4.5,6900
1988-12-20,4.5,4.5,4.5,4.5,4.5,4100
1988-12-21,4.5,4.5,4.5,4.5,4.5,5900
1988-12-22,4.5,4.625,4.5,4.5,4.5,34700
1988-12-23,4.625,4.75,4.5,4.625,4.625,7600
1988-12-27,4.5,4.75,4.5,4.5,4.5,2500
1988-12-28,4.5,4.75,4.5,4.5,4.5,46900
1988-12-29,4.5,4.5,4.5,4.5,4.5,5800
1988-12-30,4.5,4.75,4.5,4.5,4.5,28100
1989-01-03,4.75,4.75,4.5,4.75,4.75,13500
1989-01-04,4.875,5,4.5,4.875,4.875,84400
1989-01-05,5,5,4.625,5,5,5800
1989-01-06,5,5,4.625,5,5,18900
1989-01-10,4.75,4.875,4.625,4.75,4.75,11400
1989-01-11,5.25,5.25,4.875,5.25,5.25,22600
1989-01-12,4.875,5,4.875,4.875,4.875,13500
1989-01-13,4.875,5.125,4.875,4.875,4.875,34900
1989-01-16,5.125,5.125,5.125,5.125,5.125,600
1989-01-17,4.875,4.875,4.875,4.875,4.875,1200
1989-01-18,4.875,4.875,4.875,4.875,4.875,7600
1989-01-19,5,5,4.875,5,5,23900
1989-01-20,5,5,4.875,5,5,1100
1989-01-23,4.75,4.875,4.5,4.75,4.75,11500
1989-01-24,4.625,4.875,4.625,4.625,4.625,9700
1989-01-25,4.625,4.625,4.625,4.625,4.625,4900
1989-01-26,4.625,5,4.625,4.625,4.625,1900
1989-01-27,4.5,4.875,4.5,4.5,4.5,16500
1989-01-30,4.75,4.75,4.5,4.75,4.75,3300
1989-01-31,4.75,4.75,4.375,4.75,4.75,102100
1989-02-01,4.5,4.5,4.5,4.5,4.5,1700
1989-02-02,4.75,4.75,4.5,4.75,4.75,5000
1989-02-03,4.75,4.75,4.5,4.75,4.75,10200
1989-02-06,4.75,4.75,4.5,4.75,4.75,800
1989-02-07,4.375,4.5,4.375,4.375,4.375,6400
1989-02-08,4.625,4.625,4.375,4.625,4.625,5000
1989-02-09,4.625,4.625,4.375,4.625,4.625,4500
1989-02-10,4.625,4.625,4.375,4.625,4.625,2600
1989-02-13,4.625,4.625,4.375,4.625,4.625,9500
1989-02-14,4.625,4.625,4.375,4.625,4.625,39200
1989-02-15,4.375,4.625,4.375,4.375,4.375,8200
1989-02-16,4.375,4.625,4.375,4.375,4.375,5400
1989-02-17,4.375,4.375,4.375,4.375,4.375,1600
1989-02-21,4.375,4.375,4.375,4.375,4.375,2300
1989-02-22,4.625,4.625,4.375,4.625,4.625,10600
1989-02-23,4.25,4.5,4.125,4.25,4.25,27500
1989-02-24,4.25,4.375,4.125,4.25,4.25,7900
1989-02-27,4,4.375,4,4,4,12300
1989-02-28,4,4.125,4,4,4,36200
1989-03-01,4.25,4.375,4.125,4.25,4.25,19200
1989-03-02,4.25,4.375,4.125,4.25,4.25,12100
1989-03-03,4.25,4.5,4.25,4.25,4.25,23400
1989-03-06,4.25,4.5,4.25,4.25,4.25,2500
1989-03-07,4.25,4.5,4.25,4.25,4.25,3300
1989-03-08,4.375,4.5,4.25,4.375,4.375,4500
1989-03-09,4.5,4.5,4.25,4.5,4.5,4700
1989-03-10,4.5,4.5,4.25,4.5,4.5,2500
1989-03-13,4.5,4.5,4.25,4.5,4.5,6900
1989-03-14,4.5,4.5,4.25,4.5,4.5,22900
1989-03-15,4.375,4.5,4.25,4.375,4.375,9200
1989-03-16,4.25,4.5,4.25,4.25,4.25,23900
1989-03-17,4.375,4.375,4.25,4.375,4.375,31700
1989-03-20,4.25,4.375,4.25,4.25,4.25,10600
1989-03-21,4.375,4.375,4.25,4.375,4.375,3900
1989-03-22,4.375,4.375,4.375,4.375,4.375,500
1989-03-23,4.375,4.375,4.25,4.375,4.375,27900
1989-03-27,4.375,4.375,4.25,4.375,4.375,25000
1989-03-28,4.25,4.375,4.25,4.25,4.25,31000
1989-03-29,4.25,4.375,4.25,4.25,4.25,88600
1989-03-30,4.25,4.375,4.25,4.25,4.25,2100
1989-03-31,4.375,4.5,4.25,4.375,4.375,25100
1989-04-03,4.25,4.375,4.25,4.25,4.25,27500
1989-04-04,4.375,4.375,4.25,4.375,4.375,2400
1989-04-05,4.375,4.375,4.25,4.375,4.375,6000
1989-04-06,4.25,4.25,4.25,4.25,4.25,1500
1989-04-07,4.375,4.375,4.25,4.375,4.375,2100
1989-04-10,4.25,4.375,4.25,4.25,4.25,24700
1989-04-11,4.375,4.375,4.25,4.375,4.375,31300
1989-04-12,4.25,4.375,4.25,4.25,4.25,3100
1989-04-13,4.25,4.375,4.25,4.25,4.25,3300
1989-04-14,4.375,4.375,4.25,4.375,4.375,65200
1989-04-17,4.25,4.375,4.25,4.25,4.25,6200
1989-04-18,4.375,4.5,4.25,4.375,4.375,73500
1989-04-19,4.25,4.25,4.25,4.25,4.25,3100
1989-04-20,4.5,4.5,4.25,4.5,4.5,3400
1989-04-21,4.25,4.5,4.25,4.25,4.25,1600
1989-04-24,4.5,4.5,4.25,4.5,4.5,8700
1989-04-25,4.5,4.625,4.25,4.5,4.5,205600
1989-04-26,4.375,4.625,4.25,4.375,4.375,22700
1989-04-27,4.375,4.625,4.375,4.375,4.375,19100
1989-04-28,4.625,4.625,4.375,4.625,4.625,7400
1989-05-01,4.375,4.625,4.375,4.375,4.375,3600
1989-05-02,4.5,4.75,4.375,4.5,4.5,42900
1989-05-03,4.375,4.75,4.375,4.375,4.375,9200
1989-05-04,4.5,4.5,4.5,4.5,4.5,3300
1989-05-05,4.5,4.75,4.5,4.5,4.5,8600
1989-05-08,4.5,4.75,4.5,4.5,4.5,17100
1989-05-09,4.75,4.75,4.5,4.75,4.75,6100
1989-05-10,4.75,4.75,4.5,4.75,4.75,3000
1989-05-11,4.5,4.75,4.5,4.5,4.5,6800
1989-05-12,4.875,4.875,4.625,4.875,4.875,4200
1989-05-15,4.875,5,4.625,4.875,4.875,3000
1989-05-16,4.875,4.875,4.625,4.875,4.875,2700
1989-05-17,4.625,4.625,4.625,4.625,4.625,1600
1989-05-18,4.875,4.875,4.625,4.875,4.875,7700
1989-05-19,4.875,4.875,4.625,4.875,4.875,2300
1989-05-23,4.875,4.875,4.625,4.875,4.875,15100
1989-05-24,4.75,4.875,4.75,4.75,4.75,7300
1989-05-25,4.875,4.875,4.75,4.875,4.875,2100
1989-05-26,4.875,4.875,4.75,4.875,4.875,3000
1989-05-30,4.75,5,4.75,4.75,4.75,9600
1989-05-31,5,5,4.75,5,5,62200
1989-06-01,5.375,5.625,5,5.375,5.375,57300
1989-06-02,5.625,5.625,5.375,5.625,5.625,29600
1989-06-05,5.375,5.625,5.375,5.375,5.375,7000
1989-06-06,5.375,5.625,5.375,5.375,5.375,6600
1989-06-07,5.375,5.625,5.375,5.375,5.375,15500
1989-06-08,5.375,5.375,5.25,5.375,5.375,7300
1989-06-09,5,5.375,5,5,5,15300
1989-06-12,5,5.25,5,5,5,4300
1989-06-13,5.063,5.25,5,5.063,5.063,18900
1989-06-14,5,5,5,5,5,15500
1989-06-15,4.875,5,4.875,4.875,4.875,19800
1989-06-16,4.875,4.875,4.875,4.875,4.875,7500
1989-06-19,4.875,5,4.875,4.875,4.875,4700
1989-06-20,5,5,4.875,5,5,3800
1989-06-21,4.875,5,4.875,4.875,4.875,33400
1989-06-22,4.875,5,4.875,4.875,4.875,192300
1989-06-23,5.125,5.125,4.875,5.125,5.125,5600
1989-06-26,4.875,4.875,4.875,4.875,4.875,400
1989-06-27,5,5,4.875,5,5,6400
1989-06-28,4.875,4.875,4.875,4.875,4.875,2000
1989-06-29,4.875,4.875,4.875,4.875,4.875,1200
1989-06-30,4.75,5,4.75,4.75,4.75,8900
1989-07-05,5,5,5,5,5,10000
1989-07-06,5,5,4.75,5,5,8400
1989-07-07,5,5,4.75,5,5,6200
1989-07-10,5,5,4.875,5,5,20000
1989-07-11,4.938,5,4.75,4.938,4.938,236700
1989-07-12,4.875,5,4.75,4.875,4.875,21900
1989-07-13,5.125,5.125,4.875,5.125,5.125,19500
1989-07-14,5,5.125,5,5,5,13500
1989-07-17,5,5,4.75,5,5,4700
1989-07-18,4.875,4.875,4.875,4.875,4.875,300
1989-07-19,4.875,5,4.875,4.875,4.875,17200
1989-07-20,4.875,5,4.875,4.875,4.875,13400
1989-07-21,4.875,5,4.875,4.875,4.875,17700
1989-07-24,4.875,4.875,4.875,4.875,4.875,3300
1989-07-25,4.875,5,4.875,4.875,4.875,61300
1989-07-26,5,5,4.875,5,5,37800
1989-07-27,4.875,5.125,4.875,4.875,4.875,40500
1989-07-28,4.875,5,4.875,4.875,4.875,21000
1989-07-31,5,5,4.875,5,5,25400
1989-08-01,4.875,5,4.875,4.875,4.875,27900
1989-08-02,4.875,5,4.875,4.875,4.875,3500
1989-08-03,4.875,4.875,4.875,4.875,4.875,1500
1989-08-04,4.875,4.875,4.875,4.875,4.875,2500
1989-08-07,4.625,4.875,4.5,4.625,4.625,19400
1989-08-08,4.625,4.75,4.625,4.625,4.625,9700
1989-08-09,4.75,4.75,4.625,4.75,4.75,10900
1989-08-10,4.75,4.75,4.625,4.75,4.75,3900
1989-08-11,4.75,4.75,4.625,4.75,4.75,13700
1989-08-14,4.625,4.75,4.625,4.625,4.625,267200
1989-08-15,4.75,4.75,4.563,4.75,4.75,99300
1989-08-16,4.625,4.75,4.625,4.625,4.625,20700
1989-08-17,4.75,4.75,4.625,4.75,4.75,1800
1989-08-18,4.625,4.625,4.625,4.625,4.625,1700
1989-08-21,4.813,4.813,4.625,4.813,4.813,5500
1989-08-22,4.625,4.875,4.625,4.625,4.625,4300
1989-08-23,4.625,4.875,4.625,4.625,4.625,30800
1989-08-24,4.75,4.875,4.625,4.75,4.75,5000
1989-08-25,5.125,5.125,4.625,5.125,5.125,55100
1989-08-28,5,5.125,4.75,5,5,8600
1989-08-29,5,5,4.75,5,5,6200
1989-08-30,5,5,5,5,5,2500
1989-08-31,5,5,4.75,5,5,8300
1989-09-01,4.75,5,4.75,4.75,4.75,4000
1989-09-05,4.75,5,4.75,4.75,4.75,34300
1989-09-06,4.875,5,4.75,4.875,4.875,117400
1989-09-07,5,5,5,5,5,500
1989-09-08,4.875,5,4.75,4.875,4.875,111600
1989-09-11,4.75,5,4.75,4.75,4.75,4000
1989-09-12,5,5,4.75,5,5,5700
1989-09-13,4.875,5,4.75,4.875,4.875,21100
1989-09-14,4.75,5,4.75,4.75,4.75,17300
1989-09-15,4.75,5,4.75,4.75,4.75,4800
1989-09-18,5,5,4.75,5,5,1600
1989-09-19,4.75,5,4.75,4.75,4.75,8100
1989-09-20,4.813,5,4.75,4.813,4.813,9800
1989-09-21,4.813,5,4.75,4.813,4.813,213200
1989-09-22,4.875,4.875,4.75,4.875,4.875,17500
1989-09-25,4.75,4.875,4.75,4.75,4.75,6800
1989-09-26,5,5,4.75,5,5,9800
1989-09-27,4.75,5,4.75,4.75,4.75,2000
1989-09-28,4.75,4.75,4.75,4.75,4.75,2000
1989-09-29,4.75,5,4.75,4.75,4.75,2400
1989-10-02,5,5,5,5,5,1300
1989-10-03,4.75,5,4.75,4.75,4.75,387200
1989-10-04,4.875,4.875,4.875,4.875,4.875,8200
1989-10-05,4.875,5,4.875,4.875,4.875,16800
1989-10-06,4.875,5,4.875,4.875,4.875,5200
1989-10-09,4.875,5,4.875,4.875,4.875,9700
1989-10-10,5,5,4.875,5,5,14200
1989-10-11,5,5,4.875,5,5,3800
1989-10-12,4.875,5,4.875,4.875,4.875,4200
1989-10-13,5,5,4.875,5,5,3900
1989-10-16,4.5,4.75,4.375,4.5,4.5,21700
1989-10-17,4.5,4.625,4.5,4.5,4.5,20500
1989-10-18,4.5,4.75,4.5,4.5,4.5,2000
1989-10-19,4.5,4.75,4.5,4.5,4.5,2500
1989-10-20,4.5,4.75,4.5,4.5,4.5,1900
1989-10-23,4.5,4.5,4.5,4.5,4.5,7500
1989-10-24,4.5,4.75,4.5,4.5,4.5,700
1989-10-25,4.75,4.75,4.5,4.75,4.75,2800
1989-10-26,4.625,4.75,4.5,4.625,4.625,229400
1989-10-27,4.875,4.875,4.625,4.875,4.875,26000
1989-10-30,5,5.125,4.75,5,5,5100
1989-10-31,4.75,5,4.75,4.75,4.75,3800
1989-11-01,5,5,4.75,5,5,2000
1989-11-02,5,5,4.75,5,5,19500
1989-11-03,4.875,5,4.75,4.875,4.875,28300
1989-11-06,4.75,4.875,4.75,4.75,4.75,75500
1989-11-07,4.75,4.875,4.75,4.75,4.75,11000
1989-11-08,4.875,4.875,4.75,4.875,4.875,9500
1989-11-09,4.75,4.875,4.75,4.75,4.75,29000
1989-11-10,4.75,4.875,4.75,4.75,4.75,1300
1989-11-13,4.875,4.875,4.75,4.875,4.875,5000
1989-11-14,4.875,4.875,4.75,4.875,4.875,12300
1989-11-15,4.625,4.875,4.625,4.625,4.625,15400
1989-11-16,4.625,4.75,4.625,4.625,4.625,7400
1989-11-17,4.75,4.75,4.625,4.75,4.75,4700
1989-11-20,4.75,4.75,4.625,4.75,4.75,3300
1989-11-21,4.625,4.75,4.625,4.625,4.625,5400
1989-11-22,4.625,4.75,4.625,4.625,4.625,2400
1989-11-24,4.625,4.75,4.625,4.625,4.625,3300
1989-11-27,4.625,4.75,4.375,4.625,4.625,20900
1989-11-28,4.375,4.625,4.375,4.375,4.375,3700
1989-11-29,4.375,4.625,4.375,4.375,4.375,8100
1989-11-30,4.75,4.75,4.375,4.75,4.75,57300
1989-12-01,4.625,4.875,4.5,4.625,4.625,282300
1989-12-04,5,5,4.625,5,5,50700
1989-12-05,5.125,5.125,4.75,5.125,5.125,83900
1989-12-06,5.125,5.125,4.75,5.125,5.125,120500
1989-12-07,5.25,5.25,4.875,5.25,5.25,36600
1989-12-08,4.875,5.25,4.875,4.875,4.875,4000
1989-12-11,4.875,5.125,4.875,4.875,4.875,3000
1989-12-12,5,5.125,4.875,5,5,7500
1989-12-13,5.125,5.125,4.875,5.125,5.125,6300
1989-12-14,4.875,5.125,4.875,4.875,4.875,10400
1989-12-15,5,5,4.875,5,5,14200
1989-12-18,5,5,4.875,5,5,14000
1989-12-19,4.875,5,4.875,4.875,4.875,9200
1989-12-20,5,5,4.875,5,5,15600
1989-12-21,5.125,5.125,4.875,5.125,5.125,30300
1989-12-22,5.125,5.125,4.875,5.125,5.125,26700
1989-12-26,5.25,5.25,4.875,5.25,5.25,37700
1989-12-27,5.25,5.5,5,5.25,5.25,50900
1989-12-28,5.75,5.75,5.25,5.75,5.75,41700
1989-12-29,5.625,5.75,5.375,5.625,5.625,10700
1990-01-02,5.625,5.75,5.5,5.625,5.625,37700
1990-01-03,5.75,5.75,5.5,5.75,5.75,41600
1990-01-04,5.5,5.75,5.5,5.5,5.5,13700
1990-01-05,5.75,5.75,5.5,5.75,5.75,5800
1990-01-08,5.75,5.75,5.5,5.75,5.75,36400
1990-01-09,5.625,5.75,5.5,5.625,5.625,6100
1990-01-10,5.5,5.5,5.375,5.5,5.5,37600
1990-01-11,5.375,5.5,5.375,5.375,5.375,8500
1990-01-12,5.5,5.5,5.25,5.5,5.5,38300
1990-01-15,5.5,5.5,5.25,5.5,5.5,8400
1990-01-16,5.5,5.5,5.25,5.5,5.5,25900
1990-01-17,5.5,5.5,5.25,5.5,5.5,8500
1990-01-18,5.5,5.5,5.25,5.5,5.5,10500
1990-01-19,5.5,5.5,5.25,5.5,5.5,14400
1990-01-22,5.375,5.375,5.125,5.375,5.375,5100
1990-01-23,5.25,5.375,5.125,5.25,5.25,5200
1990-01-24,5,5.25,5,5,5,46400
1990-01-25,5,5.25,5,5,5,5800
1990-01-26,5.125,5.25,5,5.125,5.125,65300
1990-01-29,5.375,5.375,5.125,5.375,5.375,5000
1990-01-30,5.125,5.25,5.125,5.125,5.125,8600
1990-01-31,5,5.125,5,5,5,117300
1990-02-01,5.25,5.25,5,5.25,5.25,1600
1990-02-02,5,5,5,5,5,2500
1990-02-05,5,5.25,5,5,5,2400
1990-02-06,5.125,5.125,5,5.125,5.125,2900
1990-02-07,5,5.125,5,5,5,80900
1990-02-08,5,5.25,5,5,5,11900
1990-02-09,5,5.063,5,5,5,20500
1990-02-12,5.063,5.063,5,5.063,5.063,7100
1990-02-13,5,5.125,4.625,5,5,21500
1990-02-14,4.875,4.875,4.625,4.875,4.875,33000
1990-02-15,4.75,5.125,4.75,4.75,4.75,16500
1990-02-16,4.875,5.25,4.75,4.875,4.875,9500
1990-02-20,4.875,5.25,4.875,4.875,4.875,1200
1990-02-21,5,5.25,4.875,5,5,57600
1990-02-22,5.125,5.375,5.125,5.125,5.125,15900
1990-02-23,5.375,5.375,5.375,5.375,5.375,3400
1990-02-26,5.125,5.375,5,5.125,5.125,26500
1990-02-27,5.25,5.25,5.125,5.25,5.25,10800
1990-02-28,5.375,5.375,5.125,5.375,5.375,44000
1990-03-01,5.125,5.375,5.125,5.125,5.125,5000
1990-03-02,5.125,5.375,5.125,5.125,5.125,21300
1990-03-05,5.375,5.375,5.125,5.375,5.375,4900
1990-03-06,5.375,5.375,5.125,5.375,5.375,4900
1990-03-07,5.125,5.375,5.125,5.125,5.125,31900
1990-03-08,5.375,5.375,5.125,5.375,5.375,15500
1990-03-09,5.375,5.375,5.125,5.375,5.375,57700
1990-03-12,5.25,5.375,5.125,5.25,5.25,5500
1990-03-13,5.375,5.375,5.125,5.375,5.375,11500
1990-03-14,5.375,5.375,5.125,5.375,5.375,38600
1990-03-15,5.375,5.375,5.125,5.375,5.375,16200
1990-03-16,5.25,5.375,5.125,5.25,5.25,18000
1990-03-19,5.125,5.375,5.125,5.125,5.125,2700
1990-03-20,5.125,5.375,5.125,5.125,5.125,5900
1990-03-21,5.125,5.375,5.125,5.125,5.125,6800
1990-03-22,5.375,5.375,5.125,5.375,5.375,21600
1990-03-23,5.125,5.375,5.125,5.125,5.125,6000
1990-03-26,5.375,5.375,5.25,5.375,5.375,50500
1990-03-27,5.125,5.375,5.125,5.125,5.125,6500
1990-03-28,5.375,5.375,5.125,5.375,5.375,10200
1990-03-29,5.25,5.375,5.125,5.25,5.25,30900
1990-03-30,5.75,5.75,5.375,5.75,5.75,63700
1990-04-02,5.75,5.75,5.5,5.75,5.75,22900
1990-04-03,5.75,5.75,5.5,5.75,5.75,5500
1990-04-04,5.5,5.75,5.5,5.5,5.5,10000
1990-04-05,5.5,5.75,5.5,5.5,5.5,54300
1990-04-06,5.625,5.875,5.5,5.625,5.625,14100
1990-04-09,5.625,5.875,5.625,5.625,5.625,12700
1990-04-10,5.625,5.875,5.625,5.625,5.625,10700
1990-04-11,5.875,5.875,5.625,5.875,5.875,11200
1990-04-12,5.875,5.875,5.625,5.875,5.875,11300
1990-04-16,5.875,5.875,5.625,5.875,5.875,10500
1990-04-17,6,6,5.625,6,6,48300
1990-04-18,6,6,5.75,6,6,22100
1990-04-19,5.75,6,5.75,5.75,5.75,7900
1990-04-20,5.75,5.75,5.75,5.75,5.75,4200
1990-04-23,5.75,6,5.75,5.75,5.75,47600
1990-04-24,6,6,5.75,6,6,17400
1990-04-25,6,6,5.75,6,6,4500
1990-04-26,5.75,6,5.75,5.75,5.75,20800
1990-04-27,6,6,5.625,6,6,14700
1990-04-30,6,6,5.938,6,6,800
1990-05-01,5.875,6,5.5,5.875,5.875,32600
1990-05-02,5.625,6,5.5,5.625,5.625,125400
1990-05-03,6,6,5.625,6,6,6500
1990-05-04,5.875,6,5.75,5.875,5.875,4800
1990-05-07,6,6,5.625,6,6,80700
1990-05-08,6,6,5.75,6,6,7700
1990-05-09,6,6,5.75,6,6,7400
1990-05-10,5.875,6,5.75,5.875,5.875,9000
1990-05-11,6,6,5.75,6,6,1100
1990-05-14,6,6,5.75,6,6,36400
1990-05-15,5.875,6,5.75,5.875,5.875,35400
1990-05-16,6.125,6.125,5.875,6.125,6.125,38100
1990-05-17,6.125,6.125,5.875,6.125,6.125,43000
1990-05-18,6,6.125,6,6,6,36500
1990-05-21,5.75,6.125,5.75,5.75,5.75,15000
1990-05-22,6.125,6.125,5.75,6.125,6.125,4000
1990-05-23,6.125,6.125,5.75,6.125,6.125,8300
1990-05-24,6.125,6.125,5.875,6.125,6.125,19300
1990-05-25,5.875,6.125,5.875,5.875,5.875,2300
1990-05-29,6,6.25,6,6,6,57600
1990-05-30,6.125,6.375,6,6.125,6.125,16300
1990-05-31,6.25,6.375,6,6.25,6.25,14800
1990-06-01,6.125,6.375,6.125,6.125,6.125,35100
1990-06-04,6.125,6.375,6.125,6.125,6.125,12300
1990-06-05,6.375,6.375,6.125,6.375,6.375,38100
1990-06-06,6.375,6.375,6.125,6.375,6.375,24800
1990-06-07,6.375,6.375,6.125,6.375,6.375,5800
1990-06-08,6.375,6.5,6.125,6.375,6.375,28700
1990-06-11,6.125,6.375,6.125,6.125,6.125,11700
1990-06-12,6.375,6.375,6.125,6.375,6.375,7200
1990-06-13,6.875,7,6.125,6.875,6.875,92400
1990-06-14,6.5,6.875,6.5,6.5,6.5,120900
1990-06-15,6.875,6.875,6.5,6.875,6.875,90000
1990-06-18,6.875,7.125,6.625,6.875,6.875,67500
1990-06-19,7.125,7.375,6.625,7.125,7.125,124700
1990-06-20,7.125,7.625,6.75,7.125,7.125,205900
1990-06-21,7,7.125,6.75,7,7,42000
1990-06-22,7.125,7.125,6.75,7.125,7.125,47300
1990-06-25,6.75,7.125,6.75,6.75,6.75,21200
1990-06-26,7,7,6.75,7,7,114900
1990-06-27,7.125,7.125,6.75,7.125,7.125,53200
1990-06-28,7,7.125,6.75,7,7,101200
1990-06-29,7,7,6.75,7,7,42800
1990-07-02,6.75,7,6.75,6.75,6.75,30300
1990-07-03,7.125,7.125,6.875,7.125,7.125,118000
1990-07-05,7,7.125,6.875,7,7,23300
1990-07-06,6.875,7.125,6.75,6.875,6.875,39500
1990-07-09,7.125,7.125,6.75,7.125,7.125,64300
1990-07-10,7.125,7.125,6.875,7.125,7.125,53600
1990-07-11,7.5,7.5,6.875,7.5,7.5,73100
1990-07-12,7.625,7.625,7.25,7.625,7.625,85100
1990-07-13,7.625,7.625,7.375,7.625,7.625,94000
1990-07-16,7.75,7.75,7.375,7.75,7.75,81500
1990-07-17,7.75,8,7.625,7.75,7.75,129000
1990-07-18,7.625,7.875,7.625,7.625,7.625,30600
1990-07-19,7.5,7.875,7.5,7.5,7.5,40100
1990-07-20,7.5,7.75,7.375,7.5,7.5,48600
1990-07-23,7.375,7.75,7.25,7.375,7.375,27200
1990-07-24,7.375,7.5,7.25,7.375,7.375,17700
1990-07-25,7.125,7.375,7.125,7.125,7.125,7500
1990-07-26,7.25,7.375,7.125,7.25,7.25,25600
1990-07-27,7,7.375,6.875,7,7,55300
1990-07-30,6.75,7,6.75,6.75,6.75,9300
1990-07-31,7,7,6.75,7,7,20900
1990-08-01,6.75,7,6.75,6.75,6.75,5600
1990-08-02,7,7,6.625,7,7,4100
1990-08-03,6.625,6.875,6.375,6.625,6.625,18600
1990-08-06,6,6.375,5.938,6,6,20200
1990-08-07,6.375,6.375,6,6.375,6.375,36700
1990-08-08,6.125,6.375,6,6.125,6.125,20200
1990-08-09,6.25,6.5,6.125,6.25,6.25,18300
1990-08-10,6.125,6.25,5.875,6.125,6.125,6800
1990-08-13,5.875,6.125,5.75,5.875,5.875,9700
1990-08-14,6.25,6.25,5.875,6.25,6.25,10800
1990-08-15,6.25,6.25,6,6.25,6.25,9600
1990-08-16,6,6.25,6,6,6,6600
1990-08-17,5.75,6.125,5.75,5.75,5.75,10000
1990-08-20,6,6.125,5.75,6,6,4700
1990-08-21,5.75,5.75,5.375,5.75,5.75,6700
1990-08-22,6,6.25,5.5,6,6,47200
1990-08-23,5.875,6.125,5.875,5.875,5.875,26700
1990-08-24,5.875,6,5.5,5.875,5.875,65000
1990-08-27,5.75,5.875,5.625,5.75,5.75,16900
1990-08-28,6.375,6.375,5.875,6.375,6.375,17700
1990-08-29,6.375,6.375,6.375,6.375,6.375,3800
1990-08-30,6.125,6.375,6,6.125,6.125,9000
1990-08-31,6.625,6.625,6.25,6.625,6.625,11000
1990-09-04,6.625,6.625,6.125,6.625,6.625,11000
1990-09-05,6.625,6.75,6.375,6.625,6.625,3600
1990-09-06,6.625,6.75,6.5,6.625,6.625,9000
1990-09-07,6.75,6.75,6.5,6.75,6.75,17400
1990-09-10,6.875,6.875,6.625,6.875,6.875,8200
1990-09-11,6.75,6.875,6.5,6.75,6.75,17500
1990-09-12,6.875,6.875,6.5,6.875,6.875,12100
1990-09-13,6.625,6.875,6.625,6.625,6.625,2900
1990-09-14,6.625,6.75,6.5,6.625,6.625,7400
1990-09-17,6.25,6.625,6.25,6.25,6.25,8100
1990-09-18,6.375,6.625,6.375,6.375,6.375,16000
1990-09-19,6.375,6.563,6.375,6.375,6.375,10700
1990-09-20,6.5,6.5,6.5,6.5,6.5,1000
1990-09-21,6.375,6.625,6.375,6.375,6.375,2000
1990-09-24,6.25,6.25,6.25,6.25,6.25,11000
1990-09-25,6.5,6.5,6.25,6.5,6.5,8700
1990-09-26,6.125,6.5,6.125,6.125,6.125,10300
1990-09-27,6.125,6.5,6.125,6.125,6.125,8400
1990-09-28,6,6.25,6,6,6,11100
1990-10-01,6,6.125,6,6,6,13400
1990-10-02,6.375,6.375,6.125,6.375,6.375,22900
1990-10-03,6.375,6.375,6.125,6.375,6.375,35000
1990-10-04,6.125,6.375,6.125,6.125,6.125,7000
1990-10-05,6.375,6.375,6,6.375,6.375,43800
1990-10-08,6,6,6,6,6,1000
1990-10-09,5.875,6.25,5.75,5.875,5.875,13800
1990-10-10,6,6,5.625,6,6,15300
1990-10-11,5,6,5,5,5,34800
1990-10-12,5.5,5.5,5,5.5,5.5,152600
1990-10-15,5.875,5.875,5.625,5.875,5.875,16800
1990-10-16,5.875,5.875,5.875,5.875,5.875,300
1990-10-17,5.75,5.875,5.5,5.75,5.75,15200
1990-10-18,5.5,5.625,5.5,5.5,5.5,3500
1990-10-19,5.5,5.875,5.5,5.5,5.5,13200
1990-10-22,5.625,5.875,5.5,5.625,5.625,10500
1990-10-23,5.625,5.875,5.625,5.625,5.625,3400
1990-10-24,6,6,5.625,6,6,8000
1990-10-25,5.875,6,5.625,5.875,5.875,9200
1990-10-26,5.75,5.875,5.625,5.75,5.75,8900
1990-10-29,5.875,6,5.625,5.875,5.875,9700
1990-10-30,5.625,5.625,5.625,5.625,5.625,200
1990-10-31,5.625,6,5.625,5.625,5.625,9100
1990-11-01,5.625,6,5.625,5.625,5.625,6100
1990-11-02,6,6,6,6,6,200
1990-11-05,6,6,5.625,6,6,29400
1990-11-06,5.625,6,5.625,5.625,5.625,15500
1990-11-07,5.75,6,5.625,5.75,5.75,17900
1990-11-08,5.625,5.875,5.5,5.625,5.625,10600
1990-11-09,5.875,5.875,5.5,5.875,5.875,5500
1990-11-12,5.75,5.875,5.625,5.75,5.75,22900
1990-11-13,5.625,6,5.625,5.625,5.625,32400
1990-11-14,5.875,5.875,5.625,5.875,5.875,130600
1990-11-15,5.875,5.875,5.625,5.875,5.875,45300
1990-11-16,6,6,5.625,6,6,8500
1990-11-19,5.75,6,5.625,5.75,5.75,2000
1990-11-20,6.375,6.625,5.75,6.375,6.375,123600
1990-11-21,6.75,6.875,6.25,6.75,6.75,139000
1990-11-23,6.75,6.875,6.5,6.75,6.75,7100
1990-11-26,6.5,6.75,6.5,6.5,6.5,22400
1990-11-27,6.25,6.625,6.25,6.25,6.25,5500
1990-11-28,6.5,6.625,6.25,6.5,6.5,14600
1990-11-29,6.5,6.5,6.25,6.5,6.5,36600
1990-11-30,6.25,6.5,6.25,6.25,6.25,49300
1990-12-03,6.5,6.5,6.25,6.5,6.5,37300
1990-12-04,6.25,6.5,6.25,6.25,6.25,15700
1990-12-05,6.5,6.5,6.25,6.5,6.5,43900
1990-12-06,6.375,6.5,6.25,6.375,6.375,36900
1990-12-07,6.5,6.625,6.375,6.5,6.5,70900
1990-12-10,6.625,6.875,6.375,6.625,6.625,16900
1990-12-11,6.625,6.875,6.625,6.625,6.625,12900
1990-12-12,7,7,6.625,7,7,32100
1990-12-13,7.125,7.125,6.75,7.125,7.125,95200
1990-12-14,7.125,7.125,6.875,7.125,7.125,52400
1990-12-17,6.875,7.125,6.875,6.875,6.875,32000
1990-12-18,7,7.125,6.875,7,7,13800
1990-12-19,7.125,7.125,6.875,7.125,7.125,23500
1990-12-20,6.75,7.125,6.75,6.75,6.75,20700
1990-12-21,6.625,7,6.625,6.625,6.625,16300
1990-12-24,6.5,6.5,6.5,6.5,6.5,2100
1990-12-26,6.75,6.875,6.5,6.75,6.75,10300
1990-12-27,6.5,6.875,6.5,6.5,6.5,5600
1990-12-28,6.75,6.75,6.5,6.75,6.75,65000
1990-12-31,6.5,6.75,6.5,6.5,6.5,2800
1991-01-02,6.75,6.875,6.5,6.75,6.75,68300
1991-01-03,6.5,6.875,6.5,6.5,6.5,42500
1991-01-04,6.5,6.75,6.5,6.5,6.5,12900
1991-01-07,6.25,6.75,6.25,6.25,6.25,18800
1991-01-08,6.25,6.375,6.125,6.25,6.25,29200
1991-01-09,6.125,6.375,6.125,6.125,6.125,7500
1991-01-10,6.125,6.375,6.125,6.125,6.125,14500
1991-01-11,6.125,6.375,6.125,6.125,6.125,14100
1991-01-14,6.25,6.375,6.125,6.25,6.25,7500
1991-01-15,6,6,6,6,6,1700
1991-01-16,5.875,6.25,5.875,5.875,5.875,8900
1991-01-17,6.25,6.375,6,6.25,6.25,38700
1991-01-18,6.5,6.625,6.25,6.5,6.5,30900
1991-01-21,7.125,7.25,6.625,7.125,7.125,43800
1991-01-22,7,7.25,7,7,7,128700
1991-01-23,7.25,7.25,7,7.25,7.25,33400
1991-01-24,7.375,7.375,7.125,7.375,7.375,38300
1991-01-25,7.125,7.375,7.125,7.125,7.125,25800
1991-01-28,7.375,7.375,7.125,7.375,7.375,64500
1991-01-29,7.5,7.75,7.25,7.5,7.5,45500
1991-01-30,7.875,8.25,7.5,7.875,7.875,153200
1991-01-31,8.5,8.5,7.875,8.5,8.5,175200
1991-02-01,7.625,8.25,7.625,7.625,7.625,84900
1991-02-04,7.5,8,7.5,7.5,7.5,193900
1991-02-05,7.875,7.875,7.5,7.875,7.875,35200
1991-02-06,8.125,8.375,7.75,8.125,8.125,100700
1991-02-07,7.625,8.375,7.625,7.625,7.625,34600
1991-02-08,8,8,7.625,8,8,18600
1991-02-11,8.125,8.125,7.75,8.125,8.125,24800
1991-02-12,8.5,8.625,8,8.5,8.5,144000
1991-02-13,8.875,8.875,8.375,8.875,8.875,120100
1991-02-14,9,9.125,8.625,9,9,74100
1991-02-15,8.75,9.125,8.625,8.75,8.75,42000
1991-02-19,9.125,9.125,8.75,9.125,9.125,69000
1991-02-20,8.75,9,8.5,8.75,8.75,48300
1991-02-21,8,8.75,8,8,8,68600
1991-02-22,8.5,8.625,8,8.5,8.5,84600
1991-02-25,8.375,8.75,8.25,8.375,8.375,36300
1991-02-26,8.125,8.125,7.875,8.125,8.125,59400
1991-02-27,8,8.125,7.625,8,8,22800
1991-02-28,7.625,8,7.625,7.625,7.625,12100
1991-03-01,7.875,7.875,7.5,7.875,7.875,190900
1991-03-04,7.875,8,7.625,7.875,7.875,22800
1991-03-05,8.25,8.25,7.875,8.25,8.25,119500
1991-03-06,8.125,8.5,8.125,8.125,8.125,48700
1991-03-07,8.375,8.375,8.125,8.375,8.375,8400
1991-03-08,8.125,8.375,8,8.125,8.125,75500
1991-03-11,8.125,8.25,7.875,8.125,8.125,59800
1991-03-12,8.125,8.125,8,8.125,8.125,121700
1991-03-13,8,8.125,7.875,8,8,22900
1991-03-14,8.25,8.375,8,8.25,8.25,41400
1991-03-15,8,8.25,8,8,8,31300
1991-03-18,7.875,8.25,7.875,7.875,7.875,8700
1991-03-19,8,8.125,7.875,8,8,39900
1991-03-20,8.25,8.25,7.875,8.25,8.25,17200
1991-03-21,8.125,8.25,7.875,8.125,8.125,25300
1991-03-22,8.25,8.25,8,8.25,8.25,43700
1991-03-25,8.375,8.375,8,8.375,8.375,103700
1991-03-26,8.75,8.75,8.125,8.75,8.75,79900
1991-03-27,8.875,9.125,8.5,8.875,8.875,167100
1991-03-28,9.25,9.375,9,9.25,9.25,102100
1991-04-01,8.625,9.25,8.625,8.625,8.625,26900
1991-04-02,9,9,8.625,9,9,14000
1991-04-03,9.125,9.125,8.75,9.125,9.125,14300
1991-04-04,8.75,9.125,8.75,8.75,8.75,31100
1991-04-05,9.125,9.125,8.75,9.125,9.125,31100
1991-04-08,9.125,9.125,8.75,9.125,9.125,12900
1991-04-09,8.75,9.125,8.75,8.75,8.75,19900
1991-04-10,8.625,9.125,8.625,8.625,8.625,38300
1991-04-11,8.5,8.875,8.5,8.5,8.5,9600
1991-04-12,9,9,8.625,9,9,28700
1991-04-15,9,9,8.625,9,9,11000
1991-04-16,8.75,9,8.625,8.75,8.75,46600
1991-04-17,9,9,8.625,9,9,42100
1991-04-18,9,9,8.625,9,9,13100
1991-04-19,8.875,8.875,8.625,8.875,8.875,39100
1991-04-22,8.875,8.875,8.5,8.875,8.875,17200
1991-04-23,9.25,9.25,8.625,9.25,9.25,45000
1991-04-24,8.875,9.25,8.875,8.875,8.875,60200
1991-04-25,9.375,9.375,9,9.375,9.375,184100
1991-04-26,9,9.375,9,9,9,41300
1991-04-29,8.5,9.25,8.5,8.5,8.5,54000
1991-04-30,8.375,8.625,8.375,8.375,8.375,16700
1991-05-01,8.75,8.75,8.375,8.75,8.75,54400
1991-05-02,8.75,8.875,8.5,8.75,8.75,19700
1991-05-03,8.75,8.75,8.5,8.75,8.75,53400
1991-05-06,8.625,8.75,8.5,8.625,8.625,59900
1991-05-07,8.5,8.75,8.5,8.5,8.5,18500
1991-05-08,8.75,8.875,8.5,8.75,8.75,30300
1991-05-09,8.875,8.875,8.5,8.875,8.875,52300
1991-05-10,8.25,8.875,8.25,8.25,8.25,37600
1991-05-13,8.625,8.625,8.25,8.625,8.625,2900
1991-05-14,8.375,8.5,8.125,8.375,8.375,10800
1991-05-15,7.625,8.375,7.625,7.625,7.625,37900
1991-05-16,7.875,7.875,7.625,7.875,7.875,41500
1991-05-17,7.875,7.875,7.625,7.875,7.875,9800
1991-05-20,7.625,8,7.625,7.625,7.625,25800
1991-05-21,7.625,7.875,7.5,7.625,7.625,16500
1991-05-22,7.375,7.75,7.375,7.375,7.375,12800
1991-05-23,7.625,7.625,7.375,7.625,7.625,15300
1991-05-24,7.5,7.75,7.375,7.5,7.5,20400
1991-05-28,7.75,7.75,7.375,7.75,7.75,51200
1991-05-29,7.75,7.75,7.5,7.75,7.75,87500
1991-05-30,7.875,7.875,7.5,7.875,7.875,64100
1991-05-31,8.125,8.125,7.625,8.125,8.125,90500
1991-06-03,8.125,8.125,7.875,8.125,8.125,11300
1991-06-04,8.25,8.25,7.875,8.25,8.25,33500
1991-06-05,8.375,8.375,8,8.375,8.375,36400
1991-06-06,8.125,8.5,8.125,8.125,8.125,7500
1991-06-07,8.125,8.375,8.125,8.125,8.125,16200
1991-06-10,8.125,8.375,8.125,8.125,8.125,10000
1991-06-11,8.125,8.375,8.125,8.125,8.125,9600
1991-06-12,7.875,8.125,7.875,7.875,7.875,11000
1991-06-13,8,8,7.875,8,8,5900
1991-06-14,7.875,8,7.875,7.875,7.875,16800
1991-06-17,8.125,8.125,7.875,8.125,8.125,41100
1991-06-18,7.875,7.875,7.875,7.875,7.875,500
1991-06-19,8.125,8.125,7.875,8.125,8.125,95500
1991-06-20,8.875,8.875,7.875,8.875,8.875,88500
1991-06-21,8.5,9,8.5,8.5,8.5,9400
1991-06-24,8.375,8.75,8.25,8.375,8.375,26500
1991-06-25,8.25,8.5,8.25,8.25,8.25,6700
1991-06-26,8.375,8.375,8,8.375,8.375,11000
1991-06-27,8.375,8.375,8,8.375,8.375,9200
1991-06-28,8.375,8.375,8,8.375,8.375,7400
1991-07-01,8,8.375,8,8,8,12300
1991-07-02,8.375,8.5,8,8.375,8.375,42200
1991-07-03,8.625,8.625,8.25,8.625,8.625,20800
1991-07-05,8.625,8.625,8.25,8.625,8.625,2300
1991-07-08,8.625,8.625,8.25,8.625,8.625,8400
1991-07-09,8.625,8.625,8.375,8.625,8.625,5500
1991-07-10,8.25,8.625,8.25,8.25,8.25,51200
1991-07-11,8.625,8.75,8.25,8.625,8.625,46600
1991-07-12,8.5,8.75,8.5,8.5,8.5,11800
1991-07-15,8.75,9,8.5,8.75,8.75,71400
1991-07-16,9,9.125,8.5,9,9,44100
1991-07-17,9.25,9.25,8.875,9.25,9.25,28800
1991-07-18,9.625,9.625,9,9.625,9.625,82000
1991-07-19,9.375,9.75,9.375,9.375,9.375,10300
1991-07-22,9.5,9.75,9.375,9.5,9.5,39600
1991-07-23,9.375,9.75,9.375,9.375,9.375,30100
1991-07-24,9.25,9.5,9.25,9.25,9.25,41400
1991-07-25,9.375,9.75,9.25,9.375,9.375,26500
1991-07-26,10,10,9.5,10,10,269300
1991-07-29,9.875,10.25,9.625,9.875,9.875,110200
1991-07-30,10.25,10.25,9.875,10.25,10.25,92200
1991-07-31,9.875,10.25,9.875,9.875,9.875,8500
1991-08-01,10.125,10.25,9.875,10.125,10.125,108400
1991-08-02,9.875,10.25,9.875,9.875,9.875,173300
1991-08-05,10.125,10.25,9.875,10.125,10.125,133900
1991-08-06,10.125,10.25,9.875,10.125,10.125,70100
1991-08-07,10.25,10.25,9.875,10.25,10.25,6400
1991-08-08,9.875,10.25,9.875,9.875,9.875,7900
1991-08-09,10,10.375,9.875,10,10,31300
1991-08-12,10.5,10.5,10.125,10.5,10.5,26200
1991-08-13,10.125,10.5,10.125,10.125,10.125,31900
1991-08-14,10.125,10.5,10.125,10.125,10.125,83900
1991-08-15,10.125,10.5,9.75,10.125,10.125,34400
1991-08-16,9.625,10,9.375,9.625,9.625,17100
1991-08-19,9,9.375,9,9,9,28700
1991-08-20,9.25,9.625,9,9.25,9.25,23800
1991-08-21,10.125,10.375,9.25,10.125,10.125,26500
1991-08-22,10.75,11,10.25,10.75,10.75,257400
1991-08-23,10.75,11.125,10.75,10.75,10.75,95700
1991-08-26,11,11,10.75,11,11,53700
1991-08-27,10.75,11,10.5,10.75,10.75,37600
1991-08-28,10.5,10.75,10.5,10.5,10.5,35900
1991-08-29,10.875,10.875,10.5,10.875,10.875,31900
1991-08-30,10.875,10.875,10.5,10.875,10.875,17800
1991-09-03,10.875,10.875,10.625,10.875,10.875,54500
1991-09-04,11,11,10.625,11,11,47300
1991-09-05,10.875,11,10.75,10.875,10.875,62200
1991-09-06,10.75,11,10.75,10.75,10.75,38400
1991-09-09,10.75,11,10.75,10.75,10.75,23700
1991-09-10,10.375,11,10.375,10.375,10.375,36800
1991-09-11,10.625,10.625,10.25,10.625,10.625,4100
1991-09-12,10.375,10.625,10.375,10.375,10.375,2900
1991-09-13,10.375,10.625,10.375,10.375,10.375,19700
1991-09-16,9.875,10.625,9.875,9.875,9.875,37500
1991-09-17,9.875,10.25,9.875,9.875,9.875,27400
1991-09-18,10.125,10.25,9.875,10.125,10.125,16500
1991-09-19,10.125,10.125,9.875,10.125,10.125,6500
1991-09-20,9.875,10.125,9.875,9.875,9.875,23800
1991-09-23,9.875,10.125,9.875,9.875,9.875,6800
1991-09-24,10,10,9.75,10,10,4600
1991-09-25,9.875,10,9.625,9.875,9.875,7400
1991-09-26,9.75,9.875,9.625,9.75,9.75,7000
1991-09-27,10,10,9.75,10,10,22100
1991-09-30,10,10,9.75,10,10,15500
1991-10-01,10,10.25,9.75,10,10,24100
1991-10-02,11,11,10,11,11,130800
1991-10-03,11,11,10.75,11,11,19100
1991-10-04,11,11.125,10.75,11,11,18800
1991-10-07,11,11,10.75,11,11,39700
1991-10-08,10.875,11.125,10.75,10.875,10.875,65800
1991-10-09,11,11.125,10.75,11,11,146500
1991-10-10,11,11.125,10.75,11,11,56800
1991-10-11,10.75,11.125,10.75,10.75,10.75,7100
1991-10-14,11,11.125,10.75,11,11,9000
1991-10-15,11.25,11.625,10.875,11.25,11.25,68800
1991-10-16,11.625,11.75,11.25,11.625,11.625,28300
1991-10-17,11.75,11.75,11.375,11.75,11.75,10400
1991-10-18,11.75,11.75,11.375,11.75,11.75,11300
1991-10-21,11.75,11.75,11.5,11.75,11.75,19200
1991-10-22,11.875,11.875,11.5,11.875,11.875,30900
1991-10-23,11.625,12,11.625,11.625,11.625,67200
1991-10-24,11.625,12,11.625,11.625,11.625,31400
1991-10-25,11.625,12,11.625,11.625,11.625,46900
1991-10-28,11.625,12,11.625,11.625,11.625,25600
1991-10-29,12,12,11.625,12,12,6600
1991-10-30,11.625,12,11.625,11.625,11.625,97500
1991-10-31,12,12,11.625,12,12,4000
1991-11-01,11.75,11.75,11.625,11.75,11.75,70500
1991-11-04,11.875,11.875,11.375,11.875,11.875,65200
1991-11-05,11.625,11.875,11.625,11.625,11.625,17700
1991-11-06,11.625,12,11.625,11.625,11.625,10900
1991-11-07,11.625,12,11.625,11.625,11.625,5000
1991-11-08,12.375,12.375,11.75,12.375,12.375,47100
1991-11-11,12.375,12.375,11.875,12.375,12.375,13500
1991-11-12,12,12.5,12,12.5,12.5,117600
1991-11-13,12.25,12.5,12.125,12.5,12.5,26000
1991-11-14,12.5,12.5,12.125,12.5,12.5,13700
1991-11-15,12.125,12.5,12.125,12.125,12.125,31900
1991-11-18,12.125,12.25,11.875,12,12,31100
1991-11-19,11.875,12.25,11.75,11.75,11.75,23900
1991-11-20,11.75,12.125,11.75,12.125,12.125,26000
1991-11-21,11.75,12.125,11.625,11.625,11.625,6900
1991-11-22,11.625,11.875,11.5,11.5,11.5,14400
1991-11-25,11.5,11.625,11.5,11.5,11.5,10000
1991-11-26,11.5,11.875,10.875,11.125,11.125,27000
1991-11-27,10.75,11.125,10.625,10.625,10.625,6500
1991-11-29,10.5,11,10.5,10.5,10.5,1500
1991-12-02,10.5,10.75,10.375,10.375,10.375,11400
1991-12-03,10.75,10.75,9.75,10.125,10.125,77000
1991-12-04,10.25,10.375,9.875,10.375,10.375,45000
1991-12-05,10.375,10.375,7.875,8.25,8.25,620700
1991-12-06,8.625,8.625,7.625,7.625,7.625,285400
1991-12-09,8.125,8.375,7.75,8.125,8.125,275400
1991-12-10,8.125,8.375,8.125,8.375,8.375,128100
1991-12-11,8.375,8.375,8.125,8.25,8.25,72200
1991-12-12,8.5,8.625,8.375,8.625,8.625,26000
1991-12-13,8.625,8.75,8.5,8.75,8.75,48500
1991-12-16,8.875,9.125,8.625,8.875,8.875,23300
1991-12-17,8.875,9.125,8.875,9.125,9.125,13200
1991-12-18,8.875,9.125,8.875,8.875,8.875,5300
1991-12-19,8.875,9.125,8.75,8.75,8.75,26600
1991-12-20,8.75,9.25,8.75,9.25,9.25,11200
1991-12-23,9.25,9.25,8.75,9.25,9.25,3500
1991-12-24,9.25,9.5,8.75,9.125,9.125,28200
1991-12-26,9.5,9.5,9.25,9.375,9.375,75300
1991-12-27,9.25,9.5,9.25,9.5,9.5,26400
1991-12-30,9.5,9.75,9.25,9.5,9.5,29100
1991-12-31,9.75,10,9.5,10,10,41000
1992-01-02,9.625,9.75,9.625,9.75,9.75,22400
1992-01-03,10,10,9.625,9.625,9.625,33500
1992-01-06,9.625,10.25,9.625,10.25,10.25,92400
1992-01-07,10.25,10.25,9.875,10.25,10.25,70200
1992-01-08,10.25,10.25,9.875,10.25,10.25,22900
1992-01-09,10.375,11,9.875,10.75,10.75,38700
1992-01-10,10.75,11,10.625,10.625,10.625,40800
1992-01-13,10.625,11,10.5,10.5,10.5,36400
1992-01-14,10.375,10.75,10.375,10.375,10.375,126800
1992-01-15,10.25,10.625,10.25,10.625,10.625,14400
1992-01-16,10.25,11,10.25,10.25,10.25,62000
1992-01-17,10.375,10.625,10.375,10.625,10.625,22700
1992-01-20,10.375,10.75,10.375,10.625,10.625,26300
1992-01-21,10.75,10.75,10.375,10.5,10.5,102500
1992-01-22,10.375,10.75,10.375,10.625,10.625,20300
1992-01-23,10.375,10.75,10.375,10.375,10.375,36200
1992-01-24,10.375,10.75,10.375,10.5,10.5,112800
1992-01-27,10.375,10.75,10.375,10.375,10.375,11200
1992-01-28,10.5,10.625,10.25,10.25,10.25,14200
1992-01-29,10.625,10.625,10,10,10,11600
1992-01-30,9.75,10.125,9.75,9.75,9.75,23100
1992-01-31,10.125,10.125,9.75,10.125,10.125,9600
1992-02-03,10.125,10.125,9.75,9.75,9.75,192500
1992-02-04,9.75,10.125,9.75,10.125,10.125,36500
1992-02-05,9.75,10.125,9.75,9.75,9.75,17700
1992-02-06,9.75,10.375,9.75,10.375,10.375,165200
1992-02-07,10.375,10.375,9.875,9.875,9.875,14900
1992-02-10,9.875,10.25,9.875,9.875,9.875,3500
1992-02-11,10.25,10.375,9.875,10.375,10.375,38600
1992-02-12,10.375,10.5,10,10.5,10.5,2800
1992-02-13,10.25,10.5,10,10.5,10.5,91300
1992-02-14,10.25,10.5,10.25,10.25,10.25,16800
1992-02-18,10.75,10.75,10.25,10.25,10.25,142500
1992-02-19,10.75,10.75,10.25,10.25,10.25,15800
1992-02-20,10.75,11.875,10.25,11.875,11.875,550400
1992-02-21,11.875,12.125,11.625,12.125,12.125,108900
1992-02-24,11.625,12.125,11.625,12.125,12.125,22800
1992-02-25,12.125,12.125,11.625,11.625,11.625,12100
1992-02-26,12.125,12.125,11.625,12.125,12.125,5700
1992-02-27,11.625,12.25,11.625,11.875,11.875,48800
1992-02-28,11.875,12.375,11.875,12,12,20100
1992-03-02,12,12.5,12,12,12,13200
1992-03-03,12,13,12,13,13,48300
1992-03-04,13.75,14.75,13.75,14.25,14.25,170600
1992-03-05,14.5,14.5,13.625,13.75,13.75,108700
1992-03-06,14,14.125,13.625,14.125,14.125,58300
1992-03-09,13.5,14,13.5,14,14,6500
1992-03-10,13.5,14,13.5,14,14,14700
1992-03-11,13.5,14,13.5,14,14,7900
1992-03-12,13.5,13.75,13.25,13.75,13.75,27500
1992-03-13,13.75,13.75,13.25,13.5,13.5,100100
1992-03-16,13.625,13.625,13.125,13.125,13.125,3300
1992-03-17,13.5,13.625,13.125,13.125,13.125,57000
1992-03-18,13.625,13.625,13.125,13.375,13.375,37700
1992-03-19,13.625,13.625,13,13,13,200500
1992-03-20,13.375,13.375,13,13.375,13.375,112300
1992-03-23,13.375,13.375,13,13.375,13.375,83600
1992-03-24,13.375,13.375,13,13.375,13.375,11400
1992-03-25,13.375,14,13,14,14,14700
1992-03-26,13.625,14,13.625,13.625,13.625,8600
1992-03-27,13.625,14,13.625,13.625,13.625,22300
1992-03-30,13.625,14.125,13.625,13.625,13.625,24100
1992-03-31,13.625,14.125,13.625,14.125,14.125,10800
1992-04-01,13.625,14.125,13.625,14,14,4500
1992-04-02,13.75,14.25,13.75,13.75,13.75,90100
1992-04-03,13.75,14.25,13.75,13.75,13.75,47400
1992-04-06,13.75,14.25,13.75,14.25,14.25,4500
1992-04-07,14.25,14.25,13.25,13.25,13.25,32100
1992-04-08,13.5,13.5,12.5,13,13,32800
1992-04-09,13,13,12.5,13,13,11400
1992-04-10,13,13.25,12.75,13.125,13.125,21900
1992-04-13,13.25,13.25,12.875,12.875,12.875,7100
1992-04-14,13.5,13.75,13.25,13.75,13.75,13200
1992-04-15,13.75,13.75,13.25,13.25,13.25,7800
1992-04-16,14,14,13.5,13.5,13.5,58100
1992-04-20,13.5,14,13.25,13.75,13.75,14500
1992-04-21,13.75,13.75,13.25,13.25,13.25,59200
1992-04-22,13.75,13.75,13.25,13.75,13.75,2300
1992-04-23,13.75,13.75,13.25,13.75,13.75,108200
1992-04-24,13.75,13.75,13.25,13.75,13.75,11700
1992-04-27,13.75,13.75,13.25,13.25,13.25,7300
1992-04-28,13.75,13.75,13.25,13.25,13.25,2600
1992-04-29,13.25,13.25,13.25,13.25,13.25,4100
1992-04-30,13.75,13.75,13.25,13.25,13.25,27200
1992-05-01,13.75,13.75,13.25,13.75,13.75,7700
1992-05-04,13.5,13.5,13.25,13.375,13.375,31400
1992-05-05,13.5,13.5,13.25,13.25,13.25,6700
1992-05-06,13.5,13.5,13.25,13.5,13.5,15300
1992-05-07,13.25,13.5,13.25,13.375,13.375,27600
1992-05-08,13.25,13.5,13.25,13.25,13.25,91700
1992-05-11,13.5,13.5,13.25,13.25,13.25,13700
1992-05-12,13.25,13.5,13.25,13.375,13.375,10700
1992-05-13,13.5,13.5,13.25,13.5,13.5,6900
1992-05-14,13.5,13.5,13,13,13,13400
1992-05-15,13,13,12.5,12.5,12.5,6800
1992-05-18,12.5,12.875,12.125,12.375,12.375,23100
1992-05-19,12.125,12.25,12.125,12.25,12.25,16000
1992-05-20,12.125,12.5,12,12,12,11800
1992-05-21,12,12.375,12,12.375,12.375,27500
1992-05-22,12,13,11.75,13,13,85000
1992-05-26,13,13.25,12.75,12.75,12.75,83000
1992-05-27,13.125,13.5,12.75,13.25,13.25,99000
1992-05-28,13,13.5,13,13,13,3000
1992-05-29,13,13.5,13,13,13,43700
1992-06-01,13,13.5,13,13,13,21300
1992-06-02,12.75,13.75,12.75,13.75,13.75,107700
1992-06-03,13.625,14.25,13.625,14,14,114200
1992-06-04,14.25,14.5,14,14.5,14.5,35300
1992-06-05,14,14.5,14,14,14,28800
1992-06-08,14,14,14,14,14,1900
1992-06-09,14,14.5,14,14,14,42300
1992-06-10,14,14.5,14,14.5,14.5,57000
1992-06-11,14.25,14.5,14,14.25,14.25,199300
1992-06-12,14.5,14.5,14,14.5,14.5,5400
1992-06-15,14,14,14,14,14,2800
1992-06-16,14,14.5,14,14,14,10400
1992-06-17,14,14.25,13.75,13.75,13.75,33500
1992-06-18,13.375,13.875,13.375,13.875,13.875,22900
1992-06-19,13.875,14,13.75,14,14,26400
1992-06-22,13.75,14.25,13.75,13.875,13.875,49500
1992-06-23,14.25,14.375,13.75,14.25,14.25,68400
1992-06-24,13.875,14.5,13.75,14.25,14.25,166900
1992-06-25,14,14.5,14,14,14,43800
1992-06-26,14,14.5,14,14.25,14.25,54700
1992-06-29,14.5,14.5,14,14,14,12500
1992-06-30,14,14.5,14,14.5,14.5,1900
1992-07-01,14.5,14.5,14,14.25,14.25,21000
1992-07-02,14.5,14.75,14,14.75,14.75,87000
1992-07-06,14.25,14.625,14.25,14.25,14.25,73700
1992-07-07,14.75,14.75,14.25,14.625,14.625,12900
1992-07-08,14.25,14.5,14,14.375,14.375,29000
1992-07-09,14,14.5,14,14.25,14.25,9900
1992-07-10,14,14.25,14,14,14,15500
1992-07-13,14.125,14.25,14.125,14.25,14.25,13800
1992-07-14,14.125,14.5,14.125,14.5,14.5,1200
1992-07-15,14.125,14.25,14.125,14.125,14.125,33500
1992-07-16,14.125,14.25,14,14,14,14500
1992-07-17,14,14.125,13.5,13.5,13.5,10300
1992-07-20,13.5,13.875,13.5,13.875,13.875,29900
1992-07-21,13.875,13.875,13.875,13.875,13.875,300
1992-07-22,13.875,13.875,13.5,13.5,13.5,1300
1992-07-23,13.5,13.875,13.5,13.625,13.625,28500
1992-07-24,13.5,14,13.5,14,14,46800
1992-07-27,13.5,14,13.5,14,14,31000
1992-07-28,14,14,13.5,13.875,13.875,35800
1992-07-29,14,14.125,13.625,13.75,13.75,32200
1992-07-30,14.25,14.25,13.75,14.125,14.125,33600
1992-07-31,14.125,14.25,14,14.25,14.25,14000
1992-08-03,13.75,14.125,13.75,13.75,13.75,40000
1992-08-04,14.125,14.25,13.75,13.75,13.75,67900
1992-08-05,13.75,13.875,13.75,13.75,13.75,3600
1992-08-06,13.75,13.75,13.75,13.75,13.75,600
1992-08-07,13.75,13.75,13.625,13.625,13.625,12300
1992-08-10,13.25,13.75,13.25,13.5,13.5,16600
1992-08-11,13.5,13.75,13.25,13.75,13.75,12200
1992-08-12,13.25,13.25,13.25,13.25,13.25,5300
1992-08-13,13.25,13.75,13.25,13.25,13.25,14100
1992-08-14,13.25,13.5,13,13.375,13.375,35900
1992-08-17,13.25,13.25,13.25,13.25,13.25,5600
1992-08-18,13.375,13.375,12.625,12.625,12.625,33100
1992-08-19,12.375,12.875,12.375,12.875,12.875,32900
1992-08-20,12.625,12.875,12.375,12.875,12.875,6900
1992-08-21,12.375,12.875,12.375,12.625,12.625,37200
1992-08-24,12.375,12.625,12.375,12.625,12.625,6500
1992-08-25,12.875,13.375,12.875,13.25,13.25,180000
1992-08-26,13.5,13.5,13.125,13.375,13.375,66800
1992-08-27,13.625,13.75,13.25,13.375,13.375,117500
1992-08-28,13.375,13.75,13.375,13.625,13.625,47900
1992-08-31,13.75,13.75,13.375,13.625,13.625,30900
1992-09-01,13.375,14,13.375,14,14,28100
1992-09-02,13.75,14.25,13.5,14.25,14.25,20100
1992-09-03,14.25,14.875,14,14.5,14.5,81000
1992-09-04,15,15.5,14.75,15.125,15.125,117800
1992-09-08,15.125,15.75,15.125,15.5,15.5,113400
1992-09-09,15.25,15.75,15.25,15.375,15.375,15900
1992-09-10,15.75,15.75,15.375,15.75,15.75,37600
1992-09-11,15.5,15.75,15.5,15.75,15.75,38100
1992-09-14,15.625,16,15.625,15.625,15.625,6200
1992-09-15,15.625,15.875,15.625,15.875,15.875,17200
1992-09-16,15.625,16,15.625,15.625,15.625,5700
1992-09-17,15.625,16.625,15.625,16.125,16.125,77000
1992-09-18,16.125,16.875,16.125,16.875,16.875,53500
1992-09-21,17.125,17.125,16.625,16.875,16.875,80400
1992-09-22,16.625,17.125,16.625,16.875,16.875,184600
1992-09-23,16.625,17,16.625,17,17,111200
1992-09-24,16.75,17.125,16.75,16.75,16.75,10600
1992-09-25,16.75,17.125,16.75,16.875,16.875,7500
1992-09-28,16.75,17.125,16.75,17.125,17.125,11900
1992-09-29,16.75,17,16.75,16.75,16.75,9400
1992-09-30,16.75,17.125,16.75,17.125,17.125,82200
1992-10-01,16.875,17.125,16.75,16.75,16.75,68100
1992-10-02,17.125,17.125,16.75,16.75,16.75,25100
1992-10-05,16.75,16.875,15.75,15.875,15.875,123300
1992-10-06,15.875,16,15.5,15.5,15.5,44900
1992-10-07,15.5,16,15.5,15.75,15.75,17400
1992-10-08,16,16,15.5,16,16,112700
1992-10-09,15.625,16,15.5,16,16,28800
1992-10-12,15.75,16.5,15.75,16.5,16.5,21100
1992-10-13,16.75,17,16.5,16.625,16.625,47900
1992-10-14,16.5,17,16.5,17,17,8900
1992-10-15,17,17.25,16.75,16.75,16.75,10100
1992-10-16,17.25,17.75,16.75,17.25,17.25,61600
1992-10-19,17.25,18,17.25,18,18,27900
1992-10-20,17.5,18,17.5,18,18,14600
1992-10-21,17.75,17.75,17.5,17.5,17.5,39000
1992-10-22,17.5,17.5,17.25,17.25,17.25,13700
1992-10-23,17.25,17.25,17.25,17.25,17.25,1500
1992-10-26,17.5,17.75,17.25,17.25,17.25,1700
1992-10-27,17.25,17.5,17.25,17.5,17.5,29700
1992-10-28,17.25,17.5,17.25,17.5,17.5,8900
1992-10-29,17.375,17.5,17.25,17.375,17.375,11400
1992-10-30,17.25,17.375,17,17.25,17.25,60000
1992-11-02,17,17.25,17,17.125,17.125,34100
1992-11-03,16.875,17.25,16.75,16.875,16.875,71100
1992-11-04,17,17.875,17,17.875,17.875,53000
1992-11-05,17.75,18,17.5,17.75,17.75,21500
1992-11-06,17.5,18,17.5,18,18,61500
1992-11-09,17.5,18,17.5,18,18,22500
1992-11-10,17.5,18,17.5,18,18,43200
1992-11-11,17.75,18.875,17.75,18.875,18.875,35400
1992-11-12,18.5,19,18.5,19,19,14900
1992-11-13,19,19.75,19,19.75,19.75,24900
1992-11-16,19,19,17.75,17.75,17.75,147200
1992-11-17,17.75,18.25,17.75,18,18,57000
1992-11-18,18.25,18.25,17.75,18.25,18.25,15400
1992-11-19,18.25,19.25,17.75,19,19,60400
1992-11-20,18.75,19.5,18.75,18.75,18.75,49700
1992-11-23,18.75,19.25,18.75,19.25,19.25,18300
1992-11-24,19.25,19.625,19,19,19,43200
1992-11-25,19,19.25,19,19,19,38900
1992-11-27,19.5,19.5,19.25,19.5,19.5,8500
1992-11-30,19,19.75,19,19.5,19.5,22400
1992-12-01,19.25,19.75,19.25,19.25,19.25,6200
1992-12-02,19.25,19.75,19.25,19.25,19.25,11000
1992-12-03,19.25,19.375,19,19,19,5300
1992-12-04,19,19.375,19,19,19,16500
1992-12-07,19.25,19.375,19,19,19,3400
1992-12-08,19.25,19.25,19,19.25,19.25,139200
1992-12-09,19,19.25,18.875,18.875,18.875,56000
1992-12-10,18.75,19,18.25,18.25,18.25,45100
1992-12-11,18.75,18.75,18.75,18.75,18.75,7500
1992-12-14,18.25,19.125,18.25,19.125,19.125,31500
1992-12-15,18.875,19.75,18.875,19.75,19.75,70700
1992-12-16,19.75,20,19.5,19.625,19.625,118100
1992-12-17,20,20.5,19.5,20.375,20.375,134400
1992-12-18,20.75,21.5,20.25,21.5,21.5,178800
1992-12-21,21.375,21.5,21,21.25,21.25,14800
1992-12-22,21.5,21.5,20.375,20.375,20.375,28500
1992-12-23,20.625,20.75,19.75,20.25,20.25,22600
1992-12-24,19.75,19.875,19.75,19.875,19.875,200
1992-12-28,19.875,20.25,19.875,20.25,20.25,6700
1992-12-29,20.25,20.625,20.125,20.625,20.625,71900
1992-12-30,20.75,20.75,20.5,20.75,20.75,293100
1992-12-31,20.75,20.75,20.5,20.625,20.625,8500
1993-01-04,20.75,20.875,20.5,20.5,20.5,39100
1993-01-05,20.5,20.75,20.5,20.75,20.75,10900
1993-01-06,20.875,20.875,20.5,20.75,20.75,83100
1993-01-07,21,21.75,20.5,21.75,21.75,49600
1993-01-08,21.75,22,21.25,22,22,33100
1993-01-11,22.25,22.25,21.75,22.125,22.125,61300
1993-01-12,21.75,22.5,21.75,22.5,22.5,43600
1993-01-13,22.5,22.5,22,22.5,22.5,232300
1993-01-14,22.5,22.75,22.25,22.75,22.75,26300
1993-01-15,22.75,23.375,22.75,22.75,22.75,26400
1993-01-18,22.75,23.625,22.75,23.5,23.5,38400
1993-01-19,11.75,12,11.5,11.75,11.75,53700
1993-01-20,12,12,11.5,11.75,11.75,55000
1993-01-21,11.5,12,11.5,11.875,11.875,28700
1993-01-22,12,12.25,11.5,12.125,12.125,150000
1993-01-25,12.25,12.25,11.5,11.75,11.75,281200
1993-01-26,12.25,12.5,11.75,12.5,12.5,71800
1993-01-27,12.25,12.5,12,12,12,11900
1993-01-28,12.5,12.75,12,12.75,12.75,166800
1993-01-29,12.25,12.75,12,12,12,76400
1993-02-01,12.75,12.75,12,12.75,12.75,121200
1993-02-02,12,12.75,12,12.5,12.5,92900
1993-02-03,13,13.25,12.5,13,13,106400
1993-02-04,13.25,13.5,12.75,13.5,13.5,235900
1993-02-05,13.5,13.75,13,13.5,13.5,129600
1993-02-08,13.5,13.75,13,13.375,13.375,119700
1993-02-09,13.75,13.75,13,13.25,13.25,84300
1993-02-10,13.75,13.75,12.75,13,13,68000
1993-02-11,13.5,13.5,12.75,13,13,52600
1993-02-12,12.75,13.25,12.25,12.75,12.75,36800
1993-02-16,12.25,12.75,11.5,11.5,11.5,57600
1993-02-17,11.75,11.75,11.25,11.75,11.75,73700
1993-02-18,12,12,11.25,11.25,11.25,149000
1993-02-19,11.5,12,11.25,12,12,272100
1993-02-22,12,12,11,11.25,11.25,36200
1993-02-23,11.5,11.5,11,11,11,52200
1993-02-24,11.5,11.75,11,11.75,11.75,92400
1993-02-25,11.75,12.25,11.25,11.75,11.75,19400
1993-02-26,12.125,12.25,11.5,12.125,12.125,30800
1993-03-01,12.25,12.5,11.5,12.5,12.5,90800
1993-03-02,12.5,13,12,12.75,12.75,98900
1993-03-03,13,13.25,12.5,13.125,13.125,232600
1993-03-04,13.25,13.25,12.75,13.125,13.125,21800
1993-03-05,13.125,13.25,12.75,13,13,14000
1993-03-08,13.5,13.5,12.75,13,13,32600
1993-03-09,12.75,13.25,12.75,12.75,12.75,37700
1993-03-10,13.25,13.25,12.75,13.125,13.125,34900
1993-03-11,12.75,13.25,12.75,13,13,95600
1993-03-12,13,13,12.75,12.75,12.75,23200
1993-03-15,13,13,12.75,13,13,11000
1993-03-16,13,13.25,12.75,12.75,12.75,21700
1993-03-17,13.25,13.25,12.75,12.75,12.75,130900
1993-03-18,13.25,13.25,12.75,13.25,13.25,12700
1993-03-19,13,13.25,12.75,12.875,12.875,11400
1993-03-22,12.75,13.25,12.75,13,13,6800
1993-03-23,13,13,12.5,12.75,12.75,41800
1993-03-24,12.75,13,12.5,12.875,12.875,106200
1993-03-25,13,13,12.5,13,13,77400
1993-03-26,13,13,12.5,13,13,76700
1993-03-29,13,13,12.5,12.5,12.5,22400
1993-03-30,12.5,13.125,12.5,13,13,172200
1993-03-31,13.25,13.25,12.75,13.25,13.25,756700
1993-04-01,13,13.5,13,13,13,18200
1993-04-02,13,13.25,13,13.125,13.125,28700
1993-04-05,13,13.5,13,13.25,13.25,183700
1993-04-06,13.5,13.5,13,13.25,13.25,18300
1993-04-07,13.5,13.5,13,13.125,13.125,82300
1993-04-08,13.5,13.5,13,13.125,13.125,43200
1993-04-12,13,13.25,13,13.125,13.125,133500
1993-04-13,12.75,13.25,12.75,13.25,13.25,27500
1993-04-14,13.25,13.25,12.75,13,13,57100
1993-04-15,12.75,13.25,12.5,12.5,12.5,77900
1993-04-16,12.5,13.25,12.5,13,13,45000
1993-04-19,13,13.5,12.5,13,13,77000
1993-04-20,13,13.25,12.75,12.75,12.75,103000
1993-04-21,13.25,13.25,12.5,13,13,50300
1993-04-22,13.25,13.25,12.5,12.5,12.5,17200
1993-04-23,12.5,13.25,11.75,11.875,11.875,46900
1993-04-26,12.25,12.25,11,11,11,21400
1993-04-27,11,11.75,11,11.25,11.25,27700
1993-04-28,11.25,12,11.25,11.625,11.625,10000
1993-04-29,11.25,11.75,11.25,11.25,11.25,48200
1993-04-30,11.25,11.5,11,11.25,11.25,25300
1993-05-03,11.5,11.75,11.25,11.75,11.75,55200
1993-05-04,11.25,12.75,11.25,12.75,12.75,51000
1993-05-05,12.75,13,12,12.5,12.5,37300
1993-05-06,12.5,12.5,11.25,11.5,11.5,87700
1993-05-07,11.25,11.75,11.25,11.5,11.5,56200
1993-05-10,11.75,11.75,11.25,11.5,11.5,37200
1993-05-11,11.25,11.75,11.25,11.75,11.75,68300
1993-05-12,11.25,11.75,11.25,11.625,11.625,23400
1993-05-13,11.25,11.75,11.25,11.625,11.625,28900
1993-05-14,11.5,11.625,11.25,11.5,11.5,37300
1993-05-17,12,12,11.25,11.25,11.25,4000
1993-05-18,11.25,12,11.25,11.625,11.625,34000
1993-05-19,11.25,12,11.25,11.25,11.25,19300
1993-05-20,11.25,12,11.25,11.25,11.25,181500
1993-05-21,11.25,12,11.25,12,12,15900
1993-05-24,11.25,12,11.25,11.25,11.25,43300
1993-05-25,12,12,11.25,11.375,11.375,87000
1993-05-26,11.25,12,11.25,11.5,11.5,82500
1993-05-27,12,12.25,11.5,12,12,110400
1993-05-28,12,12.25,11.75,12,12,162100
1993-06-01,12.25,12.5,11.75,12.5,12.5,61500
1993-06-02,12.5,12.75,12,12.75,12.75,76400
1993-06-03,12.75,13,12.25,12.875,12.875,84500
1993-06-04,12.5,13,12.5,13,13,23500
1993-06-07,12.5,13.375,12.5,13.125,13.125,80200
1993-06-08,13.5,13.5,12.75,13.25,13.25,36200
1993-06-09,12.75,13.5,12.75,13.5,13.5,4900
1993-06-10,13.5,13.5,12.75,13.375,13.375,74900
1993-06-11,13,13.5,13,13.5,13.5,74200
1993-06-14,13,13.5,13,13,13,22800
1993-06-15,13.5,13.5,12.75,13,13,36100
1993-06-16,12.75,13.5,12.75,12.75,12.75,38300
1993-06-17,12.75,13.25,12.75,12.75,12.75,62100
1993-06-18,12.75,12.875,12,12,12,40800
1993-06-21,12,12.75,12,12.125,12.125,15300
1993-06-22,12,12.75,12,12.25,12.25,22300
1993-06-23,12.75,12.75,12,12,12,11500
1993-06-24,12.75,12.75,12.25,12.75,12.75,9600
1993-06-25,12.25,12.5,11.75,12,12,31600
1993-06-28,12.25,12.25,11.75,12.25,12.25,27300
1993-06-29,11.75,12,10.5,11.25,11.25,85900
1993-06-30,11,12,11,11.5,11.5,87900
1993-07-01,11.5,12,11.25,11.25,11.25,154500
1993-07-02,11.25,12,11.25,11.25,11.25,105900
1993-07-06,11.25,12,11.25,11.375,11.375,24100
1993-07-07,11.25,11.5,10.75,10.75,10.75,20100
1993-07-08,10.75,11.5,10.75,11.5,11.5,4800
1993-07-09,11.5,12,10.75,12,12,83400
1993-07-12,11.75,12.5,11.75,12.375,12.375,54800
1993-07-13,12,12.5,12,12.5,12.5,53700
1993-07-14,12.5,12.5,12,12.125,12.125,86400
1993-07-15,12.5,12.5,12,12,12,7600
1993-07-16,12,12.25,11.5,11.5,11.5,47700
1993-07-19,11.5,11.875,11.5,11.75,11.75,16900
1993-07-20,11.25,12,11.25,12,12,138100
1993-07-21,12,12,11.25,11.5,11.5,143600
1993-07-22,11.25,12,11.25,11.25,11.25,5300
1993-07-23,11.25,12,11.25,11.25,11.25,75800
1993-07-26,11.25,12,11.25,12,12,44000
1993-07-27,11.25,12,11.25,12,12,10900
1993-07-28,12,12,11.25,11.75,11.75,150800
1993-07-29,11.75,12,11.25,11.5,11.5,48500
1993-07-30,11.25,12,11.25,12,12,50400
1993-08-02,12,12.75,11.75,12.5,12.5,134000
1993-08-03,13,13.5,12.5,13.5,13.5,115400
1993-08-04,13.5,13.5,13,13.125,13.125,55600
1993-08-05,13.25,14,13.25,13.875,13.875,62300
1993-08-06,13.75,13.75,13.25,13.75,13.75,48400
1993-08-09,13.75,13.75,13.25,13.75,13.75,85600
1993-08-10,13.25,13.75,13.25,13.75,13.75,17600
1993-08-11,13.75,13.75,13.25,13.75,13.75,5600
1993-08-12,14,14,13.25,13.25,13.25,45100
1993-08-13,13.75,13.75,13.25,13.75,13.75,6800
1993-08-16,13.75,13.75,13.25,13.25,13.25,7200
1993-08-17,13,13.75,13,13.5,13.5,33700
1993-08-18,13.75,13.75,13,13.625,13.625,40700
1993-08-19,13.25,13.75,13.25,13.75,13.75,35600
1993-08-20,13.5,14.25,13.5,14.25,14.25,39100
1993-08-23,14.25,14.25,13.75,14.25,14.25,50900
1993-08-24,14.25,14.25,13.5,14.25,14.25,12000
1993-08-25,14.25,14.25,13.75,14.25,14.25,103100
1993-08-26,13.75,14.25,13.5,13.5,13.5,210600
1993-08-27,13.5,14,12.5,12.5,12.5,281100
1993-08-30,12.5,13,12.5,12.5,12.5,126100
1993-08-31,12.75,12.75,12.5,12.5,12.5,78300
1993-09-01,12.5,13,12.5,13,13,176100
1993-09-02,13.25,13.25,12.5,13,13,16100
1993-09-03,12.5,13,12.5,13,13,21200
1993-09-07,12.5,13,12.5,13,13,20300
1993-09-08,12.5,12.75,12,12.5,12.5,21800
1993-09-09,12,12.5,11.75,12.5,12.5,9100
1993-09-10,11.75,12.5,11.75,12,12,57300
1993-09-13,12.5,12.5,11.5,11.5,11.5,63300
1993-09-14,12,12,11.5,12,12,61500
1993-09-15,12,12,11.5,12,12,12900
1993-09-16,11.75,12,11.5,11.625,11.625,111600
1993-09-17,11.5,12,11.5,12,12,204200
1993-09-20,11.625,12,11.5,11.5,11.5,381600
1993-09-21,12,12,11.5,12,12,472300
1993-09-22,12,12,11.5,12,12,22200
1993-09-23,12,12,11.5,11.5,11.5,21300
1993-09-24,11.5,12,11.5,11.5,11.5,142900
1993-09-27,11.25,11.75,11.25,11.25,11.25,52300
1993-09-28,11.75,11.75,11.25,11.25,11.25,511100
1993-09-29,11.75,11.75,11.25,11.25,11.25,245000
1993-09-30,11.25,11.75,11.25,11.75,11.75,154900
1993-10-01,11.75,11.75,11.25,11.25,11.25,138500
1993-10-04,11.75,11.75,11.25,11.75,11.75,35200
1993-10-05,11.25,11.75,11.25,11.5,11.5,68300
1993-10-06,11.75,11.75,11.25,11.75,11.75,28200
1993-10-07,12,12,11.5,11.5,11.5,91500
1993-10-08,11.5,11.75,11.25,11.375,11.375,17900
1993-10-11,11.75,11.75,11.25,11.25,11.25,366900
1993-10-12,11.25,11.75,11.25,11.25,11.25,6900
1993-10-13,11.75,11.75,11.25,11.25,11.25,177800
1993-10-14,11.25,11.75,11.25,11.75,11.75,139400
1993-10-15,11.75,11.75,11.25,11.75,11.75,10900
1993-10-18,11.25,12,11.25,12,12,26800
1993-10-19,12,12,11.25,11.25,11.25,9000
1993-10-20,11.25,12,11.25,11.5,11.5,32200
1993-10-21,12,12.5,11.5,12.5,12.5,78100
1993-10-22,12.75,12.75,12,12.75,12.75,34500
1993-10-25,12.75,12.75,12,12,12,37400
1993-10-26,12.75,13.25,12,12.875,12.875,119500
1993-10-27,13.25,13.25,12.25,12.25,12.25,21600
1993-10-28,13,13,12.25,12.5,12.5,9600
1993-10-29,12.25,13,12.25,12.5,12.5,3800
1993-11-01,13,13,12.5,13,13,9500
1993-11-02,12.5,13,12.25,12.25,12.25,35300
1993-11-03,12.25,12.5,12.25,12.25,12.25,61800
1993-11-04,12.5,12.5,12,12.375,12.375,14400
1993-11-05,12.5,12.5,12,12,12,13700
1993-11-08,12.5,12.5,12,12.5,12.5,60400
1993-11-09,12,12.5,12,12.5,12.5,33800
1993-11-10,12,12.375,12,12.25,12.25,74400
1993-11-11,12,12.5,12,12.375,12.375,12800
1993-11-12,12,12.5,12,12,12,25900
1993-11-15,12.5,12.5,12,12,12,2300
1993-11-16,12,12.5,12,12.25,12.25,13700
1993-11-17,12.5,12.5,12,12,12,9000
1993-11-18,12,12.5,12,12.5,12.5,61500
1993-11-19,12.5,12.5,12,12.5,12.5,31600
1993-11-22,12,12.5,12,12.125,12.125,405900
1993-11-23,12,12.5,12,12,12,65000
1993-11-24,12.5,12.5,12,12,12,14300
1993-11-26,12,12.5,12,12.5,12.5,1500
1993-11-29,12.5,12.5,12,12.5,12.5,115600
1993-11-30,12,12.5,12,12.5,12.5,44600
1993-12-01,12,12.5,12,12.125,12.125,124200
1993-12-02,12,12.5,12,12,12,60200
1993-12-03,12,12.5,12,12.25,12.25,47400
1993-12-06,12.25,12.5,12.25,12.25,12.25,5200
1993-12-07,12.25,12.5,12.25,12.375,12.375,74700
1993-12-08,12.25,12.5,12.25,12.375,12.375,49400
1993-12-09,12.25,13,12.25,13,13,70100
1993-12-10,13,13,12.5,12.5,12.5,12800
1993-12-13,13,13,12.5,12.5,12.5,3000
1993-12-14,12.5,13.25,12.5,13.25,13.25,93800
1993-12-15,13.5,13.5,12.75,13,13,48400
1993-12-16,13,13.5,12.75,13.25,13.25,22400
1993-12-17,13.5,13.75,13,13.75,13.75,88600
1993-12-20,13.25,14.25,13.25,13.875,13.875,34900
1993-12-21,14.25,14.25,13.75,13.875,13.875,55300
1993-12-22,13.75,14,13.75,13.75,13.75,20900
1993-12-23,14.25,14.25,14,14,14,1600
1993-12-27,14.25,14.25,13.75,13.75,13.75,151800
1993-12-28,13.75,14.25,13.5,13.5,13.5,69300
1993-12-29,14,14.25,13.5,13.875,13.875,19500
1993-12-30,14.25,14.25,13.5,13.5,13.5,24400
1993-12-31,13.75,14.75,13.5,14.375,14.375,73500
1994-01-03,14.25,14.75,14.25,14.625,14.625,90500
1994-01-04,14.75,14.75,14.25,14.625,14.625,246100
1994-01-05,14.5,15,14.5,14.75,14.75,10000
1994-01-06,14.5,15.25,14.5,14.5,14.5,155000
1994-01-07,14.5,15,14.5,14.75,14.75,12600
1994-01-10,15,15,14.25,14.75,14.75,18700
1994-01-11,14.75,14.75,13.75,14,14,96800
1994-01-12,13.75,14.5,13.75,13.75,13.75,42700
1994-01-13,13.75,14.5,13.75,13.75,13.75,18500
1994-01-14,13.75,14.5,13.75,14.5,14.5,21300
1994-01-17,14,14.75,14,14.25,14.25,5000
1994-01-18,14.25,15,14.25,14.5,14.5,36400
1994-01-19,14.5,15,14.5,14.5,14.5,45100
1994-01-20,15,15.75,14.5,15.5,15.5,516500
1994-01-21,15.25,15.75,15.25,15.25,15.25,10600
1994-01-24,15.75,15.75,15.25,15.25,15.25,42000
1994-01-25,15.25,15.75,15.25,15.75,15.75,187200
1994-01-26,15.75,15.75,15.25,15.25,15.25,33900
1994-01-27,15.5,15.5,15,15.125,15.125,236400
1994-01-28,15,15.5,15,15.125,15.125,286900
1994-01-31,15,15.5,15,15,15,133000
1994-02-01,15,15.75,15,15.375,15.375,105700
1994-02-02,15,15.75,15,15,15,145200
1994-02-03,15,15.375,15,15.25,15.25,41500
1994-02-04,15,15.5,14.75,15,15,52900
1994-02-07,14.25,14.75,14.25,14.75,14.75,112400
1994-02-08,15,15.375,14.5,15.25,15.25,140900
1994-02-09,14.75,15.5,14.75,15.25,15.25,336700
1994-02-10,15,15.5,15,15,15,194700
1994-02-11,15,15.5,15,15,15,33400
1994-02-14,15.5,15.5,15,15,15,70200
1994-02-15,15.75,16,15,15.5,15.5,65800
1994-02-16,16.25,16.25,15.5,16,16,18200
1994-02-17,15.625,16.25,15.5,15.75,15.75,44300
1994-02-18,15.75,16.25,15.75,16.25,16.25,23600
1994-02-22,16.25,16.5,15.75,16.125,16.125,31700
1994-02-23,16.5,16.5,15.75,16.5,16.5,26400
1994-02-24,15.75,17.25,15.75,16.5,16.5,119400
1994-02-25,16.5,17.25,16.5,16.875,16.875,65500
1994-02-28,17.125,17.25,16.5,17,17,10300
1994-03-01,17,17.25,16.5,16.75,16.75,26300
1994-03-02,16.25,16.75,16.25,16.25,16.25,114100
1994-03-03,16.25,16.75,16.25,16.25,16.25,13900
1994-03-04,16.75,16.75,15.75,16.25,16.25,126400
1994-03-07,16.25,16.5,16,16,16,39900
1994-03-08,16.5,16.5,16,16,16,19100
1994-03-09,16.25,16.375,16,16,16,76500
1994-03-10,16.5,16.5,16,16.5,16.5,51600
1994-03-11,16.5,16.5,15.75,15.75,15.75,42100
1994-03-14,15.75,16.25,15.75,16,16,184800
1994-03-15,15.75,16.25,15.75,16.25,16.25,103800
1994-03-16,15.75,16.375,15.75,16.375,16.375,66500
1994-03-17,16,16.5,16,16.5,16.5,9100
1994-03-18,16,16.75,16,16.5,16.5,44600
1994-03-21,16.25,16.75,16,16.5,16.5,88000
1994-03-22,16.25,16.75,16.25,16.5,16.5,24700
1994-03-23,16.25,16.75,16.25,16.625,16.625,15500
1994-03-24,16.5,16.75,16.25,16.375,16.375,81600
1994-03-25,16.25,16.75,16.25,16.75,16.75,10400
1994-03-28,16.75,16.75,16.25,16.75,16.75,44200
1994-03-29,16.25,16.75,16.25,16.75,16.75,13600
1994-03-30,16.25,16.75,16.25,16.5,16.5,59700
1994-03-31,16.25,16.75,16.25,16.375,16.375,60200
1994-04-04,15.75,16.25,15.25,15.25,15.25,52400
1994-04-05,15.5,16.25,15.5,15.5,15.5,59700
1994-04-06,16.25,16.5,15.75,16,16,18000
1994-04-07,16.5,16.5,16,16.5,16.5,20500
1994-04-08,16,16.75,16,16.75,16.75,11900
1994-04-11,16,16.75,16,16.25,16.25,9200
1994-04-12,16.5,16.75,16,16.25,16.25,15600
1994-04-13,16.75,16.75,16,16.75,16.75,16400
1994-04-14,16.375,16.75,16,16.25,16.25,91500
1994-04-15,16.75,16.75,16,16.75,16.75,12000
1994-04-18,16.75,16.75,16,16.75,16.75,48700
1994-04-19,16.75,16.75,16,16.125,16.125,70700
1994-04-20,16,16.125,15.75,15.75,15.75,45700
1994-04-21,15.75,16,15.75,15.75,15.75,6900
1994-04-22,15.75,16,15.75,15.75,15.75,72800
1994-04-25,16.25,16.25,15.75,15.875,15.875,8900
1994-04-26,15.75,16.25,15.75,16,16,13900
1994-04-28,16.25,16.25,15.75,16.25,16.25,10600
1994-04-29,15.75,16.25,15.75,15.75,15.75,24800
1994-05-02,15.875,16.25,15.75,15.75,15.75,19300
1994-05-03,15.75,16.25,15.75,15.75,15.75,136400
1994-05-04,15.75,16.25,15.75,16,16,12000
1994-05-05,15.75,16.125,15.75,16,16,1900
1994-05-06,15.75,15.75,14.75,15.5,15.5,29200
1994-05-09,15,15,14.5,14.75,14.75,18700
1994-05-10,15,15,14.5,14.625,14.625,10700
1994-05-11,15.25,15.25,14.75,15,15,58200
1994-05-12,14.75,15.125,14.75,15.125,15.125,10600
1994-05-13,15.25,15.25,14.75,15.125,15.125,18500
1994-05-16,14.75,15,14.75,15,15,220000
1994-05-17,14.75,15.125,14.75,14.875,14.875,11800
1994-05-18,14.75,15.5,14.75,14.875,14.875,52300
1994-05-19,14.875,15.5,14.75,15,15,35600
1994-05-20,15.5,15.5,14.75,14.75,14.75,21700
1994-05-23,14.75,15.5,14.75,15.125,15.125,104500
1994-05-24,14.75,15.5,14.75,15,15,9300
1994-05-25,14.75,15.5,14.75,14.75,14.75,40700
1994-05-26,15.5,15.5,14.75,15,15,213700
1994-05-27,15,15.75,15,15,15,1500
1994-05-31,15,15.25,15,15,15,9900
1994-06-01,15,15.5,14.75,15.25,15.25,9300
1994-06-02,14.75,15.25,14.75,14.75,14.75,3200
1994-06-03,15.25,15.25,14.75,14.75,14.75,5300
1994-06-06,14.75,15.25,14.75,15.25,15.25,13100
1994-06-07,15.25,15.25,14.75,15.25,15.25,11900
1994-06-08,15.25,15.25,14.75,15,15,16500
1994-06-09,15.25,15.25,14.75,14.75,14.75,46300
1994-06-10,14.75,15.375,14.75,15.25,15.25,201100
1994-06-13,15.5,15.5,15,15.5,15.5,3100
1994-06-14,15,16,15,15.75,15.75,25600
1994-06-15,16,16,15.25,15.25,15.25,3300
1994-06-16,15.25,16,15.25,16,16,2100
1994-06-17,16,16.25,15.25,15.75,15.75,147200
1994-06-20,15.75,16.75,15.75,16.75,16.75,98200
1994-06-21,16,17.25,16,16.875,16.875,61200
1994-06-22,17.5,17.5,16.75,17.5,17.5,44600
1994-06-23,17.5,17.5,17,17.5,17.5,25900
1994-06-24,16.75,17.25,16.75,16.75,16.75,50100
1994-06-27,16.75,17.25,16.5,16.625,16.625,58100
1994-06-28,16.875,17,16.5,17,17,15600
1994-06-29,17,17,16.5,16.75,16.75,2600
1994-06-30,17,17,16.5,17,17,25100
1994-07-01,16.5,17,16.5,16.5,16.5,34000
1994-07-05,16.5,17,16.5,17,17,17800
1994-07-06,17,17,16.5,16.75,16.75,40700
1994-07-07,16.5,16.75,16.5,16.75,16.75,90300
1994-07-08,16.5,16.75,16.25,16.75,16.75,50500
1994-07-11,16.25,16.75,16.25,16.5,16.5,28400
1994-07-12,16.75,16.75,15.875,16.25,16.25,22700
1994-07-13,16.25,16.25,15.5,16.25,16.25,58700
1994-07-14,15.5,16.25,15.5,16.25,16.25,27900
1994-07-15,15.75,16.25,15.75,16,16,38800
1994-07-18,16,16.5,16,16.25,16.25,29000
1994-07-19,16.5,16.75,16,16.75,16.75,263900
1994-07-20,16.25,16.875,16.25,16.625,16.625,75000
1994-07-21,16.25,17,16.25,17,17,57200
1994-07-22,17,17.25,16.5,17.125,17.125,31100
1994-07-25,17.25,17.25,16.75,16.75,16.75,7200
1994-07-26,16.75,17.25,16.5,17.25,17.25,5500
1994-07-27,17.25,17.25,16.5,16.75,16.75,6200
1994-07-28,16.75,16.75,16.5,16.75,16.75,9600
1994-07-29,16.875,17.25,16.75,17.25,17.25,19800
1994-08-01,17.25,17.25,16.9844,17,17,10700
1994-08-02,16.5,17.25,16.5,17,17,9900
1994-08-03,16.5,16.5,16.5,16.5,16.5,2000
1994-08-04,16.5,17,16.5,16.5,16.5,4600
1994-08-05,16.75,16.75,16.25,16.25,16.25,35900
1994-08-08,16.5,17,16.5,16.5,16.5,32600
1994-08-09,16.5,16.5,16.25,16.25,16.25,7100
1994-08-10,16.25,16.75,15.75,16,16,25700
1994-08-11,15.75,16.5,15.75,16.375,16.375,15200
1994-08-12,16.5,16.5,16,16.5,16.5,73900
1994-08-15,16.5,17,16.25,16.25,16.25,25700
1994-08-16,16.25,17,16.25,16.25,16.25,9700
1994-08-17,16.25,17,16.25,16.75,16.75,7000
1994-08-18,16.5,17,16.5,16.875,16.875,43000
1994-08-19,16.75,17,16.75,16.75,16.75,24900
1994-08-22,17,17,16.5,17,17,11700
1994-08-23,16.75,17,16.5,16.5,16.5,56000
1994-08-24,16.75,17,16.5,16.875,16.875,424000
1994-08-25,17,17.25,16.5,17,17,168800
1994-08-26,17.25,17.25,16.75,16.75,16.75,82000
1994-08-29,16.75,17.25,16.75,16.75,16.75,47400
1994-08-30,17.25,17.25,16.75,16.875,16.875,26100
1994-08-31,16.75,17.25,16.75,17,17,164700
1994-09-01,17.25,17.5,16.75,17,17,317000
1994-09-02,17.25,17.5,17.25,17.25,17.25,64500
1994-09-06,17.5,17.5,16.75,17.5,17.5,56200
1994-09-07,17.5,18,17.25,17.875,17.875,88300
1994-09-08,17.5,18.75,17.5,18.5,18.5,118100
1994-09-09,18.5,19.25,18,19,19,68000
1994-09-12,19.25,19.5,18.5,18.75,18.75,329100
1994-09-13,18.75,19.75,18.75,19.75,19.75,74400
1994-09-14,19.75,19.75,19,19.5,19.5,220700
1994-09-15,19.75,19.75,19.25,19.375,19.375,382200
1994-09-16,19.75,19.75,19,19.25,19.25,19500
1994-09-19,19.75,19.75,19,19.375,19.375,195900
1994-09-20,19.5,19.5,19,19.125,19.125,11000
1994-09-21,19.25,19.25,18.25,18.25,18.25,52300
1994-09-22,18.25,19,18,18.5,18.5,56100
1994-09-23,19,19,18.5,18.5,18.5,28900
1994-09-26,19,19.5,18.5,19.25,19.25,34800
1994-09-27,19.5,19.5,19,19.25,19.25,64300
1994-09-28,19.75,19.75,19.25,19.75,19.75,117100
1994-09-29,19.75,20,19.25,19.75,19.75,75300
1994-09-30,19.5,20.125,19.5,19.75,19.75,102400
1994-10-03,20.25,20.25,19.5,19.625,19.625,42400
1994-10-04,19.5,20.25,19.5,19.625,19.625,119600
1994-10-05,19.75,19.75,19.25,19.25,19.25,39000
1994-10-06,19.25,19.75,19.25,19.75,19.75,42400
1994-10-07,19.75,19.75,19.25,19.25,19.25,14100
1994-10-10,19.25,19.75,19.25,19.25,19.25,3200
1994-10-11,19.75,19.75,19.25,19.25,19.25,198600
1994-10-12,19.25,19.75,19.25,19.25,19.25,4000
1994-10-13,19.25,19.75,19.25,19.625,19.625,71600
1994-10-14,19.75,20,19.25,19.625,19.625,56900
1994-10-17,19.25,20,19.25,19.875,19.875,11700
1994-10-18,19.5,20,19.5,19.875,19.875,163400
1994-10-19,19.5,20.5,19.5,20,20,125100
1994-10-20,20.125,20.5,20,20.25,20.25,175400
1994-10-21,19.75,20.25,19.75,19.75,19.75,8200
1994-10-24,20.25,20.25,18.5,19,19,126700
1994-10-25,18.5,19.25,18.5,19.25,19.25,53500
1994-10-26,19,19.25,18.5,18.75,18.75,13400
1994-10-27,19.25,19.25,18,18,18,56800
1994-10-28,18,18.5,18,18.5,18.5,59700
1994-10-31,18,19,18,19,19,17300
1994-11-01,18.75,19.25,18.5,19.25,19.25,47500
1994-11-02,19.25,19.25,18.75,19,19,7100
1994-11-03,18.75,19.5,18.75,19.125,19.125,159900
1994-11-04,19.5,19.5,19.125,19.5,19.5,14000
1994-11-07,19,19.5,18.75,19.5,19.5,4700
1994-11-08,18.75,19.5,18.75,19,19,110000
1994-11-09,18.75,19.5,18.75,18.75,18.75,11100
1994-11-10,18.75,19.5,18.75,19,19,11000
1994-11-11,18.75,19,18.25,18.25,18.25,17200
1994-11-14,18.25,18.625,18.25,18.5,18.5,10000
1994-11-15,18.25,18.75,18.25,18.625,18.625,124800
1994-11-16,18.75,18.75,18.25,18.25,18.25,6600
1994-11-17,18.5,18.75,18.25,18.75,18.75,65200
1994-11-18,18.25,18.75,18.25,18.75,18.75,65000
1994-11-21,18.5,18.75,18.5,18.75,18.75,3400
1994-11-22,18.25,18.5,15.5,15.5,15.5,250000
1994-11-23,15.5,15.75,15,15,15,95700
1994-11-25,15,15.5,15,15,15,9100
1994-11-28,15.5,15.5,15,15.25,15.25,55800
1994-11-29,15,15.5,15,15,15,58900
1994-11-30,15,15.375,14,14,14,69600
1994-12-01,13.5,14,13.25,13.75,13.75,159800
1994-12-02,13.25,13.75,13.25,13.375,13.375,69300
1994-12-05,13.75,13.75,13.125,13.75,13.75,352600
1994-12-06,13.25,14.25,13.25,14.25,14.25,195700
1994-12-07,14.25,14.25,13.75,13.875,13.875,123300
1994-12-08,13.75,14.25,13.75,14.125,14.125,264800
1994-12-09,14.25,14.75,13.75,14,14,105200
1994-12-12,14.5,14.75,14,14.625,14.625,34400
1994-12-13,14,14.75,13.875,14,14,579300
1994-12-14,14,14.75,14,14.75,14.75,14400
1994-12-15,14,14.75,14,14.75,14.75,30500
1994-12-16,14.75,15.25,14.25,15,15,23600
1994-12-19,15.25,15.5,15,15,15,16800
1994-12-20,15.5,15.75,15,15,15,24000
1994-12-21,15.75,16.5,15.5,16.5,16.5,98900
1994-12-22,16.5,16.5,15.75,15.75,15.75,15500
1994-12-23,16.5,16.875,16.5,16.5,16.5,21600
1994-12-27,17,17.75,16.5,17.25,17.25,156400
1994-12-28,18,18,16.5,16.625,16.625,59800
1994-12-29,17,17,16.5,16.5,16.5,76200
1994-12-30,16.5,17,16.25,17,17,28600
1995-01-03,16.5,17,16.5,16.5,16.5,9500
1995-01-04,16.75,16.75,16,16,16,50100
1995-01-05,16,16.5,16,16.5,16.5,5700
1995-01-06,16.25,16.5,16.25,16.5,16.5,4400
1995-01-09,16.5,16.5,16.25,16.25,16.25,41600
1995-01-10,16.5,16.5,15.75,15.75,15.75,82900
1995-01-11,16,16,14.5,15.125,15.125,336500
1995-01-12,15,15.25,15,15.25,15.25,22800
1995-01-13,15,15.125,14.75,14.875,14.875,138800
1995-01-16,14.75,15,14.75,14.875,14.875,30600
1995-01-17,15,15.75,14.75,15.75,15.75,401500
1995-01-18,15.25,15.75,15,15.5,15.5,32900
1995-01-19,15,15.125,14.75,15,15,69300
1995-01-20,15,15.5,14.75,15.5,15.5,21900
1995-01-23,14.75,15.5,14.75,14.75,14.75,12500
1995-01-24,15.125,15.5,14.75,14.75,14.75,41000
1995-01-25,14.75,15.5,14.75,15.5,15.5,16000
1995-01-26,15.5,15.5,14.75,15.125,15.125,25600
1995-01-27,14.8125,15.5,14.75,15,15,44600
1995-01-30,14.75,15.5,14.75,14.75,14.75,5700
1995-01-31,14.75,15.5,14.75,14.75,14.75,11700
1995-02-01,14.75,15,14.75,15,15,36700
1995-02-02,14.75,15.25,14.5,14.875,14.875,20800
1995-02-03,14.5,15,14.5,14.875,14.875,72600
1995-02-06,14.5,15,14.5,15,15,84000
1995-02-07,14.75,15.25,14.75,14.75,14.75,37600
1995-02-08,14.75,14.75,14.25,14.75,14.75,57600
1995-02-09,14.75,15.25,14.5,15.25,15.25,59400
1995-02-10,14.75,15.25,14.75,15,15,39300
1995-02-13,15,15,14.25,14.25,14.25,13900
1995-02-14,14.25,14.75,14.25,14.25,14.25,56100
1995-02-15,14.75,14.75,14.25,14.75,14.75,357400
1995-02-16,15,15,14,14,14,29300
1995-02-17,14,14.25,13.5,14.25,14.25,41000
1995-02-21,13.5,14.25,13,13,13,50000
1995-02-22,13.5,13.5,13,13.375,13.375,409800
1995-02-23,14.25,15.25,13.875,15,15,668300
1995-02-24,15,15.25,14.5,14.75,14.75,48500
1995-02-27,14.5,15.125,14.5,15.125,15.125,31700
1995-02-28,14.625,15.75,14.5,15.75,15.75,55100
1995-03-01,15.75,15.75,15.25,15.75,15.75,298800
1995-03-02,15.75,15.75,15.25,15.75,15.75,35300
1995-03-03,15.75,16,15.25,15.25,15.25,26900
1995-03-06,15.75,15.75,15.25,15.25,15.25,248900
1995-03-07,15.75,15.75,14.5,14.625,14.625,55500
1995-03-08,14.5,15,14.25,14.25,14.25,23400
1995-03-09,14.25,15,14.25,14.75,14.75,31100
1995-03-10,15,15,14.25,14.75,14.75,11400
1995-03-13,15,15,14.25,14.375,14.375,310400
1995-03-14,14.75,15.5,14.5,15.5,15.5,54800
1995-03-15,15,15.5,14.75,15.125,15.125,14500
1995-03-16,15.5,15.5,14.75,15,15,36300
1995-03-17,14.75,15.5,14.75,14.75,14.75,98900
1995-03-20,15,15.25,14.75,14.875,14.875,30900
1995-03-21,15.25,15.5,14.75,15.25,15.25,30100
1995-03-22,15,15.75,15,15.75,15.75,267400
1995-03-23,15.25,16,15.25,15.625,15.625,42800
1995-03-24,15.625,16,15.25,15.75,15.75,403600
1995-03-27,15.625,16,15.625,15.75,15.75,91400
1995-03-28,16,16,15.25,16,16,172400
1995-03-29,16.25,16.25,15.5,16.25,16.25,60400
1995-03-30,16.25,16.25,15.5,16.25,16.25,66900
1995-03-31,15.75,16.25,15.75,15.75,15.75,25400
1995-04-03,15.75,16.25,15.5,15.5,15.5,54600
1995-04-04,15.5,16,15.5,15.5,15.5,97300
1995-04-05,15.5,16,15.5,15.625,15.625,122900
1995-04-06,15.5,16,15.375,15.6875,15.6875,119200
1995-04-07,15.75,16,15.5,15.5,15.5,29000
1995-04-10,16,16,15.5,16,16,104500
1995-04-11,16.25,16.25,15.5,16.125,16.125,12900
1995-04-12,15.5,16.25,15.5,15.875,15.875,36900
1995-04-13,16.25,17,15.5,16.875,16.875,211700
1995-04-17,17,17,16.25,17,17,262700
1995-04-18,17,17.25,16.5,17.25,17.25,43900
1995-04-19,16.75,17.25,16.75,17.25,17.25,141100
1995-04-20,16.75,17.25,16.75,16.875,16.875,24100
1995-04-21,17.25,17.5,17,17.125,17.125,92500
1995-04-24,17.25,17.25,16.75,17.25,17.25,48300
1995-04-25,17.5,17.5,17,17.125,17.125,30300
1995-04-26,17.5,17.5,17,17.125,17.125,22300
1995-04-27,17,17.5,17,17.125,17.125,81600
1995-04-28,17.25,17.5,17,17.25,17.25,23200
1995-05-01,17.25,17.5,17,17.375,17.375,50500
1995-05-02,17.25,17.5,17,17.25,17.25,83900
1995-05-03,17.5,17.5,17,17.5,17.5,9700
1995-05-04,17.5,17.5,16.5,16.75,16.75,244300
1995-05-05,16.75,17,16.5,17,17,233400
1995-05-08,17,17,16.5,16.5,16.5,21100
1995-05-09,16.5,17,16.5,16.75,16.75,37800
1995-05-10,19.5,20.5,18.5,19.25,19.25,823800
1995-05-11,18.75,19.5,18.75,19.25,19.25,359500
1995-05-12,19.5,20.25,19.25,20.25,20.25,319500
1995-05-15,20.25,20.5,19.625,20,20,184300
1995-05-16,20,20,19,20,20,230600
1995-05-17,20.25,20.75,19.75,20.75,20.75,362000
1995-05-18,20.75,21,20.25,20.25,20.25,120000
1995-05-19,20.5,20.75,20,20.25,20.25,222300
1995-05-22,20.75,20.75,20.25,20.375,20.375,216000
1995-05-23,20.75,20.75,19.75,20,20,190500
1995-05-24,20.5,20.5,19.75,20.5,20.5,126100
1995-05-25,19.75,20.5,19.5,19.5,19.5,52700
1995-05-26,19.5,20,19.5,20,20,20000
1995-05-30,20,20,19.5,19.75,19.75,17100
1995-05-31,19.5,20,19.5,19.75,19.75,38600
1995-06-01,19.875,20,18.75,19,19,128400
1995-06-02,18.75,19,18,18.5,18.5,101300
1995-06-05,18.5,18.5,18,18.5,18.5,147000
1995-06-06,18.5,19.25,18.25,19.25,19.25,272200
1995-06-07,19.25,19.5,18.75,19.25,19.25,57500
1995-06-08,19.25,19.25,18.5,18.5,18.5,63800
1995-06-09,19,19,18.25,19,19,75700
1995-06-12,19,19,18.5,19,19,49600
1995-06-13,19,19,18.5,18.75,18.75,84900
1995-06-14,19,19,18.5,19,19,82000
1995-06-15,19,19.5,18.75,19,19,97600
1995-06-16,19.5,19.75,19,19.5,19.5,126900
1995-06-19,19,19.75,19,19.25,19.25,95800
1995-06-20,19.25,19.5,19,19.125,19.125,77300
1995-06-21,19.5,19.75,19,19.75,19.75,79100
1995-06-22,19.5,19.875,19.25,19.75,19.75,114400
1995-06-23,20,20,19.5,19.625,19.625,74800
1995-06-26,20,20,19.25,19.5,19.5,29500
1995-06-27,19.75,19.75,19.125,19.125,19.125,89100
1995-06-28,19.5,19.5,18.75,19.25,19.25,38500
1995-06-29,19.25,19.5,18.75,19.1875,19.1875,78800
1995-06-30,19.5,20,19,19.5,19.5,233100
1995-07-03,20,20,19.5,20,20,3600
1995-07-05,19.75,19.75,19.25,19.25,19.25,57100
1995-07-06,19.75,19.75,19.25,19.5,19.5,55500
1995-07-07,19.75,21,19.25,20.75,20.75,203300
1995-07-10,21,21.5,20.5,21.25,21.25,173300
1995-07-11,21.25,21.25,20.75,20.75,20.75,117200
1995-07-12,21,22.25,20.75,21.75,21.75,237200
1995-07-13,22.5,22.5,21.75,21.75,21.75,102100
1995-07-14,22,22,21,21.75,21.75,62800
1995-07-17,21.5,21.75,21.25,21.75,21.75,37000
1995-07-18,21.25,21.75,20.75,21.25,21.25,70700
1995-07-19,21.25,21.25,19.5,19.75,19.75,121100
1995-07-20,19.75,20.25,19.5,20.25,20.25,63100
1995-07-21,20.25,20.5,20,20,20,89100
1995-07-24,20.5,20.5,20,20,20,161100
1995-07-25,20.5,21.25,20,21.25,21.25,388400
1995-07-26,21.25,22.75,21.25,22.25,22.25,180500
1995-07-27,22.25,22.25,21.75,22.25,22.25,73200
1995-07-28,22.25,22.25,21.75,22.25,22.25,87100
1995-07-31,22.25,22.25,21.75,22.25,22.25,78200
1995-08-01,22.5,23,21.75,22.5,22.5,170800
1995-08-02,22.875,23,22.25,22.25,22.25,167900
1995-08-03,22.25,23,22.25,22.75,22.75,56400
1995-08-04,23.25,23.5,23,23,23,60700
1995-08-07,23.5,23.75,23,23.75,23.75,130600
1995-08-08,23.25,24.25,23.25,24.125,24.125,93700
1995-08-09,24.25,24.25,23.5,24.25,24.25,152300
1995-08-10,24,24,23.25,23.25,23.25,128200
1995-08-11,23.25,24,23.25,23.25,23.25,70900
1995-08-14,23.75,23.75,23,23.75,23.75,36000
1995-08-15,23.75,23.75,22.5,22.625,22.625,66700
1995-08-16,23,23,22.5,22.75,22.75,444700
1995-08-17,22.5,23,22.5,22.625,22.625,114700
1995-08-18,22.5,23,22.5,22.75,22.75,105700
1995-08-21,23,23,22,22.5,22.5,63000
1995-08-22,22.25,22.75,22,22.75,22.75,115900
1995-08-23,22,23.25,22,22.6875,22.6875,48300
1995-08-24,22.5,23.25,22.5,22.5,22.5,43800
1995-08-25,23.25,23.75,22.5,23.5,23.5,146000
1995-08-28,23.75,23.75,23,23.75,23.75,84100
1995-08-29,23.75,23.75,23,23,23,50100
1995-08-30,23.75,23.75,23.25,23.25,23.25,166100
1995-08-31,23.25,23.75,23.25,23.5,23.5,17900
1995-09-01,23.25,23.75,23,23.25,23.25,15300
1995-09-05,23.75,23.75,23,23.75,23.75,41300
1995-09-06,23.25,24.25,23.25,24.25,24.25,83000
1995-09-07,24.25,24.5,23.5,23.75,23.75,174900
1995-09-08,24.25,24.25,22.375,23,23,64100
1995-09-11,23,23.5,23,23.25,23.25,102000
1995-09-12,23,23.75,23,23.75,23.75,31200
1995-09-13,23,23.75,22.5,23,23,80800
1995-09-14,22.5,23,22.5,23,23,30000
1995-09-15,22.5,23,22.5,22.75,22.75,141700
1995-09-18,23.25,23.5,22.75,23.125,23.125,60100
1995-09-19,23.5,23.5,22.25,22.25,22.25,73900
1995-09-20,22.25,23,22.25,22.75,22.75,64000
1995-09-21,22.75,23,22,22,22,76500
1995-09-22,21.75,22.25,21.75,22.25,22.25,22600
1995-09-25,21.75,22.25,21.75,21.875,21.875,46700
1995-09-26,21.75,22.25,21.5,22,22,72400
1995-09-27,21.5,22,21.25,21.75,21.75,22300
1995-09-28,21.25,22,21.25,22,22,15200
1995-09-29,21.5,23,21.5,23,23,100100
1995-10-02,22.25,23,22.25,23,23,57300
1995-10-03,22.25,23.25,22.25,22.75,22.75,62300
1995-10-04,22.75,23.25,22.75,22.75,22.75,50500
1995-10-05,22.75,23.25,22.75,23.25,23.25,65700
1995-10-06,23.25,23.25,22,22.625,22.625,99100
1995-10-09,22.75,22.75,21.25,21.25,21.25,33100
1995-10-10,21,22,21,21.25,21.25,73200
1995-10-11,22,22.25,21.25,21.75,21.75,29700
1995-10-12,21.75,22.5,21.75,22.5,22.5,19300
1995-10-13,22,22.75,21.75,22.5,22.5,30700
1995-10-16,21.75,22.5,21.75,22,22,9700
1995-10-17,22.0156,23.25,22,22.75,22.75,69800
1995-10-18,23.125,23.25,22.5,23.25,23.25,26600
1995-10-19,22.5,23.25,22.5,23.25,23.25,4900
1995-10-20,23.25,23.25,22.5,22.5,22.5,60700
1995-10-23,22.5,23.25,22.5,23,23,98600
1995-10-24,22.75,23.25,22.75,22.75,22.75,60600
1995-10-25,22.75,23.25,22.75,22.75,22.75,873700
1995-10-26,22.75,23.25,22.75,23,23,70300
1995-10-27,23.25,23.25,22.75,23,23,445200
1995-10-30,22.75,23.25,22.75,22.75,22.75,26300
1995-10-31,22.75,23.5,22.75,23,23,33500
1995-11-01,15.75,16,15.25,15.5,15.5,34000
1995-11-02,15.5,16.25,15.5,16,16,110800
1995-11-03,16.25,16.25,15.5,15.75,15.75,70600
1995-11-06,16.25,16.5,15.75,16,16,101200
1995-11-07,16.5,16.5,15.75,15.875,15.875,266900
1995-11-08,15.5,16,15.5,15.75,15.75,16300
1995-11-09,16,16,15.25,15.25,15.25,243800
1995-11-10,15.5,15.5,15,15.375,15.375,71900
1995-11-13,15,15.5,15,15.0625,15.0625,41900
1995-11-14,15.25,15.25,14.5,14.5,14.5,63100
1995-11-15,14.5,15.25,14.5,15,15,30800
1995-11-16,15,15.25,14.5,14.75,14.75,40000
1995-11-17,14.75,15.5,14.75,15.0625,15.0625,151200
1995-11-20,15,15.5,14.75,15.5,15.5,68300
1995-11-21,15.5,15.5,14.75,15,15,91500
1995-11-22,15.5,15.5,14.5,14.625,14.625,141000
1995-11-24,14.5,15,14.25,15,15,117600
1995-11-27,14.25,15,14,14.375,14.375,152500
1995-11-28,14.375,15,13.75,15,15,115800
1995-11-29,15,15,14.5,14.5,14.5,209500
1995-11-30,14.5,15,14.5,14.625,14.625,59400
1995-12-01,15,15,14.5,15,15,126900
1995-12-04,14.5,15.25,14.5,15,15,170800
1995-12-05,15.5,15.5,14.75,15,15,36400
1995-12-06,15.25,15.25,14.75,15,15,168000
1995-12-07,15.25,15.25,14.5,14.75,14.75,425800
1995-12-08,15.25,15.25,14.5,15.25,15.25,48700
1995-12-11,15.25,15.5,14.75,15.375,15.375,86400
1995-12-12,14.75,16.25,14.75,15.75,15.75,109900
1995-12-13,15.75,15.75,15.25,15.75,15.75,23100
1995-12-14,15.25,15.75,15.25,15.25,15.25,36900
1995-12-15,15.25,15.75,14.75,14.75,14.75,106700
1995-12-18,15,15,13.75,14.5,14.5,54000
1995-12-19,14.5,14.5,13.75,14,14,30000
1995-12-20,14.5,14.5,13.75,14.5,14.5,35000
1995-12-21,14.5,14.75,14,14,14,40100
1995-12-22,14.75,14.75,14,14.375,14.375,56800
1995-12-26,14,14.5,14,14.5,14.5,24900
1995-12-27,14.5,14.5,14,14.5,14.5,57400
1995-12-28,14.5,14.5,14,14.5,14.5,20800
1995-12-29,14,14.5,14,14.25,14.25,49200
1996-01-02,14.5,14.5,14,14.25,14.25,109600
1996-01-03,14.5,14.75,14,14,14,322400
1996-01-04,14.75,14.75,14,14.75,14.75,64600
1996-01-05,14.75,14.75,14,14.5,14.5,89300
1996-01-08,14.5,14.5,14,14.5,14.5,43900
1996-01-09,14,14.25,14,14.125,14.125,73900
1996-01-10,14,14.25,13.75,14.25,14.25,145400
1996-01-11,14.25,14.25,14,14,14,8300
1996-01-12,14.5,14.5,14,14.5,14.5,45400
1996-01-15,14.5,14.5,13.75,13.75,13.75,66300
1996-01-16,14.5,14.5,13.5,14,14,41800
1996-01-17,14,14,12.5,12.5,12.5,179600
1996-01-18,12.75,13.75,12.5,13.375,13.375,235800
1996-01-19,13.75,13.75,13.25,13.25,13.25,116300
1996-01-22,13.75,13.75,13.25,13.3125,13.3125,22100
1996-01-23,13.25,13.75,13.25,13.5,13.5,81100
1996-01-24,13.75,13.75,13.25,13.75,13.75,59000
1996-01-25,13.75,14,13.25,14,14,120400
1996-01-26,13.5,14.25,13.5,14.125,14.125,443600
1996-01-29,14.25,14.25,13.75,14,14,323600
1996-01-30,13.75,14.25,13.75,13.75,13.75,28100
1996-01-31,13.75,14.25,13.75,14.25,14.25,68100
1996-02-01,13.5,14.25,13.5,14.25,14.25,223800
1996-02-02,14.25,14.25,13.5,14.125,14.125,31000
1996-02-05,14.25,14.25,13.5,14,14,31400
1996-02-06,14.25,14.5,13.75,14.5,14.5,166800
1996-02-07,14.5,14.75,14,14.75,14.75,62700
1996-02-08,14.375,15,14.375,14.75,14.75,49900
1996-02-09,15,15,14.25,14.75,14.75,20000
1996-02-12,14.75,14.75,14.25,14.75,14.75,32700
1996-02-13,14.25,14.75,14,14,14,69200
1996-02-14,14,14.5,13.75,13.75,13.75,48300
1996-02-15,14.25,14.25,13.75,14.25,14.25,50500
1996-02-16,13.75,14.25,13.75,14,14,38800
1996-02-20,13.75,14.25,13.75,14.25,14.25,39500
1996-02-21,13.75,14.75,13.75,14.75,14.75,62000
1996-02-22,14.5,15.25,14.5,15,15,99800
1996-02-23,15.25,15.25,14.75,15.25,15.25,73000
1996-02-26,14.75,15.25,14.25,14.25,14.25,82900
1996-02-27,14.25,14.75,14.25,14.625,14.625,65500
1996-02-28,14.75,14.75,14.25,14.375,14.375,158100
1996-02-29,14.75,14.75,14,14,14,37600
1996-03-01,14,14.75,14,14.375,14.375,110500
1996-03-04,14,14.75,14,14,14,115100
1996-03-05,14,14.5,14,14,14,92700
1996-03-06,14,14.5,14,14.5,14.5,77100
1996-03-07,14,14.5,14,14.125,14.125,186200
1996-03-08,14,14,13.5,13.5,13.5,26700
1996-03-11,13.5,14,13.5,14,14,40500
1996-03-12,14,14,13.5,13.5,13.5,14800
1996-03-13,13.5,14,13.5,13.875,13.875,53200
1996-03-14,14,14,13.5,14,14,49100
1996-03-15,13.75,14.25,13.75,13.75,13.75,101800
1996-03-18,14.5,14.5,13.75,13.75,13.75,29200
1996-03-19,14.375,15,13.75,14.75,14.75,238700
1996-03-20,14.25,15,14.25,14.75,14.75,302800
1996-03-21,15,15.5,14.5,15,15,176600
1996-03-22,15.5,15.5,15,15.5,15.5,144800
1996-03-25,15,15.5,15,15,15,123800
1996-03-26,15,15.75,15,15.5,15.5,88900
1996-03-27,15.25,16.5,15.25,16.125,16.125,152100
1996-03-28,16,16.75,15.75,16.25,16.25,267100
1996-03-29,16.5,16.5,15.75,16.25,16.25,111300
1996-04-01,16.25,16.25,15.75,15.75,15.75,52300
1996-04-02,16,16.25,15.75,16.25,16.25,21400
1996-04-03,15.75,16.25,15.5,15.75,15.75,54800
1996-04-04,16,16,15.5,15.5,15.5,10900
1996-04-08,15.5,16,15,15.5,15.5,56000
1996-04-09,16.125,16.25,15.5,15.75,15.75,37900
1996-04-10,15.5,16,15.5,15.5,15.5,12400
1996-04-11,15.5,16.25,15.5,15.5,15.5,61800
1996-04-12,16.25,16.25,15.5,15.5625,15.5625,25900
1996-04-15,16,16,15.5,15.75,15.75,39200
1996-04-16,16,16,15.5,16,16,132400
1996-04-17,16.25,16.25,15.5,15.5,15.5,99000
1996-04-18,15.5,16.25,15.5,16.25,16.25,103400
1996-04-19,16.25,16.25,15.5,15.5,15.5,65200
1996-04-22,15.5,16.25,15.5,16.25,16.25,30300
1996-04-23,16.25,16.5,15.75,16.5,16.5,61500
1996-04-24,16,16.5,16,16.25,16.25,91500
1996-04-25,16.5,16.5,16,16,16,33500
1996-04-26,16.5,16.5,16,16.5,16.5,25600
1996-04-29,16.75,16.75,16,16.25,16.25,58100
1996-04-30,16.25,16.75,16.25,16.75,16.75,93300
1996-05-01,16.75,17.75,16.5,17.25,17.25,211600
1996-05-02,17.75,17.75,17,17.125,17.125,555800
1996-05-03,17.5,17.5,16.75,17,17,65000
1996-05-06,17.5,17.5,17,17.25,17.25,40600
1996-05-07,17.5,17.5,17,17,17,43200
1996-05-08,17,17.5,17,17.5,17.5,48300
1996-05-09,17,17.75,17,17.25,17.25,1608800
1996-05-10,17.75,17.75,17.25,17.75,17.75,49700
1996-05-13,17.75,17.75,17.5,17.75,17.75,112900
1996-05-14,17.75,18,17.5,18,18,163900
1996-05-15,18,18.5,17.5,18.5,18.5,241600
1996-05-16,18.5,18.5,18,18.25,18.25,145800
1996-05-17,18.5,18.5,18,18.5,18.5,93900
1996-05-20,18,18.5,18,18.5,18.5,166500
1996-05-21,18.5,18.5,18.25,18.375,18.375,157000
1996-05-22,18.5,18.5,18,18,18,14100
1996-05-23,18.5,18.5,18,18,18,147900
1996-05-24,18.5,18.5,18,18,18,73500
1996-05-28,18.5,18.5,17.75,18,18,217300
1996-05-29,17.5,18,17.25,17.25,17.25,198200
1996-05-30,17.25,17.75,17.25,17.25,17.25,104300
1996-05-31,17.75,17.75,17.25,17.75,17.75,39400
1996-06-03,17.75,17.75,17.25,17.25,17.25,50900
1996-06-04,17.25,17.75,17.25,17.625,17.625,210000
1996-06-05,17.25,17.75,17.25,17.625,17.625,119300
1996-06-06,17.75,17.75,17.25,17.75,17.75,36600
1996-06-07,17,17.5,17,17,17,11700
1996-06-10,17,17.75,17,17.5,17.5,29200
1996-06-11,17.5,17.75,17.5,17.75,17.75,11900
1996-06-12,17.75,17.75,17.5,17.5,17.5,24000
1996-06-13,17.5,17.75,17.5,17.625,17.625,28900
1996-06-14,17.5,18,17.5,18,18,43900
1996-06-17,18,18,17.75,17.75,17.75,104600
1996-06-18,17.5,18,17,17.25,17.25,96400
1996-06-19,16.75,17.25,16.25,17,17,371900
1996-06-20,17,17,16.25,16.4375,16.4375,154900
1996-06-21,16.75,17,16.25,17,17,115600
1996-06-24,16.5,17,16.5,16.75,16.75,57400
1996-06-25,16.75,17,16.25,16.5,16.5,183800
1996-06-26,17,17.25,16.5,16.5,16.5,49700
1996-06-27,16.5,17.25,16.5,17.25,17.25,35200
1996-06-28,17.25,17.75,16.5,17,17,171000
1996-07-01,17.5,17.5,17,17.5,17.5,125400
1996-07-02,17.75,18.25,17.5,18.25,18.25,56000
1996-07-03,18.25,18.75,17.75,18.75,18.75,271600
1996-07-05,18.75,18.75,18,18.25,18.25,19300
1996-07-08,18,18.5,18,18,18,594300
1996-07-09,18.5,18.5,18,18.125,18.125,67300
1996-07-10,18,18.5,18,18.5,18.5,122500
1996-07-11,18,18.5,17.5,17.5,17.5,105300
1996-07-12,17.5,17.75,17.25,17.25,17.25,79300
1996-07-15,17,17.75,16.5,16.5,16.5,95300
1996-07-16,16.5,17.25,16.5,17.25,17.25,15400
1996-07-17,16.75,17.25,16.75,17.125,17.125,23700
1996-07-18,17.25,17.25,16.75,17.125,17.125,84000
1996-07-19,17.25,17.25,16.75,16.75,16.75,151900
1996-07-22,17.25,17.25,16.75,17,17,67500
1996-07-23,17,17.25,16.75,16.875,16.875,254300
1996-07-24,17,17,16.5,16.5,16.5,25500
1996-07-25,16.5,17.25,16.5,17.25,17.25,35900
1996-07-26,17,17.25,16.5,17.125,17.125,148300
1996-07-29,16.5,17.25,16.5,16.5,16.5,33000
1996-07-30,16.5,17,16.5,16.5,16.5,60600
1996-07-31,16.5,17,16.5,17,17,34600
1996-08-01,17,17,16.5,16.875,16.875,63500
1996-08-02,17,17.5,16.5,17,17,51800
1996-08-05,17.5,17.5,16.75,16.75,16.75,64400
1996-08-06,16.75,17.5,16.75,16.75,16.75,28500
1996-08-07,16.75,17.5,16.75,17.5,17.5,110900
1996-08-08,16.75,17.25,16.75,17,17,45200
1996-08-09,16.75,17.25,16.75,16.875,16.875,19200
1996-08-12,16.75,17.25,16.75,16.875,16.875,59500
1996-08-13,16.75,17.25,16.75,16.75,16.75,15400
1996-08-14,16.75,17.25,16.75,16.7656,16.7656,18500
1996-08-15,17.25,17.5,16.75,17.5,17.5,65200
1996-08-16,17,18.625,17,18.5,18.5,86500
1996-08-19,18.5,18.5,18,18,18,148000
1996-08-20,18.5,19,18,18.75,18.75,105400
1996-08-21,18.75,19,18.5,18.5,18.5,71700
1996-08-22,19,19.25,18.5,19,19,73200
1996-08-23,19,19.25,18.75,19,19,267900
1996-08-26,19.25,19.25,19,19,19,79400
1996-08-27,19,19.25,18.75,18.75,18.75,72100
1996-08-28,18.75,19.25,18.75,19.25,19.25,16500
1996-08-29,19.25,19.25,18.75,18.75,18.75,26500
1996-08-30,19.25,19.25,18.75,19,19,17900
1996-09-03,19.25,19.25,18.5,19,19,98900
1996-09-04,18.75,19,18.5,18.625,18.625,228000
1996-09-05,18.5,19,18.375,18.5,18.5,140700
1996-09-06,18.5,19,18.25,18.25,18.25,24700
1996-09-09,18.25,19.25,18.25,19.25,19.25,195600
1996-09-10,19.25,19.375,18.75,19.25,19.25,80700
1996-09-11,19.375,19.375,19.25,19.25,19.25,276200
1996-09-12,19.25,19.375,19.25,19.25,19.25,35600
1996-09-13,19.25,19.75,19.25,19.25,19.25,98200
1996-09-16,19.75,19.75,19.25,19.25,19.25,89900
1996-09-17,19.75,19.75,19.25,19.625,19.625,63000
1996-09-18,19.25,19.75,19,19,19,46300
1996-09-19,19,19.5,18.75,18.75,18.75,75000
1996-09-20,18.75,19,18.5,18.5,18.5,104000
1996-09-23,19,19,18.25,18.75,18.75,59000
1996-09-24,18.25,19,18.25,18.5,18.5,134400
1996-09-25,18.5,19,18.5,18.5,18.5,58800
1996-09-26,18.5,19,18.5,18.625,18.625,72400
1996-09-27,18.625,19,18.625,18.75,18.75,24000
1996-09-30,19,19,18.625,18.625,18.625,106700
1996-10-01,18.75,19,18.25,19,19,53200
1996-10-02,18.75,19.5,18.75,19.5,19.5,87900
1996-10-03,19.75,19.75,19.25,19.25,19.25,84400
1996-10-04,19.25,19.75,19.25,19.25,19.25,24200
1996-10-07,19.25,19.5,18.75,18.75,18.75,28100
1996-10-08,19.25,19.25,18.25,18.5156,18.5156,92200
1996-10-09,19,19,18.5,19,19,44700
1996-10-10,19,19.25,18.5,19.25,19.25,32600
1996-10-11,18.75,19.25,18.75,18.75,18.75,15700
1996-10-14,18.75,19.25,18.75,19.25,19.25,35900
1996-10-15,18.75,19.25,18.5,19,19,174300
1996-10-16,18.75,19.25,18.75,19.25,19.25,26500
1996-10-17,19.25,19.25,18.75,18.75,18.75,79100
1996-10-18,19.25,19.25,18.75,18.75,18.75,36500
1996-10-21,18.75,19.25,18.75,18.75,18.75,61400
1996-10-22,19.25,19.25,18.625,19.25,19.25,26200
1996-10-23,18.75,19.25,18.75,19.125,19.125,67700
1996-10-24,19.25,19.25,18.75,18.75,18.75,42300
1996-10-25,18.75,19.25,18.75,18.75,18.75,63700
1996-10-28,19.25,19.25,18.75,18.75,18.75,8800
1996-10-29,18.75,19.25,18.75,18.875,18.875,13100
1996-10-30,18.75,19.25,18.75,18.75,18.75,7500
1996-10-31,19.25,19.5,18.75,19.5,19.5,77000
1996-11-01,19.5,19.5,18.75,19.25,19.25,48000
1996-11-04,19.25,19.5,18.75,19.125,19.125,56800
1996-11-05,19,20,19,19.625,19.625,78200
1996-11-06,20,20,19.375,19.75,19.75,90200
1996-11-07,19.5,20,19.5,19.875,19.875,43400
1996-11-08,20,20,19.5,19.5,19.5,38800
1996-11-11,19.5,20,19.5,19.5,19.5,55900
1996-11-12,19.5,20,19.5,19.5,19.5,116900
1996-11-13,19.5,20,18.75,18.75,18.75,53300
1996-11-14,18.75,19.25,18.5,18.75,18.75,37600
1996-11-15,19,19,18.25,18.5,18.5,192800
1996-11-18,18.75,19.25,18.25,18.75,18.75,30900
1996-11-19,18.75,19.5,18.75,19.375,19.375,23200
1996-11-20,19,19.5,19,19,19,29400
1996-11-21,19.5,19.5,19,19.25,19.25,41600
1996-11-22,19.5,19.5,19,19.25,19.25,40500
1996-11-25,19,19.75,19,19.75,19.75,57500
1996-11-26,20,20,19.25,20,20,16700
1996-11-27,20,20,19.25,20,20,5600
1996-11-29,19.25,20,19.25,19.25,19.25,4100
1996-12-02,19.25,20,19.25,19.25,19.25,240400
1996-12-03,19.375,20,19.25,19.25,19.25,152100
1996-12-04,20,20.25,19.25,20.125,20.125,131700
1996-12-05,19.75,20.25,19.75,19.75,19.75,23700
1996-12-06,19.5,20.25,19.25,19.875,19.875,95800
1996-12-09,19.875,20.25,19.375,19.75,19.75,253500
1996-12-10,19.75,19.75,18.5,18.5,18.5,218400
1996-12-11,19,19.25,18.5,19.25,19.25,89100
1996-12-12,19.25,19.5,18.75,18.75,18.75,37400
1996-12-13,18.75,19,18.5,18.5,18.5,17000
1996-12-16,18.5,19.5,18.5,18.875,18.875,42800
1996-12-17,19,19,18.5,19,19,24300
1996-12-18,19,19,18.5,18.5,18.5,54600
1996-12-19,19,19.25,18.5,19.25,19.25,12300
1996-12-20,18.5,19.25,18.5,19,19,70800
1996-12-23,18.5,19,18,18.25,18.25,111100
1996-12-24,18.25,19.25,18.25,19.25,19.25,29700
1996-12-26,18.75,19.25,18.5,18.875,18.875,22500
1996-12-27,18.5,19,18.5,19,19,6500
1996-12-30,19,19.25,18.5,19,19,26800
1996-12-31,19.5,20.25,19.25,20.25,20.25,78700
1997-01-02,19.75,20.5,19.5,20.5,20.5,134300
1997-01-03,20,20.75,20,20.5,20.5,270400
1997-01-06,20.75,20.875,20.25,20.5,20.5,32000
1997-01-07,20.25,20.875,20.25,20.25,20.25,29800
1997-01-08,20.25,21,20.25,20.75,20.75,76900
1997-01-09,20.75,20.75,20.25,20.25,20.25,51700
1997-01-10,20.25,20.75,19.25,19.5,19.5,117100
1997-01-13,19.5,19.75,19.25,19.625,19.625,38200
1997-01-14,19.625,19.625,19.25,19.5,19.5,38700
1997-01-15,19.625,20,19.25,19.75,19.75,38600
1997-01-16,19.5,20.5,19.5,20,20,90900
1997-01-17,20,20.5,20,20.25,20.25,98300
1997-01-20,20,20.5,19.75,20.5,20.5,102100
1997-01-21,20.25,21.5,19.75,21.25,21.25,182700
1997-01-22,21.25,21.5,20.75,21.5,21.5,80500
1997-01-23,21.5,21.5,20.75,21.25,21.25,158000
1997-01-24,21.25,21.25,20.5,21.25,21.25,75900
1997-01-27,20.75,21.25,20.5,20.75,20.75,292400
1997-01-28,21,21.5,20.75,21.5,21.5,73800
1997-01-29,21.5,22.25,20.75,21.75,21.75,94000
1997-01-30,22.125,23,21.5,22.375,22.375,138600
1997-01-31,22.75,22.75,21.5,22.25,22.25,179600
1997-02-03,22.25,22.25,21.5,21.75,21.75,155600
1997-02-04,22.25,22.25,21.25,21.625,21.625,220500
1997-02-05,21.75,21.75,20.5,20.5,20.5,58900
1997-02-06,20.75,20.75,19.5,19.5,19.5,69700
1997-02-07,20.25,20.25,19.5,19.625,19.625,50100
1997-02-10,19.5,20,19.5,19.75,19.75,39700
1997-02-11,20,20,19.5,19.625,19.625,26400
1997-02-12,20,21,19.5,20.5,20.5,115600
1997-02-13,21,22,20.75,21.875,21.875,114700
1997-02-14,22.25,22.25,21,21.5,21.5,145200
1997-02-18,21.625,21.75,21.25,21.5,21.5,177300
1997-02-19,21.75,21.75,21,21.5,21.5,103500
1997-02-20,21.5,21.5,21,21,21,25400
1997-02-21,21.5,21.5,20.9375,21.125,21.125,59300
1997-02-24,21.125,21.5,20.875,20.875,20.875,120500
1997-02-25,21.125,21.125,14,15.8125,15.8125,774000
1997-02-26,17,17.25,15.75,16.1719,16.1719,2760800
1997-02-27,16.25,16.25,15.5,15.75,15.75,1368700
1997-02-28,15.75,16,15.5,15.875,15.875,453700
1997-03-03,16.25,16.25,15.75,16.25,16.25,228000
1997-03-04,16.25,16.25,15.25,15.5,15.5,136900
1997-03-05,15.75,15.875,15.25,15.5,15.5,157500
1997-03-06,15.875,15.875,15.25,15.625,15.625,290400
1997-03-07,15.75,15.75,15.5,15.75,15.75,193200
1997-03-10,15.75,16,15.5,15.5,15.5,932400
1997-03-11,15.75,15.75,15.375,15.625,15.625,408800
1997-03-12,15.625,16,15.5,16,16,158100
1997-03-13,16,16,15.5,15.5,15.5,71100
1997-03-14,16,16,15.5,16,16,73500
1997-03-17,16,16.375,15.875,15.875,15.875,126600
1997-03-18,16.25,16.25,15.875,15.875,15.875,67900
1997-03-19,15.875,16.25,15.625,16,16,136400
1997-03-20,16,16,15.5,15.5,15.5,191000
1997-03-21,16,16,15.25,15.25,15.25,251500
1997-03-24,15.5,15.5,14.875,14.875,14.875,187300
1997-03-25,15.125,15.125,14.875,14.875,14.875,129200
1997-03-26,14.875,15.75,14.875,15.75,15.75,128300
1997-03-27,15.75,15.75,14.5,15,15,206700
1997-03-31,15,15,14,14,14,134200
1997-04-01,14,14.5,12.75,13.25,13.25,300600
1997-04-02,13.375,13.5,12.75,13.5,13.5,192700
1997-04-03,13.5,13.875,13.125,13.875,13.875,103800
1997-04-04,13.875,14,13.5,14,14,97900
1997-04-07,14.5,14.5,14.375,14.5,14.5,107600
1997-04-08,14.5,14.75,14.375,14.75,14.75,145300
1997-04-09,14.75,15.375,14.5,15.375,15.375,162100
1997-04-10,15.375,15.375,15,15,15,73300
1997-04-11,15.125,15.125,14.5,14.5,14.5,63400
1997-04-14,14.75,14.75,14.25,14.75,14.75,268200
1997-04-15,14.75,14.75,14.375,14.75,14.75,62700
1997-04-16,14.75,14.75,14.125,14.5,14.5,99000
1997-04-17,14.125,14.25,13.375,13.625,13.625,266400
1997-04-18,13.625,13.75,13.375,13.75,13.75,338900
1997-04-21,13.75,14.25,13.5,13.875,13.875,250800
1997-04-22,13.75,14,13.5,14,14,93500
1997-04-23,14,14,13.375,14,14,271300
1997-04-24,13.875,14.25,13.5,13.5,13.5,89400
1997-04-25,14.125,14.125,13.5,14,14,88100
1997-04-28,14,14.25,13.625,13.75,13.75,92500
1997-04-29,13.875,14,13.625,13.875,13.875,225500
1997-04-30,14,14.125,13.625,14.125,14.125,181300
1997-05-01,14.125,14.125,13.75,14.125,14.125,139400
1997-05-02,14,14.625,14,14.625,14.625,368000
1997-05-05,14.75,15.5,14.625,15.5,15.5,383800
1997-05-06,15.5,16.5,15.375,15.75,15.75,317700
1997-05-07,15.75,16,15.5,15.75,15.75,111700
1997-05-08,15.375,15.75,15.25,15.625,15.625,91200
1997-05-09,15.25,15.75,15.25,15.625,15.625,264200
1997-05-12,15.625,15.625,15.375,15.625,15.625,233900
1997-05-13,15.375,15.625,15.375,15.4375,15.4375,214500
1997-05-14,15.625,15.625,15.375,15.625,15.625,64400
1997-05-15,15.375,15.625,15.375,15.375,15.375,74900
1997-05-16,15.5,15.5,15.25,15.375,15.375,94500
1997-05-19,15.375,15.75,15.25,15.75,15.75,174400
1997-05-20,15.5,16.5,15.5,16.25,16.25,271100
1997-05-21,16.25,16.5,16,16.25,16.25,188200
1997-05-22,16.5,16.5,16.25,16.25,16.25,156800
1997-05-23,16.5,16.5,15.625,16.125,16.125,118700
1997-05-27,16.25,16.625,15.875,16.625,16.625,231100
1997-05-28,16.375,16.875,16.375,16.6875,16.6875,195400
1997-05-29,16.5,16.875,16.375,16.875,16.875,166100
1997-05-30,16.875,16.875,16.375,16.875,16.875,166300
1997-06-02,16.75,16.875,16.375,16.625,16.625,119400
1997-06-03,16.5,16.875,16.5,16.875,16.875,133300
1997-06-04,16.875,16.875,16.625,16.8125,16.8125,96000
1997-06-05,16.625,17.25,16.625,17,17,260500
1997-06-06,17.25,17.5,16.75,17.5,17.5,482600
1997-06-09,17.5,18.25,17.125,18.25,18.25,353800
1997-06-10,18.375,18.5,17.875,18.5,18.5,373200
1997-06-11,18,19.5,18,19.25,19.25,339100
1997-06-12,19.375,20,18.875,19.3125,19.3125,370100
1997-06-13,19.375,19.625,17.625,17.75,17.75,150100
1997-06-16,18,18.6875,17.625,18.6875,18.6875,54100
1997-06-17,18.25,18.75,17.625,18,18,195500
1997-06-18,18.25,18.75,17.625,18.5,18.5,273300
1997-06-19,18.75,19.25,18.25,19,19,247600
1997-06-20,19,19.5,18.75,19.5,19.5,681800
1997-06-23,19.5,19.5,19,19.25,19.25,288700
1997-06-24,19.125,19.25,18,18.25,18.25,173200
1997-06-25,18.75,19.75,18.625,19.125,19.125,730300
1997-06-26,18.75,19.125,18.25,18.75,18.75,263000
1997-06-27,18.625,18.75,18.375,18.375,18.375,351600
1997-06-30,18.375,20,18.375,19.875,19.875,431800
1997-07-01,19.9375,19.9375,19.125,19.875,19.875,152200
1997-07-02,19.875,19.9375,19.5,19.5,19.5,172600
1997-07-03,19.75,19.75,19.5,19.5,19.5,44100
1997-07-07,19.5,19.75,19.5,19.625,19.625,55600
1997-07-08,19.75,20.75,19.5625,20.375,20.375,671200
1997-07-09,20.375,20.75,19.75,20,20,222500
1997-07-10,20,20.5,19.875,20.5,20.5,377000
1997-07-11,20.375,20.75,20.25,20.75,20.75,118400
1997-07-14,20.75,20.75,19.8125,20,20,165400
1997-07-15,19.8125,20.5,19.75,20.5,20.5,154800
1997-07-16,19.8125,20.75,19.8125,20.75,20.75,69500
1997-07-17,20.25,21.375,20.25,21.375,21.375,196700
1997-07-18,21,21.625,20.875,21.5,21.5,154500
1997-07-21,21.125,21.625,20.625,20.625,20.625,61200
1997-07-22,20.625,21.25,20.625,21,21,72400
1997-07-23,21.125,21.125,20.5,20.875,20.875,36000
1997-07-24,21,21,20.5,20.75,20.75,33100
1997-07-25,20.75,21,20.5,20.5,20.5,30900
1997-07-28,20.5,20.875,19.625,20.25,20.25,91400
1997-07-29,19.875,21,19.875,20.6875,20.6875,67200
1997-07-30,20.75,21,20.25,20.5,20.5,40400
1997-07-31,20.5,21.125,20.5,20.75,20.75,60400
1997-08-01,21.125,21.125,19.75,20,20,89900
1997-08-04,20.125,20.75,20.125,20.25,20.25,55500
1997-08-05,20.75,21,20.3125,20.9375,20.9375,76700
1997-08-06,21,21.25,20.625,21.0625,21.0625,89300
1997-08-07,20.875,21.125,20.75,21.125,21.125,54200
1997-08-08,20.8125,21,20.25,20.4375,20.4375,48700
1997-08-11,20.4375,20.9375,20.3125,20.625,20.625,40900
1997-08-12,20.625,21.375,20.625,21.375,21.375,88400
1997-08-13,21.25,21.25,20.75,21,21,30800
1997-08-14,21,21.25,20.75,21,21,46600
1997-08-15,21,21.125,20.5,20.5,20.5,55100
1997-08-18,20.625,21,20.25,20.625,20.625,58400
1997-08-19,20.375,21,20.375,21,21,79800
1997-08-20,21,21.5,20.75,21,21,126000
1997-08-21,21,21.5,21,21.25,21.25,51300
1997-08-22,21.25,21.5,20.5,21.125,21.125,96000
1997-08-25,20.875,21.75,20.625,21.75,21.75,86300
1997-08-26,21.375,22.125,20.875,20.875,20.875,134100
1997-08-27,20.75,22,20.75,22,22,148400
1997-08-28,22,23,21.5,23,23,681400
1997-08-29,22.75,24.25,22.5,23.75,23.75,562900
1997-09-02,24,24.375,23.5,24.375,24.375,571300
1997-09-03,24,24.5,24,24.25,24.25,434900
1997-09-04,25.125,25.75,25.125,25.75,25.75,755400
1997-09-05,25.75,26.5,25.25,26.25,26.25,386300
1997-09-08,26.25,26.75,25.25,25.5,25.5,236500
1997-09-09,25.5,25.5,24,24.3125,24.3125,269200
1997-09-10,24.25,24.75,24.125,24.5,24.5,900300
1997-09-11,24.5,25.5,23.5,24.25,24.25,148300
1997-09-12,24.25,24.25,23.5,24.25,24.25,182000
1997-09-15,23.75,25.625,23.75,25.25,25.25,158300
1997-09-16,25.25,25.25,23.875,24.625,24.625,118500
1997-09-17,24.375,24.75,23.25,23.75,23.75,126300
1997-09-18,23.25,24.375,23.25,23.9375,23.9375,71700
1997-09-19,23.5,24.125,23.375,24,24,140700
1997-09-22,23.75,24.625,23.75,24.625,24.625,299700
1997-09-23,24.375,25.25,24.375,25.25,25.25,409600
1997-09-24,25,25.25,24.8125,24.8125,24.8125,67500
1997-09-25,24.75,25.25,24.75,25.25,25.25,59800
1997-09-26,25.375,25.375,24.875,25,25,252200
1997-09-29,25,26.5,25,25.75,25.75,204900
1997-09-30,26,26,25.625,25.75,25.75,43100
1997-10-01,26,26.25,25.75,26.25,26.25,157400
1997-10-02,26.25,26.25,25.875,26.125,26.125,107600
1997-10-03,25.875,26.25,25.75,25.75,25.75,84000
1997-10-06,26,26,25.5,25.5,25.5,66400
1997-10-07,25.375,25.75,25,25.375,25.375,74600
1997-10-08,25.375,25.375,24.375,24.75,24.75,65900
1997-10-09,24.5,25.5,24.375,25.3125,25.3125,212900
1997-10-10,25,26.25,25,26,26,217800
1997-10-13,26.25,27.125,25.875,26.375,26.375,260400
1997-10-14,26.625,27,26.375,26.875,26.875,200800
1997-10-15,26.875,27,25.75,26.5,26.5,138600
1997-10-16,26,26.875,25.75,26.125,26.125,59800
1997-10-17,25.625,25.75,23.5,24.625,24.625,178400
1997-10-20,24,25.25,24,25.25,25.25,51300
1997-10-21,25.75,25.75,25,25.125,25.125,112300
1997-10-22,25.75,25.875,25.0625,25.125,25.125,132800
1997-10-23,24.5,26.25,23.75,25.75,25.75,254000
1997-10-24,26.75,27,25.5,26.125,26.125,313300
1997-10-27,25.25,25.75,19.5,21,21,681600
1997-10-28,20.5,22.125,19.75,22,22,422500
1997-10-29,22,22,20.875,21.25,21.25,296900
1997-10-30,21,21.25,19.75,20.25,20.25,322400
1997-10-31,20,20.75,19,19.75,19.75,233100
1997-11-03,19.75,20.75,19.5,20.25,20.25,146000
1997-11-04,20.25,20.75,20.25,20.4375,20.4375,239700
1997-11-05,20.5,20.625,19,19.875,19.875,247700
1997-11-06,19.5,19.75,19,19.375,19.375,179000
1997-11-07,19,19.75,18.75,19.1875,19.1875,84400
1997-11-10,20,20,19,19.0625,19.0625,74900
1997-11-11,19,19.5,18,18.25,18.25,84200
1997-11-12,17.375,18.5,17.375,18,18,141100
1997-11-13,18.25,19.125,17.75,18.5,18.5,134700
1997-11-14,19.25,19.5,18,19.25,19.25,78100
1997-11-17,19.375,20,19.375,19.75,19.75,84600
1997-11-18,19.5,20,19.5,19.5,19.5,118300
1997-11-19,19.5,19.75,19,19,19,66500
1997-11-20,19.25,19.625,19,19.3125,19.3125,52100
1997-11-21,19.125,19.9375,19.125,19.125,19.125,65700
1997-11-24,19.5,20,19.125,20,20,57000
1997-11-25,19.75,20,16.125,16.375,16.375,555400
1997-11-26,16.75,16.75,15.875,16.125,16.125,406300
1997-11-28,16.25,16.25,15.875,16.25,16.25,44400
1997-12-01,16,16.25,15.9375,16.25,16.25,489500
1997-12-02,16.25,16.25,16,16.125,16.125,286400
1997-12-03,16,16.25,15.5,15.625,15.625,124900
1997-12-04,16,16,15.625,15.8125,15.8125,200200
1997-12-05,15.75,16.1875,15.75,16,16,295400
1997-12-08,16.25,16.5,15.875,16.5,16.5,127500
1997-12-09,16.5625,18,16.25,17.625,17.625,151300
1997-12-10,17.625,17.625,16.375,16.625,16.625,227500
1997-12-11,16.75,16.75,15.75,16.25,16.25,652100
1997-12-12,16.25,16.25,15.75,15.9375,15.9375,71700
1997-12-15,15.75,16.125,15.5,15.625,15.625,170700
1997-12-16,15.5,15.875,15.5,15.875,15.875,40600
1997-12-17,15.5,15.875,15.5,15.5,15.5,162600
1997-12-18,15.5,15.75,15,15,15,93900
1997-12-19,14.75,15.5,14.75,15.125,15.125,55700
1997-12-22,15.125,15.875,15.125,15.8125,15.8125,231900
1997-12-23,15.875,15.875,15.625,15.8125,15.8125,118600
1997-12-24,16,16,15.75,16,16,36900
1997-12-26,15.75,16,15.75,16,16,110200
1997-12-29,15.875,16.375,15.875,16.375,16.375,201000
1997-12-30,16,16.5,16,16.25,16.25,236400
1997-12-31,16.25,17.25,16.25,16.25,16.25,213000
1998-01-02,16.25,18.5,16.25,18.25,18.25,87700
1998-01-05,18.5,18.5,17.25,18,18,32600
1998-01-06,17.125,18,17.125,17.75,17.75,36800
1998-01-07,17.125,17.625,17.125,17.625,17.625,33800
1998-01-08,18,18,16.625,16.75,16.75,70900
1998-01-09,17,17,15.75,15.9375,15.9375,73100
1998-01-12,16,16,15.125,15.75,15.75,20700
1998-01-13,16.25,16.25,15.5,15.75,15.75,75300
1998-01-14,15.625,15.75,15.5,15.5,15.5,272600
1998-01-15,15.5,15.75,15.375,15.375,15.375,78100
1998-01-16,15.6875,15.75,15.5,15.5,15.5,450700
1998-01-20,15.5,16,15.5,15.625,15.625,293400
1998-01-21,15.5,16,15.25,15.5,15.5,283500
1998-01-22,15.625,15.625,15.125,15.3125,15.3125,477700
1998-01-23,15.5,15.5,14.875,15.125,15.125,785000
1998-01-26,15,15.25,15,15,15,194500
1998-01-27,15.5,15.5,14.875,15.0625,15.0625,58900
1998-01-28,15.25,15.25,14.875,15.25,15.25,162900
1998-01-29,15.25,15.25,14.625,14.75,14.75,107600
1998-01-30,14.75,14.875,14.375,14.375,14.375,214700
1998-02-02,15,15,14.5,14.625,14.625,401400
1998-02-03,15,15,14.5,14.625,14.625,478900
1998-02-04,14.625,14.875,14.375,14.5,14.5,346100
1998-02-05,14.5,14.875,14.375,14.625,14.625,132200
1998-02-06,14.875,15.75,14.5,15.5,15.5,336400
1998-02-09,15.75,16.125,15.375,16,16,198500
1998-02-10,16.125,16.5,15.75,16.25,16.25,622900
1998-02-11,16.1875,16.5,16,16.125,16.125,65200
1998-02-12,16,16.375,15.0625,15.375,15.375,109400
1998-02-13,15.5,15.75,15.25,15.25,15.25,46700
1998-02-17,15.5,15.75,15.25,15.6875,15.6875,104900
1998-02-18,15.75,16,15.375,15.75,15.75,200800
1998-02-19,16,16,15.5,15.75,15.75,41400
1998-02-20,15.875,16,15.0625,15.0625,15.0625,121500
1998-02-23,15.4375,15.75,15.0625,15.375,15.375,275200
1998-02-24,15.125,15.4375,15.125,15.25,15.25,135800
1998-02-25,15.0625,15.75,14.625,15,15,200700
1998-02-26,13.75,15,12.6875,14.75,14.75,497100
1998-02-27,14.875,14.875,14.125,14.125,14.125,603900
1998-03-02,14,14.625,14,14.3125,14.3125,346500
1998-03-03,14,14.5,13.75,14.125,14.125,185300
1998-03-04,13.75,14.5,13.75,14.375,14.375,98300
1998-03-05,14.125,14.25,13.625,13.9375,13.9375,123100
1998-03-06,13.875,14.125,13.75,14,14,96100
1998-03-09,14.125,14.125,13.8125,14,14,341200
1998-03-10,13.9375,14.125,13.9375,14.125,14.125,187000
1998-03-11,14,15,14,14.75,14.75,512500
1998-03-12,15,15.5,14,14.125,14.125,171600
1998-03-13,14,14.375,13.75,13.75,13.75,240700
1998-03-16,14.25,14.5,13.75,14.375,14.375,341100
1998-03-17,14.5,14.5,14,14,14,208400
1998-03-18,14.25,14.25,13.875,14.1875,14.1875,232500
1998-03-19,14.25,14.25,14,14,14,132600
1998-03-20,14,14.25,13.9375,14.0625,14.0625,98600
1998-03-23,13.9375,14.25,13.5,13.875,13.875,154500
1998-03-24,13.875,13.875,13.5,13.625,13.625,251200
1998-03-25,13.75,14.3125,13.5625,14.25,14.25,331100
1998-03-26,14.375,14.375,14,14.375,14.375,453000
1998-03-27,14.5,14.5,14,14.3125,14.3125,86900
1998-03-30,14,14.5625,14,14.5625,14.5625,117600
1998-03-31,14.625,15,14.375,14.9375,14.9375,79000
1998-04-01,15.625,15.75,15.125,15.4375,15.4375,143100
1998-04-02,15.375,15.75,15.125,15.75,15.75,137100
1998-04-03,15.75,16,15.5,15.875,15.875,83400
1998-04-06,16.25,16.25,16,16,16,110400
1998-04-07,16.25,16.25,16,16.0625,16.0625,101600
1998-04-08,16.1875,16.25,14.75,15,15,157100
1998-04-09,15,15.625,14.75,15.625,15.625,141200
1998-04-13,15.75,15.75,15,15,15,90800
1998-04-14,15,15.875,15,15.75,15.75,64200
1998-04-15,15.875,16.25,15.5,16.25,16.25,74600
1998-04-16,16,16.25,15.75,15.75,15.75,99400
1998-04-17,15.75,16,15.25,15.5625,15.5625,54000
1998-04-20,15.75,16.5,15.5,16.4375,16.4375,66400
1998-04-21,16.5,17,16.375,16.75,16.75,140100
1998-04-22,16.875,17.125,16.5,17,17,129200
1998-04-23,17.25,17.25,16.25,16.375,16.375,72800
1998-04-24,16.75,16.75,15.75,16,16,58100
1998-04-27,16.375,16.5,15.625,16,16,79100
1998-04-28,16,16.1875,15.75,16.125,16.125,27400
1998-04-29,16.375,16.375,15.5,15.75,15.75,106200
1998-04-30,16.25,16.25,15.6562,16,16,78000
1998-05-01,16.0625,16.375,15.75,16.3438,16.3438,66100
1998-05-04,16.375,16.375,14.625,14.6875,14.6875,145900
1998-05-05,14.625,15.5,14.5,15.125,15.125,111700
1998-05-06,15,16,15,15.8125,15.8125,65000
1998-05-07,15.75,15.875,14.25,14.5625,14.5625,121600
1998-05-08,14.625,14.625,14.375,14.375,14.375,108000
1998-05-11,14.5625,14.5625,14,14,14,116500
1998-05-12,14.375,14.375,13.75,13.875,13.875,141200
1998-05-13,14.25,14.25,13.75,14,14,167600
1998-05-14,14.125,14.125,13.625,13.6875,13.6875,81300
1998-05-15,13.875,13.875,13.0625,13.25,13.25,135800
1998-05-18,13.375,13.375,12.9375,13,13,136300
1998-05-19,12.9375,13.125,12.9375,12.9375,12.9375,101200
1998-05-20,13,13,12.875,13,13,116400
1998-05-21,13.125,13.125,12.625,12.6562,12.6562,149100
1998-05-22,12.625,12.8125,12.5,12.625,12.625,99800
1998-05-26,12.75,12.75,12.5,12.5,12.5,121300
1998-05-27,12.625,12.625,12,12,12,100300
1998-05-28,12.1875,12.75,12,12.375,12.375,165000
1998-05-29,12.75,12.75,12.375,12.75,12.75,423000
1998-06-01,12.625,12.75,11.75,12.0625,12.0625,132900
1998-06-02,12.25,12.375,11.75,12.125,12.125,85100
1998-06-03,12.25,12.25,12.125,12.1875,12.1875,279100
1998-06-04,12.25,12.5,12.125,12.1875,12.1875,106200
1998-06-05,12.375,12.375,11.75,12,12,91200
1998-06-08,12,12.25,11.875,12,12,285800
1998-06-09,12.5,12.5,12,12,12,223800
1998-06-10,12.125,12.125,12,12.0625,12.0625,64900
1998-06-11,12.125,12.125,11.75,12,12,126600
1998-06-12,12.125,12.125,11.625,11.625,11.625,69600
1998-06-15,12,12,10.75,11.1875,11.1875,205800
1998-06-16,11.25,11.5,10.75,11.5,11.5,51400
1998-06-17,11.25,11.75,11.25,11.4375,11.4375,63800
1998-06-18,11.25,11.6875,11.125,11.125,11.125,58000
1998-06-19,11,11.25,10.625,11,11,386100
1998-06-22,10.625,11,10.625,10.8125,10.8125,173200
1998-06-23,10.875,11,10.625,10.75,10.75,184000
1998-06-24,12.125,14.25,12.125,13.625,13.625,499100
1998-06-25,14,14,13.5,13.5,13.5,258300
1998-06-26,13.5,13.5625,12.6875,13.5625,13.5625,265300
1998-06-29,13.625,14.25,13.375,14,14,220500
1998-06-30,14.25,15.5,13.75,15.5,15.5,447800
1998-07-01,15.25,15.3125,14.4375,15.25,15.25,435600
1998-07-02,15,15.25,14.75,15.125,15.125,65500
1998-07-06,15.25,15.375,14.75,15.125,15.125,190800
1998-07-07,15.125,15.125,14.5,14.75,14.75,98700
1998-07-08,14.5,14.625,14.25,14.25,14.25,114700
1998-07-09,14.25,14.5,14,14.3125,14.3125,91400
1998-07-10,14.25,14.375,14.25,14.375,14.375,14200
1998-07-13,14.25,14.625,14.25,14.375,14.375,40100
1998-07-14,14.25,14.5625,14.25,14.5,14.5,70500
1998-07-15,14.5,14.625,14.375,14.4375,14.4375,105100
1998-07-16,14.375,14.5,14.25,14.4375,14.4375,136500
1998-07-17,14.25,14.5,14.25,14.375,14.375,63700
1998-07-20,14.25,14.75,14.25,14.5625,14.5625,73900
1998-07-21,14.5,14.75,14.4375,14.5,14.5,48800
1998-07-22,14.625,14.625,14.4375,14.4375,14.4375,165000
1998-07-23,14.375,14.625,14.375,14.4375,14.4375,105600
1998-07-24,14.375,14.75,14.375,14.6875,14.6875,156000
1998-07-27,14.25,14.75,14.25,14.4375,14.4375,80700
1998-07-28,14.6875,14.6875,14.25,14.4375,14.4375,126200
1998-07-29,14.25,14.625,14.25,14.625,14.625,27700
1998-07-30,14.625,14.625,14.25,14.5625,14.5625,139400
1998-07-31,14.4375,14.625,14.4375,14.5312,14.5312,161600
1998-08-03,14.75,14.75,14.4375,14.5,14.5,94900
1998-08-04,14.4375,14.6875,14.4375,14.6875,14.6875,142400
1998-08-05,14.5625,14.75,13.875,14,14,218500
1998-08-06,13.875,14.5,13.875,14.3125,14.3125,162200
1998-08-07,14,14.5,14,14.5,14.5,269200
1998-08-10,14,14.375,14,14.1875,14.1875,181700
1998-08-11,13.5,14.125,13.5,14.0625,14.0625,73600
1998-08-12,13.625,14.125,13.625,14.125,14.125,58500
1998-08-13,13.9375,14.5,13.9375,14.5,14.5,139000
1998-08-14,14.5,14.5,14,14.125,14.125,69400
1998-08-17,14,14.5,13.875,14.25,14.25,105500
1998-08-18,14,14.25,14,14.1875,14.1875,95800
1998-08-19,14,14.5,13,13.0312,13.0312,85000
1998-08-20,13.375,14.1875,12.9375,13.9375,13.9375,47400
1998-08-21,14,14,13.25,13.8125,13.8125,23400
1998-08-24,13.5,14.125,13.5,13.9375,13.9375,46000
1998-08-25,14,14.375,13.5,14.25,14.25,138600
1998-08-26,13.5,14,13.5,13.6875,13.6875,94100
1998-08-27,13.25,13.5,12.75,13.0312,13.0312,73500
1998-08-28,13,13.5,12.5,12.6875,12.6875,44900
1998-08-31,13,13,11.75,12,12,78800
1998-09-01,12.25,12.375,11.75,12.125,12.125,111500
1998-09-02,11.875,13.5,11.875,13.5,13.5,71800
1998-09-03,12.875,13,12.5,13,13,74900
1998-09-04,13,13.0625,12.625,13,13,24300
1998-09-08,13,13.75,13,13.1875,13.1875,132000
1998-09-09,13.125,13.25,12.875,12.9375,12.9375,71300
1998-09-10,12.875,13,12.875,12.9375,12.9375,51100
1998-09-11,12.875,13.5,12.875,13.5,13.5,126100
1998-09-14,13.375,13.625,13.375,13.5,13.5,41500
1998-09-15,13.25,13.5,13.25,13.3125,13.3125,115900
1998-09-16,13.25,13.625,13,13.625,13.625,208600
1998-09-17,13.5,13.5,13.25,13.4375,13.4375,70300
1998-09-18,13.5625,14.125,13.25,14.125,14.125,255200
1998-09-21,14,14.3125,13.75,14.3125,14.3125,87500
1998-09-22,14.5,14.5,14,14.3125,14.3125,368600
1998-09-23,14.5,14.5,14.25,14.375,14.375,88700
1998-09-24,14.4375,14.5,14.125,14.125,14.125,76900
1998-09-25,13.75,14.25,13.625,13.625,13.625,169600
1998-09-28,13.625,14.5,13.625,14.5,14.5,518500
1998-09-29,14.0625,14.625,14.0625,14.25,14.25,134100
1998-09-30,14.25,15,14.25,15,15,89900
1998-10-01,14.125,15,13.75,14.375,14.375,69400
1998-10-02,14.125,14.4375,13.75,14.0625,14.0625,85600
1998-10-05,13.625,14,13.625,13.875,13.875,74800
1998-10-06,13.75,14,13.5625,14,14,216400
1998-10-07,13.5,14,13.5,14,14,42500
1998-10-08,13.375,14,13,13.25,13.25,112500
1998-10-09,13.25,13.5,12.875,13,13,119800
1998-10-12,12.75,12.875,12.625,12.75,12.75,63000
1998-10-13,12.75,13.0625,12.1875,12.25,12.25,81000
1998-10-14,12.25,12.75,12.125,12.5625,12.5625,54200
1998-10-15,12.5,13,12.4375,12.75,12.75,13700
1998-10-16,12.75,14.1562,12.75,14.125,14.125,209700
1998-10-19,13.5625,14.375,13.5625,14.375,14.375,63200
1998-10-20,13.8125,15.875,13.8125,15.375,15.375,120700
1998-10-21,15,15.75,14.75,15.625,15.625,104300
1998-10-22,15.5,15.9375,15.25,15.9375,15.9375,124900
1998-10-23,15.8125,16,15.625,15.75,15.75,272100
1998-10-26,16,16,15.5625,15.8438,15.8438,35900
1998-10-27,15.75,15.9688,15.3125,15.625,15.625,18300
1998-10-28,15.25,15.5,15.125,15.3125,15.3125,39200
1998-10-29,15.125,15.4688,15.0625,15.3125,15.3125,37900
1998-10-30,15,15.6875,15,15.375,15.375,50500
1998-11-02,15.625,15.625,15.25,15.625,15.625,86100
1998-11-03,15.625,15.875,15.5,15.8125,15.8125,99400
1998-11-04,15.5,15.875,15.5,15.8438,15.8438,517900
1998-11-05,15.625,15.75,15.25,15.5,15.5,243600
1998-11-06,15.25,15.375,14.5,14.75,14.75,277600
1998-11-09,14.6875,14.875,14.25,14.625,14.625,189600
1998-11-10,14.625,14.6562,14.375,14.625,14.625,27100
1998-11-11,14.8125,14.875,14.5,14.5,14.5,109300
1998-11-12,14.5,15,14.5,14.875,14.875,103700
1998-11-13,14.875,14.875,14.5,14.625,14.625,23100
1998-11-16,15,15,14.25,14.2812,14.2812,81400
1998-11-17,14,14.5,14,14.375,14.375,64300
1998-11-18,14.25,14.3125,14.125,14.125,14.125,108500
1998-11-19,14.125,14.5,14.125,14.5,14.5,48500
1998-11-20,14.25,14.5,13.875,14,14,35800
1998-11-23,14,14.5,14,14.4375,14.4375,134400
1998-11-24,14.4375,14.4375,13.25,13.625,13.625,91000
1998-11-25,13.25,14,12.625,13.75,13.75,110500
1998-11-27,13.6875,13.875,13.5,13.5,13.5,14200
1998-11-30,13.5,14,13.375,13.625,13.625,86100
1998-12-01,13.1875,13.6875,13.125,13.625,13.625,96600
1998-12-02,13.125,13.75,13.125,13.375,13.375,60000
1998-12-03,13.375,13.75,13.25,13.25,13.25,50200
1998-12-04,13.75,13.75,13.25,13.625,13.625,36200
1998-12-07,13.5,14,13.5,14,14,28500
1998-12-08,14.25,14.25,13.75,13.75,13.75,91500
1998-12-09,13.75,14,13.6875,14,14,98800
1998-12-10,13.875,14,13.75,13.875,13.875,50500
1998-12-11,13.75,13.875,13.625,13.625,13.625,38500
1998-12-14,13.5,14,13.5,13.75,13.75,50300
1998-12-15,13.625,13.8125,13.625,13.8125,13.8125,33400
1998-12-16,13.625,13.8125,13.625,13.75,13.75,166200
1998-12-17,13.625,13.625,13.125,13.4375,13.4375,84500
1998-12-18,13.375,13.4375,13.125,13.375,13.375,207100
1998-12-21,13.375,13.5,13.125,13.5,13.5,84600
1998-12-22,13.1875,13.5,13.125,13.5,13.5,59000
1998-12-23,13.1875,13.375,13.1875,13.2188,13.2188,84800
1998-12-24,13.125,13.3125,13,13.25,13.25,38300
1998-12-28,13,13.5,13,13.1875,13.1875,73700
1998-12-29,13.125,14.75,13.125,14.75,14.75,111700
1998-12-30,14.875,15.375,14.625,15.125,15.125,201800
1998-12-31,15,15.875,14.75,15.625,15.625,121900
1999-01-04,15.75,16.125,15.25,15.25,15.25,99000
1999-01-05,15.125,15.125,14.5,14.8125,14.8125,91300
1999-01-06,14.75,15.5,14.625,14.6562,14.6562,69300
1999-01-07,14.25,14.4375,13.75,13.75,13.75,26600
1999-01-08,14.375,14.75,13.75,14.625,14.625,112500
1999-01-11,14.75,15.25,14.625,15,15,79500
1999-01-12,15.25,15.25,14.625,14.6875,14.6875,103600
1999-01-13,13.875,14.625,13.75,14.5,14.5,97300
1999-01-14,14.25,14.5,14.125,14.125,14.125,65800
1999-01-15,14.125,14.5,14,14.375,14.375,17600
1999-01-19,14.375,14.4375,13.875,13.875,13.875,98400
1999-01-20,13.75,14.25,13.75,14.125,14.125,246900
1999-01-21,14,14.375,14,14.125,14.125,250800
1999-01-22,13.75,14.25,13.75,14.25,14.25,113200
1999-01-25,14.25,14.75,13.75,14.625,14.625,66100
1999-01-26,14.75,14.75,14.5,14.625,14.625,44900
1999-01-27,14.75,14.75,14.25,14.25,14.25,80600
1999-01-28,14.25,14.625,14.25,14.25,14.25,18500
1999-01-29,14,14.125,12,12.5,12.5,989600
1999-02-01,12.4375,12.75,11.75,11.9375,11.9375,510000
1999-02-02,11.875,11.875,11,11.125,11.125,272000
1999-02-03,11.125,11.625,10.875,11.625,11.625,204600
1999-02-04,11.0625,11.5,11,11.25,11.25,197200
1999-02-05,11.1875,11.375,11.125,11.3125,11.3125,115400
1999-02-08,11,11.5,11,11.3125,11.3125,295200
1999-02-09,11.25,11.375,11.125,11.375,11.375,183700
1999-02-10,11.125,11.3125,11,11,11,65600
1999-02-11,11.25,11.25,10.875,11,11,55400
1999-02-12,11,11,10.125,10.375,10.375,241000
1999-02-16,10.375,10.875,10.375,10.875,10.875,350900
1999-02-17,10.875,10.875,10.5,10.5625,10.5625,146800
1999-02-18,10.5,10.875,10.0625,10.125,10.125,80900
1999-02-19,10.125,10.75,10,10.625,10.625,195400
1999-02-22,10.625,11,10.5,10.8125,10.8125,292500
1999-02-23,10.875,11.25,10.875,11.25,11.25,568900
1999-02-24,11,11.25,11,11,11,131700
1999-02-25,11,11.125,10.0625,10.375,10.375,85300
1999-02-26,10.5,10.625,10.3125,10.5,10.5,142400
1999-03-01,10.75,10.875,10.375,10.875,10.875,138800
1999-03-02,10.5,10.9375,10.5,10.625,10.625,258000
1999-03-03,10.625,11,10.625,10.75,10.75,311900
1999-03-04,11,11.75,10.75,11.625,11.625,113000
1999-03-05,11.5,12,11.375,11.375,11.375,45800
1999-03-08,11.25,11.625,11.125,11.25,11.25,72900
1999-03-09,11.125,11.375,10.875,10.875,10.875,141300
1999-03-10,11.0625,11.0625,10.75,11.0625,11.0625,96200
1999-03-11,10.75,10.9375,10.625,10.625,10.625,42500
1999-03-12,10.875,11.25,10.625,11,11,102000
1999-03-15,11.25,11.25,10.75,11.0625,11.0625,58500
1999-03-16,10.875,11,10.75,10.75,10.75,144600
1999-03-17,10.875,10.875,10.5,10.5625,10.5625,131500
1999-03-18,10.5,10.5625,10.25,10.25,10.25,285800
1999-03-19,10.25,10.5625,10.25,10.5625,10.5625,79900
1999-03-22,10.5625,11.5,10.25,10.75,10.75,72200
1999-03-23,10.75,10.75,10.625,10.625,10.625,8900
1999-03-24,10.625,11.25,10.375,10.5,10.5,169900
1999-03-25,10.875,10.875,10.375,10.4375,10.4375,41500
1999-03-26,10.375,10.625,10.375,10.4375,10.4375,92700
1999-03-29,10.5,10.625,10.5,10.625,10.625,48700
1999-03-30,10.4375,11.125,10.4375,11.125,11.125,53100
1999-03-31,11,11.5,11,11.125,11.125,114600
1999-04-01,11,11.375,11,11.375,11.375,141700
1999-04-05,11.25,11.5,11.25,11.3125,11.3125,39100
1999-04-06,11.75,11.875,11.25,11.4375,11.4375,48400
1999-04-07,11.25,11.625,11,11.3125,11.3125,17900
1999-04-08,11.125,11.25,11,11.1875,11.1875,156000
1999-04-09,11.25,11.25,10.75,10.9375,10.9375,77700
1999-04-12,10.6875,11.5625,10.6875,11.4375,11.4375,153500
1999-04-13,11.4375,12,11.375,11.875,11.875,113900
1999-04-14,11.75,13.125,11.75,12.75,12.75,272900
1999-04-15,12.625,13.5,12.625,13.5,13.5,91200
1999-04-16,13.125,15,13.125,14.5,14.5,196600
1999-04-19,14,14.625,14,14.5,14.5,340000
1999-04-20,14.375,14.75,14.375,14.5625,14.5625,69100
1999-04-21,14.375,15,14.375,14.875,14.875,106100
1999-04-22,14.75,15.625,14.75,15.625,15.625,226400
1999-04-23,15.25,15.5,15.25,15.5,15.5,166800
1999-04-26,15.25,15.4375,15.25,15.3125,15.3125,103400
1999-04-27,15.25,15.5,14.5,14.75,14.75,316600
1999-04-28,14.75,15.125,14.625,15,15,256600
1999-04-29,14.875,15,14.875,15,15,115700
1999-04-30,14.875,15.125,14.6875,14.875,14.875,78900
1999-05-03,14.9375,14.9375,14.375,14.5625,14.5625,69500
1999-05-04,15,15.25,14.375,14.875,14.875,165000
1999-05-05,14.875,15.125,14.875,14.9062,14.9062,52700
1999-05-06,14.875,15.0625,14.875,14.875,14.875,57500
1999-05-07,14.875,15.25,14.875,15.25,15.25,90300
1999-05-10,15.125,15.875,15.125,15.875,15.875,111300
1999-05-11,15.5,16,15.5,15.75,15.75,94900
1999-05-12,15.625,16,15.625,15.875,15.875,67800
1999-05-13,15.625,16.4375,15.625,16.25,16.25,178500
1999-05-14,16,16.375,15.625,16.125,16.125,99100
1999-05-17,16,16.625,16,16.125,16.125,56700
1999-05-18,17.9375,19.125,17.75,18.5,18.5,821200
1999-05-19,18.875,18.875,17.75,18.25,18.25,294400
1999-05-20,18.4375,19.375,18.1875,19.375,19.375,264100
1999-05-21,19.5,19.75,19,19.25,19.25,179800
1999-05-24,19.375,19.375,18.125,18.4062,18.4062,117100
1999-05-25,18.5,18.5,17.125,18,18,141800
1999-05-26,18,18.5,17.5,18.375,18.375,88500
1999-05-27,18.125,18.5,18,18.375,18.375,65300
1999-05-28,18.5,18.5,18.125,18.4375,18.4375,34800
1999-06-01,18.1875,19.125,17.75,19.0625,19.0625,144200
1999-06-02,18.4375,19.25,18.4375,19.1406,19.1406,150500
1999-06-03,18.9375,19.1875,18.4375,18.4375,18.4375,38500
1999-06-04,18.4375,19.0625,18.4375,18.875,18.875,41800
1999-06-07,18.875,19.5,18.625,19.5,19.5,121500
1999-06-08,19.625,19.875,19.25,19.625,19.625,111500
1999-06-09,19.25,19.75,18.625,18.625,18.625,78900
1999-06-10,18.875,18.875,18.375,18.6875,18.6875,69500
1999-06-11,18.75,18.75,18.375,18.4375,18.4375,42800
1999-06-14,18.625,18.625,18.125,18.125,18.125,88700
1999-06-15,17.75,18.5,17.75,18.25,18.25,75000
1999-06-16,18.5,19.5938,18.25,19.125,19.125,99200
1999-06-17,19.25,19.625,18.875,19.4375,19.4375,108700
1999-06-18,19.6875,20,19.6875,19.9375,19.9375,145700
1999-06-21,20,20,19.5,19.6875,19.6875,168400
1999-06-22,19.625,22.8125,19.625,21.4375,21.4375,496000
1999-06-23,21.5,22.125,21.125,21.4688,21.4688,380200
1999-06-24,21.375,21.625,21.375,21.5,21.5,175800
1999-06-25,21.625,22.875,21.4375,22.5,22.5,176000
1999-06-28,22.75,22.75,22,22.7188,22.7188,382500
1999-06-29,22.75,23.375,22.4375,23,23,289100
1999-06-30,23.125,24,22.75,22.875,22.875,580800
1999-07-01,23,23.125,22.875,23,23,632900
1999-07-02,23.125,23.5,22.875,23.25,23.25,334700
1999-07-06,23,23.5,23,23.25,23.25,312100
1999-07-07,23.25,24.125,23.25,23.8125,23.8125,355200
1999-07-08,24,24,23.5,23.6875,23.6875,219200
1999-07-09,23.875,24.125,23.5625,23.875,23.875,275200
1999-07-12,24.125,24.25,23.875,23.9375,23.9375,103600
1999-07-13,23.5625,23.875,23.5,23.75,23.75,58600
1999-07-14,23.875,24.125,23.5,23.875,23.875,299700
1999-07-15,23.9375,24.5,23.75,24.25,24.25,356900
1999-07-16,24.25,24.5,24.0625,24.4375,24.4375,171300
1999-07-19,24.5,24.5,24.3125,24.4375,24.4375,281400
1999-07-20,24.375,24.5,24.0625,24.125,24.125,299900
1999-07-21,24,24.125,23.625,23.625,23.625,388500
1999-07-22,23.625,23.6875,23,23.4375,23.4375,201700
1999-07-23,23.375,23.4375,23.1875,23.375,23.375,218200
1999-07-26,23.125,23.25,22.625,22.9375,22.9375,186900
1999-07-27,22.875,23.125,21.875,22.0312,22.0312,378200
1999-07-28,21.0938,21.75,21.0625,21.5,21.5,143100
1999-07-29,21.625,21.875,21.25,21.875,21.875,96100
1999-07-30,21.875,22.5,21.375,22.3125,22.3125,158900
1999-08-02,22.3125,22.5,21.875,21.875,21.875,210300
1999-08-03,21.875,22.0625,21.625,21.75,21.75,301500
1999-08-04,21.8125,21.8125,21.1875,21.375,21.375,94800
1999-08-05,21.8125,21.8125,20.875,21.125,21.125,79100
1999-08-06,20.4375,21.25,20.4375,21.25,21.25,99200
1999-08-09,21,21,20.875,20.9375,20.9375,98700
1999-08-10,20.875,22.25,20.75,21.75,21.75,294700
1999-08-11,21.75,21.875,21,21.125,21.125,41400
1999-08-12,20.9375,21.3125,20.75,21.25,21.25,50700
1999-08-13,21.125,21.375,21.125,21.375,21.375,113500
1999-08-16,21.25,21.625,21.1875,21.375,21.375,70900
1999-08-17,21.2812,21.375,20.9375,21.25,21.25,128000
1999-08-18,20.6875,21.125,20.4375,20.625,20.625,118900
1999-08-19,20.8125,21,20.375,20.75,20.75,34100
1999-08-20,20.375,20.6875,19.5,20,20,826800
1999-08-23,19.75,20.125,19,19.25,19.25,173000
1999-08-24,18.4688,19.5,18.1875,18.75,18.75,291100
1999-08-25,19,19,18,18,18,423300
1999-08-26,18.1875,18.375,18,18.125,18.125,190800
1999-08-27,18.2188,18.375,17.5,17.75,17.75,131600
1999-08-30,17.9375,18.625,17.75,18.1875,18.1875,168300
1999-08-31,18,18.125,17.75,18,18,244800
1999-09-01,18.2812,19,18.0625,19,19,211600
1999-09-02,18.375,18.5,17.875,18.25,18.25,179800
1999-09-03,18.4375,18.75,18.25,18.4375,18.4375,26200
1999-09-07,18.75,19.125,18.5,19.125,19.125,189200
1999-09-08,19.125,19.1875,18.75,19.1875,19.1875,99200
1999-09-09,19.375,19.375,18.875,19.375,19.375,89200
1999-09-10,19.375,19.625,19.25,19.625,19.625,55800
1999-09-13,19.5,19.625,19,19.1875,19.1875,131100
1999-09-14,19.1562,19.5,18.375,18.75,18.75,47400
1999-09-15,18.75,18.75,18,18.0625,18.0625,269700
1999-09-16,18.2188,18.4375,18,18.1875,18.1875,247400
1999-09-17,18.2812,18.6875,18,18.25,18.25,132000
1999-09-20,18.4375,18.625,18.125,18.375,18.375,71700
1999-09-21,18.25,18.625,18.125,18.1875,18.1875,61300
1999-09-22,18.375,18.375,17.125,17.75,17.75,279800
1999-09-23,17.9375,18.75,17.625,18.75,18.75,131200
1999-09-24,18.4375,19,18.4375,18.625,18.625,181000
1999-09-27,18.5,18.8125,18.375,18.625,18.625,129400
1999-09-28,18.6875,18.875,18.0625,18.125,18.125,45000
1999-09-29,18,18.5,18,18.5,18.5,174100
1999-09-30,18.5,18.9375,18.375,18.875,18.875,47800
1999-10-01,18.8125,19.25,18.5,19.0312,19.0312,90500
1999-10-04,19.125,20.25,19.125,19.875,19.875,54800
1999-10-05,19.75,20.4375,19.75,19.875,19.875,125000
1999-10-06,19.75,19.9375,19.5,19.8125,19.8125,98200
1999-10-07,19.875,19.9375,19.25,19.5625,19.5625,104900
1999-10-08,19.625,19.625,19.25,19.3125,19.3125,148600
1999-10-11,19.25,19.4375,19.0625,19.3125,19.3125,33000
1999-10-12,19.4375,19.4375,18.8125,18.875,18.875,83600
1999-10-13,18.75,18.875,18.375,18.375,18.375,28200
1999-10-14,18.4375,18.4375,17.625,17.75,17.75,57400
1999-10-15,17.875,18.375,17.125,17.5,17.5,83000
1999-10-18,17.125,17.625,17.125,17.125,17.125,100000
1999-10-19,17.25,17.625,17.25,17.3125,17.3125,81800
1999-10-20,17.25,17.375,17.125,17.2188,17.2188,128500
1999-10-21,17.25,17.3125,16.9375,17.125,17.125,127400
1999-10-22,16.75,17.5,16.75,17.3125,17.3125,128700
1999-10-25,17.25,17.5,17.125,17.25,17.25,224000
1999-10-26,17,18.75,16.875,18.5,18.5,153500
1999-10-27,18.5,18.5,17.6875,17.875,17.875,136600
1999-10-28,17.625,17.75,17,17.6875,17.6875,198700
1999-10-29,13.875,16,13.5,16,16,3772700
1999-11-01,16,17,15.5,16.875,16.875,1330000
1999-11-02,17.25,17.25,16.375,16.4375,16.4375,451300
1999-11-03,16.25,16.625,15.5,16.2812,16.2812,365400
1999-11-04,15.875,16.625,15.875,16.5,16.5,768500
1999-11-05,16.75,20.5,16.625,20,20,1615000
1999-11-08,20.0625,21.375,20,21,21,1102600
1999-11-09,20.9375,21.9375,19.25,20.375,20.375,449900
1999-11-10,21.8125,24.0625,21.7188,24,24,1422500
1999-11-11,24.125,26.5,23.75,25.5625,25.5625,1780900
1999-11-12,26.875,27,21.375,24,24,1685100
1999-11-15,24.75,27,24.125,26.7188,26.7188,775400
1999-11-16,26.6875,27,25.25,25.8125,25.8125,474800
1999-11-17,26,26,24.4375,25,25,264200
1999-11-18,24.625,25,20,22.5625,22.5625,690400
1999-11-19,22.5625,23.625,22.5,23.5,23.5,543200
1999-11-22,23.75,25.875,23.75,25.875,25.875,808000
1999-11-23,25.9375,27.125,25.25,25.875,25.875,784800
1999-11-24,27.25,29,27.125,27.25,27.25,1692600
1999-11-26,27.375,27.375,27,27.3125,27.3125,141700
1999-11-29,27.5,27.5,26.875,27.25,27.25,444000
1999-11-30,27.25,27.5,26.5,27,27,445000
1999-12-01,27.125,27.25,26.9375,27.25,27.25,727200
1999-12-02,27.1875,29.25,26.875,29,29,850100
1999-12-03,29.125,33.5,28.625,30.5,30.5,798600
1999-12-06,30.75,31.5,30.25,30.375,30.375,290900
1999-12-07,30.25,31.375,29.875,31.1875,31.1875,275000
1999-12-08,31.25,32.25,30.875,32.125,32.125,186500
1999-12-09,31.875,31.9375,31.5,31.5,31.5,482400
1999-12-10,32,32.25,31.625,32.1875,32.1875,164100
1999-12-13,32.125,36,32.125,33.375,33.375,439100
1999-12-14,34.5,34.75,31.75,32,32,999300
1999-12-15,32,32,31.375,31.875,31.875,516400
1999-12-16,32,34.375,31.6875,34.1875,34.1875,862500
1999-12-17,35.0938,35.125,33.625,33.75,33.75,424000
1999-12-20,33.75,34.75,33.75,33.9375,33.9375,325500
1999-12-21,34.25,34.375,33.375,34.375,34.375,536500
1999-12-22,34.375,34.375,33.5,33.625,33.625,284000
1999-12-23,33.75,34.25,33.5,34.25,34.25,246800
1999-12-27,34.5,34.5,33.5,33.7188,33.7188,96100
1999-12-28,33.8125,33.875,33,33.1875,33.1875,196500
1999-12-29,33,33.5,32.375,32.625,32.625,333000
1999-12-30,32.625,32.625,30.25,31.25,31.25,293600
1999-12-31,31.0938,32.125,31.0938,32.125,32.125,98900
2000-01-03,32,32.125,29.1875,30.0938,30.0938,233800
2000-01-04,29.5,29.5,28.5,29.0625,29.0625,264000
2000-01-05,28.875,29.25,27.25,28,28,333700
2000-01-06,27.8438,28.125,27.625,28,28,189600
2000-01-07,27.75,29.75,27.6875,29.6875,29.6875,312700
2000-01-10,30.25,31.75,30.125,30.5625,30.5625,536700
2000-01-11,31,31.875,30.1875,31.4062,31.4062,271600
2000-01-12,31.125,31.3125,29.3125,30.125,30.125,166700
2000-01-13,29.875,30.6875,29.75,30.125,30.125,503500
2000-01-14,29.75,29.875,29.125,29.5,29.5,572800
2000-01-18,29.25,30,29,29.5625,29.5625,280000
2000-01-19,29.875,32.25,29.5,32.1875,32.1875,480500
2000-01-20,32.3125,35.5,31.5,35.1875,35.1875,377100
2000-01-21,35,37.25,34.625,37.25,37.25,586100
2000-01-24,37.625,39.625,35.875,35.9688,35.9688,476000
2000-01-25,36,37.5,36,37.5,37.5,346400
2000-01-26,37.5,40.875,37.4375,40.8125,40.8125,572100
2000-01-27,40.3125,43.5,40.25,42.4688,42.4688,1728300
2000-01-28,41.5625,42.1875,36.625,37.0938,37.0938,436300
2000-01-31,37.5,38.375,32.875,34.125,34.125,381000
2000-02-01,34.375,37.875,32.5,37.7188,37.7188,486100
2000-02-02,37.4062,37.5625,34.75,35.625,35.625,145600
2000-02-03,35.875,36.5,35.5,35.9375,35.9375,349000
2000-02-04,36.5,37.25,36,37.0938,37.0938,384000
2000-02-07,37.4375,37.5,36.3125,37.3438,37.3438,231200
2000-02-08,37.75,40.875,37.6875,40.4688,40.4688,561400
2000-02-09,40.125,42,40,41.5,41.5,519400
2000-02-10,41.625,44.5,41.625,43.1875,43.1875,555300
2000-02-11,42.625,42.75,42.375,42.6562,42.6562,298100
2000-02-14,42.6562,43.25,42,42.4062,42.4062,398200
2000-02-15,42.75,42.75,41.0625,41.3438,41.3438,578800
2000-02-16,41.125,42.625,41.125,42.5,42.5,529500
2000-02-17,42.8125,47.875,42.75,45.9688,45.9688,1372800
2000-02-18,45.9688,47.5,45.75,47.25,47.25,716200
2000-02-22,46.9062,48.25,46.25,47.0312,47.0312,595200
2000-02-23,47.25,49.75,44.875,49.0938,49.0938,664700
2000-02-24,47.75,48,44,46.4688,46.4688,2188200
2000-02-25,46.5312,50.75,46.125,50.5938,50.5938,962400
2000-02-28,51.125,53.875,49.5,53.8438,53.8438,672300
2000-02-29,56.0625,58.625,56.0625,58.125,58.125,799000
2000-03-01,64.625,66.4375,60.5,61.2188,61.2188,772200
2000-03-02,61.625,62.375,59,60.9062,60.9062,547500
2000-03-03,61,62.0938,60,62.0938,62.0938,282000
2000-03-06,62.5,64.3125,61.25,61.75,61.75,496600
2000-03-07,61.6875,62.6875,57,58.1875,58.1875,716300
2000-03-08,57.7812,58.375,55.375,57.75,57.75,752800
2000-03-09,57.4375,58.75,56.875,58.25,58.25,572500
2000-03-10,58.375,58.4375,56.25,57,57,344600
2000-03-13,56,56.25,51.875,51.9375,51.9375,636900
2000-03-14,52.375,53,46.8125,50.125,50.125,762400
2000-03-15,49.9375,50,45,48.5,48.5,514600
2000-03-16,48.625,49,44.5,48.3125,48.3125,569100
2000-03-17,47.9375,48.5,47,48.3438,48.3438,288300
2000-03-20,48.9375,53,48,50.5,50.5,643500
2000-03-21,50.0312,50.4375,47.125,47.8438,47.8438,501200
2000-03-22,48.75,49.25,47.75,49.25,49.25,398300
2000-03-23,49.8125,49.875,47.625,48.0625,48.0625,239000
2000-03-24,48.5,49.125,44,46.625,46.625,778600
2000-03-27,46.75,46.75,44.375,45.75,45.75,193600
2000-03-28,45.8125,45.8125,43.625,44.625,44.625,309300
2000-03-29,45,47,44.5,47,47,573100
2000-03-30,46,47.0625,45,45.75,45.75,634500
2000-03-31,46.25,52.375,45,50.5,50.5,677500
2000-04-03,50.75,51,47,48.75,48.75,743400
2000-04-04,49,49,40,45.375,45.375,604700
2000-04-05,44.75,47.5,42.8125,46.5,46.5,495600
2000-04-06,46.5,52,46.5,51.6875,51.6875,313500
2000-04-07,51.1875,56,51.1875,55.6875,55.6875,244300
2000-04-10,55.625,60,54.125,54.9375,54.9375,939700
2000-04-11,53.5,53.5,50.8125,51.1875,51.1875,346600
2000-04-12,50.5,50.9375,42,44.25,44.25,347700
2000-04-13,47,47,39.9375,41.25,41.25,400600
2000-04-14,40.375,40.875,34.375,35.2344,35.2344,477600
2000-04-17,34.625,36.5,33.5,36,36,598100
2000-04-18,36.5,43.3125,36,43,43,443500
2000-04-19,43.125,43.875,41.5625,42.6875,42.6875,93200
2000-04-20,43.375,43.375,40.5625,41.625,41.625,195900
2000-04-24,40.5,40.5,37,38.75,38.75,247800
2000-04-25,40,42.625,38,42.4375,42.4375,104700
2000-04-26,42.75,43.75,40.5,40.9375,40.9375,315100
2000-04-27,38,40.5,37.75,40.4375,40.4375,183200
2000-04-28,40,41.875,39.1875,41.6719,41.6719,159800
2000-05-01,43,44,42.25,43.1875,43.1875,182700
2000-05-02,42.625,44,39.875,39.875,39.875,148300
2000-05-03,39.7812,40,38,39.75,39.75,87200
2000-05-04,38.5,41.1875,38.5,39.3125,39.3125,90900
2000-05-05,39.5625,40.5,38.5,40.5,40.5,182800
2000-05-08,39.25,40.125,36.25,36.25,36.25,119400
2000-05-09,38.5625,38.5625,34.25,34.5625,34.5625,178500
2000-05-10,34.3125,34.5,30.75,32.1875,32.1875,215300
2000-05-11,32.75,33.25,32.4375,33.0625,33.0625,263300
2000-05-12,33.125,34.5625,32.5,32.875,32.875,417600
2000-05-15,32,33.5,30,33.125,33.125,168300
2000-05-16,33.5,35.75,33.125,35.75,35.75,271800
2000-05-17,34.25,36.0625,34.25,35.5,35.5,150400
2000-05-18,36.125,39.875,35,38.6719,38.6719,1073400
2000-05-19,37.125,38,34.375,34.8125,34.8125,848700
2000-05-22,35.9375,36.125,31.6875,33.5,33.5,515000
2000-05-23,33.9375,34.375,32.125,33,33,268000
2000-05-24,32.5,34.25,32.125,33.6875,33.6875,292600
2000-05-25,34.375,35.625,32.25,32.5,32.5,138400
2000-05-26,33.5,33.8125,32,33.6875,33.6875,92700
2000-05-30,33.625,38,33.5,37.25,37.25,328900
2000-05-31,36.25,37.875,35.125,35.875,35.875,172900
2000-06-01,36.4375,38.75,34.625,37.875,37.875,280700
2000-06-02,39.3125,46,39.3125,46,46,644100
2000-06-05,45.75,49.125,43.875,48.25,48.25,523200
2000-06-06,48.0625,49.9375,47.375,49.7812,49.7812,588600
2000-06-07,50.4688,50.625,47,47.5625,47.5625,575500
2000-06-08,49.125,49.125,47.625,48.0625,48.0625,626200
2000-06-09,48.5,48.5,45.3125,46.75,46.75,267500
2000-06-12,44.625,47.5,44.3125,46,46,278200
2000-06-13,45,46,43,44.3125,44.3125,286900
2000-06-14,45,46.75,44,44.5,44.5,374800
2000-06-15,44.4375,44.75,41.9375,43,43,672100
2000-06-16,42,43.1875,42,42.3125,42.3125,418700
2000-06-19,42.4375,42.4375,40.5,41,41,656800
2000-06-20,40.6875,40.6875,38.75,39.5,39.5,840000
2000-06-21,39,40,38.625,39,39,665900
2000-06-22,39.0625,39.25,38.5,38.5625,38.5625,587800
2000-06-23,38.25,44,38.25,43.25,43.25,3056600
2000-06-26,45.5625,45.8125,40.5625,43.9375,43.9375,3012000
2000-06-27,42.625,46,40.5,41.875,41.875,5901600
2000-06-28,41.5,44.25,39.625,40.5,40.5,1597400
2000-06-29,40.6875,40.75,35.375,37.5,37.5,1524500
2000-06-30,40.125,40.1875,37.875,38.625,38.625,912500
2000-07-03,38.1875,42.875,38,42,42,311600
2000-07-05,41.6875,44,39.125,40.3125,40.3125,709300
2000-07-06,40.8125,41,39.5,39.875,39.875,927700
2000-07-07,40.5,41.75,39.7656,40.5,40.5,387300
2000-07-10,41,44,40,42.875,42.875,864000
2000-07-11,42.5,45.125,40.75,42.625,42.625,606000
2000-07-12,43.875,46.125,43.625,44.9375,44.9375,1242700
2000-07-13,44.5625,46.125,44.125,45.6875,45.6875,586100
2000-07-14,45.6875,45.75,42.6875,43.25,43.25,589300
2000-07-17,44.375,45,42.875,44.6875,44.6875,339400
2000-07-18,44.125,45,42.875,43.625,43.625,490300
2000-07-19,44.0625,51.625,43.375,48.9375,48.9375,2211200
2000-07-20,52.375,53.875,50.5,53,53,1022600
2000-07-21,53.0625,56.5625,49.625,53.625,53.625,1349000
2000-07-24,55,55,50.25,50.6875,50.6875,935600
2000-07-25,51.1875,51.75,48.5,50.4375,50.4375,734600
2000-07-26,50.9375,50.9375,47.25,48.875,48.875,579800
2000-07-27,48.1875,48.6562,45.75,45.75,45.75,661000
2000-07-28,45.8125,46.5,39.75,42.25,42.25,729400
2000-07-31,42.5,45.5,41.0625,45.4375,45.4375,564300
2000-08-01,45.75,46.25,44,44.9375,44.9375,1095200
2000-08-02,44.5625,47.25,44,46,46,1080800
2000-08-03,45,45.3125,41.25,44.5,44.5,794600
2000-08-04,45.4375,47.625,45,46.875,46.875,567200
2000-08-07,46.9375,48.125,45.75,47.25,47.25,477600
2000-08-08,46.75,47.625,45.1875,46,46,213300
2000-08-09,47,48.1094,45.25,46,46,328300
2000-08-10,46.125,46.75,44.125,44.125,44.125,170700
2000-08-11,44,45.0938,42.375,44.625,44.625,203600
2000-08-14,44.75,48.5625,44.125,48.4375,48.4375,159100
2000-08-15,47.1875,49.75,47.1875,48.5625,48.5625,225900
2000-08-16,49.9688,51.5,49.25,50.875,50.875,594400
2000-08-17,50.0625,53.375,50,52.6875,52.6875,684300
2000-08-18,52.8125,53.75,51.25,52.125,52.125,237800
2000-08-21,53.25,55,51.5,52.875,52.875,483400
2000-08-22,52.875,52.875,50.5625,51.5625,51.5625,242400
2000-08-23,51.5625,53.4375,49.3125,52.6875,52.6875,400400
2000-08-24,53,53.625,52.1875,53.0625,53.0625,500800
2000-08-25,53.25,55,52.375,55,55,615200
2000-08-28,54,57.5,53.75,56.375,56.375,744900
2000-08-29,56.5625,59.4375,56.375,56.9375,56.9375,1015800
2000-08-30,56.5,57.375,55.5625,56.75,56.75,246300
2000-08-31,56.75,60.4375,56.6875,60.125,60.125,624000
2000-09-01,61,61.8125,59.9375,61.3125,61.3125,855500
2000-09-05,60,61.625,59.5,60.625,60.625,315800
2000-09-06,61.4375,61.5,59.625,59.625,59.625,287900
2000-09-07,60.0625,62.0625,57.625,58.3125,58.3125,676600
2000-09-08,58.3125,59,54.5,54.875,54.875,142600
2000-09-11,53.6875,55.25,51.5,53.5625,53.5625,355800
2000-09-12,54.5,55.875,51.5625,53,53,418200
2000-09-13,51.5,52.5625,50,51.0625,51.0625,332400
2000-09-14,51.5625,56.375,51.5,54.625,54.625,348400
2000-09-15,54.125,55.125,52.5,52.625,52.625,267300
2000-09-18,52.5,53.0938,47.5,48.3125,48.3125,333800
2000-09-19,49,51.8125,47.9375,51.125,51.125,221000
2000-09-20,51.375,53.5,49.4375,53,53,336700
2000-09-21,52.5,52.5625,49.75,49.75,49.75,255600
2000-09-22,47.3125,48.25,46,47.125,47.125,300300
2000-09-25,48.2188,50,47.6875,48.6875,48.6875,196300
2000-09-26,50,50.375,47.5,47.875,47.875,370600
2000-09-27,48.5,48.5,43.8125,44.6875,44.6875,445600
2000-09-28,44.625,45.9375,42,45.9062,45.9062,485200
2000-09-29,45.9375,48.1875,42,44.3125,44.3125,426500
2000-10-02,44.5,45,42.25,43.875,43.875,240900
2000-10-03,43.3125,43.875,41.1875,41.8125,41.8125,205300
2000-10-04,39.0625,43,38.5,42.6875,42.6875,238400
2000-10-05,42.5,43.75,41,41,41,441900
2000-10-06,42,42.25,38.5,39.3125,39.3125,177600
2000-10-09,39,39,35,36.5625,36.5625,585000
2000-10-10,36.875,37.375,35,35.4375,35.4375,396500
2000-10-11,34.375,35.625,32,33.75,33.75,614600
2000-10-12,34,36.75,33.125,36.25,36.25,669100
2000-10-13,35.5,41,35,40.9375,40.9375,414900
2000-10-16,40.9844,45.375,40.1875,45.0625,45.0625,619200
2000-10-17,44.625,45.25,38.75,41.75,41.75,305300
2000-10-18,40.625,40.625,36.625,39.3125,39.3125,395900
2000-10-19,40.5,42.5,40.375,41.6875,41.6875,806700
2000-10-20,41.875,46.25,40.8125,45.875,45.875,565600
2000-10-23,44.5,47,44.5,45.1875,45.1875,300600
2000-10-24,44.75,47.0625,44.3125,45,45,366800
2000-10-25,41.125,42.5,37.3125,38.375,38.375,601300
2000-10-26,39.25,39.25,34.125,37,37,513900
2000-10-27,38.5,41,37.625,37.9375,37.9375,421000
2000-10-30,38.5,38.5,35.5,36.1875,36.1875,456800
2000-10-31,36.4375,37.875,36.125,37.625,37.625,590100
2000-11-01,37.125,37.625,35.625,36,36,228200
2000-11-02,37.5,37.9375,36.0625,37.25,37.25,233900
2000-11-03,36.9688,39.1875,36.4375,38.8125,38.8125,167600
2000-11-06,38.5,39.25,37.375,37.5,37.5,126900
2000-11-07,37.0625,37.5,36,36.5,36.5,138200
2000-11-08,36.0781,37.375,34.5,35.0625,35.0625,168300
2000-11-09,34.0625,34.75,31.25,32.9375,32.9375,271500
2000-11-10,32.9375,33,30,30.0625,30.0625,268000
2000-11-13,26.125,26.1875,19.375,21.5625,21.5625,3263400
2000-11-14,23,23.375,21.375,22.25,22.25,1206400
2000-11-15,22.5,22.625,21.3125,22.375,22.375,711400
2000-11-16,22.375,22.375,20.875,21.5,21.5,473200
2000-11-17,21.625,21.875,21.1875,21.625,21.625,381600
2000-11-20,21.125,22.875,21.125,22.75,22.75,373900
2000-11-21,22.2812,23.5,22.0625,22.5625,22.5625,262400
2000-11-22,22,23.125,21.625,23,23,778100
2000-11-24,23.25,24,23,23.3125,23.3125,247300
2000-11-27,24.1094,24.5938,23.5,23.5,23.5,845000
2000-11-28,24.125,24.1875,21.5625,22.0625,22.0625,330200
2000-11-29,21.75,22.125,20.75,22,22,382100
2000-11-30,21.375,21.625,18.8125,20.5625,20.5625,1382900
2000-12-01,20.5625,22.625,20.5625,22.0625,22.0625,629300
2000-12-04,22,22.625,20,22.4375,22.4375,533800
2000-12-05,22.5,27.125,22.5,27,27,948900
2000-12-06,26.375,27.75,25.75,26,26,601600
2000-12-07,25.5,25.5,23.9375,24.5625,24.5625,295400
2000-12-08,25.8125,29.375,25.75,28.625,28.625,432100
2000-12-11,28.875,31.5625,28.8125,31.25,31.25,768100
2000-12-12,30.1875,31,29.875,30.5,30.5,684800
2000-12-13,30.75,31.5,28.6875,29.125,29.125,727400
2000-12-14,29.0625,29.5,26.125,26.125,26.125,489800
2000-12-15,26.3125,26.4375,24.875,26.125,26.125,247200
2000-12-18,26.1875,26.875,24.1875,24.25,24.25,290000
2000-12-19,24.125,26.625,23.1875,23.3125,23.3125,286000
2000-12-20,23,23.5,20.125,20.75,20.75,249600
2000-12-21,20.625,20.9375,19.375,19.625,19.625,381000
2000-12-22,20.4375,21.125,19.75,20.75,20.75,264500
2000-12-26,21.0625,21.5,20,20.5625,20.5625,126600
2000-12-27,20.375,22.6875,19.75,21.9375,21.9375,482100
2000-12-28,22.1875,25,21.5,24.875,24.875,515800
2000-12-29,24.25,25.1875,22.5,22.9375,22.9375,469700
2001-01-02,22.5,23,21.1875,21.9531,21.9531,300600
2001-01-03,20.9375,23.375,18.5625,18.5625,18.5625,1227600
2001-01-04,19.6875,20.6875,18.5,18.875,18.875,1635000
2001-01-05,19,19,16,16.1875,16.1875,1519800
2001-01-08,16.25,17.375,15.8125,17.25,17.25,666900
2001-01-09,17.5625,18,16.75,16.8125,16.8125,145700
2001-01-10,17.0781,18.75,16.6406,18.625,18.625,275700
2001-01-11,18,20.1875,17.875,20.0625,20.0625,346700
2001-01-12,20.0625,21.5,19.875,21.125,21.125,408200
2001-01-16,21,21.5,19.125,19.75,19.75,280700
2001-01-17,20.625,22.8125,20.375,22.125,22.125,372500
2001-01-18,22.4375,22.625,21.625,22.375,22.375,189600
2001-01-19,23,23.625,22.125,22.375,22.375,489400
2001-01-22,22.4375,22.4375,20.5625,21.3125,21.3125,341200
2001-01-23,20.375,21.75,20,21.6875,21.6875,959100
2001-01-24,21.875,23.375,21.875,22.375,22.375,813700
2001-01-25,22.375,22.4844,20.25,20.8125,20.8125,340000
2001-01-26,20.25,20.625,19.75,19.9375,19.9375,443000
2001-01-29,20.1094,20.8125,19.75,20.625,20.625,517700
2001-01-30,21,22.4375,20.375,22.1875,22.1875,501700
2001-01-31,22.1875,24.125,22,22.6875,22.6875,634700
2001-02-01,23,23.0625,21.3125,21.875,21.875,526000
2001-02-02,20.0625,20.3125,19.5,19.9375,19.9375,987100
2001-02-05,19.5,19.75,19.125,19.625,19.625,325400
2001-02-06,19.5,20.0625,19.25,19.625,19.625,395500
2001-02-07,19.5,19.625,18.5625,19.5469,19.5469,392300
2001-02-08,19.25,19.4375,18.75,18.75,18.75,238500
2001-02-09,19.125,19.125,17.375,17.625,17.625,272400
2001-02-12,17.8125,17.875,16.8125,17.125,17.125,586600
2001-02-13,17,17.5,16.5312,16.625,16.625,589800
2001-02-14,16.625,16.875,16,16.4375,16.4375,1123100
2001-02-15,16.75,18.25,16.6875,17.75,17.75,992400
2001-02-16,17,17.3125,16.125,17,17,379300
2001-02-20,17.125,17.125,15.25,15.5,15.5,412400
2001-02-21,15,15.0625,13.5,14.25,14.25,773400
2001-02-22,14.5,14.75,13.875,14.375,14.375,420100
2001-02-23,14.1875,15.125,13.75,15.125,15.125,565300
2001-02-26,15.2969,15.9375,15,15.875,15.875,544200
2001-02-27,15.6875,15.8125,15,15.7031,15.7031,795600
2001-02-28,15.375,15.625,15.25,15.5625,15.5625,1003100
2001-03-01,16.3125,17.125,16.3125,17,17,1583500
2001-03-02,17,17.0625,15.75,16.1875,16.1875,239000
2001-03-05,16,16.875,16,16.5625,16.5625,133200
2001-03-06,16.875,17.875,16.875,17.5625,17.5625,394300
2001-03-07,18,18.3125,17.4375,17.5,17.5,418800
2001-03-08,17.375,18,17.3125,17.6875,17.6875,362200
2001-03-09,17.3125,17.5,16.5625,17.1875,17.1875,496500
2001-03-12,17,17.125,15.75,16,16,428300
2001-03-13,16,16.25,15.1875,15.625,15.625,772300
2001-03-14,15.375,16.25,15.0625,15.75,15.75,527800
2001-03-15,15.8906,16.5625,15.8906,16.3125,16.3125,252700
2001-03-16,16.4375,16.5,15.5625,15.625,15.625,312900
2001-03-19,15.75,16,15.5,16,16,372300
2001-03-20,16.25,16.4375,15.4375,15.5,15.5,270700
2001-03-21,15.625,16.0625,15.625,15.75,15.75,553700
2001-03-22,15.6875,16.5625,15.375,16.25,16.25,459200
2001-03-23,17.5625,18.5,17,17.25,17.25,1351400
2001-03-26,17.625,17.625,16.75,16.9375,16.9375,783400
2001-03-27,17.1875,17.625,16.875,17.625,17.625,274300
2001-03-28,17.0625,17.25,16.5,16.625,16.625,438800
2001-03-29,16.4375,16.875,16.25,16.5,16.5,244700
2001-03-30,16.8125,17.9375,16.375,17.9375,17.9375,343900
2001-04-02,17.9375,18,15.75,16,16,781000
2001-04-03,16,16.125,14.625,14.75,14.75,577700
2001-04-04,15.125,15.125,13.1875,13.5625,13.5625,950800
2001-04-05,14.25,14.25,13.375,14.125,14.125,474600
2001-04-06,14,14.125,12.5,13,13,698500
2001-04-09,13.13,13.35,12.75,13,13,279800
2001-04-10,12.85,13.94,12.7,13.83,13.83,552300
2001-04-11,13.95,14.84,13.95,14.29,14.29,298700
2001-04-12,14.4,15.8,13.43,15.66,15.66,599900
2001-04-16,15.6,15.8,15.25,15.5,15.5,415900
2001-04-17,15.26,15.26,14.6,14.92,14.92,325900
2001-04-18,15.7,16.8,15.4,16.79,16.79,537800
2001-04-19,16.31,16.8,15.56,16.8,16.8,1170200
2001-04-20,16.5,19.24,16.39,18.69,18.69,1522200
2001-04-23,19.9,19.9,18.25,18.45,18.45,1097500
2001-04-24,18.425,18.5,17.51,18.14,18.14,639900
2001-04-25,19,19.25,18.25,19,19,591100
2001-04-26,19.1,19.1,18.45,18.51,18.51,483400
2001-04-27,18.99,19,16.8,17.03,17.03,935500
2001-04-30,6.85,6.95,5.56,5.72,5.72,4618900
2001-05-01,5.93,6.37,5.63,6.27,6.27,4356200
2001-05-02,6.65,6.72,6.44,6.66,6.66,1680100
2001-05-03,6.64,6.65,6.15,6.43,6.43,1217500
2001-05-04,6.38,6.5,6.15,6.35,6.35,1469800
2001-05-07,6.61,6.62,6.15,6.18,6.18,533300
2001-05-08,6.2,6.25,5.95,6.1,6.1,814600
2001-05-09,6.08,6.3,5.95,6.15,6.15,889600
2001-05-10,6.205,6.3,6.05,6.13,6.13,851800
2001-05-11,6.18,6.24,6,6.08,6.08,537300
2001-05-14,6.135,6.17,6,6.11,6.11,388600
2001-05-15,6.185,6.35,6.08,6.16,6.16,509000
2001-05-16,6.185,6.41,6.1,6.38,6.38,991700
2001-05-17,6.48,6.75,6.32,6.7,6.7,1030300
2001-05-18,6.76,6.93,6.65,6.9,6.9,786100
2001-05-21,6.97,7.31,6.9,7.27,7.27,1108000
2001-05-22,7.33,8.17,7.32,7.95,7.95,2188200
2001-05-23,8.09,8.25,7.63,7.76,7.76,1389700
2001-05-24,7.85,8.01,7.75,7.99,7.99,297100
2001-05-25,7.95,8.03,7.75,8.03,8.03,656600
2001-05-29,8.145,8.25,8,8,8,455400
2001-05-30,7.98,8,7.05,7.13,7.13,944100
2001-05-31,7.29,8,7.19,7.47,7.47,358700
2001-06-01,7.75,7.75,7.5,7.6,7.6,306600
2001-06-04,7.605,7.94,7.6,7.94,7.94,559100
2001-06-05,7.95,8.23,7.9,8.06,8.06,903000
2001-06-06,8.055,8.06,7.47,7.5,7.5,701900
2001-06-07,7.59,7.9,7.4,7.6,7.6,1147300
2001-06-08,7.63,7.94,7.45,7.45,7.45,1004600
2001-06-11,8.05,8.1,7.5,7.55,7.55,1551100
2001-06-12,7.58,8,7.5,8,8,1684300
2001-06-13,8,8.25,7.85,8.1,8.1,1660700
2001-06-14,8.01,8.13,8,8.04,8.04,1017200
2001-06-15,7.8,7.98,7.6,7.8,7.8,406500
2001-06-18,7.8,8.02,7.16,7.38,7.38,571200
2001-06-19,7.735,7.75,7.3,7.45,7.45,578100
2001-06-20,7.405,7.9,7.2,7.69,7.69,358400
2001-06-21,7.58,7.95,7.58,7.7,7.7,295100
2001-06-22,7.7,7.8,7.4,7.43,7.43,410700
2001-06-25,7.475,7.65,7.39,7.56,7.56,246100
2001-06-26,7.41,8.11,7.28,7.96,7.96,471800
2001-06-27,7.95,8.02,7.85,7.96,7.96,474800
2001-06-28,7.96,8.59,7.85,8.39,8.39,812000
2001-06-29,8.46,8.95,8.3,8.6,8.6,600900
2001-07-02,8.6,8.9,8.32,8.85,8.85,467700
2001-07-03,8.72,9.4,8.71,9.25,9.25,567500
2001-07-05,9,9.24,8.75,8.87,8.87,325700
2001-07-06,8.96,8.96,8.67,8.77,8.77,229000
2001-07-09,8.55,9.05,8,8.72,8.72,349400
2001-07-10,8.76,8.9,8.5,8.5,8.5,253800
2001-07-11,8.5,8.55,8.2,8.26,8.26,177800
2001-07-12,8.4,8.72,8.31,8.72,8.72,224200
2001-07-13,8.72,8.83,8.42,8.63,8.63,541900
2001-07-16,8.58,8.8,8.49,8.68,8.68,343800
2001-07-17,8.75,9.25,8.71,9.21,9.21,626100
2001-07-18,9.01,9.18,8.3,8.7,8.7,188900
2001-07-19,8.79,9.25,8.65,9.25,9.25,260700
2001-07-20,9.24,9.5,8.95,9.23,9.23,127700
2001-07-23,9.24,9.37,8.95,9.2,9.2,159900
2001-07-24,9.01,9.25,8.55,8.9,8.9,484700
2001-07-25,8.66,8.9,8.57,8.9,8.9,107100
2001-07-26,8.95,9.27,8.75,9,9,411300
2001-07-27,8.95,9.05,8.82,9,9,126200
2001-07-30,8.96,9.15,8.76,9.15,9.15,163200
2001-07-31,8.99,9.1,8.93,8.97,8.97,104100
2001-08-01,8.999,9.1,8.85,9.03,9.03,259600
2001-08-02,8.965,9.2,8.9,9.15,9.15,179700
2001-08-03,8.91,9.17,8.91,9.17,9.17,62400
2001-08-06,9.1,9.34,9.1,9.15,9.15,215400
2001-08-07,9.14,9.69,9.05,9.68,9.68,232400
2001-08-08,9.4,9.68,9.2,9.46,9.46,141900
2001-08-09,9.25,9.365,9,9.14,9.14,136100
2001-08-10,9.24,9.43,9,9.4,9.4,115800
2001-08-13,9.31,9.45,9.1,9.12,9.12,378500
2001-08-14,9.11,9.43,8.9,9.12,9.12,251200
2001-08-15,9.05,9.25,9,9.01,9.01,215000
2001-08-16,8.95,9.05,8.8,9.05,9.05,332300
2001-08-17,8.81,9.05,8.8,8.98,8.98,96700
2001-08-20,8.9,8.99,8.15,8.37,8.37,382900
2001-08-21,8.4,8.6,8.15,8.15,8.15,37400
2001-08-22,8.35,8.5,7.75,8.4,8.4,106700
2001-08-23,8.215,8.67,8.21,8.4,8.4,164800
2001-08-24,8.68,8.95,8.51,8.95,8.95,79300
2001-08-27,8.52,9.05,8.51,8.86,8.86,147300
2001-08-28,8.7524,9.03,8.7524,9,9,212800
2001-08-29,9,9.05,8.8,8.94,8.94,75900
2001-08-30,8.81,9.05,8.5,8.96,8.96,335800
2001-08-31,9,9.04,8.61,8.64,8.64,42400
2001-09-04,8.88,9,8.65,8.85,8.85,104200
2001-09-05,8.65,9,8.65,8.85,8.85,118800
2001-09-06,8.9,9.17,8.7,9,9,178700
2001-09-07,8.7,8.95,8.61,8.85,8.85,165700
2001-09-10,8.67,8.94,8.6,8.82,8.82,334300
2001-09-17,8.31,8.4,7.6,7.6,7.6,216500
2001-09-18,7.55,7.7183,7.2,7.5,7.5,243300
2001-09-19,7.2,7.6,6.97,7.28,7.28,205900
2001-09-20,6.96,7.2,6.85,6.95,6.95,102200
2001-09-21,6.6,6.99,6.29,6.52,6.52,234200
2001-09-24,6.88,7.78,6.63,7.78,7.78,139100
2001-09-25,7.61,7.9,7.45,7.5,7.5,170000
2001-09-26,7.45,7.65,7.27,7.58,7.58,106800
2001-09-27,7.55,7.65,7.14,7.5,7.5,179200
2001-09-28,7.6,7.9,7.01,7.55,7.55,194000
2001-10-01,7.25,7.5,7.15,7.4,7.4,69200
2001-10-02,7.25,7.69,7.25,7.69,7.69,69400
2001-10-03,7.5,8.3,7.4,7.97,7.97,86800
2001-10-04,8.01,8.45,7.89,8.05,8.05,82000
2001-10-05,8.05,8.2,7.54,8,8,54200
2001-10-08,7.81,7.9,7.65,7.65,7.65,158500
2001-10-09,7.68,7.77,7.4,7.4,7.4,162000
2001-10-10,7.3,7.99,7.26,7.87,7.87,35000
2001-10-11,8,8.14,7.802,8.04,8.04,209100
2001-10-12,8.04,8.21,7.49,8,8,133900
2001-10-15,7.81,8.1,7.42,7.95,7.95,133500
2001-10-16,7.94,8,7.67,7.77,7.77,43400
2001-10-17,7.8,8,7.37,7.42,7.42,428900
2001-10-18,7.6,7.6,6.97,7,7,393100
2001-10-19,7.05,7.15,6.75,7.15,7.15,203200
2001-10-22,7.15,7.3,6.91,7.3,7.3,82300
2001-10-23,7.06,7.34,7.02,7.16,7.16,188600
2001-10-24,7.05,7.25,7,7.03,7.03,186300
2001-10-25,7,7.6,6.95,7.15,7.15,173800
2001-10-26,7.2,7.3,7.12,7.15,7.15,396900
2001-10-29,7.15,7.2,6.92,7.13,7.13,94600
2001-10-30,7.2,7.2,6.9,6.9,6.9,86800
2001-10-31,7.04,7.33,6.81,7.25,7.25,182900
2001-11-01,7.399,7.8,7.25,7.69,7.69,235400
2001-11-02,7.6,7.83,7.44,7.61,7.61,98600
2001-11-05,7.45,7.95,7.45,7.95,7.95,163100
2001-11-06,7.76,8,7.74,7.94,7.94,111800
2001-11-07,7.9,8.05,7.75,7.95,7.95,117900
2001-11-08,7.95,8.44,7.8,8.05,8.05,195700
2001-11-09,8.05,8.15,7.95,8.09,8.09,32500
2001-11-12,7.85,8.11,7.77,8.06,8.06,62400
2001-11-13,8,8.32,8,8.16,8.16,125700
2001-11-14,8.15,8.5,8.15,8.49,8.49,58800
2001-11-15,8.48,8.65,8.29,8.65,8.65,131500
2001-11-16,8.525,8.65,8.27,8.36,8.36,75000
2001-11-19,8.3,8.71,8.3,8.53,8.53,110800
2001-11-20,8.42,8.61,8.35,8.6,8.6,124200
2001-11-21,8.6,8.7,8.25,8.25,8.25,51100
2001-11-23,8.55,8.85,8.4,8.8,8.8,41600
2001-11-26,8.7,8.8,8.3,8.61,8.61,114700
2001-11-27,8.41,8.59,8.25,8.44,8.44,66800
2001-11-28,8.48,8.649,8.2,8.5,8.5,89200
2001-11-29,8.47,8.59,8.4,8.55,8.55,107200
2001-11-30,8.5495,8.6,7.75,8.09,8.09,175400
2001-12-03,7.87,8.149,7.87,8.1,8.1,45200
2001-12-04,7.96,8.2,7.96,8.12,8.12,228700
2001-12-05,8.12,8.5,8.12,8.49,8.49,178700
2001-12-06,8.45,8.6,8.38,8.6,8.6,236100
2001-12-07,8.55,8.7,8.4,8.7,8.7,132100
2001-12-10,8.74,8.74,8.25,8.3,8.3,162100
2001-12-11,8.3,8.43,7.981,8.15,8.15,79500
2001-12-12,8,8.18,7.87,8.08,8.08,140000
2001-12-13,7.95,8.1,7.9,7.96,7.96,391000
2001-12-14,7.9,7.97,7.5,7.75,7.75,186800
2001-12-17,7.66,8.1,7.47,7.75,7.75,234900
2001-12-18,7.51,7.8,7.5,7.52,7.52,283900
2001-12-19,7.52,7.6,7.23,7.25,7.25,309700
2001-12-20,7.23,7.55,7.2,7.2,7.2,453400
2001-12-21,7.49,7.5,6.85,7.3,7.3,726600
2001-12-24,7.2,7.5,7.2,7.48,7.48,41800
2001-12-26,7.35,7.65,7.35,7.55,7.55,159700
2001-12-27,7.41,7.78,7.41,7.69,7.69,174400
2001-12-28,7.66,8.5,7.611,8.04,8.04,130800
2001-12-31,7.9,8.5,7.88,8,8,156000
2002-01-02,7.96,8.65,7.96,8.48,8.48,161400
2002-01-03,8.265,9.25,8.265,9.24,9.24,230500
2002-01-04,9.065,9.23,9,9.1,9.1,523300
2002-01-07,9.035,9.61,8.96,9.31,9.31,185300
2002-01-08,9.29,9.75,9.25,9.67,9.67,355100
2002-01-09,9.7,9.75,9.45,9.5,9.5,258500
2002-01-10,9.45,9.79,9.29,9.68,9.68,328500
2002-01-11,9.55,9.55,8.84,9.14,9.14,314700
2002-01-14,9,9.24,8.51,8.59,8.59,304500
2002-01-15,8.55,9.02,8.55,9.02,9.02,90400
2002-01-16,8.6,8.82,8.14,8.39,8.39,411600
2002-01-17,8.4,8.7,8.2,8.45,8.45,117400
2002-01-18,8.44,8.65,8.15,8.25,8.25,113600
2002-01-22,8.375,8.5,8.07,8.31,8.31,83400
2002-01-23,8.3,8.49,8.2,8.49,8.49,104000
2002-01-24,8.5,8.73,8.41,8.57,8.57,124900
2002-01-25,8.57,8.679,8.4,8.66,8.66,108200
2002-01-28,8.6,8.8,8.52,8.65,8.65,86900
2002-01-29,8.6,8.75,8.55,8.58,8.58,46100
2002-01-30,8.63,9.2,8.63,9.2,9.2,101300
2002-01-31,9.14,9.25,8.85,9,9,92200
2002-02-01,8.979,8.979,8.55,8.55,8.55,143800
2002-02-04,8.78,8.78,8.16,8.6,8.6,84200
2002-02-05,8.53,8.8,8.3,8.79,8.79,119900
2002-02-06,8.78,8.81,8.6,8.8,8.8,112100
2002-02-07,8.865,8.95,8.7,8.9,8.9,129000
2002-02-08,8.76,9.3,8.76,9.3,9.3,155800
2002-02-11,9.25,9.3,9.03,9.15,9.15,86000
2002-02-12,9.15,9.2,9.01,9.2,9.2,112100
2002-02-13,9.05,9.2,9.05,9.15,9.15,138400
2002-02-14,9.13,9.29,9.08,9.08,9.08,149900
2002-02-15,9.01,9.15,8.92,9.05,9.05,106800
2002-02-19,8.96,9.15,8.81,8.9,8.9,44100
2002-02-20,8.88,9.2,8.84,9.03,9.03,96100
2002-02-21,9,9.15,8.95,9,9,247000
2002-02-22,9,9.43,9,9.3,9.3,131000
2002-02-25,9.22,9.41,9.15,9.2,9.2,165500
2002-02-26,9.2,9.3,8.91,8.96,8.96,47300
2002-02-27,9.015,9.1,8.87,8.95,8.95,267900
2002-02-28,8.98,9.06,8.55,9.05,9.05,293200
2002-03-01,8.9,9.85,8.9,9.85,9.85,197800
2002-03-04,9.5,10.65,9.5,10.2,10.2,692800
2002-03-05,10.25,10.45,10.1,10.12,10.12,403600
2002-03-06,10.21,10.35,9.83,10.09,10.09,176500
2002-03-07,9.83,10.25,9.82,10.14,10.14,107800
2002-03-08,10.1511,10.36,10.14,10.35,10.35,195100
2002-03-11,10.09,10.79,10.09,10.74,10.74,262300
2002-03-12,10.45,11.7,10.27,11.1,11.1,338900
2002-03-13,10.9,11.48,10.85,11.45,11.45,277300
2002-03-14,11.4,12.03,11.16,12,12,654100
2002-03-15,11.94,12.2,11.51,12,12,349300
2002-03-18,12,12.18,10.9,11.5,11.5,247800
2002-03-19,11.26,11.75,11.15,11.74,11.74,326300
2002-03-20,11.61,12.2,11.53,11.95,11.95,332900
2002-03-21,12,12.29,11.5,12.01,12.01,483700
2002-03-22,11.8,11.97,10.98,11.35,11.35,129000
2002-03-25,11.1,11.95,11.1,11.94,11.94,149400
2002-03-26,11.94,12.48,11.7,11.82,11.82,438900
2002-03-27,11.8,12.66,11.8,12.25,12.25,331900
2002-03-28,12.5,12.5,11.8,12.45,12.45,283300
2002-04-01,12.18,12.49,11.88,12.31,12.31,165500
2002-04-02,12.181,12.81,12.18,12.72,12.72,215100
2002-04-03,12.64,12.75,11.95,12,12,338300
2002-04-04,12,12.15,11.96,12,12,88000
2002-04-05,11.971,12.05,11.72,11.72,11.72,109300
2002-04-08,11.735,12.1,11.33,12.04,12.04,750200
2002-04-09,12,12.1,11.76,11.97,11.97,486900
2002-04-10,11.911,12.07,11.8,11.98,11.98,626700
2002-04-11,11.93,12.05,11.75,11.8,11.8,160500
2002-04-12,11.96,12.08,11.75,12.03,12.03,358200
2002-04-15,11.94,12.39,11.75,12.38,12.38,176500
2002-04-16,12.2,12.44,12.14,12.2,12.2,210800
2002-04-17,12.14,12.45,12.12,12.25,12.25,295100
2002-04-18,12.36,12.37,11.89,12.1,12.1,101200
2002-04-19,12.11,12.21,11.8,12.07,12.07,72300
2002-04-22,12.01,12.05,11.22,12.01,12.01,399500
2002-04-23,12.05,12.05,11.7,11.94,11.94,78100
2002-04-24,11.801,11.99,11.71,11.89,11.89,62600
2002-04-25,11.87,11.9,11.58,11.72,11.72,322700
2002-04-26,11.55,11.65,10.95,10.96,10.96,103800
2002-04-29,11.01,11.48,11.01,11.1,11.1,311800
2002-04-30,11.29,11.71,11.101,11.47,11.47,363100
2002-05-01,11.469,12.13,11.39,12.04,12.04,275300
2002-05-02,12.039,12.13,11.92,11.92,11.92,449300
2002-05-03,12.01,12.05,10.61,11.25,11.25,163200
2002-05-06,11.12,11.5,11.011,11.06,11.06,203000
2002-05-07,11.16,11.16,10.35,10.46,10.46,179000
2002-05-08,10.32,11.64,10.32,11.34,11.34,232600
2002-05-09,11.59,11.59,10.33,10.34,10.34,91700
2002-05-10,10.35,10.7,9.76,9.91,9.91,174700
2002-05-13,9.97,10.65,9.97,10.35,10.35,202200
2002-05-14,10.53,11.25,10.53,11.06,11.06,179200
2002-05-15,10.9,10.98,10.22,10.57,10.57,204600
2002-05-16,10.33,10.79,10.11,10.31,10.31,148100
2002-05-17,10.27,10.6,10.22,10.3,10.3,170000
2002-05-20,10.3,10.4,10.11,10.4,10.4,280700
2002-05-21,10.37,10.65,10.09,10.1,10.1,143100
2002-05-22,10.165,10.39,9.89,10,10,61900
2002-05-23,9.99,10.05,9.79,10,10,70200
2002-05-24,9.99,10.34,9.6,9.6,9.6,115400
2002-05-28,9.57,10.35,9.35,10.28,10.28,132100
2002-05-29,9.84,10.67,9.8,10.53,10.53,341200
2002-05-30,10.5,10.9,10.35,10.87,10.87,142500
2002-05-31,10.87,11.18,10.53,10.7,10.7,340500
2002-06-03,10.71,10.81,9.85,9.85,9.85,297000
2002-06-04,10.11,10.3,9.9,10.3,10.3,100900
2002-06-05,10.22,10.41,10.08,10.32,10.32,128900
2002-06-06,10.4,10.45,10,10.25,10.25,411100
2002-06-07,10.09,10.25,9.74,10.25,10.25,123300
2002-06-10,10.24,10.99,10.2,10.5,10.5,161200
2002-06-11,10.55,10.6,10.22,10.35,10.35,185700
2002-06-12,10.37,10.57,10.25,10.4,10.4,55000
2002-06-13,10.401,10.73,10.38,10.45,10.45,139400
2002-06-14,10.45,10.8,9.82,10.05,10.05,131800
2002-06-17,10,10.9,10,10.85,10.85,131200
2002-06-18,10.91,11.58,10.9,11,11,214000
2002-06-19,11.01,11.011,10.5,10.54,10.54,311500
2002-06-20,10.52,10.9,10.47,10.47,10.47,576300
2002-06-21,10.83,11,10.55,11,11,620200
2002-06-24,11.03,11.48,10.92,11.25,11.25,277400
2002-06-25,11.06,11.91,11.05,11.89,11.89,256200
2002-06-26,11.75,12,11.3,11.7,11.7,202600
2002-06-27,11.55,12.25,11.55,12.17,12.17,255000
2002-06-28,12.12,12.86,12.12,12.77,12.77,1150500
2002-07-01,12.709,12.709,12.19,12.52,12.52,309500
2002-07-02,12.25,12.35,11.75,11.75,11.75,196900
2002-07-03,11.77,12,11.42,11.551,11.551,94900
2002-07-05,11.68,11.7,11.54,11.7,11.7,66600
2002-07-08,11.5,12.17,11.5,11.9,11.9,81600
2002-07-09,11.7,11.98,11.38,11.86,11.86,125000
2002-07-10,11.57,11.68,11.21,11.26,11.26,67200
2002-07-11,11.3,11.3,10.55,10.77,10.77,118200
2002-07-12,10.66,11.49,10.66,11.04,11.04,133700
2002-07-15,11.04,11.04,10.74,10.76,10.76,84000
2002-07-16,10.759,10.759,10.32,10.47,10.47,257400
2002-07-17,10.43,10.67,10.25,10.6,10.6,339200
2002-07-18,10.29,10.66,9.99,10.23,10.23,122800
2002-07-19,10.2,10.45,9.85,10,10,177800
2002-07-22,10.001,10.2,9.45,9.56,9.56,200071
2002-07-23,9.48,9.72,9.17,9.21,9.21,116900
2002-07-24,9.16,9.44,7.75,9.35,9.35,202568
2002-07-25,9.17,9.55,8.95,9.19,9.19,215204
2002-07-26,9.2,9.25,8.92,9,9,97200
2002-07-29,9.121,10.28,9.08,10,10,281715
2002-07-30,10,10.17,9.82,10,10,439498
2002-07-31,9.89,10.3,9.69,9.749,9.749,161400
2002-08-01,9.659,9.939,9.42,9.569,9.569,92600
2002-08-02,9.555,9.555,8.62,8.62,8.62,81176
2002-08-05,8.86,9.27,8.56,9.23,9.23,127060
2002-08-06,9.1,9.8,9.1,9.74,9.74,291252
2002-08-07,9.75,9.78,8.95,9.08,9.08,240849
2002-08-08,9.081,9.85,8.98,9.84,9.84,54700
2002-08-09,9.6,9.7,9.05,9.42,9.42,133857
2002-08-12,9.3485,9.3485,8.95,9.09,9.09,81400
2002-08-13,9.005,9.07,8.05,8.19,8.19,149007
2002-08-14,8.16,8.38,8,8.14,8.14,149300
2002-08-15,8.2,8.7,8.16,8.5,8.5,336583
2002-08-16,8.5,8.75,8.42,8.75,8.75,239100
2002-08-19,8.78,9.13,8.71,9.11,9.11,308128
2002-08-20,9.11,9.13,8.641,9.05,9.05,496680
2002-08-21,9.05,10.78,9.05,10.69,10.69,188500
2002-08-22,10.59,10.69,10.22,10.48,10.48,374100
2002-08-23,10.47,10.47,10.14,10.25,10.25,178330
2002-08-26,10.31,10.63,10.2,10.63,10.63,373160
2002-08-27,10.62,10.8,10.2,10.2,10.2,103098
2002-08-28,10.4,10.46,9.98,10,10,202400
2002-08-29,9.99,10.34,9.77,9.91,9.91,156100
2002-08-30,9.91,10,9.69,9.69,9.69,154600
2002-09-03,9.7,9.86,9.05,9.19,9.19,125548
2002-09-04,9.1,9.57,9.08,9.36,9.36,132223
2002-09-05,9.31,9.76,9.1,9.38,9.38,162700
2002-09-06,9.45,10.08,9.42,9.83,9.83,197200
2002-09-09,9.81,9.99,9.61,9.92,9.92,67651
2002-09-10,9.771,9.999,9.56,9.99,9.99,94400
2002-09-11,9.71,9.97,9.57,9.64,9.64,43200
2002-09-12,9.65,9.67,9.27,9.43,9.43,62690
2002-09-13,9.39,9.75,9.218,9.51,9.51,42000
2002-09-16,9.501,9.67,9.36,9.44,9.44,156600
2002-09-17,9.44,9.5,9.28,9.42,9.42,61770
2002-09-18,9.41,9.6,9.25,9.59,9.59,70400
2002-09-19,9.37,9.58,9.24,9.39,9.39,161998
2002-09-20,9.59,10.17,9.45,10.07,10.07,328600
2002-09-23,10.07,10.07,8.95,9.26,9.26,351800
2002-09-24,9.16,9.5688,9.06,9.22,9.22,123634
2002-09-25,9.29,9.38,9.15,9.33,9.33,322336
2002-09-26,9.4,9.84,9.35,9.83,9.83,63561
2002-09-27,9.74,9.86,9.3,9.3,9.3,48188
2002-09-30,9.301,9.31,8.77,9.18,9.18,273541
2002-10-01,9.17,10,8.75,9.95,9.95,162665
2002-10-02,9.95,10.11,9.89,10.08,10.08,55857
2002-10-03,10.08,10.14,9.3,9.43,9.43,161000
2002-10-04,9.34,9.34,7.68,7.819,7.819,273300
2002-10-07,7.7,8.05,7.47,7.47,7.47,289909
2002-10-08,7.69,7.85,7.65,7.8,7.8,364300
2002-10-09,7.741,8.41,7.7,8,8,94609
2002-10-10,8.001,8.73,7.92,8.7,8.7,61180
2002-10-11,8.62,8.79,8.21,8.21,8.21,219150
2002-10-14,8,8.01,7.1,7.312,7.312,221948
2002-10-15,7.46,7.77,7.26,7.58,7.58,190607
2002-10-16,7.37,7.75,6.25,6.65,6.65,413657
2002-10-17,6.8,7.59,6.8,7.5,7.5,576890
2002-10-18,7.56,7.65,7.3,7.34,7.34,134900
2002-10-21,7.25,7.5,7.11,7.499,7.499,111554
2002-10-22,7.5,7.61,7.38,7.5,7.5,159850
2002-10-23,7.5,8.1,7.45,7.99,7.99,190850
2002-10-24,8.1,8.1,7.9,8,8,197310
2002-10-25,7.95,8.1,7.9,8.06,8.06,159500
2002-10-28,8.16,8.39,8,8.33,8.33,216704
2002-10-29,8.399,8.56,8.2,8.55,8.55,131100
2002-10-30,8.501,9.4,8.49,9.3,9.3,242196
2002-10-31,9.19,9.34,9.15,9.19,9.19,147658
2002-11-01,9.38,9.84,9.22,9.8,9.8,130134
2002-11-04,9.71,10.05,8.8,9.05,9.05,167043
2002-11-05,8.88,9.559,8.75,9.5,9.5,56541
2002-11-06,9.59,9.92,9.431,9.87,9.87,281500
2002-11-07,9.9,9.9,9.5,9.62,9.62,196400
2002-11-08,9.58,9.9,9.4,9.69,9.69,145409
2002-11-11,9.64,9.69,9.1401,9.1401,9.1401,46400
2002-11-12,9.14,9.39,9.109,9.229,9.229,54657
2002-11-13,9.12,9.35,8.64,9.07,9.07,53800
2002-11-14,9.11,9.4,9.1,9.329,9.329,92498
2002-11-15,9.44,9.65,9.291,9.291,9.291,52888
2002-11-18,9.26,9.64,9.03,9.29,9.29,65518
2002-11-19,9.18,9.478,8.581,8.6,8.6,104809
2002-11-20,8.58,9.42,8.58,9.41,9.41,140499
2002-11-21,9.4,9.99,9.399,9.8,9.8,56727
2002-11-22,9.99,9.99,9.54,9.54,9.54,76200
2002-11-25,9.5,10.169,9,10.12,10.12,185764
2002-11-26,10.12,10.3,9.48,9.95,9.95,194659
2002-11-27,10.09,10.35,9.97,10.21,10.21,104898
2002-11-29,10.22,10.37,9.81,9.95,9.95,71590
2002-12-02,10.1,10.4,10.1,10.12,10.12,375658
2002-12-03,10.3,10.379,10,10.25,10.25,338300
2002-12-04,10.14,10.74,10.14,10.529,10.529,406395
2002-12-05,10.35,10.62,10.35,10.57,10.57,111114
2002-12-06,10.5,10.67,10.5,10.67,10.67,150700
2002-12-09,10.64,10.64,10.2,10.4,10.4,314348
2002-12-10,10.17,11.2,10.17,11.1,11.1,234780
2002-12-11,10.75,11.09,10.75,10.9,10.9,208362
2002-12-12,10.9,11.25,10.78,11.02,11.02,140200
2002-12-13,11.02,11.18,10.88,11.16,11.16,122300
2002-12-16,10.85,11.27,10.85,11.12,11.12,168499
2002-12-17,10.92,11.229,10.92,11.03,11.03,385859
2002-12-18,11.05,11.23,10.91,11.05,11.05,120909
2002-12-19,10.79,11.05,9.973,10.28,10.28,223400
2002-12-20,10.74,11.02,10,10.657,10.657,188548
2002-12-23,10.38,10.57,10.15,10.43,10.43,234446
2002-12-24,10.36,10.61,10.3,10.54,10.54,80484
2002-12-26,10.64,11.01,10.501,11.01,11.01,100328
2002-12-27,11.03,11.1,10.67,10.9,10.9,101408
2002-12-30,10.76,10.95,10.55,10.68,10.68,180090
2002-12-31,10.71,11.11,10.62,10.97,10.97,217873
2003-01-02,11.07,11.07,10.65,10.947,10.947,220348
2003-01-03,10.8,11,10.62,10.76,10.76,318600
2003-01-06,10.77,10.92,10.4,10.4,10.4,180096
2003-01-07,10.35,10.55,9.8,10.29,10.29,197419
2003-01-08,10.225,10.44,9.89,10.21,10.21,215707
2003-01-09,10.05,10.49,10,10.081,10.081,160704
2003-01-10,9.9,10.72,9.88,10.28,10.28,88604
2003-01-13,10.05,10.4,9.8,10.05,10.05,200311
2003-01-14,9.81,10.088,9.73,9.79,9.79,130380
2003-01-15,9.81,10.21,9.56,10.15,10.15,279900
2003-01-16,10.02,10.27,9.88,10.09,10.09,125400
2003-01-17,10.05,10.13,9.74,9.86,9.86,209600
2003-01-21,9.72,10,9.52,9.84,9.84,61462
2003-01-22,9.8,9.86,9.14,9.75,9.75,108827
2003-01-23,9.74,9.89,9.51,9.62,9.62,81300
2003-01-24,9.871,9.98,9.44,9.47,9.47,74800
2003-01-27,9.42,9.56,8.71,8.86,8.86,141225
2003-01-28,9.05,9.149,8.69,9.12,9.12,111248
2003-01-29,9.06,9.6,9,9.2,9.2,90344
2003-01-30,9.18,9.41,9,9,9,83057
2003-01-31,9,9.151,8.96,9,9,331500
2003-02-03,9,9.15,8.7,8.91,8.91,108300
2003-02-04,8.905,9.15,8.76,9.05,9.05,150899
2003-02-05,9.04,9.23,8.95,9.01,9.01,52400
2003-02-06,8.94,9.24,8.94,9.1,9.1,86400
2003-02-07,9.11,9.15,8.29,8.37,8.37,122553
2003-02-10,8.551,8.82,8.4,8.82,8.82,68938
2003-02-11,8.85,9,8.78,8.83,8.83,64200
2003-02-12,8.8,8.99,8.55,8.55,8.55,41065
2003-02-13,8.65,8.69,8.52,8.6,8.6,58256
2003-02-14,8.63,9.11,8.63,8.86,8.86,169806
2003-02-18,8.91,9.37,8.91,9.29,9.29,57400
2003-02-19,9.06,9.329,8.9,9.07,9.07,42300
2003-02-20,8.9,9.14,8.66,9,9,38456
2003-02-21,9.01,9.2,8.62,9.039,9.039,51020
2003-02-24,9.2,9.22,8.85,9.06,9.06,115300
2003-02-25,8.91,9.15,8.85,9,9,68865
2003-02-26,9.01,9.31,8.97,9.01,9.01,35850
2003-02-27,9.1,9.2,8.9,8.98,8.98,143081
2003-02-28,8.92,9.05,8.85,8.88,8.88,203827
2003-03-03,8.92,9.1,8.8,8.859,8.859,173100
2003-03-04,8.69,8.849,8.42,8.8,8.8,227405
2003-03-05,8.95,8.99,8.71,8.82,8.82,125800
2003-03-06,8.79,8.79,8.489,8.53,8.53,121496
2003-03-07,8.6,8.91,8.48,8.87,8.87,63400
2003-03-10,8.81,9.11,8.53,8.53,8.53,114800
2003-03-11,8.525,9,8.45,8.93,8.93,122800
2003-03-12,8.811,8.821,8.25,8.38,8.38,203610
2003-03-13,8.35,9.05,8.16,9.05,9.05,125490
2003-03-14,8.87,9.06,8.75,8.9,8.9,181519
2003-03-17,8.74,9.11,8.61,9.04,9.04,167919
2003-03-18,8.91,9.13,8.89,8.95,8.95,168885
2003-03-19,8.89,8.9,8.19,8.5,8.5,224120
2003-03-20,8.44,8.48,8.21,8.33,8.33,138755
2003-03-21,8.48,8.67,8.1,8.1,8.1,248499
2003-03-24,8.25,8.34,8.1,8.11,8.11,84689
2003-03-25,8.2,8.3,8.05,8.05,8.05,296610
2003-03-26,8.15,8.21,8.05,8.06,8.06,179049
2003-03-27,8.05,8.4,8.05,8.4,8.4,444400
2003-03-28,8.4,8.5,8.35,8.36,8.36,209100
2003-03-31,8.36,8.36,8,8.1,8.1,306102
2003-04-01,8.06,8.4,8.06,8.39,8.39,99400
2003-04-02,8.4,8.61,8.4,8.55,8.55,96300
2003-04-03,8.55,8.587,8.4,8.489,8.489,33864
2003-04-04,8.58,8.65,8.27,8.27,8.27,121782
2003-04-07,8.41,8.89,8.3,8.87,8.87,146980
2003-04-08,8.95,8.95,8.45,8.74,8.74,112712
2003-04-09,8.77,8.8,8.5,8.5,8.5,74100
2003-04-10,8.5,8.7,8.29,8.49,8.49,67995
2003-04-11,8.58,8.6,8.25,8.52,8.52,90500
2003-04-14,8.55,8.94,8.52,8.94,8.94,93300
2003-04-15,8.92,9.22,8.76,9.08,9.08,73300
2003-04-16,9.15,9.19,8.93,9.03,9.03,177519
2003-04-17,9.28,9.56,9.21,9.44,9.44,195000
2003-04-21,9.42,9.94,9.34,9.691,9.691,138100
2003-04-22,9.77,10.42,9.44,10.28,10.28,183820
2003-04-23,10.27,10.5,10.12,10.5,10.5,86500
2003-04-24,10.32,10.45,9.75,9.95,9.95,81500
2003-04-25,9.92,9.92,9.36,9.72,9.72,78900
2003-04-28,9.7,10.26,9.6,10.23,10.23,50800
2003-04-29,10.25,10.5,10.16,10.42,10.42,129600
2003-04-30,10.42,10.5,10.22,10.5,10.5,83714
2003-05-01,10.38,10.5,10.14,10.39,10.39,50200
2003-05-02,10.25,10.98,10.25,10.88,10.88,79900
2003-05-05,10.81,11,10.71,10.78,10.78,109300
2003-05-06,10.7,10.87,10.15,10.21,10.21,261600
2003-05-07,10.01,10.09,9.65,9.84,9.84,276536
2003-05-08,9.65,9.83,9.43,9.589,9.589,100400
2003-05-09,9.53,9.69,9.45,9.6,9.6,87900
2003-05-12,9.59,10.3,9.59,10.3,10.3,104897
2003-05-13,10.13,10.3,10.1,10.3,10.3,43900
2003-05-14,10.27,10.579,10.26,10.41,10.41,30533
2003-05-15,10.36,10.68,10.36,10.58,10.58,58800
2003-05-16,10.33,10.58,9.4,9.43,9.43,160988
2003-05-19,9.18,9.59,9.03,9.41,9.41,223400
2003-05-20,9.5,9.7,9.37,9.62,9.62,115997
2003-05-21,9.62,9.66,9.38,9.59,9.59,94187
2003-05-22,9.54,10.01,9.54,9.939,9.939,90454
2003-05-23,9.86,10.36,9.22,9.93,9.93,80856
2003-05-27,9.8,10.86,9.8,10.58,10.58,134825
2003-05-28,10.72,11.07,10.65,10.87,10.87,383693
2003-05-29,10.94,11,10.61,10.979,10.979,65600
2003-05-30,10.97,11.25,10.88,11.09,11.09,108078
2003-06-02,11.101,11.35,11.05,11.192,11.192,99840
2003-06-03,11.25,11.28,10.73,11,11,112841
2003-06-04,10.99,11.28,10.83,11.2,11.2,74000
2003-06-05,11.08,11.25,11,11.11,11.11,43400
2003-06-06,11.19,11.42,11.03,11.17,11.17,68590
2003-06-09,11.17,11.3,10.55,10.66,10.66,62665
2003-06-10,10.8,10.86,10.65,10.8,10.8,84419
2003-06-11,10.67,10.98,10.61,10.859,10.859,50200
2003-06-12,10.81,11.03,10.69,10.69,10.69,181400
2003-06-13,10.86,10.89,10.33,10.42,10.42,143325
2003-06-16,10.3,10.524,10.3,10.5,10.5,132700
2003-06-17,10.5,10.71,10.41,10.71,10.71,160900
2003-06-18,10.72,10.72,10.5,10.57,10.57,58484
2003-06-19,10.65,10.81,10.4,10.639,10.639,112463
2003-06-20,10.671,10.9,10.47,10.69,10.69,111675
2003-06-23,10.63,10.69,10.14,10.26,10.26,71015
2003-06-24,10.18,10.69,10.18,10.58,10.58,274503
2003-06-25,10.54,10.7,10.4,10.6,10.6,430600
2003-06-26,10.95,11.05,10.61,10.75,10.75,227616
2003-06-27,10.75,11.06,10.6,10.86,10.86,109154
2003-06-30,10.9,11.39,10.735,10.75,10.75,193203
2003-07-01,10.99,11.179,10.74,11.03,11.03,91748
2003-07-02,11.15,11.5,10.91,11.23,11.23,230734
2003-07-03,11.5,12.37,11.05,11.5,11.5,249193
2003-07-07,11.8,12.5,11.72,12.35,12.35,385024
2003-07-08,12.5,12.5,11.96,12.25,12.25,238714
2003-07-09,12.3,12.3,12.02,12.25,12.25,383835
2003-07-10,12.01,12.56,11.5,12.16,12.16,366647
2003-07-11,12,12.35,11.94,12.25,12.25,61100
2003-07-14,12.1,12.52,11.55,11.8,11.8,80900
2003-07-15,11.64,11.899,10.24,10.86,10.86,579163
2003-07-16,10.93,11.1,10.7,10.84,10.84,503696
2003-07-17,10.91,10.97,10.6,10.7,10.7,260903
2003-07-18,10.82,10.82,10.6,10.63,10.63,121400
2003-07-21,10.62,11,10.4,10.53,10.53,560501
2003-07-22,10.54,10.6,10.33,10.37,10.37,131302
2003-07-23,10.34,10.84,10.11,10.84,10.84,401869
2003-07-24,10.89,10.99,10.66,10.76,10.76,90100
2003-07-25,10.73,11.29,10.54,11.27,11.27,127488
2003-07-28,11.27,11.61,11.06,11.49,11.49,70060
2003-07-29,11.35,11.86,11.25,11.83,11.83,116891
2003-07-30,11.72,11.87,10.97,11.39,11.39,83874
2003-07-31,11.315,12,11.1,11.81,11.81,107655
2003-08-01,11.76,11.93,10.99,11.04,11.04,190820
2003-08-04,11.02,11.45,10.99,11.01,11.01,214381
2003-08-05,11,11.7,11,11.12,11.12,176800
2003-08-06,11.07,11.46,10.89,10.89,10.89,130707
2003-08-07,10.88,11.14,10.86,10.9,10.9,106332
2003-08-08,10.9,11.53,10.9,11.34,11.34,134609
2003-08-11,11.34,11.67,11.22,11.54,11.54,257309
2003-08-12,11.48,12.1,11.43,11.81,11.81,235566
2003-08-13,11.83,11.91,11.63,11.72,11.72,103512
2003-08-14,11.77,11.95,11.6,11.94,11.94,100733
2003-08-15,11.95,11.95,11.84,11.95,11.95,36900
2003-08-18,11.97,12.23,11.68,12.09,12.09,102707
2003-08-19,12.22,12.266,12,12.25,12.25,74668
2003-08-20,12.11,12.25,11.891,12.08,12.08,116800
2003-08-21,12.03,12.3,11.93,12.18,12.18,68819
2003-08-22,12.17,12.25,11.75,12.02,12.02,83597
2003-08-25,12.03,12.03,11.48,11.7,11.7,75800
2003-08-26,11.665,12,11.32,11.6,11.6,83509
2003-08-27,11.55,12.15,11.4,11.94,11.94,76756
2003-08-28,11.8,12.15,11.7,12.079,12.079,110340
2003-08-29,11.95,12.08,11.76,12.05,12.05,57501
2003-09-02,12.08,12.25,11.88,12.25,12.25,104777
2003-09-03,12.24,12.5,11.85,12.43,12.43,155163
2003-09-04,12.52,13.36,12.27,12.85,12.85,349903
2003-09-05,12.77,13,12.5,12.76,12.76,121125
2003-09-08,13,13.23,12.75,13.08,13.08,104534
2003-09-09,13.16,13.16,12.71,12.71,12.71,67183
2003-09-10,12.67,12.85,12.41,12.5,12.5,130934
2003-09-11,12.5,12.91,12.29,12.91,12.91,89502
2003-09-12,12.9,12.9,12.32,12.75,12.75,68779
2003-09-15,12.57,12.75,12.27,12.44,12.44,84932
2003-09-16,12.45,12.84,12.4,12.84,12.84,119114
2003-09-17,12.69,12.84,12.52,12.67,12.67,50535
2003-09-18,12.52,12.77,12.5,12.66,12.66,65146
2003-09-19,12.5,12.89,12.5,12.7,12.7,147773
2003-09-22,12.71,12.71,12.1,12.16,12.16,105580
2003-09-23,12.34,12.58,12.11,12.34,12.34,63632
2003-09-24,12.57,12.57,11.8,11.9,11.9,142125
2003-09-25,11.91,12.18,11.6,11.68,11.68,110689
2003-09-26,11.625,11.93,10.86,11.07,11.07,98745
2003-09-29,11.01,12.33,11,11.96,11.96,132397
2003-09-30,12,12.29,11.76,11.78,11.78,192279
2003-10-01,11.78,12.39,11.78,12.38,12.38,78549
2003-10-02,12.43,12.5,11.78,12.01,12.01,92254
2003-10-03,12.2,12.49,12.15,12.2,12.2,102212
2003-10-06,12.4,12.43,12.05,12.4,12.4,52911
2003-10-07,12.12,12.5,12.05,12.41,12.41,55336
2003-10-08,12.46,12.5,12.2,12.21,12.21,58329
2003-10-09,12.34,12.61,12.2,12.57,12.57,127006
2003-10-10,12.488,12.49,12,12.2,12.2,60795
2003-10-13,12.16,12.61,12.16,12.6,12.6,76488
2003-10-14,12.6,13.14,12.56,13.14,13.14,65716
2003-10-15,13.15,13.15,12.64,12.71,12.71,96906
2003-10-16,12.63,13.18,12.38,13.03,13.03,72892
2003-10-17,13.07,13.15,12.45,12.46,12.46,109400
2003-10-20,12.7,12.85,12.46,12.65,12.65,41519
2003-10-21,12.67,12.87,12.28,12.46,12.46,74188
2003-10-22,12.41,12.49,11.67,11.68,11.68,77318
2003-10-23,11.73,12.25,11.6,11.77,11.77,58353
2003-10-24,11.75,11.91,11.11,11.65,11.65,81100
2003-10-27,11.54,12.52,11.54,12.33,12.33,107897
2003-10-28,12.37,12.76,12.05,12.75,12.75,116336
2003-10-29,12.71,12.8,12.58,12.7,12.7,84599
2003-10-30,12.75,12.8,12.14,12.209,12.209,72373
2003-10-31,12.21,12.45,11.9,11.91,11.91,76158
2003-11-03,11.81,12.74,11.74,12.6,12.6,213823
2003-11-04,12.53,12.75,12.31,12.62,12.62,118126
2003-11-05,12.56,12.58,12.15,12.38,12.38,59270
2003-11-06,12.55,12.63,12.19,12.59,12.59,109332
2003-11-07,12.64,12.69,12.25,12.25,12.25,73097
2003-11-10,12.405,12.5,12.16,12.24,12.24,122183
2003-11-11,12.12,12.38,12.08,12.1,12.1,47386
2003-11-12,12.33,12.6,12.15,12.6,12.6,78799
2003-11-13,12.65,12.9,12.41,12.84,12.84,53685
2003-11-14,12.94,13,12.65,12.73,12.73,191374
2003-11-17,12.6,12.85,12.09,12.31,12.31,146490
2003-11-18,12.37,12.7,12.32,12.55,12.55,128879
2003-11-19,12.5,12.92,12.34,12.68,12.68,109250
2003-11-20,12.7,12.88,12.5,12.82,12.82,120756
2003-11-21,12.85,12.851,12.41,12.5,12.5,60229
2003-11-24,12.5,13.5,12.5,13,13,160137
2003-11-25,13,13.34,12.81,13.07,13.07,86268
2003-11-26,13.14,13.42,12.71,13,13,65763
2003-11-28,12.96,13.1,12.82,12.83,12.83,35346
2003-12-01,12.88,13.23,12.711,13.14,13.14,90980
2003-12-02,13.23,13.33,12.72,12.73,12.73,94981
2003-12-03,12.74,13.07,12.39,12.43,12.43,149674
2003-12-04,11.8,12.41,11.7,11.94,11.94,207196
2003-12-05,11.95,12.04,11.59,11.69,11.69,142036
2003-12-08,11.94,11.96,11.68,11.68,11.68,71089
2003-12-09,11.68,11.84,11.25,11.31,11.31,75224
2003-12-10,11.31,11.6,11,11.1,11.1,222951
2003-12-11,11.05,11.5,11.01,11.39,11.39,233401
2003-12-12,11.35,11.61,11.27,11.55,11.55,238076
2003-12-15,11.69,11.9,11.12,11.37,11.37,149556
2003-12-16,11.1,11.4,10.98,11.16,11.16,185920
2003-12-17,11,11.36,11,11.19,11.19,53544
2003-12-18,11.13,12,11.13,11.99,11.99,207202
2003-12-19,11.76,12.15,11.5,11.79,11.79,143581
2003-12-22,11.6,11.7,11.37,11.65,11.65,235417
2003-12-23,11.65,12.2,11.64,12.03,12.03,191494
2003-12-24,12.02,12.28,12,12,12,26148
2003-12-26,12,12.57,11.9,12.4,12.4,83197
2003-12-29,12.51,12.55,12.04,12.44,12.44,190577
2003-12-30,12.44,12.61,12.23,12.53,12.53,258906
2003-12-31,12.6,12.65,12.2,12.23,12.23,155554
2004-01-02,12.38,12.99,12.33,12.99,12.99,333250
2004-01-05,13,13.15,12.66,12.93,12.93,196708
2004-01-06,12.86,13.3,12.75,13.2,13.2,211406
2004-01-07,13.26,13.47,12.984,13.4,13.4,247245
2004-01-08,13.41,13.7,13.14,13.51,13.51,105691
2004-01-09,13.32,13.78,13.23,13.25,13.25,83770
2004-01-12,13.25,13.9,13.09,13.9,13.9,62757
2004-01-13,13.9,13.9,13.2,13.53,13.53,235532
2004-01-14,13.55,13.78,13.39,13.5,13.5,91419
2004-01-15,13.63,13.63,13,13.5,13.5,402430
2004-01-16,13.4,13.48,13.04,13.04,13.04,154816
2004-01-20,13.15,13.3,12.75,13.2,13.2,191298
2004-01-21,13.14,13.14,12.9,13,13,109974
2004-01-22,12.75,13.21,12.71,12.88,12.88,88370
2004-01-23,12.75,13.35,12.55,13.35,13.35,340550
2004-01-26,13.14,13.32,12.62,13.21,13.21,149874
2004-01-27,12.97,13.2,12.7,12.8,12.8,172462
2004-01-28,13,13.11,12.67,12.68,12.68,244512
2004-01-29,12.7,12.99,12.36,12.59,12.59,253202
2004-01-30,12.75,12.96,12.5,12.58,12.58,215696
2004-02-02,12.85,13.1,12.5,12.9,12.9,131136
2004-02-03,12.74,13.04,12.73,12.75,12.75,152394
2004-02-04,12.79,12.97,12.59,12.6,12.6,263296
2004-02-05,12.6,13.02,12.55,12.71,12.71,165367
2004-02-06,12.86,13.2,12.7,13.05,13.05,98326
2004-02-09,13.1,13.16,12.77,12.891,12.891,96288
2004-02-10,12.83,13.25,12.75,13.25,13.25,104484
2004-02-11,13.24,13.25,12.82,13.25,13.25,271173
2004-02-12,13.09,13.24,12.76,12.941,12.941,126330
2004-02-13,12.87,12.9,12.47,12.47,12.47,224895
2004-02-17,12.62,13.08,12.44,13,13,89974
2004-02-18,12.85,13.16,12.761,12.85,12.85,142355
2004-02-19,13,13.05,12.38,12.51,12.51,133915
2004-02-20,12.61,12.79,12.11,12.5,12.5,97539
2004-02-23,12.51,12.79,12.19,12.3,12.3,236988
2004-02-24,12.3,12.61,11.79,12.25,12.25,157196
2004-02-25,12.03,12.42,11.97,12.4,12.4,80811
2004-02-26,12.4,12.5,12.201,12.25,12.25,167031
2004-02-27,12.2,12.5,12,12.5,12.5,105616
2004-03-01,12.3,12.9,12.3,12.88,12.88,76821
2004-03-02,12.7,12.9,12.26,12.3,12.3,64274
2004-03-03,12.25,12.62,12,12.56,12.56,97338
2004-03-04,12.45,12.95,12.21,12.95,12.95,78021
2004-03-05,12.6,13.05,12.47,12.5,12.5,104754
2004-03-08,12.5,12.75,12.27,12.38,12.38,159465
2004-03-09,12.21,12.58,11.88,12.06,12.06,190050
2004-03-10,11.91,12.19,11.9,12,12,110954
2004-03-11,11.89,12.22,11.26,11.35,11.35,132083
2004-03-12,11.6,12.3,11.52,12.28,12.28,161731
2004-03-15,12.24,12.28,11.75,12,12,167943
2004-03-16,12.15,12.4,11.91,11.95,11.95,188830
2004-03-17,11.9,12.45,11.9,12.44,12.44,132318
2004-03-18,12.13,12.33,11.95,12.1,12.1,95459
2004-03-19,12.47,12.57,11.995,12,12,136182
2004-03-22,11.96,12.03,11.46,11.51,11.51,157262
2004-03-23,11.68,11.92,11.4,11.6,11.6,188443
2004-03-24,11.66,11.81,11.35,11.45,11.45,207031
2004-03-25,11.54,12.31,11.36,12.14,12.14,154153
2004-03-26,12.06,12.18,11.6,11.89,11.89,119750
2004-03-29,11.89,12.72,11.56,12.62,12.62,176800
2004-03-30,12.38,12.98,12.27,12.98,12.98,91161
2004-03-31,12.84,12.91,12.45,12.9,12.9,153858
2004-04-01,12.63,12.9,12.56,12.76,12.76,131351
2004-04-02,12.91,12.91,12.4,12.4,12.4,140830
2004-04-05,12.51,12.72,12.38,12.63,12.63,139686
2004-04-06,12.4,12.72,12.35,12.6,12.6,92280
2004-04-07,12.54,12.71,12.3,12.51,12.51,103106
2004-04-08,12.6,12.88,12.28,12.46,12.46,122199
2004-04-12,12.3,12.8,12.3,12.69,12.69,76441
2004-04-13,12.7,12.7,11.98,12,12,110910
2004-04-14,11.85,12.21,11.68,11.68,11.68,107846
2004-04-15,11.8,12.13,11.5,12.1,12.1,120379
2004-04-16,12.2,12.29,11.92,12.08,12.08,178532
2004-04-19,11.88,12.27,11.8,12.1,12.1,135145
2004-04-20,12.2,12.45,11.94,12.01,12.01,219012
2004-04-21,12.19,12.501,11.85,12.42,12.42,174818
2004-04-22,12.53,12.54,12.25,12.43,12.43,161993
2004-04-23,12.47,12.53,12.1,12.4,12.4,126416
2004-04-26,12.51,12.52,12.2,12.2,12.2,60877
2004-04-27,12.36,12.36,12.13,12.26,12.26,111282
2004-04-28,12.15,12.15,11.71,11.77,11.77,149851
2004-04-29,12.02,12.15,11.29,11.72,11.72,199043
2004-04-30,11.55,11.88,11.22,11.34,11.34,169477
2004-05-03,11.55,12.08,11.29,11.64,11.64,204261
2004-05-04,11.74,12.49,11.64,12.07,12.07,155104
2004-05-05,12.01,12.04,11.62,11.65,11.65,62801
2004-05-06,11.45,11.72,11.13,11.38,11.38,117482
2004-05-07,11.34,11.66,10.95,11.05,11.05,113243
2004-05-10,10.97,11.49,10.64,11.1,11.1,189447
2004-05-11,11.02,11.31,10.94,11.07,11.07,156377
2004-05-12,11,11.62,10.92,11.46,11.46,103328
2004-05-13,11.61,11.66,11.12,11.17,11.17,153860
2004-05-14,11.215,11.32,10.85,11.09,11.09,156359
2004-05-17,10.95,10.95,10.45,10.73,10.73,141697
2004-05-18,10.67,11,10.56,10.95,10.95,59239
2004-05-19,11.19,11.24,10.71,10.74,10.74,102051
2004-05-20,10.66,10.91,10.56,10.79,10.79,49273
2004-05-21,11.1,11.1,10.55,10.92,10.92,139603
2004-05-24,11.01,11.15,10.77,11.13,11.13,90197
2004-05-25,10.89,11.39,10.86,11.23,11.23,103064
2004-05-26,11.03,11.62,11,11.62,11.62,99733
2004-05-27,11.65,11.79,11.29,11.38,11.38,96653
2004-05-28,11.56,11.76,11.02,11.05,11.05,120250
2004-06-01,10.95,11.55,10.95,11.25,11.25,89392
2004-06-02,11.47,11.59,11.2,11.32,11.32,54340
2004-06-03,11.24,11.29,10.76,10.85,10.85,90125
2004-06-04,11.09,11.27,10.89,10.97,10.97,67998
2004-06-07,11.4,11.56,11.12,11.47,11.47,62223
2004-06-08,11.3,11.77,11.3,11.52,11.52,105265
2004-06-09,11.615,11.78,11.3,11.32,11.32,100835
2004-06-10,11.27,11.67,11.01,11.52,11.52,179211
2004-06-14,11.71,11.71,10.99,10.99,10.99,111874
2004-06-15,10.95,11.6,10.87,11.34,11.34,92380
2004-06-16,11.5,11.58,11.18,11.58,11.58,94598
2004-06-17,11.6,11.61,11.06,11.15,11.15,121846
2004-06-18,10.83,11.29,10.8,11.2,11.2,202236
2004-06-21,11.02,11.26,11.01,11.23,11.23,46850
2004-06-22,11.02,11.33,11.01,11.19,11.19,93612
2004-06-23,11.1,11.86,11.05,11.75,11.75,149596
2004-06-24,12.1,12.71,11.91,12.1,12.1,299231
2004-06-25,12.34,12.905,11.99,12.46,12.46,539751
2004-06-28,12.78,12.78,12.38,12.65,12.65,120527
2004-06-29,12.57,13.2,12.57,13.19,13.19,200856
2004-06-30,13.25,13.26,12.79,12.97,12.97,128107
2004-07-01,12.81,13.01,12.41,12.41,12.41,104147
2004-07-02,12.3,12.51,12.01,12.47,12.47,89852
2004-07-06,12.29,12.29,11.68,11.68,11.68,147528
2004-07-07,11.47,11.99,11.47,11.89,11.89,125461
2004-07-08,11.67,12.2,11.6679,11.69,11.69,168279
2004-07-09,11.65,12.1,11.59,12.04,12.04,73441
2004-07-12,11.88,12.17,11.87,12.08,12.08,121262
2004-07-13,11.9,12.2,11.9,12.2,12.2,345584
2004-07-14,12.2,12.5,12,12.14,12.14,252071
2004-07-15,12,12.3,12,12.27,12.27,71677
2004-07-16,12.25,12.48,12.2,12.24,12.24,154527
2004-07-19,12.2,12.5,12.2,12.3,12.3,120112
2004-07-20,12.2,12.5,12.2,12.5,12.5,66919
2004-07-21,12.64,12.64,12,12.05,12.05,173090
2004-07-22,12.04,12.68,11.99,12,12,263541
2004-07-23,12.19,12.19,11.85,11.9,11.9,211537
2004-07-26,11.81,11.92,11.6,11.75,11.75,191566
2004-07-27,11.66,12.25,11.65,12.25,12.25,79366
2004-07-28,12.06,12.25,11.81,12.13,12.13,111283
2004-07-29,12.31,12.95,12.13,12.93,12.93,128532
2004-07-30,12.85,13.1,12.72,13.03,13.03,140548
2004-08-02,12.9,13.1,12.57,13.1,13.1,119394
2004-08-03,12.83,12.83,12.13,12.28,12.28,108769
2004-08-04,12.13,12.65,11.95,12.55,12.55,133717
2004-08-05,12.4,12.79,12.33,12.45,12.45,100614
2004-08-06,12.31,12.69,12.12,12.33,12.33,155381
2004-08-09,12.5,12.56,12.28,12.46,12.46,109453
2004-08-10,12.47,12.9,12.37,12.87,12.87,118084
2004-08-11,12.75,13,12.55,12.88,12.88,186622
2004-08-12,12.75,13,12.3,12.81,12.81,118579
2004-08-13,13,13,12.46,12.63,12.63,48618
2004-08-16,12.45,12.96,12.45,12.8,12.8,90411
2004-08-17,13,13.16,12.72,13.15,13.15,71026
2004-08-18,13.15,13.49,12.951,13.45,13.45,102608
2004-08-19,13.4,13.5,13,13.08,13.08,86671
2004-08-20,13.02,13.6,12.88,13.6,13.6,101364
2004-08-23,13.55,13.74,13.1,13.1,13.1,56521
2004-08-24,13.49,13.55,13.11,13.3,13.3,65277
2004-08-25,13.21,13.43,13.11,13.11,13.11,146920
2004-08-26,13.06,13.33,13.05,13.2,13.2,149096
2004-08-27,13.12,13.31,13.12,13.22,13.22,49537
2004-08-30,13.03,13.29,12.92,13,13,94413
2004-08-31,12.91,13.19,12.71,13.18,13.18,96653
2004-09-01,13.24,13.8,12.91,13.1,13.1,137126
2004-09-02,12.75,13,12.47,12.99,12.99,191638
2004-09-03,13.05,13.2,12.5,12.68,12.68,94032
2004-09-07,12.68,12.85,12.55,12.7,12.7,82178
2004-09-08,12.69,12.74,12.36,12.59,12.59,275987
2004-09-09,12.6,12.72,12.45,12.68,12.68,114459
2004-09-10,12.46,12.93,12.44,12.93,12.93,136535
2004-09-13,12.95,13.42,12.89,13.28,13.28,91740
2004-09-14,13.37,13.37,12.91,12.99,12.99,63217
2004-09-15,13.07,13.07,12.65,13,13,63523
2004-09-16,13.1,13.25,12.92,13.24,13.24,99240
2004-09-17,13.84,13.85,12.91,13,13,163473
2004-09-20,12.91,13.229,12.86,13.05,13.05,30148
2004-09-21,13.2,13.6,13,13.59,13.59,143113
2004-09-22,13.45,13.45,12.95,13.19,13.19,105505
2004-09-23,13.31,13.42,13.03,13.19,13.19,163903
2004-09-24,13.33,13.33,12.81,12.82,12.82,86499
2004-09-27,12.72,12.96,12.5,12.89,12.89,119085
2004-09-28,13.05,13.07,12.67,12.81,12.81,61729
2004-09-29,12.72,13.02,12.7,12.8,12.8,227350
2004-09-30,12.71,12.86,12.52,12.79,12.79,149089
2004-10-01,12.7,13.58,12.7,13.58,13.58,142819
2004-10-04,13.61,13.67,12.89,12.9,12.9,262107
2004-10-05,13.07,13.4,12.98,13.35,13.35,74940
2004-10-06,13.42,13.81,13.33,13.74,13.74,93431
2004-10-07,13.5,13.65,13.18,13.18,13.18,70759
2004-10-08,13.18,13.47,12.82,12.98,12.98,110804
2004-10-11,12.979,12.98,12.58,12.77,12.77,57312
2004-10-12,12.77,12.94,12.55,12.76,12.76,53238
2004-10-13,12.98,12.98,12.5,12.5,12.5,71004
2004-10-14,12.69,12.8,12.47,12.65,12.65,68275
2004-10-15,12.65,13.01,12.65,12.9,12.9,107073
2004-10-18,12.7,13.06,12.65,12.89,12.89,86534
2004-10-19,12.86,13.18,12.85,12.94,12.94,87148
2004-10-20,12.81,13.41,12.8,13.3,13.3,105369
2004-10-21,13.27,13.49,13.02,13.47,13.47,92516
2004-10-22,13.5,13.5,12.65,12.65,12.65,86046
2004-10-25,12.55,13.25,12.55,13,13,99773
2004-10-26,12.91,13.462,12.7,13.44,13.44,116086
2004-10-27,13.33,13.71,13.09,13.61,13.61,197248
2004-10-28,13.29,13.69,13.25,13.61,13.61,100575
2004-10-29,13.42,13.68,13.22,13.43,13.43,58974
2004-11-01,13.54,13.73,13.2,13.73,13.73,86174
2004-11-02,13.71,14.1,13.6,13.78,13.78,148005
2004-11-03,13.95,14.1,13.81,14,14,104460
2004-11-04,13.78,14.08,13.6,14.05,14.05,112868
2004-11-05,13.85,14.47,13.85,14.31,14.31,102741
2004-11-08,14.11,14.81,13.95,14.76,14.76,152027
2004-11-09,14.64,14.86,14.47,14.47,14.47,253119
2004-11-10,14.46,14.6,14.34,14.47,14.47,175951
2004-11-11,14.54,14.55,14.29,14.4,14.4,126797
2004-11-12,14.45,14.48,14.16,14.17,14.17,131769
2004-11-15,14.08,14.2,13.92,14,14,171624
2004-11-16,13.86,14,13.4,13.72,13.72,186138
2004-11-17,13.53,14.02,13.48,13.69,13.69,126455
2004-11-18,13.62,13.85,13.4,13.8,13.8,54380
2004-11-19,13.68,13.84,13.07,13.07,13.07,96055
2004-11-22,13.06,13.55,13.06,13.34,13.34,218818
2004-11-23,13.36,13.73,13.16,13.46,13.46,134178
2004-11-24,13.59,13.82,13.43,13.55,13.55,130753
2004-11-26,13.5,13.75,13.5,13.62,13.62,59075
2004-11-29,13.19,13.55,13.11,13.45,13.45,225275
2004-11-30,13.35,13.45,13.18,13.2,13.2,141617
2004-12-01,13.2,13.5,13.2,13.4,13.4,301334
2004-12-02,13.25,13.38,13.13,13.26,13.26,367395
2004-12-03,13.595,13.8,13.45,13.55,13.55,219990
2004-12-06,13.57,13.59,13.26,13.35,13.35,108871
2004-12-07,13.62,13.64,12.99,13.01,13.01,253353
2004-12-08,13.16,13.4,13.1,13.33,13.33,180861
2004-12-09,13.325,13.39,12.85,13.15,13.15,102543
2004-12-10,12.95,13.24,12.85,13.13,13.13,104015
2004-12-13,13.25,13.25,12.8,13.14,13.14,117053
2004-12-14,12.95,13.26,12.95,13.12,13.12,136252
2004-12-15,13.17,13.35,13.12,13.33,13.33,105625
2004-12-16,13.1,13.43,12.95,13.05,13.05,129913
2004-12-17,13.18,13.21,12.81,13.1,13.1,140059
2004-12-20,12.91,13.35,12.91,12.97,12.97,102275
2004-12-21,13.1,13.18,12.89,12.99,12.99,150241
2004-12-22,13,13,12.91,12.91,12.91,53363
2004-12-23,13,13.002,12.84,12.95,12.95,50978
2004-12-27,12.8,12.99,12.56,12.72,12.72,94502
2004-12-28,12.94,12.94,12.65,12.74,12.74,86844
2004-12-29,12.64,12.86,12.63,12.675,12.675,126333
2004-12-30,12.63,12.8,12.53,12.58,12.58,65638
2004-12-31,12.6,13.19,12.55,12.85,12.85,90745
2005-01-03,13.03,13.23,12.21,12.21,12.21,173611
2005-01-04,12.46,12.46,12.13,12.3,12.3,203904
2005-01-05,12.18,12.34,12,12.12,12.12,205774
2005-01-06,12.22,12.3,12.1,12.12,12.12,128097
2005-01-07,12,12.25,11.56,11.56,11.56,103999
2005-01-10,11.47,12.24,11.47,12.17,12.17,176263
2005-01-11,12.17,12.18,11.95,12.05,12.05,112039
2005-01-12,11.8,12.05,11.8,11.94,11.94,149165
2005-01-13,11.92,12.12,11.84,11.97,11.97,123215
2005-01-14,12.12,12.2,11.86,12.13,12.13,70551
2005-01-18,11.99,12.37,11.99,12.25,12.25,100338
2005-01-19,12.12,12.4,11.99,11.99,11.99,91200
2005-01-20,11.95,12.2,11.94,11.96,11.96,86416
2005-01-21,11.9,12.19,11.86,11.98,11.98,65207
2005-01-24,12.08,12.08,11.65,11.65,11.65,93204
2005-01-25,11.84,11.84,11.53,11.83,11.83,140782
2005-01-26,11.85,12.17,11.67,11.96,11.96,105002
2005-01-27,11.95,12.46,11.94,12.36,12.36,50320
2005-01-28,12.4,12.4,11.81,11.83,11.83,69312
2005-01-31,12.16,12.56,12.05,12.53,12.53,82992
2005-02-01,12.32,12.9,12.32,12.73,12.73,121919
2005-02-02,12.52,12.64,12.44,12.55,12.55,149338
2005-02-03,12.45,12.58,12.06,12.5,12.5,47736
2005-02-04,12.25,12.84,12.25,12.69,12.69,82479
2005-02-07,12.87,12.96,12.56,12.96,12.96,61741
2005-02-08,12.75,13.25,12.64,13.21,13.21,66793
2005-02-09,13.1,13.28,12.68,12.69,12.69,88059
2005-02-10,12.65,13.05,12.26,12.61,12.61,79931
2005-02-11,12.45,12.96,12.25,12.91,12.91,99061
2005-02-14,12.79,13,12.56,12.98,12.98,52942
2005-02-15,12.86,13,12.48,12.63,12.63,62770
2005-02-16,12.52,13.0076,12.49,12.91,12.91,54163
2005-02-17,12.72,12.89,12.3,12.3,12.3,107091
2005-02-18,12.49,12.55,12.19,12.43,12.43,57107
2005-02-22,12.23,12.36,11.55,11.55,11.55,142266
2005-02-23,11.75,11.8,11.52,11.55,11.55,115127
2005-02-24,11.5,11.7,11.41,11.51,11.51,150714
2005-02-25,11.62,11.62,11.03,11.28,11.28,305217
2005-02-28,11.09,11.69,10.98,11.19,11.19,184094
2005-03-01,11.32,11.48,11.02,11.23,11.23,296813
2005-03-02,11.2,11.63,11.2,11.42,11.42,124375
2005-03-03,11.67,12.48,11.67,12.38,12.38,138432
2005-03-04,12.5,12.66,11.94,11.96,11.96,86136
2005-03-07,12.15,12.44,12.06,12.17,12.17,65575
2005-03-08,12.11,12.5,11.83,11.91,11.91,140662
2005-03-09,11.8,12.16,11.74,11.82,11.82,97133
2005-03-10,11.76,11.9,11.48,11.56,11.56,124774
2005-03-11,11.62,12.15,11.62,11.99,11.99,91697
2005-03-14,11.77,12.27,11.77,12.02,12.02,116928
2005-03-15,12.2,12.28,11.81,11.82,11.82,73374
2005-03-16,11.78,12.15,11.45,11.61,11.61,165761
2005-03-17,11.62,11.86,11.49,11.78,11.78,113731
2005-03-18,11.71,12.09,11.5,12.09,12.09,330633
2005-03-21,11.99,12.37,11.87,12.24,12.24,104551
2005-03-22,12.03,12.8,12.03,12.5,12.5,161753
2005-03-23,12.61,12.67,12.3,12.43,12.43,125457
2005-03-24,12.58,12.61,12.31,12.31,12.31,94628
2005-03-28,12.28,12.65,12.28,12.47,12.47,162614
2005-03-29,12.38,12.53,11.9,11.98,11.98,118731
2005-03-30,12.07,12.32,11.93,12.25,12.25,101960
2005-03-31,12.35,12.35,11.9,12.11,12.11,182817
2005-04-01,12.03,12.35,11.91,11.99,11.99,149542
2005-04-04,12.2,12.22,11.77,11.97,11.97,98784
2005-04-05,11.98,12.22,11.84,12.04,12.04,121185
2005-04-06,12.22,12.22,11.8,11.84,11.84,171278
2005-04-07,11.96,12.12,11.82,12.12,12.12,76600
2005-04-08,12.14,12.14,11.85,11.98,11.98,129172
2005-04-11,11.88,11.98,11.6,11.63,11.63,115124
2005-04-12,11.52,12.05,11.51,12,12,156635
2005-04-13,12.07,12.08,11.5,11.54,11.54,137173
2005-04-14,11.61,11.7,11.32,11.4,11.4,149236
2005-04-15,11.4,11.47,10.93,11.19,11.19,137890
2005-04-18,10.99,11.33,10.99,11.21,11.21,116502
2005-04-19,11.1,11.39,10.97,11.28,11.28,88654
2005-04-20,11.18,11.33,10.98,11,11,156516
2005-04-21,11,11.5,11,11.32,11.32,83350
2005-04-22,11.24,11.3,10.94,11.08,11.08,166724
2005-04-25,11.14,11.41,11.06,11.41,11.41,104322
2005-04-26,11.44,11.5,11,11.17,11.17,139643
2005-04-27,11.03,11.46,11.01,11.13,11.13,310620
2005-04-28,11.04,11.25,10.86,11.16,11.16,233084
2005-04-29,11.13,11.38,10.87,11.24,11.24,137780
2005-05-02,11.27,11.38,11.19,11.35,11.35,208156
2005-05-03,11.43,11.43,10.96,11.13,11.13,262095
2005-05-04,11.2,11.42,11.08,11.42,11.42,153102
2005-05-05,11.45,11.45,11.01,11.08,11.08,141202
2005-05-06,11.25,11.25,11.05,11.11,11.11,155235
2005-05-09,11.19,11.19,10.96,11.17,11.17,195361
2005-05-10,11,11.09,10.9,10.93,10.93,208308
2005-05-11,11.05,11.05,10.77,10.85,10.85,206926
2005-05-12,10.8,10.9,10.52,10.68,10.68,145387
2005-05-13,10.72,10.85,10.26,10.49,10.49,94487
2005-05-16,10.46,10.89,10.46,10.84,10.84,212525
2005-05-17,10.805,11,10.805,10.94,10.94,208156
2005-05-18,11.05,11.05,10.89,10.97,10.97,81154
2005-05-19,10.98,10.98,10.85,10.93,10.93,66243
2005-05-20,10.91,11.04,10.76,10.99,10.99,173306
2005-05-23,10.98,11.11,10.95,11.05,11.05,178987
2005-05-24,10.95,11.76,10.95,11.76,11.76,121311
2005-05-25,11.6,12.16,11.59,12.01,12.01,199484
2005-05-26,12,12.1,11.94,12.03,12.03,71863
2005-05-27,12.08,12.12,11.94,12.02,12.02,40745
2005-05-31,12.08,12.11,11.93,11.94,11.94,67602
2005-06-01,11.98,12.05,11.82,11.91,11.91,131895
2005-06-02,11.76,12.08,11.72,12,12,98120
2005-06-03,11.98,12.08,11.85,11.93,11.93,56925
2005-06-06,11.93,12.07,11.68,12.02,12.02,83687
2005-06-07,12.07,12.25,12.06,12.08,12.08,79130
2005-06-08,12.04,12.1,11.99,12.01,12.01,56099
2005-06-09,11.99,12.24,11.95,12.2,12.2,47614
2005-06-10,12.25,12.25,12.04,12.12,12.12,43517
2005-06-13,12.12,12.18,12.01,12.11,12.11,41779
2005-06-14,12.04,12.25,12.02,12.19,12.19,75281
2005-06-15,12.25,12.43,12.06,12.42,12.42,131144
2005-06-16,12.42,12.48,12.25,12.4,12.4,133604
2005-06-17,12.5,12.51,12.24,12.26,12.26,253603
2005-06-20,12.21,12.38,12.16,12.26,12.26,114974
2005-06-21,12.23,12.43,12.2,12.25,12.25,25709
2005-06-22,12.22,12.49,12.22,12.33,12.33,82479
2005-06-23,13,13.94,12.59,12.6,12.6,628523
2005-06-24,12.54,13.14,12,12.1,12.1,480251
2005-06-27,12.1,12.1,11.73,11.82,11.82,146282
2005-06-28,11.85,12,11.77,11.91,11.91,117576
2005-06-29,11.8,12.04,11.72,12,12,72223
2005-06-30,12.05,12.13,11.82,11.87,11.87,109594
2005-07-01,11.9,12,11.8,12,12,47715
2005-07-05,11.88,11.98,11.81,11.98,11.98,125319
2005-07-06,11.98,11.98,11.6,11.8,11.8,159313
2005-07-07,11.57,11.9,11.55,11.71,11.71,73988
2005-07-08,11.72,12.03,11.56,11.92,11.92,166630
2005-07-11,12.01,12.11,11.83,12.11,12.11,122480
2005-07-12,12.08,12.5,11.96,12.36,12.36,122840
2005-07-13,12.39,12.63,12.3,12.53,12.53,76526
2005-07-14,12.47,12.74,12.27,12.28,12.28,103458
2005-07-15,12.13,12.38,11.86,11.9,11.9,113435
2005-07-18,11.87,11.92,11.66,11.67,11.67,56736
2005-07-19,11.82,12.24,11.7401,12.21,12.21,92223
2005-07-20,12.09,12.53,11.91,12.41,12.41,76766
2005-07-21,12.38,12.43,12.05,12.12,12.12,75394
2005-07-22,12.03,12.34,12,12.33,12.33,101222
2005-07-25,12.24,12.32,12,12.07,12.07,56099
2005-07-26,12.1,12.25,11.95,12.11,12.11,63630
2005-07-27,12.1,12.19,12,12.09,12.09,62905
2005-07-28,12.04,12.39,12.04,12.37,12.37,67043
2005-07-29,12.27,12.7,12.27,12.64,12.64,86595
2005-08-01,12.66,12.85,12.53,12.65,12.65,96452
2005-08-02,12.6,12.7,12.38,12.62,12.62,56969
2005-08-03,12.61,12.61,12.15,12.19,12.19,62097
2005-08-04,12.12,12.26,12.02,12.1,12.1,126614
2005-08-05,12.06,12.2,12.04,12.15,12.15,166197
2005-08-08,12.17,12.2,12.04,12.1,12.1,125118
2005-08-09,12.15,12.25,12.07,12.1,12.1,77202
2005-08-10,12.24,12.47,11.95,12.13,12.13,116614
2005-08-11,12.3,12.3,11.96,11.99,11.99,125729
2005-08-12,11.92,12.02,11.55,11.75,11.75,150077
2005-08-15,11.7,12.11,11.62,11.86,11.86,72821
2005-08-16,11.76,11.92,11.61,11.72,11.72,91444
2005-08-17,11.66,11.92,11.66,11.72,11.72,55369
2005-08-18,11.68,11.97,11.68,11.7,11.7,50467
2005-08-19,11.7,11.9,11.56,11.59,11.59,48790
2005-08-22,11.71,11.74,11.55,11.6,11.6,75234
2005-08-23,11.53,11.7,11.41,11.57,11.57,80787
2005-08-24,11.52,11.72,11.36,11.53,11.53,62787
2005-08-25,11.6,11.74,11.43,11.5,11.5,55582
2005-08-26,11.49,11.64,11.25,11.45,11.45,108041
2005-08-29,11.5,11.81,11.5,11.75,11.75,91271
2005-08-30,11.76,12.08,11.63,11.96,11.96,101325
2005-08-31,11.9,12.32,11.86,12.32,12.32,87605
2005-09-01,12.23,13,12.21,12.89,12.89,166726
2005-09-02,13,13.05,12.2,12.35,12.35,239062
2005-09-06,12.36,12.87,12.36,12.75,12.75,200308
2005-09-07,12.72,12.73,12.26,12.39,12.39,121632
2005-09-08,12.35,12.45,12.12,12.34,12.34,86546
2005-09-09,12.35,12.45,12.15,12.37,12.37,55928
2005-09-12,12.48,12.99,12.43,12.93,12.93,132312
2005-09-13,12.87,12.87,12.2,12.47,12.47,130087
2005-09-14,12.48,12.58,12.2,12.23,12.23,99754
2005-09-15,12.33,12.33,12.04,12.17,12.17,86739
2005-09-16,12.23,12.52,12.01,12.29,12.29,365851
2005-09-19,12.28,12.28,11.95,11.96,11.96,98776
2005-09-20,12,12.14,11.85,12.02,12.02,110740
2005-09-21,11.89,12.08,11.7,11.75,11.75,111224
2005-09-22,11.78,11.83,11.35,11.71,11.71,116112
2005-09-23,11.68,11.79,11.39,11.63,11.63,95523
2005-09-26,11.66,11.67,11.31,11.67,11.67,67112
2005-09-27,11.73,11.84,11.27,11.77,11.77,103649
2005-09-28,11.78,11.78,11.26,11.41,11.41,101282
2005-09-29,11.39,11.75,11.39,11.67,11.67,116187
2005-09-30,11.75,11.76,11.27,11.52,11.52,171180
2005-10-03,11.39,11.85,11.28,11.33,11.33,199749
2005-10-04,11.35,11.69,11.32,11.43,11.43,218639
2005-10-05,11.39,11.39,10.91,10.99,10.99,171244
2005-10-06,11.06,11.32,10.9,11.06,11.06,151344
2005-10-07,11.11,11.11,10.91,11.03,11.03,103952
2005-10-10,11,11.05,10.88,10.89,10.89,152552
2005-10-11,10.85,10.96,10.84,10.86,10.86,176479
2005-10-12,10.825,10.825,10.38,10.67,10.67,127609
2005-10-13,10.59,11.05,10.36,10.83,10.83,134683
2005-10-14,10.99,10.99,10.67,10.95,10.95,130922
2005-10-17,10.98,10.98,10.67,10.85,10.85,126218
2005-10-18,10.83,10.83,10.41,10.62,10.62,110041
2005-10-19,10.6,10.99,10.46,10.95,10.95,192945
2005-10-20,10.91,10.91,10.35,10.48,10.48,180366
2005-10-21,10.4,10.51,10.16,10.3,10.3,289145
2005-10-24,10.32,10.46,10,10.3,10.3,114640
2005-10-25,10.26,10.4,10,10.35,10.35,92822
2005-10-26,10.3,10.36,9.96,10.01,10.01,80732
2005-10-27,9.96,9.97,9.61,9.78,9.78,97866
2005-10-28,9.85,10.35,9.85,10.3,10.3,164827
2005-10-31,10.33,10.47,10.22,10.26,10.26,133369
2005-11-01,10.19,10.31,10.14,10.27,10.27,100544
2005-11-02,10.24,10.53,10.24,10.53,10.53,120718
2005-11-03,10.45,10.53,10.11,10.12,10.12,130347
2005-11-04,10.09,10.24,9.96,10.24,10.24,62301
2005-11-07,10.27,10.53,10.26,10.4,10.4,106860
2005-11-08,10.42,10.42,10.12,10.17,10.17,71512
2005-11-09,10.25,10.56,10.09,10.56,10.56,107185
2005-11-10,10.49,10.49,10.11,10.34,10.34,94582
2005-11-11,10.27,10.48,10.27,10.47,10.47,53332
2005-11-14,10.4,10.47,9.88,10.11,10.11,121131
2005-11-15,10.1,10.37,10.1,10.32,10.32,167053
2005-11-16,10.37,10.38,10.28,10.28,10.28,142424
2005-11-17,10.33,10.5,10.25,10.5,10.5,134883
2005-11-18,10.67,10.85,10.48,10.64,10.64,131748
2005-11-21,10.61,11.02,10.6,10.91,10.91,206746
2005-11-22,11,11.2,10.96,11.15,11.15,161623
2005-11-23,11.12,11.12,10.91,11.03,11.03,112381
2005-11-25,11.18,11.18,10.95,10.97,10.97,7861
2005-11-28,10.93,10.93,10.25,10.42,10.42,108963
2005-11-29,10.45,10.52,10.28,10.33,10.33,115893
2005-11-30,10.33,10.46,10.3075,10.44,10.44,159735
2005-12-01,10.41,10.76,10.41,10.75,10.75,197745
2005-12-02,10.7,10.7,10.45,10.59,10.59,110009
2005-12-05,10.51,10.62,10.41,10.51,10.51,125341
2005-12-06,10.6,10.6,10.35,10.5,10.5,71220
2005-12-07,10.52,10.52,10.258,10.26,10.26,177272
2005-12-08,10.18,10.39,9.73,10.05,10.05,141697
2005-12-09,10.13,10.45,10.11,10.23,10.23,161770
2005-12-12,10.33,10.42,10.1,10.23,10.23,181796
2005-12-13,10.17,10.17,9.58,9.85,9.85,249707
2005-12-14,9.87,10.09,9.85,9.91,9.91,91839
2005-12-15,9.99,9.99,9.6,9.68,9.68,134925
2005-12-16,9.65,9.8,9.58,9.66,9.66,444001
2005-12-19,9.66,9.6601,9.29,9.35,9.35,226716
2005-12-20,9.33,9.46,9.28,9.33,9.33,269715
2005-12-21,9.4,9.4,9.03,9.31,9.31,259584
2005-12-22,9.33,9.38,8.93,9.25,9.25,406462
2005-12-23,9.33,9.56,9.21,9.55,9.55,142597
2005-12-27,9.65,9.85,9.54,9.6,9.6,127928
2005-12-28,9.69,9.93,9.52,9.75,9.75,135005
2005-12-29,9.77,10.09,9.72,10.09,10.09,168790
2005-12-30,10.09,10.29,9.91,9.97,9.97,241146
2006-01-03,10.07,10.45,9.64,10.37,10.37,228414
2006-01-04,10.38,10.48,10.2601,10.47,10.47,129369
2006-01-05,10.4,10.75,10.29,10.57,10.57,155373
2006-01-06,10.72,10.87,10.5,10.67,10.67,84208
2006-01-09,10.72,10.89,10.66,10.74,10.74,105059
2006-01-10,10.64,10.87,10.53,10.83,10.83,152279
2006-01-11,10.91,10.95,10.56,10.93,10.93,130983
2006-01-12,10.83,11.17,10.83,11,11,178436
2006-01-13,10.91,11.19,10.88,11.15,11.15,73447
2006-01-17,11.09,11.11,10.56,10.67,10.67,207771
2006-01-18,10.6,11.25,10.57,11.21,11.21,143946
2006-01-19,11.45,11.53,11.16,11.18,11.18,148653
2006-01-20,11.26,11.26,10.68,10.84,10.84,151969
2006-01-23,10.89,11.4,10.68,11.37,11.37,190820
2006-01-24,11.36,11.51,11.19,11.51,11.51,176016
2006-01-25,11.54,11.56,11.42,11.52,11.52,106695
2006-01-26,11.5,12.2,11.49,12.19,12.19,161819
2006-01-27,12.17,12.17,11.91,12.08,12.08,134633
2006-01-30,11.96,12.2,11.9,12.06,12.06,139866
2006-01-31,12,12.34,11.92,12.3,12.3,140141
2006-02-01,12.23,12.3,11.82,11.9,11.9,125319
2006-02-02,11.92,12.06,11.6,11.93,11.93,157372
2006-02-03,11.9,11.9,11.54,11.57,11.57,119806
2006-02-06,11.61,11.62,11.13,11.62,11.62,89717
2006-02-07,11.56,11.81,11.25,11.26,11.26,71406
2006-02-08,11.32,11.48,11.15,11.35,11.35,77331
2006-02-09,11.44,11.79,11.32,11.36,11.36,76086
2006-02-10,11.31,11.42,10.99,11.35,11.35,58105
2006-02-13,11.27,11.4,10.77,11.01,11.01,117393
2006-02-14,11.07,11.49,10.96,11.45,11.45,94574
2006-02-15,11.49,11.77,11.24,11.64,11.64,77902
2006-02-16,11.64,11.99,11.59,11.9,11.9,81179
2006-02-17,11.97,11.97,11.45,11.74,11.74,90356
2006-02-21,11.73,11.84,11.44,11.5,11.5,100444
2006-02-22,11.49,11.83,11.41,11.7,11.7,70869
2006-02-23,11.72,12,11.56,12,12,169700
2006-02-24,11.98,12.05,11.85,12.05,12.05,143063
2006-02-27,12.05,12.52,12,12.37,12.37,173575
2006-02-28,12.38,12.38,12.04,12.27,12.27,153057
2006-03-01,12.28,12.41,12.22,12.35,12.35,71917
2006-03-02,12.37,12.58,12.28,12.52,12.52,160228
2006-03-03,12.48,12.72,12.31,12.38,12.38,108087
2006-03-06,12.35,12.36,11.32,11.39,11.39,245209
2006-03-07,11.37,11.43,11.01,11.1,11.1,149368
2006-03-08,11.1,11.23,10.69,10.7,10.7,120888
2006-03-09,10.62,10.74,10.34,10.51,10.51,220941
2006-03-10,10.59,10.83,10.4,10.74,10.74,179582
2006-03-13,10.8,11.05,10.71,10.76,10.76,152755
2006-03-14,10.77,11.13,10.69,10.86,10.86,142160
2006-03-15,10.83,11.08,10.73,10.97,10.97,110676
2006-03-16,10.99,11.1,10.85,10.86,10.86,139185
2006-03-17,10.92,11.15,10.83,10.9,10.9,383336
2006-03-20,10.89,11.15,10.89,11.03,11.03,105124
2006-03-21,11.05,11.08,10.49,10.59,10.59,155658
2006-03-22,10.52,10.89,10.3588,10.89,10.89,135188
2006-03-23,10.84,10.84,10.56,10.73,10.73,106833
2006-03-24,10.78,10.89,10.61,10.85,10.85,96748
2006-03-27,10.73,10.95,10.73,10.89,10.89,91079
2006-03-28,10.91,10.99,10.72,10.83,10.83,88971
2006-03-29,10.9,11.08,10.73,11.08,11.08,93666
2006-03-30,11.1,11.17,10.81,11.03,11.03,126608
2006-03-31,11.11,11.24,10.87,10.89,10.89,141564
2006-04-03,10.96,11.07,10.48,10.54,10.54,127375
2006-04-04,10.5,10.81,10.5,10.64,10.64,110106
2006-04-05,10.7,10.88,10.27,10.6,10.6,79902
2006-04-06,10.55,10.55,10.09,10.16,10.16,133828
2006-04-07,10.25,10.48,9.76,9.78,9.78,140028
2006-04-10,9.78,10.44,9.78,10.2,10.2,157266
2006-04-11,10.2,10.64,9.81,10.25,10.25,119903
2006-04-12,10.28,10.28,9.89,9.97,9.97,118884
2006-04-13,9.91,10.25,9.82,10,10,69687
2006-04-17,9.97,10.1,9.46,9.5,9.5,123937
2006-04-18,9.52,9.6,9.44,9.52,9.52,131214
2006-04-19,9.5,10.03,9.5,10.02,10.02,139292
2006-04-20,9.99,10.0828,9.74,9.95,9.95,45043
2006-04-21,9.91,10.04,9.71,9.81,9.81,198508
2006-04-24,9.76,10.12,9.7,9.76,9.76,126685
2006-04-25,9.75,9.91,9.6,9.84,9.84,90794
2006-04-26,9.89,10.13,9.69,10.01,10.01,94077
2006-04-27,9.96,10.23,9.58,10.07,10.07,137064
2006-04-28,9.98,10.06,9.61,9.8,9.8,177390
2006-05-01,9.82,10.11,9.0101,9.18,9.18,225240
2006-05-02,9.16,9.9,8.84,9.86,9.86,268242
2006-05-03,9.81,9.95,9.63,9.84,9.84,90383
2006-05-04,9.87,10.21,9.79,10.15,10.15,94808
2006-05-05,10.23,10.35,9.7,10.25,10.25,124022
2006-05-08,10.18,10.46,10.18,10.33,10.33,140566
2006-05-09,10.28,10.41,10.15,10.31,10.31,147382
2006-05-10,10.29,10.4,10.17,10.34,10.34,141464
2006-05-11,10.31,10.37,10.17,10.21,10.21,196935
2006-05-12,10.18,10.18,9.62,9.82,9.82,147005
2006-05-15,9.71,9.89,9.51,9.8,9.8,116537
2006-05-16,9.79,9.97,9.63,9.66,9.66,89677
2006-05-17,9.55,9.79,9.53,9.62,9.62,85724
2006-05-18,9.64,9.8,9.61,9.63,9.63,62692
2006-05-19,9.52,9.87,9.49,9.66,9.66,105163
2006-05-22,9.58,10.35,9.53,10.05,10.05,149583
2006-05-23,10.12,10.2,9.51,9.51,9.51,153315
2006-05-24,9.5,9.72,9.19,9.24,9.24,328265
2006-05-25,9.35,9.63,9.06,9.27,9.27,376334
2006-05-26,9.29,9.57,9.25,9.43,9.43,175988
2006-05-30,9.33,9.48,9.1,9.3,9.3,107435
2006-05-31,9.3,9.58,9.18,9.54,9.54,217406
2006-06-01,9.59,10.13,9.58,10.13,10.13,111636
2006-06-02,10.17,10.27,9.76,9.94,9.94,71841
2006-06-05,9.88,10.28,9.74,10.11,10.11,261551
2006-06-06,10.11,10.18,9.4,9.66,9.66,170478
2006-06-07,9.65,10,9.64,9.85,9.85,136586
2006-06-08,9.6844,9.99,9.67,9.95,9.95,127002
2006-06-09,10,10,9.6,9.75,9.75,92512
2006-06-12,9.75,9.75,9.26,9.26,9.26,120678
2006-06-13,9.24,9.42,9.05,9.06,9.06,93541
2006-06-14,9.08,9.35,8.92,9.12,9.12,113914
2006-06-15,9.21,9.48,9.01,9.35,9.35,108033
2006-06-16,9.36,9.44,9.15,9.22,9.22,620112
2006-06-19,9.23,9.24,9,9.01,9.01,89661
2006-06-20,9.02,9.13,8.86,9,9,118907
2006-06-21,8.99,9.39,8.99,9.37,9.37,86010
2006-06-22,9.3,9.48,9.24,9.45,9.45,87038
2006-06-23,9.47,9.49,9.21,9.32,9.32,113426
2006-06-26,9.36,9.56,9.25,9.44,9.44,106123
2006-06-27,9.49,9.55,8.888,8.92,8.92,162883
2006-06-28,8.98,9.03,8.71,9,9,199237
2006-06-29,9.07,10.22,9.07,10.22,10.22,219490
2006-06-30,10.23,10.7,9.95,10.51,10.51,903733
2006-07-03,10.56,10.63,10.33,10.56,10.56,61096
2006-07-05,10.4,10.4,10.01,10.03,10.03,237563
2006-07-06,10.1,10.48,10.03,10.34,10.34,197378
2006-07-07,10.24,10.4,9.8,9.8,9.8,145584
2006-07-10,9.8,10.25,9.74,9.93,9.93,95660
2006-07-11,9.83,10.35,9.74,10.28,10.28,134434
2006-07-12,10.24,10.24,9.67,9.7,9.7,87752
2006-07-13,9.5,9.5,8.87,8.89,8.89,288354
2006-07-14,8.94,9.76,7.75,7.97,7.97,676736
2006-07-17,8.01,8.14,7.6,7.6,7.6,199770
2006-07-18,7.69,7.86,7.25,7.44,7.44,212794
2006-07-19,7.42,8.03,7.42,7.61,7.61,227453
2006-07-20,7.66,7.7,7.34,7.34,7.34,158348
2006-07-21,7.46,7.66,7.41,7.61,7.61,201926
2006-07-24,7.69,8.27,7.69,8.27,8.27,185670
2006-07-25,8.27,8.43,7.95,8.07,8.07,186867
2006-07-26,8.01,8.09,7.92,7.97,7.97,280514
2006-07-27,8,8.03,7.92,7.93,7.93,299613
2006-07-28,8.01,8.19,7.88,8.1,8.1,138623
2006-07-31,8.07,8.21,7.95,8,8,143556
2006-08-01,7.91,8.15,7.91,7.96,7.96,105763
2006-08-02,7.94,8.14,7.84,7.94,7.94,275898
2006-08-03,7.85,7.97,7.83,7.88,7.88,698339
2006-08-04,8,8.01,7.66,7.88,7.88,206091
2006-08-07,7.9,7.9,7.55,7.64,7.64,127520
2006-08-08,7.71,8.14,7.71,7.79,7.79,206695
2006-08-09,7.89,8,7.67,7.7,7.7,116085
2006-08-10,7.64,7.81,7.54,7.61,7.61,144813
2006-08-11,7.56,7.86,7.5,7.6,7.6,131692
2006-08-14,7.7,7.96,7.69,7.73,7.73,126031
2006-08-15,7.89,8,7.72,7.74,7.74,152957
2006-08-16,7.81,7.85,7.61,7.63,7.63,161152
2006-08-17,7.59,7.8,7.48,7.65,7.65,435170
2006-08-18,7.69,7.85,7.58,7.62,7.62,600445
2006-08-21,7.61,7.9414,7.53,7.74,7.74,433543
2006-08-22,7.7,7.79,7.57,7.64,7.64,371333
2006-08-23,7.68,7.82,7.36,7.38,7.38,258792
2006-08-24,7.44,7.48,7.07,7.13,7.13,424845
2006-08-25,7.07,7.42,7.07,7.32,7.32,310187
2006-08-28,7.36,7.6,7.33,7.48,7.48,429040
2006-08-29,7.5,7.54,7.26,7.47,7.47,392020
2006-08-30,7.46,8.11,7.46,8.05,8.05,227748
2006-08-31,8.12,8.22,7.91,7.94,7.94,397862
2006-09-01,7.99,8.09,7.69,7.71,7.71,132797
2006-09-05,7.8,8.08,7.69,7.99,7.99,383485
2006-09-06,7.91,7.92,7.57,7.57,7.57,206062
2006-09-07,7.67,8.57,7.67,7.74,7.74,659805
2006-09-08,7.79,8,7.77,7.92,7.92,353078
2006-09-11,7.87,8.39,7.87,8.14,8.14,206445
2006-09-12,8.12,8.59,8.1,8.51,8.51,286759
2006-09-13,8.55,8.98,8.5,8.96,8.96,266113
2006-09-14,8.89,9.11,8.7,9.03,9.03,194899
2006-09-15,9.16,9.67,9.09,9.26,9.26,436869
2006-09-18,9.25,9.52,9.18,9.29,9.29,140635
2006-09-19,9.27,9.38,9.16,9.24,9.24,189642
2006-09-20,9.3,9.45,9.2,9.3,9.3,130468
2006-09-21,9.31,9.39,9.21,9.26,9.26,122453
2006-09-22,9.25,9.26,8.81,9.06,9.06,143797
2006-09-25,9.07,9.52,9.07,9.5,9.5,301087
2006-09-26,9.53,9.54,9.15,9.15,9.15,336853
2006-09-27,9.14,9.5,9.14,9.49,9.49,265182
2006-09-28,9.56,9.7,9.5,9.67,9.67,206855
2006-09-29,9.67,9.68,9.46,9.51,9.51,280504
2006-10-02,9.47,9.9,9.34,9.69,9.69,194031
2006-10-03,9.62,9.62,9.37,9.46,9.46,107069
2006-10-04,9.47,9.86,9.46,9.83,9.83,158887
2006-10-05,9.87,9.97,9.72,9.81,9.81,139525
2006-10-06,9.82,9.98,9.68,9.89,9.89,114417
2006-10-09,9.83,10,9.83,9.94,9.94,118690
2006-10-10,10,10,9.88,9.89,9.89,130914
2006-10-11,9.81,9.94,9.72,9.77,9.77,116856
2006-10-12,9.86,10.05,9.77,9.95,9.95,206409
2006-10-13,9.93,10.38,9.81,10.36,10.36,163985
2006-10-16,10.33,10.75,10.17,10.44,10.44,197474
2006-10-17,10.33,10.36,10.05,10.27,10.27,102033
2006-10-18,10.32,10.72,10.32,10.42,10.42,144884
2006-10-19,10.36,10.8,10.3,10.61,10.61,742978
2006-10-20,10.67,10.67,10.37,10.47,10.47,110252
2006-10-23,10.38,10.72,10.14,10.58,10.58,96141
2006-10-24,10.51,11.06,10.35,10.92,10.92,288086
2006-10-25,10.9,11.29,10.77,11.07,11.07,294499
2006-10-26,11.18,11.29,10.97,11.14,11.14,330728
2006-10-27,11.09,11.32,11.09,11.16,11.16,164287
2006-10-30,11.06,11.2,10.88,11.02,11.02,323711
2006-10-31,11.08,11.18,11.02,11.07,11.07,413097
2006-11-01,11.1,11.22,10.66,10.73,10.73,242699
2006-11-02,10.66,10.78,10.56,10.62,10.62,178139
2006-11-03,10.67,10.67,10.44,10.46,10.46,151712
2006-11-06,10.58,10.73,10.5,10.66,10.66,182996
2006-11-07,10.65,10.78,10.52,10.6,10.6,93132
2006-11-08,10.52,11.21,10.52,11.12,11.12,112337
2006-11-09,11.13,11.16,10.87,11.01,11.01,102844
2006-11-10,10.98,11.07,10.93,10.96,10.96,211132
2006-11-13,10.93,11.37,10.92,11.17,11.17,82225
2006-11-14,11.15,11.81,11.04,11.78,11.78,225674
2006-11-15,11.77,11.99,11.69,11.75,11.75,329589
2006-11-16,11.8,11.83,11.58,11.62,11.62,269958
2006-11-17,11.62,11.62,11.41,11.46,11.46,205152
2006-11-20,11.41,11.75,11.41,11.53,11.53,169725
2006-11-21,11.52,11.73,11.52,11.58,11.58,217854
2006-11-22,11.63,11.73,11.5,11.51,11.51,145417
2006-11-24,11.47,11.67,11.46,11.52,11.52,45995
2006-11-27,11.45,11.5,11.07,11.1,11.1,344530
2006-11-28,11.07,11.1344,10.93,11.03,11.03,162271
2006-11-29,11.16,11.43,11.15,11.29,11.29,190144
2006-11-30,11.26,11.42,11.21,11.25,11.25,363283
2006-12-01,11.22,11.273,10.95,11.11,11.11,179507
2006-12-04,11.11,11.5,11.03,11.28,11.28,304479
2006-12-05,11.37,11.61,11.26,11.35,11.35,140229
2006-12-06,11.25,11.51,11.2,11.45,11.45,113872
2006-12-07,11.5,11.6,11.17,11.37,11.37,151465
2006-12-08,11.38,11.38,10.62,10.84,10.84,284497
2006-12-11,10.81,11.18,10.77,11.17,11.17,209215
2006-12-12,11.2,11.24,10.93,11,11,199398
2006-12-13,11.09,11.13,10.93,10.99,10.99,100970
2006-12-14,10.96,11.33,10.94,11.24,11.24,122541
2006-12-15,11.32,11.41,11.12,11.22,11.22,311684
2006-12-18,11.23,11.3,10.76,10.78,10.78,88876
2006-12-19,10.75,10.85,10.58,10.68,10.68,79436
2006-12-20,10.72,10.95,10.62,10.78,10.78,114590
2006-12-21,10.81,11.02,10.66,10.82,10.82,70435
2006-12-22,10.84,10.99,10.65,10.65,10.65,48816
2006-12-26,10.68,11.15,10.62,11.09,11.09,123279
2006-12-27,11.14,11.3,11.04,11.22,11.22,226489
2006-12-28,11.19,11.32,11.05,11.15,11.15,124749
2006-12-29,11.09,11.18,10.8,10.83,10.83,331538
2007-01-03,10.94,11.09,10.83,10.97,10.97,186923
2007-01-04,10.97,11.08,10.82,10.99,10.99,167891
2007-01-05,10.95,10.98,10.47,10.49,10.49,232077
2007-01-08,10.5,11.22,10.5,11.11,11.11,143558
2007-01-09,11.13,11.29,10.96,11.21,11.21,258791
2007-01-10,11.12,11.12,10.95,11.07,11.07,272653
2007-01-11,11.07,11.3,11,11.21,11.21,186907
2007-01-12,11.17,11.33,11.17,11.24,11.24,191377
2007-01-16,11.3,11.3,11.17,11.28,11.28,114822
2007-01-17,11.21,11.26,11.02,11.14,11.14,91732
2007-01-18,11.11,11.18,10.75,10.82,10.82,128975
2007-01-19,10.78,11.08,10.69,10.93,10.93,89747
2007-01-22,10.89,10.99,10.51,10.68,10.68,104810
2007-01-23,10.67,10.8,10.55,10.72,10.72,151068
2007-01-24,10.73,11.01,10.63,10.98,10.98,139025
2007-01-25,11.04,11.13,10.9,11.03,11.03,169061
2007-01-26,11.03,11.12,10.81,11.01,11.01,84451
2007-01-29,11,11.2,10.86,11.03,11.03,109969
2007-01-30,11.08,11.14,10.9,11.11,11.11,82532
2007-01-31,11.07,11.09,10.71,11.01,11.01,161333
2007-02-01,11.05,11.42,10.91,11.38,11.38,144289
2007-02-02,11.39,11.39,11.05,11.05,11.05,72271
2007-02-05,11,11.15,10.89,11.09,11.09,113625
2007-02-06,11.15,11.18,11.01,11.15,11.15,72021
2007-02-07,11.15,11.38,11.04,11.3,11.3,219276
2007-02-08,11.31,11.5,11.2,11.39,11.39,137337
2007-02-09,11.37,11.47,11.1,11.38,11.38,117845
2007-02-12,11.37,11.38,11.08,11.32,11.32,98465
2007-02-13,11.32,11.361,11.05,11.19,11.19,89719
2007-02-14,11.17,11.42,11.16,11.32,11.32,76558
2007-02-15,11.29,11.4,11.22,11.22,11.22,129525
2007-02-16,11.22,11.32,11.1,11.2,11.2,81851
2007-02-20,11.16,11.75,11.1501,11.66,11.66,81870
2007-02-21,11.59,11.84,11.53,11.8,11.8,109922
2007-02-22,11.79,11.8599,11.46,11.78,11.78,145270
2007-02-23,11.74,11.74,11.39,11.49,11.49,133082
2007-02-26,11.5,11.75,11.23,11.4,11.4,247487
2007-02-27,11.27,11.27,10.95,10.95,10.95,141559
2007-02-28,10.9,11.02,10.66,10.81,10.81,272086
2007-03-01,10.54,10.87,10.5,10.62,10.62,121480
2007-03-02,11.9,13.4299,11.5,11.87,11.87,1008941
2007-03-05,11.8,13,11.59,12.4,12.4,1173057
2007-03-06,12.71,12.9,12.24,12.45,12.45,542406
2007-03-07,12.45,12.88,12.35,12.48,12.48,574354
2007-03-08,12.59,13,12.48,12.84,12.84,539870
2007-03-09,12.97,13.7499,12.7,13.45,13.45,460541
2007-03-12,13.51,13.95,13.28,13.5,13.5,783839
2007-03-13,13.45,13.77,12.93,13.01,13.01,941737
2007-03-14,13.06,14.05,12.82,14.05,14.05,644040
2007-03-15,14,14.46,13.87,14.25,14.25,442563
2007-03-16,14.24,14.24,13.78,13.86,13.86,541978
2007-03-19,13.99,14.22,13.91,14,14,382076
2007-03-20,14,14.4,13.88,14.19,14.19,458472
2007-03-21,14.24,14.69,13.95,14.65,14.65,363743
2007-03-22,14.74,14.96,14.37,14.91,14.91,743708
2007-03-23,14.83,15.11,14.31,14.32,14.32,571841
2007-03-26,14.46,15.92,14.43,15.4,15.4,729945
2007-03-27,15.4,15.4,14.9,14.98,14.98,526178
2007-03-28,14.89,15.21,14.67,14.78,14.78,644320
2007-03-29,14.84,15.1699,14.68,14.81,14.81,299604
2007-03-30,14.79,14.99,14.61,14.77,14.77,366066
2007-04-02,14.85,15.4,14.85,15.27,15.27,454469
2007-04-03,15.3,15.63,15.25,15.49,15.49,618938
2007-04-04,15.5,15.82,14.98,15.21,15.21,407221
2007-04-05,15.24,15.47,14.83,15.24,15.24,191427
2007-04-09,15.35,15.87,15.31,15.53,15.53,673969
2007-04-10,15.5,16,15.5,15.94,15.94,734547
2007-04-11,14.11,14.2,13.1,13.61,13.61,1297464
2007-04-12,13.45,14.02,13.4,14.02,14.02,495047
2007-04-13,13.96,14.35,13.83,14.21,14.21,443423
2007-04-16,14.27,14.64,14.19,14.61,14.61,577274
2007-04-17,14.78,15.06,14.62,14.96,14.96,430990
2007-04-18,14.94,15.5,14.82,15.11,15.11,615353
2007-04-19,15.06,15.06,14.48,14.58,14.58,298506
2007-04-20,14.77,15.34,14.63,15.13,15.13,483688
2007-04-23,15.13,15.28,15.01,15.18,15.18,298478
2007-04-24,15.25,15.3,14.75,14.97,14.97,342963
2007-04-25,14.97,16.04,14.86,15.62,15.62,570075
2007-04-26,15.63,15.8,15.23,15.68,15.68,589039
2007-04-27,15.7,15.82,15.25,15.77,15.77,394798
2007-04-30,15.7,15.98,15.06,15.08,15.08,747814
2007-05-01,15.12,15.43,15.05,15.32,15.32,400778
2007-05-02,15.35,15.78,15.24,15.45,15.45,366595
2007-05-03,15.01,15.62,15.01,15.41,15.41,415511
2007-05-04,15.47,15.58,14.99,15.29,15.29,281066
2007-05-07,15.24,15.25,14.85,15.13,15.13,141820
2007-05-08,15.02,15.23,14.67,15.08,15.08,235080
2007-05-09,14.95,15.25,14.94,15.08,15.08,344711
2007-05-10,15,15.08,14.53,14.64,14.64,306655
2007-05-11,14.95,15.47,14.72,15.25,15.25,336671
2007-05-14,15.21,15.33,14.59,14.68,14.68,376296
2007-05-15,14.71,15.25,14.36,14.38,14.38,345719
2007-05-16,14.45,14.95,14.3,14.94,14.94,300078
2007-05-17,14.97,15,14.4,14.67,14.67,217683
2007-05-18,14.74,15.09,14.5,14.88,14.88,272771
2007-05-21,14.92,15.49,14.77,15.38,15.38,289514
2007-05-22,15.44,15.63,15.3,15.43,15.43,255755
2007-05-23,15.43,15.62,15.15,15.25,15.25,229153
2007-05-24,15.2,15.36,14.4,14.58,14.58,284518
2007-05-25,14.69,15.03,14.34,14.99,14.99,270932
2007-05-29,14.95,15.28,14.94,15.26,15.26,167130
2007-05-30,15.19,15.94,15.02,15.66,15.66,363981
2007-05-31,15.65,15.65,14.8,15.08,15.08,387149
2007-06-01,15.29,15.98,15.29,15.94,15.94,539999
2007-06-04,15.94,16,15.3,15.62,15.62,216658
2007-06-05,15.63,16.3399,15.44,15.72,15.72,424422
2007-06-06,15.58,15.98,15.46,15.86,15.86,264115
2007-06-07,15.75,16.31,15.506,15.55,15.55,251794
2007-06-08,15.49,15.63,15.23,15.5,15.5,178898
2007-06-11,16.18,16.25,15.34,15.36,15.36,326399
2007-06-12,15.22,15.97,15.2,15.48,15.48,271027
2007-06-13,15.52,16.06,15.51,15.72,15.72,249219
2007-06-14,15.76,16.47,15.76,16.17,16.17,297815
2007-06-15,16.46,16.83,16.37,16.63,16.63,402355
2007-06-18,16.64,16.64,15.17,15.29,15.29,445220
2007-06-19,15.29,16.53,15.29,16.19,16.19,397335
2007-06-20,16.3,16.3,15.66,15.69,15.69,205193
2007-06-21,15.52,16,15.31,15.85,15.85,347403
2007-06-22,15.75,16.02,15.43,15.97,15.97,1937095
2007-06-25,15.94,16.84,15.7,15.97,15.97,428101
2007-06-26,16.1,16.56,16.08,16.27,16.27,498168
2007-06-27,16.17,16.3199,15.42,15.86,15.86,464263
2007-06-28,15.88,16.03,15.64,15.8,15.8,315280
2007-06-29,15.87,16.23,15.61,15.65,15.65,314935
2007-07-02,15.79,16.12,15.66,16.08,16.08,216016
2007-07-03,16.09,16.17,15.58,15.67,15.67,116083
2007-07-05,15.72,16.38,15.7,16.3,16.3,229335
2007-07-06,16.33,16.36,15.95,16.17,16.17,212407
2007-07-09,16.25,16.67,16.19,16.51,16.51,195140
2007-07-10,16.36,16.92,16.36,16.66,16.66,227992
2007-07-11,16.54,17.53,16.54,17.37,17.37,459957
2007-07-12,17.61,18.69,17.61,18.58,18.58,1048469
2007-07-13,18.7,18.74,17.31,17.41,17.41,626492
2007-07-16,17.41,17.76,16.65,16.73,16.73,605187
2007-07-17,16.8,18.34,16.8,18.0499,18.0499,672938
2007-07-18,18.03,18.11,17.56,17.9,17.9,400764
2007-07-19,18.22,18.7,17.96,18.55,18.55,365866
2007-07-20,18.5,18.59,17.666,17.86,17.86,402531
2007-07-23,17.94,18.38,17.91,18.09,18.09,504330
2007-07-24,17.78,18.9,17.51,17.98,17.98,601989
2007-07-25,18.15,18.7,17.55,17.94,17.94,423255
2007-07-26,17.64,17.8675,16.5701,17.21,17.21,700502
2007-07-27,16.93,17.17,16.24,16.26,16.26,380674
2007-07-30,16.28,16.84,15.94,16.7,16.7,270723
2007-07-31,16.92,17.0418,16.14,16.17,16.17,313673
2007-08-01,16.22,16.95,16.09,16.93,16.93,512427
2007-08-02,16.9,16.91,16.051,16.4,16.4,335048
2007-08-03,16.43,16.47,14.89,15,15,497667
2007-08-06,15.04,15.46,14.19,14.79,14.79,491287
2007-08-07,16.19,16.19,14.84,15.36,15.36,1204936
2007-08-08,15.36,15.46,10.27,13.03,13.03,4011606
2007-08-09,12.1,12.84,11.52,11.96,11.96,1994365
2007-08-10,11.64,15.46,11.57,14.41,14.41,1603204
2007-08-13,14.5,15.4,14.5,14.65,14.65,734388
2007-08-14,13.51,14.74,13.42,14.22,14.22,446412
2007-08-15,14.06,14.71,13.85,14.04,14.04,284476
2007-08-16,13.97,14.59,13.8,14.51,14.51,511888
2007-08-17,15,15,13.78,13.94,13.94,614988
2007-08-20,14.03,14.56,13.94,14.48,14.48,285618
2007-08-21,14.39,14.74,13.92,14.5,14.5,149467
2007-08-22,14.7,14.98,14.26,14.81,14.81,192757
2007-08-23,14.9,14.9,14.46,14.65,14.65,174682
2007-08-24,14.64,14.97,14.51,14.88,14.88,201696
2007-08-27,14.85,14.85,14.35,14.51,14.51,175902
2007-08-28,14.37,14.43,13.96,13.98,13.98,238778
2007-08-29,14.13,14.44,14.05,14.39,14.39,188110
2007-08-30,14.19,14.66,13.99,14.3,14.3,175452
2007-08-31,14.57,14.78,14.28,14.44,14.44,178190
2007-09-04,15,15.26,14.92,14.96,14.96,561171
2007-09-05,15,15.12,14.61,15,15,528924
2007-09-06,14.99,15.2,14.85,15.11,15.11,727812
2007-09-07,14.9,15.04,14.5,14.52,14.52,476219
2007-09-10,14.67,15,14.3,14.83,14.83,355449
2007-09-11,14.96,15.17,14.84,15.06,15.06,345926
2007-09-12,14.97,15.22,14.78,15.19,15.19,411016
2007-09-13,15.25,15.58,15.01,15.14,15.14,307414
2007-09-14,15.01,15.434,14.76,15.1,15.1,231652
2007-09-17,15.01,15.11,14.77,14.91,14.91,463321
2007-09-18,15.03,16.2,14.88,16.11,16.11,284985
2007-09-19,16.01,16.91,16.01,16.44,16.44,310909
2007-09-20,16.36,16.4,15.67,16.06,16.06,315727
2007-09-21,16.21,16.4,15.93,15.97,15.97,492003
2007-09-24,15.93,16.39,15.4,15.56,15.56,489360
2007-09-25,15.39,15.69,14.8,15.59,15.59,449136
2007-09-26,15.66,16.36,15.66,15.77,15.77,281557
2007-09-27,15.87,15.88,15.45,15.79,15.79,178793
2007-09-28,15.8,15.8,15.03,15.05,15.05,302215
2007-10-01,15.14,16.34,15.12,16,16,378823
2007-10-02,15.98,16.38,15.92,16.18,16.18,213087
2007-10-03,16.12,16.39,15.7,15.92,15.92,163930
2007-10-04,16,16.31,15.75,16.31,16.31,190421
2007-10-05,16.48,16.69,16.12,16.53,16.53,221662
2007-10-08,16.56,16.79,16.21,16.27,16.27,274892
2007-10-09,16.25,16.27,15.88,16.22,16.22,241515
2007-10-10,16.24,16.3,15.76,16.23,16.23,144262
2007-10-11,16.3,16.4,15.5,15.74,15.74,287859
2007-10-12,15.79,16.09,15.63,16,16,171826
2007-10-15,16.07,16.43,15.5601,15.79,15.79,331458
2007-10-16,15.78,16.18,15.33,15.81,15.81,393869
2007-10-17,15.81,16.23,15.25,15.59,15.59,122800
2007-10-18,15.53,15.53,14.37,14.56,14.56,268320
2007-10-19,14.62,14.85,13.69,13.8,13.8,273200
2007-10-22,13.64,14.22,12.6,14.19,14.19,253000
2007-10-23,14.7,14.71,14.19,14.71,14.71,226600
2007-10-24,14.6,14.6,13.22,13.6,13.6,203900
2007-10-25,13.69,14.14,13.15,13.24,13.24,231200
2007-10-26,13.4,13.65,13.06,13.57,13.57,229011
2007-10-29,13.63,13.69,11.92,12,12,383525
2007-10-30,12.05,12.78,12.05,12.32,12.32,340800
2007-10-31,12.62,12.86,12.31,12.54,12.54,253800
2007-11-01,12.3,13.29,11.84,12.62,12.62,442300
2007-11-02,12.9,13.02,12.14,12.83,12.83,203800
2007-11-05,11.3,12.98,11,12.36,12.36,241035
2007-11-06,12.17,12.94,12.17,12.87,12.87,152401
2007-11-07,12.47,12.98,12.23,12.44,12.44,183700
2007-11-08,12.75,12.85,12.22,12.78,12.78,207600
2007-11-09,12.58,12.63,11.935,12.4,12.4,200001
2007-11-12,12.37,13.07,12.35,12.8,12.8,202300
2007-11-13,12.89,12.92,12.45,12.83,12.83,203101
2007-11-14,12.96,12.96,12.5,12.61,12.61,232500
2007-11-15,12.1,12.97,12.1,12.57,12.57,307600
2007-11-16,12.89,12.89,12.15,12.26,12.26,294360
2007-11-19,12.39,12.55,11.96,11.96,11.96,219163
2007-11-20,12,12.69,11.82,12.09,12.09,186500
2007-11-21,12.22,12.52,11.9,11.94,11.94,142100
2007-11-23,12.2,12.51,11.89,12.18,12.18,73100
2007-11-26,12.17,12.6,11.39,11.4,11.4,259017
2007-11-27,11.46,12.21,11.46,12.17,12.17,200300
2007-11-28,12.28,12.88,12.17,12.69,12.69,187368
2007-11-29,12.69,13.06,12.34,12.35,12.35,147800
2007-11-30,12.6,12.6,11.92,12.05,12.05,295400
2007-12-03,12.07,12.07,11.8,11.84,11.84,160400
2007-12-04,11.71,11.71,10.92,11.05,11.05,289200
2007-12-05,11.26,11.67,11.06,11.42,11.42,224000
2007-12-06,13.14,15.84,12.61,14.6,14.6,1298112
2007-12-07,14.91,15.3799,14.65,14.98,14.98,335949
2007-12-10,14.99,15.6,14.69,15.23,15.23,321155
2007-12-11,15.36,16,15.18,15.35,15.35,435115
2007-12-12,15.65,15.89,15.19,15.52,15.52,272600
2007-12-13,15.49,15.53,15.04,15.5,15.5,207400
2007-12-14,15.48,15.77,14.74,14.75,14.75,237270
2007-12-17,14.46,15.44,14.33,14.84,14.84,217900
2007-12-18,15.21,15.36,14.19,14.82,14.82,283900
2007-12-19,14.65,16,14.59,15.13,15.13,355200
2007-12-20,15.26,15.92,14.95,15.89,15.89,284001
2007-12-21,15.9,16.2499,15.45,15.95,15.95,599800
2007-12-24,16.11,16.15,15.7401,15.8,15.8,105450
2007-12-26,15.56,16.94,15.56,16.8,16.8,303700
2007-12-27,16.8,16.8,15.7301,16,16,211500
2007-12-28,16.38,16.84,16.06,16.67,16.67,176300
2007-12-31,16.73,16.78,15.67,16.44,16.44,312900
2008-01-02,16.62,16.92,15.71,16,16,432570
2008-01-03,16,16.37,15.18,15.31,15.31,231500
2008-01-04,15,15.05,14.39,14.42,14.42,235200
2008-01-07,14.26,14.7,14.15,14.68,14.68,253200
2008-01-08,14.73,15,13.87,13.9,13.9,240200
2008-01-09,13.85,13.989,13.07,13.9,13.9,227476
2008-01-10,13.64,14.19,13.37,13.96,13.96,191500
2008-01-11,13.61,13.72,12.62,12.66,12.66,290835
2008-01-14,12.7,13.17,12.55,12.78,12.78,273500
2008-01-15,12.72,12.76,12.36,12.61,12.61,331376
2008-01-16,12.62,13.12,12.28,12.77,12.77,168276
2008-01-17,12.62,12.77,11.82,11.84,11.84,217484
2008-01-18,11.91,11.98,11.29,11.48,11.48,298806
2008-01-22,10.75,11.45,10.53,11.3,11.3,262300
2008-01-23,11,11.42,10.77,11.4,11.4,404900
2008-01-24,11.3,12.4,11.12,12.24,12.24,396328
2008-01-25,12.58,12.95,12.21,12.66,12.66,228700
2008-01-28,12.66,12.66,12.34,12.58,12.58,247500
2008-01-29,12.61,12.61,11.9,12.02,12.02,123300
2008-01-30,11.91,12.5,11.62,11.82,11.82,194834
2008-01-31,11.58,12.3,11.5,12.12,12.12,212418
2008-02-01,12.24,13.13,11.98,12.92,12.92,206315
2008-02-04,12.84,12.95,12.66,12.8,12.8,158700
2008-02-05,12.55,12.85,12.01,12.01,12.01,166047
2008-02-06,12.21,12.21,11.9,11.94,11.94,166277
2008-02-07,11.86,12.03,11.52,11.78,11.78,180782
2008-02-08,11.78,12.06,11.31,11.42,11.42,203400
2008-02-11,11.27,11.9,11.27,11.75,11.75,122200
2008-02-12,11.83,12.09,11.65,11.7,11.7,119738
2008-02-13,11.92,12.29,11.87,12.28,12.28,166730
2008-02-14,12.28,12.3,11.18,11.54,11.54,208550
2008-02-15,11.43,11.57,11,11.17,11.17,166037
2008-02-19,11.15,11.53,11.15,11.27,11.27,90420
2008-02-20,11.02,11.73,10.92,10.99,10.99,240639
2008-02-21,11.17,11.35,10.8,10.87,10.87,294917
2008-02-22,10.87,11,10.27,10.85,10.85,232590
2008-02-25,10.75,11.19,10.75,10.99,10.99,194606
2008-02-26,10.89,11.71,10.89,11.23,11.23,99700
2008-02-27,11.02,11.49,10.91,11.18,11.18,267275
2008-02-28,11.01,11.14,10.86,10.9,10.9,149900
2008-02-29,10.8,11.07,10.65,10.65,10.65,174100
2008-03-03,10.65,10.92,10.4,10.67,10.67,203030
2008-03-04,10.53,10.7,10.39,10.6,10.6,133300
2008-03-05,10.73,10.73,10.15,10.64,10.64,584300
2008-03-06,10.56,10.67,10.15,10.52,10.52,912900
2008-03-07,10.32,10.48,10.2,10.48,10.48,289993
2008-03-10,10.5,10.65,10.15,10.22,10.22,178400
2008-03-11,10.5,11.39,10.34,11.26,11.26,639468
2008-03-12,11.28,11.48,10.38,10.38,10.38,491207
2008-03-13,10.28,11.59,10.03,11.58,11.58,849161
2008-03-14,11.74,11.74,10.25,10.51,10.51,839901
2008-03-17,10.25,10.29,9.92,9.99,9.99,289300
2008-03-18,10.18,10.34,9.93,10.3,10.3,578721
2008-03-19,10.3,10.33,9.89,9.89,9.89,274548
2008-03-20,9.89,10.3,9.89,10.3,10.3,615067
2008-03-24,10.32,10.45,10.21,10.45,10.45,253737
2008-03-25,10.43,10.75,10.42,10.58,10.58,377019
2008-03-26,10.51,10.88,10.46,10.82,10.82,159384
2008-03-27,10.91,10.91,10.45,10.46,10.46,181916
2008-03-28,10.5,10.56,10.07,10.1,10.1,173000
2008-03-31,10.07,12.04,10.03,11.69,11.69,599607
2008-04-01,11.76,12.23,11.7,12.2,12.2,349847
2008-04-02,12.17,12.66,11.94,12.22,12.22,229900
2008-04-03,12.09,12.5,11.93,12.01,12.01,226300
2008-04-04,12.27,12.27,11.76,12.05,12.05,229800
2008-04-07,12.18,12.28,11.93,12.06,12.06,132827
2008-04-08,11.8,11.92,11.53,11.78,11.78,192900
2008-04-09,11.67,11.89,11.33,11.33,11.33,157879
2008-04-10,11.39,11.46,10.88,11.32,11.32,154300
2008-04-11,11.18,11.18,10.5,10.53,10.53,206559
2008-04-14,10.52,10.83,10.4775,10.58,10.58,126101
2008-04-15,10.58,11.68,10.51,11.4,11.4,352453
2008-04-16,11.38,11.64,10.97,11.61,11.61,181218
2008-04-17,11.52,11.56,11,11.04,11.04,128925
2008-04-18,11.3,11.73,11.1,11.44,11.44,124329
2008-04-21,11.31,11.31,10.95,11.1,11.1,190445
2008-04-22,11.03,11.036,10.43,10.64,10.64,271537
2008-04-23,10.69,10.97,10.41,10.78,10.78,120791
2008-04-24,10.81,11.25,10.67,11.25,11.25,190216
2008-04-25,11.32,11.32,10.87,11.06,11.06,114904
2008-04-28,10.97,11.18,10.94,11.16,11.16,149464
2008-04-29,11.06,11.64,10.95,11.39,11.39,341274
2008-04-30,11.4,11.4,10.7,10.84,10.84,202101
2008-05-01,10.85,11.53,10.84,11.28,11.28,166144
2008-05-02,11.38,11.43,11.1,11.29,11.29,178531
2008-05-05,11.18,11.4,11.18,11.37,11.37,159310
2008-05-06,11.32,11.47,11.16,11.16,11.16,287040
2008-05-07,11.21,11.35,11.1,11.15,11.15,154103
2008-05-08,11.2,11.23,10.8,10.88,10.88,116170
2008-05-09,10.92,11.07,10.85,10.93,10.93,113229
2008-05-12,11.02,11.19,10.89,11.15,11.15,122735
2008-05-13,11.14,11.29,10.98,11.29,11.29,104178
2008-05-14,11.28,11.56,11.28,11.32,11.32,115558
2008-05-15,11.3,11.57,11.06,11.48,11.48,102635
2008-05-16,11.55,11.7,11.33,11.65,11.65,131017
2008-05-19,11.54,11.87,11.31,11.41,11.41,213578
2008-05-20,11.38,11.82,11.35,11.8,11.8,141033
2008-05-21,11.9,12,11.33,11.46,11.46,180989
2008-05-22,11.48,12.04,11.41,11.77,11.77,154266
2008-05-23,11.74,11.85,11.4,11.64,11.64,140389
2008-05-27,11.63,12.13,11.58,12.07,12.07,96202
2008-05-28,12.15,12.18,11.63,11.81,11.81,110487
2008-05-29,11.76,11.94,11.63,11.74,11.74,180017
2008-05-30,11.79,11.79,11.37,11.44,11.44,204335
2008-06-02,11.53,11.7,11.33,11.67,11.67,203370
2008-06-03,11.75,11.85,11.55,11.57,11.57,146415
2008-06-04,11.6,11.91,11.6,11.7,11.7,163917
2008-06-05,11.75,12.35,11.72,12.35,12.35,127861
2008-06-06,12.25,12.36,11.87,11.89,11.89,141378
2008-06-09,11.89,11.99,11.65,11.84,11.84,104517
2008-06-10,11.73,12.09,11.65,11.94,11.94,105499
2008-06-11,11.89,12.03,11.78,11.79,11.79,117112
2008-06-12,11.85,12,11.65,11.65,11.65,148105
2008-06-13,11.67,12.35,11.67,12.35,12.35,86680
2008-06-16,12.35,12.35,11.79,12.02,12.02,121167
2008-06-17,12.04,12.14,11.95,12.09,12.09,90251
2008-06-18,12.08,12.29,11.89,12.02,12.02,148194
2008-06-19,12.02,12.51,11.8,12.51,12.51,154747
2008-06-20,12.42,12.5,11.78,11.99,11.99,313970
2008-06-23,12.11,12.22,11.79,11.84,11.84,84076
2008-06-24,11.83,11.83,10.79,10.79,10.79,260771
2008-06-25,10.81,11.14,10.71,10.97,10.97,117189
2008-06-26,10.85,10.85,10.38,10.7,10.7,178477
2008-06-27,10.75,10.78,10.18,10.48,10.48,522639
2008-06-30,10.58,10.76,10.31,10.45,10.45,203855
2008-07-01,10.35,10.57,10.04,10.46,10.46,187172
2008-07-02,10.47,10.53,10.01,10.23,10.23,191998
2008-07-03,10.31,10.43,10.01,10.29,10.29,87693
2008-07-07,10.28,10.33,9.79,10,10,175442
2008-07-08,10.04,10.54,9.86,10.48,10.48,150596
2008-07-09,10.46,10.46,9.85,9.85,9.85,115945
2008-07-10,9.87,10.39,9.85,10.14,10.14,220739
2008-07-11,10.06,10.43,9.76,10.1,10.1,263403
2008-07-14,10.22,10.31,9.69,10,10,201249
2008-07-15,9.86,10.35,9.64,10.01,10.01,226146
2008-07-16,10.06,10.4,9.5,10.29,10.29,413893
2008-07-17,10.57,11.98,10.57,11.6,11.6,331876
2008-07-18,11.48,11.63,10.76,11.03,11.03,245010
2008-07-21,11.24,11.46,10.89,11.35,11.35,176221
2008-07-22,11.29,12.35,11.09,12.18,12.18,275939
2008-07-23,12.19,12.5,12.12,12.28,12.28,177300
2008-07-24,12.42,12.5,11.87,11.96,11.96,162499
2008-07-25,12.19,12.44,11.54,12.07,12.07,163731
2008-07-28,11.99,11.99,11.34,11.43,11.43,182400
2008-07-29,11.43,12.29,11.03,12,12,196933
2008-07-30,12.11,12.29,11.45,11.74,11.74,142451
2008-07-31,11.48,11.78,11.19,11.19,11.19,209064
2008-08-01,11.25,11.86,10.95,11.54,11.54,127568
2008-08-04,11.56,11.9,11.27,11.63,11.63,180173
2008-08-05,11.86,12,11.69,11.92,11.92,199895
2008-08-06,11.85,12.03,11.5,11.91,11.91,153246
2008-08-07,11.79,12.04,11.76,11.84,11.84,223307
2008-08-08,11.88,12.41,11.86,12.31,12.31,209277
2008-08-11,12.28,13.22,12.105,12.88,12.88,285230
2008-08-12,12.82,12.9599,12.35,12.81,12.81,192259
2008-08-13,12.78,13.24,12.56,12.92,12.92,168941
2008-08-14,12.79,13.43,12.74,13.42,13.42,133792
2008-08-15,13.63,13.65,12.4288,12.6,12.6,303739
2008-08-18,12.74,13.17,12.64,12.74,12.74,145246
2008-08-19,12.74,12.96,12.61,12.7,12.7,79776
2008-08-20,12.75,13,12.49,12.6,12.6,134643
2008-08-21,12.49,12.69,12.31,12.48,12.48,129720
2008-08-22,12.58,12.815,12.41,12.43,12.43,128576
2008-08-25,12.36,12.75,12.1,12.23,12.23,182366
2008-08-26,12.29,12.64,12.2,12.59,12.59,221403
2008-08-27,12.37,12.55,12,12.5,12.5,234904
2008-08-28,12.41,12.525,11.28,11.36,11.36,439891
2008-08-29,11.34,11.4,10.916,10.99,10.99,204914
2008-09-02,11.28,11.65,10.72,11.23,11.23,265145
2008-09-03,11.23,11.74,11.04,11.58,11.58,286312
2008-09-04,11.43,11.58,11,11.1,11.1,207427
2008-09-05,11.05,11.305,10.92,11.01,11.01,171905
2008-09-08,11.55,11.64,11,11.26,11.26,218034
2008-09-09,11.26,11.26,10.78,10.8,10.8,239958
2008-09-10,11.09,11.2,10.86,11.14,11.14,276349
2008-09-11,10.57,11.01,10,10.23,10.23,414415
2008-09-12,10.19,10.37,9.83,10.07,10.07,513499
2008-09-15,9.99,10.15,9.51,9.84,9.84,291755
2008-09-16,9.63,9.72,9.08,9.43,9.43,345056
2008-09-17,9.12,9.22,8.49,8.63,8.63,313330
2008-09-18,8.9,9.27,8.05,8.94,8.94,724700
2008-09-19,9.04,9.7,9,9.44,9.44,709665
2008-09-22,9.44,9.77,9.19,9.39,9.39,322981
2008-09-23,9.42,9.52,9,9.01,9.01,253457
2008-09-24,9.05,9.05,8.7,8.81,8.81,237871
2008-09-25,8.9,9.2752,8.7,8.99,8.99,316043
2008-09-26,8.76,9.03,8.63,8.99,8.99,267132
2008-09-29,8.76,9.42,8.49,8.76,8.76,399151
2008-09-30,8.85,9.1,8.7201,8.94,8.94,302104
2008-10-01,8.5,9.12,8.5,8.74,8.74,202787
2008-10-02,8.69,8.87,8.13,8.21,8.21,240708
2008-10-03,8.47,8.72,8.3,8.35,8.35,318767
2008-10-06,8.24,8.97,7.96,8.83,8.83,566818
2008-10-07,8.93,9.17,7.67,7.71,7.71,424876
2008-10-08,7.5,8.38,7.33,7.78,7.78,461347
2008-10-09,7.86,8.05,6.77,6.8,6.8,520628
2008-10-10,6.36,7.27,6.23,7.01,7.01,684120
2008-10-13,7.36,7.94,7.11,7.71,7.71,365520
2008-10-14,8,8,7.24,7.51,7.51,289124
2008-10-15,7.42,7.61,6.65,6.65,6.65,176521
2008-10-16,6.72,7.29,6.59,7.17,7.17,326984
2008-10-17,6.87,7.07,6.53,6.9,6.9,364364
2008-10-20,7.18,7.25,6.79,7.25,7.25,271229
2008-10-21,7.17,7.31,6.96,7.2,7.2,287761
2008-10-22,7,7.3,6.81,6.87,6.87,166905
2008-10-23,6.97,7.22,6.77,7.06,7.06,322383
2008-10-24,6.46,6.92,6.37,6.56,6.56,241286
2008-10-27,6.47,6.58,6.11,6.13,6.13,232861
2008-10-28,6.3,6.91,6.14,6.87,6.87,366699
2008-10-29,6.95,7.38,6.86,7.04,7.04,371660
2008-10-30,7.3,7.36,6.92,7.13,7.13,368533
2008-10-31,7.12,7.73,7.12,7.59,7.59,369536
2008-11-03,7.58,7.8899,7.48,7.71,7.71,298193
2008-11-04,7.91,8.39,7.7,8.05,8.05,420145
2008-11-05,7.94,8.32,7.8,8.11,8.11,292098
2008-11-06,8.04,8.5,7.91,8.14,8.14,206222
2008-11-07,8.25,8.29,7.91,8.08,8.08,257139
2008-11-10,8.27,8.34,7.78,7.87,7.87,71799
2008-11-11,7.82,8.29,7.58,7.86,7.86,168237
2008-11-12,7.69,7.95,7.34,7.36,7.36,176927
2008-11-13,7.45,8.5,7.11,8.48,8.48,243996
2008-11-14,8.28,8.41,7.21,7.23,7.23,209142
2008-11-17,7.16,7.3,6.81,7.03,7.03,202953
2008-11-18,7.04,7.55,6.89,7.48,7.48,290916
2008-11-19,7.47,7.5,6.5,6.54,6.54,200180
2008-11-20,6.27,6.82,6.25,6.36,6.36,329859
2008-11-21,6.5,7.08,5.79,7.02,7.02,345181
2008-11-24,7.14,7.92,7.03,7.78,7.78,311493
2008-11-25,7.85,7.97,7.4,7.56,7.56,296208
2008-11-26,7.33,8.36,7.31,8.19,8.19,265493
2008-11-28,8.15,8.5,8.04,8.46,8.46,114491
2008-12-01,8.38,8.48,6.77,6.82,6.82,327649
2008-12-02,7.03,7.92,6.79,7.92,7.92,458237
2008-12-03,7.65,8.5,7.58,8.22,8.22,305864
2008-12-04,8.11,8.74,8,8.33,8.33,390218
2008-12-05,8.21,8.58,7.75,8.54,8.54,270881
2008-12-08,8.93,8.94,8.29,8.61,8.61,290306
2008-12-09,8.61,9.43,8.1,8.14,8.14,287571
2008-12-10,8.3,8.98,8.12,8.73,8.73,204296
2008-12-11,8.66,8.89,7.87,8.08,8.08,255009
2008-12-12,7.92,9.64,7.6101,9.62,9.62,392954
2008-12-15,9.66,9.66,7.87,8.09,8.09,357802
2008-12-16,8.09,8.23,7.62,7.76,7.76,559804
2008-12-17,7.57,7.83,7.43,7.64,7.64,364336
2008-12-18,7.66,7.7,7.18,7.39,7.39,246443
2008-12-19,7.68,8.06,7.06,7.86,7.86,564530
2008-12-22,7.79,7.79,7.09,7.5,7.5,237516
2008-12-23,7.48,7.57,6.82,7.19,7.19,363233
2008-12-24,7.23,7.67,7.23,7.56,7.56,80225
2008-12-26,7.61,7.69,7.2,7.36,7.36,113818
2008-12-29,7.29,7.36,6.1,6.3,6.3,424750
2008-12-30,6.37,6.53,6.13,6.45,6.45,309727
2008-12-31,6.49,7.04,6.35,6.74,6.74,574331
2009-01-02,6.76,7.01,6.58,6.95,6.95,322297
2009-01-05,7.01,7.08,6.75,6.79,6.79,464803
2009-01-06,6.88,7.43,6.78,7.36,7.36,220581
2009-01-07,7.21,7.21,6.74,6.94,6.94,277124
2009-01-08,7,7.09,6.65,7.09,7.09,213589
2009-01-09,7.02,7.07,6.35,6.39,6.39,206868
2009-01-12,6.4,6.44,6.01,6.05,6.05,211818
2009-01-13,6.06,6.06,5.89,5.93,5.93,206966
2009-01-14,5.8,6.08,5.71,5.85,5.85,287681
2009-01-15,5.85,5.96,5.41,5.89,5.89,148292
2009-01-16,5.92,5.96,5.38,5.93,5.93,311314
2009-01-20,5.97,5.97,5.01,5.02,5.02,350092
2009-01-21,5.09,5.21,4.89,5.05,5.05,401200
2009-01-22,4.94,5.4,4.7,4.73,4.73,386083
2009-01-23,4.58,5.03,4.45,4.7,4.7,409067
2009-01-26,4.73,4.82,4.65,4.75,4.75,383276
2009-01-27,4.79,4.98,4.73,4.73,4.73,291993
2009-01-28,4.85,5.07,4.78,5.06,5.06,371676
2009-01-29,4.92,5.06,4.75,4.75,4.75,300355
2009-01-30,4.82,4.93,4.6,4.62,4.62,241045
2009-02-02,4.55,4.96,4.51,4.92,4.92,265080
2009-02-03,4.99,5.16,4.82,4.97,4.97,476744
2009-02-04,4.9,5.34,4.89,5.15,5.15,290003
2009-02-05,5.08,5.37,4.97,5.28,5.28,266282
2009-02-06,5.26,5.69,5.25,5.62,5.62,195678
2009-02-09,5.59,5.73,5.16,5.29,5.29,152234
2009-02-10,5.26,5.38,4.79,4.79,4.79,234577
2009-02-11,4.85,5.07,4.77,4.77,4.77,216095
2009-02-12,4.75,5.29,4.7,5.25,5.25,215648
2009-02-13,5.12,5.27,4.64,4.77,4.77,161898
2009-02-17,4.54,4.72,4.42,4.44,4.44,235537
2009-02-18,4.48,4.58,4.31,4.37,4.37,182111
2009-02-19,4.35,4.46,4.24,4.24,4.24,142459
2009-02-20,4.16,4.24,4.1199,4.18,4.18,139907
2009-02-23,4.21,4.28,3.6,3.6,3.6,371530
2009-02-24,3.68,4.37,3.63,4.31,4.31,465801
2009-02-25,4.18,4.2,3.73,3.92,3.92,185611
2009-02-26,3.93,4.02,3.65,3.67,3.67,121716
2009-02-27,3.7,3.95,3.55,3.55,3.55,178416
2009-03-02,3.38,3.52,3.07,3.09,3.09,269384
2009-03-03,3.24,3.24,2.87,3.1,3.1,406467
2009-03-04,3.19,3.77,3.16,3.77,3.77,254817
2009-03-05,3.63,3.77,3.2503,3.44,3.44,297355
2009-03-06,3.49,3.5,3.15,3.37,3.37,195385
2009-03-09,3.31,3.61,3.1,3.11,3.11,164426
2009-03-10,3.2,3.75,3.18,3.59,3.59,173704
2009-03-11,3.59,3.63,3.33,3.43,3.43,173580
2009-03-12,2.74,3.32,2.71,3.26,3.26,355215
2009-03-13,3.25,3.28,2.59,2.76,2.76,323107
2009-03-16,2.8,2.88,2.7,2.72,2.72,210656
2009-03-17,2.75,3.25,2.75,3.18,3.18,307719
2009-03-18,3.21,3.35,3.1,3.24,3.24,319471
2009-03-19,3.31,3.7,3.31,3.56,3.56,228727
2009-03-20,3.61,3.89,3.6,3.65,3.65,272068
2009-03-23,3.9,4.1,3.73,4.1,4.1,249796
2009-03-24,4.11,4.12,3.85,3.89,3.89,159921
2009-03-25,3.95,4.2,3.72,4.05,4.05,159969
2009-03-26,4.12,4.46,4.05,4.33,4.33,249355
2009-03-27,4.15,4.3,4.11,4.13,4.13,100940
2009-03-30,4.01,4.01,3.32,3.6,3.6,243505
2009-03-31,3.65,3.77,3.45,3.58,3.58,220554
2009-04-01,3.51,4.05,3.4,3.96,3.96,134842
2009-04-02,4.03,4.65,3.96,4.65,4.65,238597
2009-04-03,4.61,4.61,4.28,4.58,4.58,204105
2009-04-06,4.6,4.68,4.25,4.65,4.65,209953
2009-04-07,4.62,4.62,4.26,4.33,4.33,178891
2009-04-08,4.39,4.52,4.26,4.51,4.51,107909
2009-04-09,4.64,5.1,4.55,5.09,5.09,264886
2009-04-13,4.95,5.02,4.53,4.82,4.82,228603
2009-04-14,4.75,4.94,4.56,4.67,4.67,227441
2009-04-15,4.58,4.94,4.52,4.91,4.91,103787
2009-04-16,4.95,5.6397,4.86,5.56,5.56,221119
2009-04-17,5.59,6.1,5.355,5.87,5.87,256363
2009-04-20,5.6,5.6,5.2,5.36,5.36,241072
2009-04-21,5.32,6.36,5.32,5.99,5.99,263497
2009-04-22,5.88,6.1,5.76,5.83,5.83,227561
2009-04-23,5.85,5.85,5.2,5.36,5.36,324244
2009-04-24,5.42,5.7,5.15,5.56,5.56,218543
2009-04-27,5.37,5.73,5.13,5.59,5.59,253676
2009-04-28,5.5,6.05,5.3732,5.96,5.96,291246
2009-04-29,6,6.35,5.89,6.09,6.09,202100
2009-04-30,6.13,6.43,5.86,6.02,6.02,298447
2009-05-01,6,6.2,5.79,6.2,6.2,226088
2009-05-04,6.12,6.58,5.96,6.54,6.54,217734
2009-05-05,6.47,7.08,6.36,7.08,7.08,272060
2009-05-06,7.15,7.25,6.05,6.13,6.13,195947
2009-05-07,6.22,6.26,5.42,5.64,5.64,192324
2009-05-08,5.69,6.11,5.44,6.02,6.02,154217
2009-05-11,6.01,6.01,5.5,5.72,5.72,93496
2009-05-12,5.74,5.74,5.31,5.55,5.55,159253
2009-05-13,5.41,5.66,5.28,5.49,5.49,303221
2009-05-14,5.54,6.14,5.54,5.82,5.82,238387
2009-05-15,5.8,5.99,5.5,5.66,5.66,128602
2009-05-18,5.7,6.13,5.7,6.09,6.09,99175
2009-05-19,6.09,6.09,5.62,5.67,5.67,121173
2009-05-20,5.71,5.86,5.4,5.43,5.43,216165
2009-05-21,5.41,5.63,5.32,5.59,5.59,153480
2009-05-22,5.62,5.69,5.4,5.42,5.42,116685
2009-05-26,5.35,6.15,5.35,6.14,6.14,136188
2009-05-27,6.1,6.23,5.74,5.75,5.75,102501
2009-05-28,5.82,6.07,5.35,5.77,5.77,81725
2009-05-29,5.8,6.1,5.58,5.84,5.84,185368
2009-06-01,6.02,6.69,5.92,6.48,6.48,159466
2009-06-02,6.48,6.61,6.25,6.47,6.47,155341
2009-06-03,6.41,6.73,6.17,6.71,6.71,127596
2009-06-04,6.74,7,6.59,6.97,6.97,89209
2009-06-05,7.04,7.04,6.77,6.83,6.83,120112
2009-06-08,6.71,7.28,6.61,6.92,6.92,93412
2009-06-09,6.95,7.21,6.83,6.97,6.97,89781
2009-06-10,7.03,7.07,6.37,6.68,6.68,159402
2009-06-11,6.7,7.35,6.61,6.62,6.62,179696
2009-06-12,6.57,6.92,6.43,6.71,6.71,102421
2009-06-15,6.6,6.81,6.17,6.38,6.38,189967
2009-06-16,6.49,6.84,6.33,6.65,6.65,162929
2009-06-17,6.65,6.78,6.41,6.73,6.73,87820
2009-06-18,6.68,6.78,6.4375,6.72,6.72,78380
2009-06-19,6.78,7.3,6.46,6.46,6.46,404145
2009-06-22,6.49,6.56,5.71,5.72,5.72,293000
2009-06-23,5.8,6.61,5.72,6.42,6.42,229254
2009-06-24,6.5,6.58,6.11,6.22,6.22,140186
2009-06-25,6.2,6.96,6.16,6.88,6.88,215837
2009-06-26,6.81,6.95,6.58,6.94,6.94,262224
2009-06-29,6.94,7.21,6.88,7.01,7.01,135576
2009-06-30,7.01,7.12,6.82,7.02,7.02,202463
2009-07-01,7.07,7.5,7.07,7.28,7.28,495625
2009-07-02,7.23,7.31,6.25,6.25,6.25,431879
2009-07-06,6.34,6.34,5.85,6.19,6.19,215860
2009-07-07,6.26,6.93,6.1,6.69,6.69,201621
2009-07-08,6.81,6.81,6.31,6.35,6.35,237282
2009-07-09,6.43,6.69,6.15,6.46,6.46,169644
2009-07-10,6.39,6.55,6.035,6.29,6.29,166954
2009-07-13,6.32,6.8,6.08,6.75,6.75,239746
2009-07-14,6.72,6.8,6.45,6.57,6.57,143423
2009-07-15,6.67,7.88,6.56,7.85,7.85,359102
2009-07-16,7.75,7.75,7.19,7.4,7.4,360110
2009-07-17,7.43,7.45,6.93,7,7,203407
2009-07-20,7.03,7.52,6.92,7.5,7.5,170862
2009-07-21,7.6,8.18,7.6,7.71,7.71,296377
2009-07-22,7.63,7.77,7.37,7.58,7.58,189855
2009-07-23,7.6,8.17,7.53,7.91,7.91,329823
2009-07-24,7.84,8.04,7.55,7.69,7.69,173485
2009-07-27,7.71,7.72,7.07,7.41,7.41,249119
2009-07-28,7.33,7.51,7.25,7.34,7.34,255225
2009-07-29,7.28,7.51,7.08,7.17,7.17,345947
2009-07-30,7.32,7.51,7.24,7.39,7.39,246216
2009-07-31,7.37,8.1199,7.37,7.58,7.58,423879
2009-08-03,7.65,8.03,7.46,8.02,8.02,279993
2009-08-04,7.96,8.24,7.86,8.21,8.21,288393
2009-08-05,8.23,8.23,7.56,7.68,7.68,291897
2009-08-06,7.74,7.85,7.45,7.56,7.56,257825
2009-08-07,7.74,8.36,7.68,8.05,8.05,378502
2009-08-10,8.05,8.32,7.9,8.11,8.11,250364
2009-08-11,8.07,8.21,7.93,8.06,8.06,172097
2009-08-12,8.1,8.63,8.1,8.44,8.44,161360
2009-08-13,8.54,8.92,8.37,8.56,8.56,149512
2009-08-14,8.57,8.6899,8,8.39,8.39,169363
2009-08-17,8.16,8.3,7.9,7.94,7.94,121445
2009-08-18,8.03,8.49,7.96,8.38,8.38,138777
2009-08-19,8.21,8.61,8.12,8.56,8.56,131895
2009-08-20,8.63,8.82,8.5,8.65,8.65,156402
2009-08-21,8.79,9,8.65,8.7,8.7,225370
2009-08-24,8.71,9,8.62,8.67,8.67,108043
2009-08-25,8.76,9.33,8.74,9.03,9.03,262235
2009-08-26,8.92,9.11,8.68,8.95,8.95,216387
2009-08-27,8.95,9.08,8.64,8.94,8.94,196895
2009-08-28,9.02,9.25,8.61,8.76,8.76,121459
2009-08-31,8.68,8.79,8.45,8.63,8.63,133524
2009-09-01,8.51,8.99,8.08,8.26,8.26,162259
2009-09-02,8.25,8.57,8.03,8.31,8.31,125001
2009-09-03,8.65,9.53,8.63,9.44,9.44,576605
2009-09-04,9.44,9.53,8.65,9.21,9.21,381225
2009-09-08,9.34,9.65,9.2,9.36,9.36,346822
2009-09-09,9.4,9.67,9.21,9.65,9.65,284127
2009-09-10,9.68,9.75,9.41,9.64,9.64,212840
2009-09-11,9.61,9.74,9.43,9.56,9.56,149244
2009-09-14,9.5,9.64,9.46,9.53,9.53,82184
2009-09-15,9.47,9.55,9.27,9.38,9.38,382893
2009-09-16,9.39,9.4757,8.98,9.15,9.15,127828
2009-09-17,9.16,9.24,9,9.05,9.05,115071
2009-09-18,9.11,9.11,8.62,8.8,8.8,349387
2009-09-21,8.71,8.95,8.6,8.72,8.72,118255
2009-09-22,8.81,8.94,8.69,8.83,8.83,121185
2009-09-23,8.88,9.12,8.75,8.85,8.85,248747
2009-09-24,8.86,9.1,8.55,8.64,8.64,152840
2009-09-25,8.58,8.82,8.53,8.63,8.63,115028
2009-09-28,8.66,9.1,8.66,8.91,8.91,174481
2009-09-29,8.89,9,8.74,8.76,8.76,121511
2009-09-30,8.79,8.9,8.36,8.67,8.67,196859
2009-10-01,8.64,8.75,8.18,8.24,8.24,188444
2009-10-02,8.15,8.2,7.82,7.85,7.85,276575
2009-10-05,7.9,8.62,7.77,8.51,8.51,185734
2009-10-06,8.57,8.89,8.31,8.65,8.65,126673
2009-10-07,8.62,8.78,8.4,8.55,8.55,85598
2009-10-08,8.67,9.12,8.61,9,9,282852
2009-10-09,9,9.32,9,9.16,9.16,153613
2009-10-12,9.27,9.4,8.89,8.97,8.97,85945
2009-10-13,8.98,8.99,8.65,8.78,8.78,75386
2009-10-14,8.95,9.36,8.635,9.31,9.31,256067
2009-10-15,9.24,9.25,9.08,9.14,9.14,193157
2009-10-16,9.11,9.11,8.35,8.37,8.37,183936
2009-10-19,8.46,8.69,8.4,8.57,8.57,92124
2009-10-20,8.56,8.69,8.15,8.35,8.35,148381
2009-10-21,8.29,8.65,7.97,8.02,8.02,158698
2009-10-22,8.02,8.14,7.77,8.1,8.1,91629
2009-10-23,8.12,8.12,7.63,7.75,7.75,271342
2009-10-26,7.79,8.09,7.74,7.94,7.94,177450
2009-10-27,8.01,8.2,7.95,8.05,8.05,195353
2009-10-28,8.05,8.05,7.52,7.62,7.62,287140
2009-10-29,7.71,7.89,7.56,7.76,7.76,304259
2009-10-30,7.7,7.76,6.92,7.25,7.25,257111
2009-11-02,7.35,7.48,7.01,7.19,7.19,195981
2009-11-03,7.07,7.29,6.99,7.23,7.23,147703
2009-11-04,7.33,7.46,7.06,7.12,7.12,144850
2009-11-05,7.25,7.63,7.233,7.61,7.61,197479
2009-11-06,7.48,7.83,7.48,7.79,7.79,181343
2009-11-09,7.92,8.13,7.79,7.88,7.88,141268
2009-11-10,7.85,7.88,7.505,7.76,7.76,183433
2009-11-11,7.89,7.94,7.6901,7.93,7.93,100600
2009-11-12,7.89,8.05,7.77,8.01,8.01,208265
2009-11-13,8.08,8.14,7.81,8.06,8.06,189049
2009-11-16,8.08,8.33,8.08,8.32,8.32,201362
2009-11-17,8.29,8.29,7.96,8.18,8.18,114125
2009-11-18,8.19,8.28,8.08,8.24,8.24,123476
2009-11-19,8.17,8.17,7.78,7.88,7.88,210347
2009-11-20,7.82,8.14,7.82,8.11,8.11,127606
2009-11-23,8.32,8.56,8.15,8.29,8.29,134794
2009-11-24,8.32,8.46,8.17,8.3,8.3,116264
2009-11-25,8.36,8.36,8.03,8.09,8.09,103401
2009-11-27,7.79,8.02,7.78,7.87,7.87,73658
2009-11-30,7.82,8,7.44,7.96,7.96,235099
2009-12-01,8.1,8.19,7.95,8.11,8.11,118135
2009-12-02,8.1,8.45,8.02,8.14,8.14,113697
2009-12-03,8.21,8.33,7.685,7.82,7.82,207261
2009-12-04,7.95,8.36,7.88,8.35,8.35,341031
2009-12-07,8.37,8.45,8.18,8.39,8.39,138213
2009-12-08,8.32,8.37,8.04,8.13,8.13,206247
2009-12-09,8.09,8.19,7.86,7.95,7.95,319475
2009-12-10,8.3,8.71,7.78,8.01,8.01,516284
2009-12-11,8.05,8.2,7.901,8.16,8.16,206019
2009-12-14,8.26,8.55,8.1,8.52,8.52,170427
2009-12-15,8.51,8.73,8.19,8.49,8.49,316864
2009-12-16,8.51,8.75,8.4,8.6,8.6,115035
2009-12-17,8.49,8.58,8.3,8.4,8.4,177921
2009-12-18,8.53,8.6,8.13,8.46,8.46,505347
2009-12-21,8.56,8.94,8.47,8.88,8.88,160425
2009-12-22,8.93,8.94,8.4,8.66,8.66,201262
2009-12-23,8.72,8.83,8.61,8.76,8.76,95621
2009-12-24,8.79,9,8.69,8.96,8.96,64051
2009-12-28,9,9,8.8,8.92,8.92,55588
2009-12-29,8.92,8.95,8.78,8.81,8.81,64600
2009-12-30,8.77,9.09,8.75,9.01,9.01,119992
2009-12-31,8.99,9.09,8.63,8.68,8.68,177365
2010-01-04,8.96,9.14,8.82,8.89,8.89,154570
2010-01-05,8.9,9.29,8.72,8.96,8.96,209851
2010-01-06,8.92,9.14,8.88,8.96,8.96,183552
2010-01-07,8.92,9.05,8.8,9.05,9.05,97875
2010-01-08,9.57,11.34,9.53,11.32,11.32,495170
2010-01-11,11.44,12.5,11.44,12.36,12.36,698449
2010-01-12,12.23,12.34,12.1,12.24,12.24,804835
2010-01-13,12.24,12.74,11.69,12.52,12.52,350006
2010-01-14,12.49,12.75,12.14,12.32,12.32,294855
2010-01-15,12.28,12.3699,11.7,11.99,11.99,462134
2010-01-19,12.07,12.18,11.64,12.03,12.03,248822
2010-01-20,11.83,11.94,11.44,11.9,11.9,310704
2010-01-21,11.91,12.1599,11.72,11.86,11.86,221579
2010-01-22,11.86,12.4,11.85,11.87,11.87,271188
2010-01-25,12.02,12.6,11.86,12.32,12.32,212077
2010-01-26,12.21,12.44,11.94,12.22,12.22,223314
2010-01-27,12.15,12.54,12.05,12.48,12.48,176373
2010-01-28,12.51,12.51,11.58,11.63,11.63,180435
2010-01-29,11.73,11.845,10.88,10.99,10.99,363506
2010-02-01,11.04,11.23,10.7,11.08,11.08,147444
2010-02-02,11.06,11.13,10.77,11.08,11.08,132174
2010-02-03,10.98,11.1,10.4,10.71,10.71,147744
2010-02-04,10.55,10.73,10.38,10.5,10.5,204815
2010-02-05,10.51,11.2899,10.42,11.19,11.19,249976
2010-02-08,11.2,11.27,10.54,10.55,10.55,197247
2010-02-09,10.73,10.95,10.21,10.95,10.95,260634
2010-02-10,10.91,11.46,10.72,11.4,11.4,270290
2010-02-11,11.38,12.14,11.166,12.11,12.11,283483
2010-02-12,11.95,12.96,11.78,12.81,12.81,353400
2010-02-16,13.17,13.17,12.65,13.13,13.13,257892
2010-02-17,13.15,13.22,12.76,13.11,13.11,262944
2010-02-18,13.05,14.32,12.89,13.97,13.97,345880
2010-02-19,13.71,14,13.38,13.59,13.59,499279
2010-02-22,13.69,13.69,13.28,13.42,13.42,133642
2010-02-23,13.34,13.34,12.51,12.67,12.67,309747
2010-02-24,12.67,13.19,12.66,12.75,12.75,139877
2010-02-25,12.48,12.93,12.31,12.93,12.93,138504
2010-02-26,12.97,13.15,12.33,12.44,12.44,202210
2010-03-01,12.57,13.04,12.31,12.99,12.99,195899
2010-03-02,13.07,13.195,12.77,13.01,13.01,276742
2010-03-03,12.98,13.16,12.82,13.01,13.01,307747
2010-03-04,13.09,13.09,11.44,11.52,11.52,399929
2010-03-05,11.6,11.6,10.68,10.85,10.85,690429
2010-03-08,10.78,10.85,9.87,10.03,10.03,1278288
2010-03-09,10.23,10.65,9.96,10.03,10.03,561361
2010-03-10,10.05,10.3,9.95,10.11,10.11,235427
2010-03-11,10,10.15,9.92,10.05,10.05,296083
2010-03-12,10.06,10.2,10,10.13,10.13,250226
2010-03-15,10.1,10.13,10,10.03,10.03,690213
2010-03-16,10.04,10.12,9.73,9.89,9.89,575142
2010-03-17,9.97,10.24,9.95,10.08,10.08,328607
2010-03-18,10.08,10.19,9.98,10.04,10.04,267353
2010-03-19,10.04,10.14,9.99,10,10,433089
2010-03-22,9.86,10.16,9.7,10.15,10.15,313625
2010-03-23,10.2,10.48,10.07,10.39,10.39,253328
2010-03-24,10.44,10.5,10.04,10.08,10.08,241566
2010-03-25,10.16,10.32,10.07,10.1,10.1,249599
2010-03-26,10.13,10.23,10.03,10.12,10.12,271293
2010-03-29,10.2,10.24,10.13,10.16,10.16,244631
2010-03-30,10.21,10.34,10.12,10.19,10.19,181078
2010-03-31,10.1,10.19,9.86,9.9,9.9,310507
2010-04-01,9.96,10.09,9.8,9.99,9.99,240589
2010-04-05,10.08,10.295,10,10.29,10.29,266445
2010-04-06,10.22,10.38,10.12,10.17,10.17,172449
2010-04-07,10.11,10.45,10.11,10.42,10.42,323549
2010-04-08,10.33,10.5,10.26,10.44,10.44,143573
2010-04-09,10.4,10.5,10.3,10.47,10.47,224896
2010-04-12,10.42,11.39,10.42,11.29,11.29,523313
2010-04-13,11.28,11.38,10.96,11.01,11.01,521431
2010-04-14,11.07,11.3,10.86,11.24,11.24,258348
2010-04-15,11.21,11.21,10.86,11.02,11.02,118975
2010-04-16,11,11.38,10.97,11.32,11.32,383369
2010-04-19,11.21,11.42,10.885,11.11,11.11,267213
2010-04-20,11.14,11.26,10.94,11.14,11.14,146794
2010-04-21,11.24,11.33,10.94,11.24,11.24,188530
2010-04-22,11.09,11.42,10.99,11.39,11.39,227325
2010-04-23,11.37,11.82,11.21,11.74,11.74,177439
2010-04-26,11.75,11.874,11.45,11.68,11.68,206111
2010-04-27,11.57,11.85,11.22,11.32,11.32,345710
2010-04-28,11.44,11.66,11.3,11.38,11.38,144413
2010-04-29,11.48,11.86,11.28,11.8,11.8,223148
2010-04-30,11.83,11.97,11.06,11.1,11.1,285636
2010-05-03,11.22,11.6,11.15,11.47,11.47,248599
2010-05-04,11.29,11.35,10.93,11.03,11.03,329450
2010-05-05,10.92,11.18,10.84,11,11,211287
2010-05-06,10.93,11.24,10.81,11.05,11.05,424372
2010-05-07,11.11,11.31,10.45,10.5,10.5,400566
2010-05-10,10.81,11.26,10.6825,11.08,11.08,233424
2010-05-11,10.89,11.49,10.87,11.31,11.31,147584
2010-05-12,11.38,11.78,11.18,11.69,11.69,128494
2010-05-13,11.66,11.75,11.37,11.72,11.72,213242
2010-05-14,11.6,11.64,11.05,11.32,11.32,139683
2010-05-17,11.44,11.63,10.75,11.06,11.06,249952
2010-05-18,11.24,11.44,10.845,10.88,10.88,180775
2010-05-19,10.85,11.01,10.22,10.74,10.74,200316
2010-05-20,10.41,10.41,9.9,9.98,9.98,224113
2010-05-21,9.77,10.34,9.74,10.18,10.18,170266
2010-05-24,10.13,10.22,9.84,9.85,9.85,156573
2010-05-25,9.53,9.91,9.31,9.87,9.87,151975
2010-05-26,9.94,10.24,9.8,9.84,9.84,188886
2010-05-27,10.15,10.62,10.02,10.57,10.57,154648
2010-05-28,10.5,10.77,9.895,10.15,10.15,194420
2010-06-01,10.04,10.23,9.81,9.96,9.96,182277
2010-06-02,10.01,10.305,9.98,10.27,10.27,142974
2010-06-03,10.27,10.76,10.27,10.68,10.68,137119
2010-06-04,10.43,10.62,10.09,10.11,10.11,301216
2010-06-07,10.16,10.16,9.82,9.86,9.86,201162
2010-06-08,9.94,9.96,9.57,9.78,9.78,180896
2010-06-09,9.95,10.1099,9.69,9.95,9.95,210441
2010-06-10,10.12,10.23,9.87,10.19,10.19,134478
2010-06-11,10.15,10.49,10.1,10.28,10.28,118582
2010-06-14,10.41,10.59,10.24,10.3,10.3,122254
2010-06-15,10.35,10.45,10.11,10.4,10.4,174482
2010-06-16,10.26,10.45,10.12,10.25,10.25,102749
2010-06-17,10.26,10.38,9.96,10.27,10.27,106041
2010-06-18,10.34,10.6,10.28,10.34,10.34,178777
2010-06-21,10.53,10.56,10.06,10.08,10.08,189372
2010-06-22,10.16,10.47,9.94,9.95,9.95,123541
2010-06-23,9.94,10.43,9.94,10.08,10.08,133366
2010-06-24,9.99,10.09,9.84,9.9,9.9,139057
2010-06-25,9.99,10.17,9.81,9.98,9.98,635740
2010-06-28,10.05,10.155,9.76,10.02,10.02,97563
2010-06-29,9.8,9.86,9.58,9.78,9.78,245570
2010-06-30,9.79,9.99,9.67,9.74,9.74,175283
2010-07-01,10.18,10.85,9.74,9.96,9.96,323138
2010-07-02,10.04,10.55,9.89,10.39,10.39,195979
2010-07-06,10.52,10.67,9.83,10,10,252214
2010-07-07,10.02,10.2,9.76,10.15,10.15,302925
2010-07-08,10.27,10.49,9.97,10.48,10.48,137368
2010-07-09,10.48,10.71,10.27,10.6,10.6,157401
2010-07-12,10.58,10.63,9.9,10.06,10.06,175615
2010-07-13,10.23,10.57,10.06,10.55,10.55,210555
2010-07-14,10.44,10.48,10.28,10.35,10.35,124908
2010-07-15,10.4,10.46,10.09,10.21,10.21,82720
2010-07-16,10.09,10.26,9.99,10,10,210273
2010-07-19,10.02,10.21,9.83,10.16,10.16,87228
2010-07-20,9.99,10.24,9.8,10.1,10.1,228252
2010-07-21,10.23,10.34,9.75,9.94,9.94,284240
2010-07-22,10.13,10.54,10,10.33,10.33,254521
2010-07-23,10.27,10.58,10.24,10.54,10.54,436449
2010-07-26,10.55,11.17,10.38,11.13,11.13,279101
2010-07-27,11.32,11.32,10.76,10.87,10.87,220878
2010-07-28,10.81,11.13,10.78,10.91,10.91,185264
2010-07-29,10.99,11.07,10.5019,10.85,10.85,124597
2010-07-30,10.66,10.91,10.47,10.68,10.68,87021
2010-08-02,10.9,10.98,10.66,10.88,10.88,149780
2010-08-03,10.84,11.01,10.69,10.75,10.75,141298
2010-08-04,10.8,10.89,10.61,10.7,10.7,111280
2010-08-05,10.68,10.79,10.56,10.6,10.6,79120
2010-08-06,10.52,10.689,10.1,10.25,10.25,176400
2010-08-09,10.36,10.5,10.2,10.42,10.42,161389
2010-08-10,10.26,10.31,9.73,9.95,9.95,164440
2010-08-11,9.76,9.91,9.57,9.75,9.75,260396
2010-08-12,9.54,9.8,9.5,9.73,9.73,175789
2010-08-13,9.66,9.74,9.43,9.49,9.49,205550
2010-08-16,9.45,9.76,9.4,9.54,9.54,104919
2010-08-17,9.66,10.01,9.6,9.86,9.86,151481
2010-08-18,9.87,10.15,9.7,10,10,196428
2010-08-19,9.94,9.94,9.3,9.35,9.35,165193
2010-08-20,9.32,9.59,9.2,9.56,9.56,191792
2010-08-23,9.65,9.82,9.23,9.23,9.23,181376
2010-08-24,9.08,9.34,8.87,9.15,9.15,186911
2010-08-25,9.09,9.46,9.01,9.4,9.4,122432
2010-08-26,9.43,9.6,9.04,9.09,9.09,128394
2010-08-27,9.21,9.5191,9.06,9.49,9.49,121262
2010-08-30,9.41,9.45,9.16,9.21,9.21,163026
2010-08-31,9.17,9.34,8.791,8.93,8.93,342580
2010-09-01,9.09,9.43,8.97,9.42,9.42,247902
2010-09-02,9.15,9.15,7.85,8.13,8.13,1128770
2010-09-03,8.25,8.7904,8.17,8.55,8.55,590548
2010-09-07,8.54,8.54,8.19,8.3,8.3,410534
2010-09-08,8.31,8.59,8.3,8.48,8.48,310614
2010-09-09,8.58,8.59,8.21,8.27,8.27,277181
2010-09-10,8.3,8.36,8.15,8.18,8.18,269268
2010-09-13,8.39,8.58,8.34,8.45,8.45,443457
2010-09-14,8.4,8.51,8.22,8.51,8.51,596189
2010-09-15,8.48,8.76,8.39,8.66,8.66,153404
2010-09-16,8.63,8.68,8.5,8.6,8.6,90361
2010-09-17,8.7,8.79,8.48,8.71,8.71,249695
2010-09-20,8.71,9.05,8.69,8.88,8.88,214323
2010-09-21,8.91,8.99,8.8,8.8,8.8,377032
2010-09-22,8.78,8.85,8.65,8.8,8.8,161980
2010-09-23,8.72,8.93,8.64,8.76,8.76,190640
2010-09-24,8.91,9.26,8.87,9.25,9.25,162617
2010-09-27,9.23,9.27,9,9.03,9.03,237223
2010-09-28,9.04,9.35,8.96,9.31,9.31,224314
2010-09-29,9.24,9.47,9.2,9.42,9.42,101320
2010-09-30,9.52,9.52,9.06,9.08,9.08,230649
2010-10-01,9.19,9.19,8.94,9.07,9.07,108573
2010-10-04,9.01,9.07,8.86,9,9,204275
2010-10-05,9.14,9.56,9,9.55,9.55,221893
2010-10-06,9.56,9.69,9.405,9.49,9.49,158906
2010-10-07,9.55,9.62,9.26,9.31,9.31,116965
2010-10-08,9.3,9.32,9.07,9.25,9.25,139465
2010-10-11,9.24,9.34,9.14,9.18,9.18,77213
2010-10-12,9.17,9.18,8.995,9.07,9.07,174959
2010-10-13,9.09,9.18,9.03,9.04,9.04,208899
2010-10-14,9.05,9.26,9.04,9.24,9.24,118489
2010-10-15,9.37,9.43,9.16,9.22,9.22,167273
2010-10-18,9.27,9.34,9.21,9.3,9.3,112449
2010-10-19,9.14,9.35,9.05,9.17,9.17,193870
2010-10-20,9.23,9.35,9.2,9.27,9.27,177991
2010-10-21,9.35,9.45,8.991,9.22,9.22,170209
2010-10-22,9.23,9.36,9.15,9.26,9.26,217967
2010-10-25,9.33,9.4,9.18,9.26,9.26,156316
2010-10-26,9.17,9.3,9.03,9.25,9.25,138024
2010-10-27,9.16,9.28,9.02,9.2,9.2,147769
2010-10-28,9.3,9.3,9.07,9.15,9.15,147686
2010-10-29,9.1,9.32,9.06,9.29,9.29,109957
2010-11-01,9.32,9.46,9.1,9.15,9.15,198413
2010-11-02,9.29,9.41,9.19,9.41,9.41,96312
2010-11-03,9.4,9.48,9.28,9.46,9.46,71624
2010-11-04,9.65,10.05,9.62,10.03,10.03,139765
2010-11-05,9.99,10.08,9.74,9.88,9.88,85484
2010-11-08,9.83,9.93,9.65,9.7,9.7,77599
2010-11-09,9.7,9.9,9.54,9.61,9.61,136058
2010-11-10,9.59,10.0001,9.5,9.98,9.98,154506
2010-11-11,9.84,9.96,9.8,9.91,9.91,95637
2010-11-12,9.78,9.9,9.63,9.64,9.64,116320
2010-11-15,10.41,10.79,9.98,10.05,10.05,240868
2010-11-16,10,10.06,9.651,10.04,10.04,239849
2010-11-17,10.07,10.35,9.975,10.34,10.34,249566
2010-11-18,10.44,10.76,10.44,10.57,10.57,157866
2010-11-19,10.48,10.63,10.27,10.32,10.32,118142
2010-11-22,10.24,10.36,10.05,10.26,10.26,90953
2010-11-23,10.12,10.1999,9.86,9.9,9.9,206047
2010-11-24,10.03,10.36,10.03,10.35,10.35,121649
2010-11-26,10.27,10.47,10.17,10.46,10.46,67009
2010-11-29,10.36,10.42,10.03,10.4,10.4,99848
2010-11-30,10.26,10.4,10.14,10.21,10.21,184333
2010-12-01,10.38,10.62,10.33,10.56,10.56,164238
2010-12-02,10.6,10.75,10.48,10.71,10.71,73480
2010-12-03,10.68,11.04,10.67,11.01,11.01,103357
2010-12-06,10.98,11.22,10.88,11.17,11.17,77401
2010-12-07,11.31,11.58,11.24,11.48,11.48,169637
2010-12-08,11.52,11.84,11.45,11.79,11.79,150969
2010-12-09,12.02,13.26,11.9,12.98,12.98,644728
2010-12-10,12.98,13.17,12.57,13.04,13.04,221588
2010-12-13,13.1,13.32,12.91,13.01,13.01,171826
2010-12-14,13.01,13.21,12.85,12.92,12.92,103554
2010-12-15,12.86,13.37,12.8,13.01,13.01,141544
2010-12-16,13,13.39,12.8415,13.31,13.31,105911
2010-12-17,13.28,13.32,12.99,13.25,13.25,417300
2010-12-20,13.33,13.63,13.11,13.4,13.4,81131
2010-12-21,13.49,13.72,13.44,13.5,13.5,95498
2010-12-22,13.5,13.5,13.2,13.33,13.33,73630
2010-12-23,13.3,13.46,13.27,13.4,13.4,43870
2010-12-27,13.34,13.59,13.21,13.55,13.55,46727
2010-12-28,13.54,13.73,13.18,13.46,13.46,87373
2010-12-29,13.52,13.52,13.33,13.41,13.41,59345
2010-12-30,13.38,13.43,13.07,13.13,13.13,86345
2010-12-31,13.08,13.25,12.84,12.97,12.97,115478
2011-01-03,13.14,13.7,13.12,13.56,13.56,150353
2011-01-04,13.58,13.58,12.811,13.04,13.04,177471
2011-01-05,13.01,13.1,12.81,12.95,12.95,145345
2011-01-06,12.93,12.93,12.65,12.67,12.67,128388
2011-01-07,12.72,12.89,12.37,12.55,12.55,124140
2011-01-10,12.47,12.71,12.415,12.63,12.63,92974
2011-01-11,12.66,12.72,12.41,12.49,12.49,82423
2011-01-12,12.57,12.57,12.15,12.37,12.37,147855
2011-01-13,12.39,12.7647,12.38,12.66,12.66,91836
2011-01-14,12.68,12.94,12.6,12.75,12.75,202689
2011-01-18,12.64,12.76,12.54,12.67,12.67,80859
2011-01-19,12.62,12.67,12,12.06,12.06,98828
2011-01-20,11.94,11.94,11.4901,11.69,11.69,112928
2011-01-21,11.75,11.9,11.6,11.78,11.78,126739
2011-01-24,11.76,12.32,11.66,12.11,12.11,81347
2011-01-25,12,12,11.68,11.84,11.84,127171
2011-01-26,11.88,12.49,11.83,12.43,12.43,106900
2011-01-27,12.43,12.67,12.23,12.4,12.4,87072
2011-01-28,12.35,12.36,11.72,11.73,11.73,138580
2011-01-31,11.79,11.96,11.57,11.82,11.82,136162
2011-02-01,11.92,12.18,11.69,12.11,12.11,93509
2011-02-02,12.04,12.2,11.83,11.87,11.87,63978
2011-02-03,11.82,11.89,11.5,11.64,11.64,131934
2011-02-04,11.65,11.72,11.54,11.64,11.64,82700
2011-02-07,11.62,11.91,11.6,11.83,11.83,84131
2011-02-08,11.81,12.02,11.74,12.02,12.02,132992
2011-02-09,11.96,12.17,11.87,12.07,12.07,95831
2011-02-10,12,12.2,11.95,12.11,12.11,130859
2011-02-11,12.04,12.38,11.93,12.3,12.3,72159
2011-02-14,12.27,12.37,12.18,12.34,12.34,59228
2011-02-15,12.28,12.43,12.2,12.22,12.22,180519
2011-02-16,12.24,12.32,12.05,12.28,12.28,59688
2011-02-17,12.25,12.31,12.19,12.24,12.24,92108
2011-02-18,12.26,12.32,12.2,12.3,12.3,79056
2011-02-22,12.12,12.34,11.98,12,12,136804
2011-02-23,12.02,12.03,11.34,11.38,11.38,148613
2011-02-24,11.38,11.62,11.26,11.53,11.53,120765
2011-02-25,11.58,11.89,11.54,11.85,11.85,76124
2011-02-28,11.98,11.98,11.51,11.7,11.7,107376
2011-03-01,11.73,11.94,11.38,11.41,11.41,130929
2011-03-02,11.38,11.69,11.32,11.65,11.65,105757
2011-03-03,12.04,12.74,12.01,12.56,12.56,300513
2011-03-04,12.51,12.71,12.43,12.71,12.71,196251
2011-03-07,12.73,12.73,11.81,12.23,12.23,196570
2011-03-08,12.25,12.64,12.18,12.36,12.36,147284
2011-03-09,12.31,12.41,12.05,12.17,12.17,81299
2011-03-10,11.94,11.95,11.5,11.71,11.71,129990
2011-03-11,11.58,11.9,11.45,11.72,11.72,84381
2011-03-14,11.6,11.96,11.59,11.76,11.76,62163
2011-03-15,11.59,11.88,11.56,11.77,11.77,126762
2011-03-16,11.71,11.75,11.42,11.53,11.53,133213
2011-03-17,11.74,11.74,11.47,11.5,11.5,93697
2011-03-18,11.62,11.93,11.53,11.89,11.89,197544
2011-03-21,12.05,12.34,12.05,12.21,12.21,73346
2011-03-22,12.24,12.34,12.01,12.05,12.05,51893
2011-03-23,12.04,12.05,11.69,11.94,11.94,106438
2011-03-24,11.99,12.02,11.81,11.82,11.82,57444
2011-03-25,11.9,12.17,11.83,12.02,12.02,61119
2011-03-28,12.05,12.12,11.98,12.01,12.01,44098
2011-03-29,11.99,12.07,11.83,11.96,11.96,80012
2011-03-30,11.96,12.04,11.88,12.02,12.02,70859
2011-03-31,11.96,12.08,11.95,12.08,12.08,94645
2011-04-01,12.12,12.12,11.95,12.06,12.06,110047
2011-04-04,12.08,12.26,12,12.2,12.2,175039
2011-04-05,12.14,12.39,12.06,12.37,12.37,93464
2011-04-06,12.51,12.59,12.36,12.5,12.5,104624
2011-04-07,12.49,12.55,12.29,12.37,12.37,176608
2011-04-08,12.47,12.51,12.2,12.23,12.23,114404
2011-04-11,12.28,12.34,11.89,12.06,12.06,97565
2011-04-12,11.93,11.93,11.45,11.46,11.46,103129
2011-04-13,11.5,11.68,11.33,11.59,11.59,92382
2011-04-14,11.5,11.76,11.45,11.7,11.7,51695
2011-04-15,11.67,11.77,11.54,11.72,11.72,105665
2011-04-18,11.57,11.77,11.56,11.76,11.76,141534
2011-04-19,11.78,11.83,11.68,11.71,11.71,75984
2011-04-20,11.96,12.09,11.8,11.95,11.95,63734
2011-04-21,12.07,12.07,11.82,12.04,12.04,53228
2011-04-25,11.98,11.98,11.88,11.91,11.91,34667
2011-04-26,11.93,12.34,11.91,12.13,12.13,122518
2011-04-27,12.12,12.2,12.06,12.15,12.15,42910
2011-04-28,12.14,12.37,12.12,12.37,12.37,63184
2011-04-29,12.38,12.5,12.22,12.36,12.36,78328
2011-05-02,12.45,12.57,12.16,12.26,12.26,95305
2011-05-03,12.21,12.31,11.93,12.11,12.11,91936
2011-05-04,12.13,12.13,11.7,11.73,11.73,89835
2011-05-05,11.67,11.92,11.58,11.62,11.62,71449
2011-05-06,11.81,11.85,11.65,11.78,11.78,80259
2011-05-09,11.73,11.83,11.7,11.83,11.83,48650
2011-05-10,11.95,12.14,11.45,12.14,12.14,98652
2011-05-11,12.05,12.11,11.87,12,12,201221
2011-05-12,11.95,12.295,11.91,12.26,12.26,81898
2011-05-13,12.23,12.23,11.99,12,12,127709
2011-05-16,11.95,12.07,11.9,11.9,11.9,144386
2011-05-17,11.8,11.8,11.46,11.65,11.65,90745
2011-05-18,11.7,12.06,11.59,11.95,11.95,82195
2011-05-19,12.05,12.05,11.72,11.99,11.99,89889
2011-05-20,11.92,11.92,11.6,11.69,11.69,95953
2011-05-23,11.47,11.47,11.332,11.4,11.4,89741
2011-05-24,11.43,11.4601,11.1,11.16,11.16,105362
2011-05-25,11.09,11.48,11.06,11.44,11.44,53654
2011-05-26,11.42,11.78,11.37,11.77,11.77,45643
2011-05-27,11.83,11.83,11.62,11.71,11.71,33021
2011-05-31,11.9,12.05,11.7799,11.96,11.96,257630
2011-06-01,11.95,12.04,11.1,11.11,11.11,113757
2011-06-02,11.15,11.32,11.12,11.3,11.3,64855
2011-06-03,11.05,11.16,10.74,10.76,10.76,83952
2011-06-06,10.77,10.86,10.52,10.55,10.55,91945
2011-06-07,10.67,10.78,10.56,10.57,10.57,58401
2011-06-08,10.5,10.53,10.38,10.46,10.46,74104
2011-06-09,10.53,10.66,10.5,10.53,10.53,58820
2011-06-10,10.43,10.43,9.97,10,10,145026
2011-06-13,10.12,10.12,9.84,9.98,9.98,68081
2011-06-14,10.14,10.32,10.13,10.32,10.32,72332
2011-06-15,10.15,10.22,9.95,9.99,9.99,76505
2011-06-16,9.99,10.18,9.92,10.13,10.13,80019
2011-06-17,10.21,10.266,9.95,10,10,215072
2011-06-20,9.95,10.1,9.87,9.97,9.97,57038
2011-06-21,10.1,10.33,10.01,10.33,10.33,77022
2011-06-22,10.22,10.39,10.22,10.27,10.27,83282
2011-06-23,10.11,10.33,10,10.26,10.26,74786
2011-06-24,10.3,10.33,10.16,10.22,10.22,380333
2011-06-27,10.22,10.45,10.22,10.36,10.36,108474
2011-06-28,10.39,10.58,10.3,10.58,10.58,68810
2011-06-29,10.66,10.769,10.49,10.6,10.6,56525
2011-06-30,10.92,11.69,10.92,11.61,11.61,200773
2011-07-01,11.61,11.77,11.26,11.37,11.37,165606
2011-07-05,11.39,11.42,10.8,10.92,10.92,248590
2011-07-06,10.86,11,10.86,10.95,10.95,164823
2011-07-07,11.11,11.11,10.93,11.01,11.01,106032
2011-07-08,10.84,11.05,10.84,11.03,11.03,95180
2011-07-11,10.85,10.92,10.7,10.75,10.75,106921
2011-07-12,10.7,10.87,10.64,10.7,10.7,72040
2011-07-13,10.72,10.96,10.67,10.88,10.88,169108
2011-07-14,10.89,10.96,10.59,10.63,10.63,107037
2011-07-15,10.69,10.73,10.45,10.58,10.58,102802
2011-07-18,10.48,10.77,10.4,10.45,10.45,100100
2011-07-19,10.58,10.9,10.58,10.89,10.89,77461
2011-07-20,10.89,10.93,10.59,10.64,10.64,81048
2011-07-21,10.7,10.93,10.65,10.87,10.87,326884
2011-07-22,10.85,11.24,10.85,11.21,11.21,120801
2011-07-25,11.01,11.22,11.01,11.17,11.17,100794
2011-07-26,11.18,11.25,11.05,11.16,11.16,134639
2011-07-27,11.11,11.11,10.53,10.71,10.71,186498
2011-07-28,10.75,10.85,10.66,10.69,10.69,80927
2011-07-29,10.49,10.77,10.44,10.58,10.58,85026
2011-08-01,10.72,10.72,10.32,10.44,10.44,103738
2011-08-02,10.33,10.53,9.95,9.96,9.96,131852
2011-08-03,10,10.23,9.77,10.14,10.14,151924
2011-08-04,9.965,10.07,9.6,9.61,9.61,179444
2011-08-05,9.79,10.12,9.2,9.61,9.61,238792
2011-08-08,9.21,9.7715,8.88,8.88,8.88,327880
2011-08-09,9.13,9.55,8.57,9.47,9.47,467299
2011-08-10,9.1,9.42,8.79,9.04,9.04,398094
2011-08-11,9.12,9.49,9,9.31,9.31,343347
2011-08-12,9.43,9.5792,9.23,9.5,9.5,114474
2011-08-15,9.6,9.8,9.41,9.75,9.75,126327
2011-08-16,9.56,9.655,9.32,9.47,9.47,183640
2011-08-17,9.51,9.6,9.23,9.44,9.44,71309
2011-08-18,9.09,9.13,8.64,8.74,8.74,165803
2011-08-19,8.56,8.9,8.32,8.36,8.36,204549
2011-08-22,8.69,8.74,8.41,8.64,8.64,125583
2011-08-23,8.7,9.19,8.67,9.19,9.19,167721
2011-08-24,9.16,9.46,8.89,9.2,9.2,168384
2011-08-25,9.32,9.48,8.92,8.97,8.97,160744
2011-08-26,8.93,9.38,8.78,9.38,9.38,118905
2011-08-29,9.52,9.82,9.44,9.78,9.78,142167
2011-08-30,9.69,9.78,9.46,9.68,9.68,102284
2011-08-31,9.76,9.9,9.58,9.77,9.77,147912
2011-09-01,8.84,9.086,8.24,8.45,8.45,617136
2011-09-02,8.34,8.35,7.92,7.98,7.98,441018
2011-09-06,7.68,7.93,7.5075,7.83,7.83,290989
2011-09-07,7.99,8.14,7.94,8.03,8.03,346702
2011-09-08,7.96,8.12,7.78,7.91,7.91,295009
2011-09-09,7.82,7.93,7.49,7.69,7.69,242207
2011-09-12,7.52,7.86,7.52,7.69,7.69,140362
2011-09-13,7.74,7.91,7.63,7.88,7.88,94512
2011-09-14,7.99,8.26,7.77,8.1,8.1,140338
2011-09-15,8.2,8.32,8.07,8.29,8.29,121125
2011-09-16,8.35,8.4,8.11,8.17,8.17,148714
2011-09-19,8.04,8.11,7.82,7.92,7.92,103016
2011-09-20,7.93,8.02,7.62,7.63,7.63,180482
2011-09-21,7.58,7.74,7.38,7.4,7.4,164604
2011-09-22,7.12,7.49,7.03,7.18,7.18,260301
2011-09-23,7.23,7.6,7.22,7.39,7.39,192143
2011-09-26,7.47,7.6,7.23,7.6,7.6,120994
2011-09-27,7.76,8.32,7.63,7.89,7.89,268506
2011-09-28,7.99,7.99,7.42,7.46,7.46,171698
2011-09-29,7.67,7.82,7.44,7.8,7.8,89581
2011-09-30,7.68,7.82,7.42,7.43,7.43,141940
2011-10-03,7.42,7.79,7.1,7.14,7.14,231731
2011-10-04,7.08,8.16,7.08,8.09,8.09,292438
2011-10-05,8.08,8.3,8,8.12,8.12,136643
2011-10-06,8.12,8.34,8.07,8.34,8.34,140429
2011-10-07,8.35,8.35,7.86,7.91,7.91,120974
2011-10-10,8.1,8.36,8.08,8.36,8.36,174696
2011-10-11,8.3,8.47,8.17,8.37,8.37,132219
2011-10-12,8.4,8.69,8.32,8.61,8.61,185695
2011-10-13,8.53,8.59,8.36,8.48,8.48,61130
2011-10-14,8.63,8.73,8.5,8.73,8.73,68467
2011-10-17,8.6,8.63,8.2,8.23,8.23,157719
2011-10-18,8.25,8.65,8.11,8.57,8.57,160711
2011-10-19,8.55,8.575,8.36,8.48,8.48,199051
2011-10-20,8.34,8.42,8.1,8.4,8.4,120953
2011-10-21,8.56,8.86,8.55,8.82,8.82,137728
2011-10-24,8.9,9.43,8.81,9.36,9.36,159786
2011-10-25,9.31,9.31,8.76,8.78,8.78,174128
2011-10-26,8.99,9.2,8.75,9.06,9.06,107647
2011-10-27,9.36,9.82,9.34,9.78,9.78,271482
2011-10-28,9.75,9.9436,9.66,9.67,9.67,140040
2011-10-31,9.49,9.61,9.27,9.29,9.29,102287
2011-11-01,8.91,9.19,8.72,8.8,8.8,125219
2011-11-02,8.99,9.22,8.86,9.21,9.21,138921
2011-11-03,9.4,9.64,9.01,9.59,9.59,101998
2011-11-04,9.47,9.52,9.281,9.42,9.42,46820
2011-11-07,9.43,9.53,9.08,9.34,9.34,63467
2011-11-08,9.41,9.46,8.99,9.29,9.29,102650
2011-11-09,8.94,9.05,8.75,8.81,8.81,219379
2011-11-10,9.01,9.09,8.73,8.83,8.83,74114
2011-11-11,8.99,9.2,8.99,9.2,9.2,62654
2011-11-14,9.13,9.21,8.86,8.96,8.96,62751
2011-11-15,8.92,9.24,8.77,9.14,9.14,103499
2011-11-16,8.98,9.13,8.75,8.78,8.78,76506
2011-11-17,8.8,8.9601,8.75,8.92,8.92,131260
2011-11-18,8.96,9.16,8.85,9.07,9.07,75081
2011-11-21,8.87,8.95,8.57,8.62,8.62,62668
2011-11-22,8.63,8.77,8.46,8.5,8.5,52570
2011-11-23,8.43,8.43,7.85,7.94,7.94,87347
2011-11-25,7.86,8.0896,7.68,7.68,7.68,48268
2011-11-28,8.08,8.19,7.87,8.1,8.1,122954
2011-11-29,8.14,8.32,7.88,8.03,8.03,53144
2011-11-30,8.48,8.96,8.48,8.88,8.88,246778
2011-12-01,8.87,8.87,8.4,8.43,8.43,105551
2011-12-02,8.61,8.88,8.52,8.7,8.7,116200
2011-12-05,8.9,8.9,8.4901,8.66,8.66,138015
2011-12-06,8.69,8.8,8.51,8.74,8.74,165315
2011-12-07,8.66,8.88,8.32,8.87,8.87,161673
2011-12-08,8.74,8.88,8.15,8.19,8.19,279250
2011-12-09,8.24,8.32,8.065,8.26,8.26,140125
2011-12-12,8.11,8.13,7.9,8.09,8.09,124099
2011-12-13,8.18,8.28,7.88,7.95,7.95,207417
2011-12-14,7.89,8.54,7.85,8.26,8.26,216324
2011-12-15,8.41,8.41,8.06,8.23,8.23,118622
2011-12-16,8.34,8.59,8.08,8.14,8.14,280531
2011-12-19,8.2,8.37,7.83,8.03,8.03,207904
2011-12-20,8.26,8.49,8.23,8.39,8.39,150323
2011-12-21,8.32,8.46,8.11,8.4,8.4,121396
2011-12-22,8.45,8.61,8.32,8.41,8.41,92899
2011-12-23,8.49,8.51,8.35,8.44,8.44,79431
2011-12-27,8.43,8.68,8.32,8.59,8.59,54642
2011-12-28,8.6,8.6,8.3,8.52,8.52,167412
2011-12-29,8.55,8.65,8.47,8.61,8.61,68666
2011-12-30,8.57,8.58,8.28,8.29,8.29,119893
2012-01-03,8.56,8.59,8.23,8.54,8.54,164298
2012-01-04,8.46,8.56,8.28,8.47,8.47,73237
2012-01-05,8.43,8.74,8.35,8.7,8.7,69751
2012-01-06,8.71,8.82,8.55,8.74,8.74,94473
2012-01-09,8.79,8.96,8.66,8.88,8.88,61250
2012-01-10,9.02,9.4,8.98,9.35,9.35,90622
2012-01-11,9.25,9.52,8.95,9.43,9.43,102591
2012-01-12,9.46,9.82,9.35,9.75,9.75,76889
2012-01-13,9.59,9.62,9.36,9.57,9.57,71935
2012-01-17,9.66,9.96,9.59,9.74,9.74,176663
2012-01-18,9.75,10.17,9.65,10.16,10.16,82691
2012-01-19,10.23,10.37,10.04,10.24,10.24,325164
2012-01-20,10.25,10.5,10.18,10.44,10.44,115993
2012-01-23,10.39,10.69,10.22,10.42,10.42,281135
2012-01-24,10.3,10.54,10.22,10.28,10.28,106194
2012-01-25,10.23,10.3,10.038,10.14,10.14,125509
2012-01-26,10.23,10.23,10,10.11,10.11,212206
2012-01-27,10.06,10.15,9.97,10.05,10.05,184900
2012-01-30,9.45,9.91,9.45,9.84,9.84,247586
2012-01-31,9.93,9.97,9.68,9.93,9.93,121130
2012-02-01,10.04,10.28,9.89,10.21,10.21,169229
2012-02-02,10.22,10.35,9.99,10.28,10.28,101109
2012-02-03,10.56,10.79,10.44,10.69,10.69,122038
2012-02-06,10.6,10.78,10.29,10.37,10.37,79792
2012-02-07,10.29,10.32,10.16,10.16,10.16,70085
2012-02-08,10.2,10.46,10.01,10.01,10.01,148958
2012-02-09,10.07,10.07,9.87,9.89,9.89,86679
2012-02-10,9.78,9.84,9.62,9.77,9.77,89863
2012-02-13,9.94,10.09,9.78,9.9,9.9,62582
2012-02-14,9.84,9.93,9.57,9.74,9.74,55812
2012-02-15,9.79,9.89,9.5064,9.56,9.56,75528
2012-02-16,9.56,9.9,9.56,9.84,9.84,73132
2012-02-17,9.9,9.9,9.68,9.82,9.82,97410
2012-02-21,9.82,9.89,9.74,9.77,9.77,55766
2012-02-22,9.7,9.74,9.6,9.61,9.61,61494
2012-02-23,9.66,9.82,9.51,9.8,9.8,75302
2012-02-24,9.83,9.84,9.71,9.74,9.74,43282
2012-02-27,9.6,9.73,9.46,9.7,9.7,57444
2012-02-28,9.71,9.79,9.46,9.61,9.61,58616
2012-02-29,9.67,9.75,9.15,9.15,9.15,118922
2012-03-01,9.75,10.08,9.23,9.36,9.36,205061
2012-03-02,9.38,9.48,8.63,8.91,8.91,172743
2012-03-05,8.86,9.23,8.7,8.98,8.98,78712
2012-03-06,8.83,8.9,8.77,8.84,8.84,82382
2012-03-07,8.91,9.02,8.82,8.87,8.87,57491
2012-03-08,8.98,9.02,8.8,8.97,8.97,89770
2012-03-09,8.96,9.269,8.84,8.97,8.97,132274
2012-03-12,8.95,8.98,8.88,8.97,8.97,45829
2012-03-13,8.99,9.06,8.86,9.01,9.01,115853
2012-03-14,8.96,9.07,8.84,8.92,8.92,55410
2012-03-15,8.9,8.92,8.75,8.92,8.92,66764
2012-03-16,8.96,9.04,8.8598,9,9,347243
2012-03-19,9,9.36,8.89,9.27,9.27,91503
2012-03-20,9.16,9.2,9.04,9.12,9.12,67420
2012-03-21,9.14,9.41,9.08,9.24,9.24,52920
2012-03-22,9.12,9.21,9.04,9.13,9.13,58973
2012-03-23,9.11,9.36,9.08,9.35,9.35,97696
2012-03-26,9.5,9.66,9.41,9.64,9.64,97918
2012-03-27,9.66,9.66,9.39,9.39,9.39,63692
2012-03-28,9.43,9.43,9.18,9.24,9.24,91805
2012-03-29,9.16,9.31,9.06,9.28,9.28,56658
2012-03-30,9.38,9.4,9.2,9.28,9.28,59244
2012-04-02,9.25,9.43,9.14,9.41,9.41,115639
2012-04-03,9.38,9.49,9.18,9.28,9.28,105609
2012-04-04,9.12,9.25,8.9,9.02,9.02,98268
2012-04-05,8.98,9,8.81,8.86,8.86,41958
2012-04-09,8.69,8.92,8.59,8.67,8.67,124720
2012-04-10,8.67,8.79,8.5,8.59,8.59,147150
2012-04-11,8.64,8.66,8.42,8.56,8.56,128550
2012-04-12,8.54,8.73,8.52,8.53,8.53,116250
2012-04-13,8.54,8.61,8.44,8.51,8.51,96847
2012-04-16,8.57,8.8,8.48,8.69,8.69,51815
2012-04-17,8.78,8.87,8.74,8.78,8.78,62931
2012-04-18,8.7,8.74,8.45,8.51,8.51,106684
2012-04-19,8.5,8.59,8.27,8.41,8.41,104539
2012-04-20,8.53,8.692,8.48,8.52,8.52,115911
2012-04-23,8.34,8.34,8.17,8.29,8.29,156065
2012-04-24,8.3,8.44,8.25,8.33,8.33,106276
2012-04-25,8.45,8.58,8.37,8.51,8.51,80150
2012-04-26,8.48,8.5515,8.46,8.51,8.51,83403
2012-04-27,8.56,8.69,8.35,8.63,8.63,82745
2012-04-30,8.63,8.65,8.41,8.45,8.45,89420
2012-05-01,8.42,8.7,8.35,8.38,8.38,121777
2012-05-02,8.29,8.47,8.14,8.31,8.31,71228
2012-05-03,8.28,8.33,8.09,8.21,8.21,112103
2012-05-04,8.13,8.18,8,8.1,8.1,90581
2012-05-07,8.04,8.106,7.95,8.02,8.02,117880
2012-05-08,7.92,8.07,7.81,7.95,7.95,134142
2012-05-09,7.82,7.87,7.61,7.72,7.72,87513
2012-05-10,7.82,7.82,7.55,7.6,7.6,86323
2012-05-11,7.53,7.62,7.31,7.4,7.4,74906
2012-05-14,7.28,7.33,7.05,7.22,7.22,108475
2012-05-15,7.2,7.27,7.06,7.2,7.2,72041
2012-05-16,7.21,7.29,7.03,7.06,7.06,81462
2012-05-17,7.06,7.11,6.94,7.05,7.05,81019
2012-05-18,7.03,7.19,7.03,7.14,7.14,124656
2012-05-21,7.15,7.27,7.08,7.24,7.24,78834
2012-05-22,7.26,7.28,6.98,7.09,7.09,138911
2012-05-23,7,7.25,6.94,7.2,7.2,67299
2012-05-24,7.22,7.31,7.12,7.31,7.31,88338
2012-05-25,7.29,7.3895,7.225,7.36,7.36,83873
2012-05-29,7.44,7.59,7.3897,7.58,7.58,73849
2012-05-30,7.48,7.5,7.37,7.45,7.45,78082
2012-05-31,7.45,7.54,7.33,7.51,7.51,114812
2012-06-01,7.35,7.43,7.25,7.3,7.3,112752
2012-06-04,7.32,7.41,7.23,7.4,7.4,99500
2012-06-05,7.32,7.48,7.32,7.47,7.47,53089
2012-06-06,7.53,7.76,7.48,7.76,7.76,68632
2012-06-07,7.83,7.96,7.63,7.76,7.76,88654
2012-06-08,7.72,7.86,7.61,7.78,7.78,90569
2012-06-11,7.89,7.92,7.32,7.36,7.36,88745
2012-06-12,7.43,7.64,7.42,7.6,7.6,105044
2012-06-13,7.59,7.82,7.55,7.79,7.79,84175
2012-06-14,7.82,8,7.78,7.98,7.98,85808
2012-06-15,7.96,8.04,7.86,7.97,7.97,170656
2012-06-18,7.89,7.96,7.765,7.82,7.82,60051
2012-06-19,7.84,8.13,7.8,8.12,8.12,74903
2012-06-20,8.11,8.23,7.98,7.98,7.98,32184
2012-06-21,7.99,7.99,7.47,7.55,7.55,138765
2012-06-22,7.59,7.99,7.59,7.94,7.94,145366
2012-06-25,7.76,7.83,7.67,7.79,7.79,42955
2012-06-26,7.79,7.89,7.65,7.69,7.69,75953
2012-06-27,7.75,7.92,7.7,7.91,7.91,74825
2012-06-28,8.9,9.27,8.18,8.5,8.5,235748
2012-06-29,8.67,8.8199,8.46,8.51,8.51,192850
2012-07-02,8.52,8.64,8.3,8.64,8.64,96484
2012-07-03,8.63,8.76,8.58,8.68,8.68,58625
2012-07-05,8.66,8.8,8.62,8.7,8.7,103047
2012-07-06,8.57,8.66,8.49,8.5,8.5,72095
2012-07-09,8.51,8.52,8.36,8.51,8.51,90950
2012-07-10,8.6,8.63,8.43,8.59,8.59,53863
2012-07-11,8.49,8.56,8.41,8.54,8.54,68147
2012-07-12,8.43,8.68,8.38,8.6,8.6,72360
2012-07-13,8.64,8.97,8.595,8.92,8.92,66078
2012-07-16,8.86,9.01,8.79,8.83,8.83,41584
2012-07-17,8.88,8.91,8.62,8.85,8.85,47030
2012-07-18,8.86,9.28,8.86,9.22,9.22,44651
2012-07-19,9.23,9.25,8.76,8.77,8.77,92296
2012-07-20,8.66,8.72,8.57,8.6,8.6,156403
2012-07-23,8.43,8.64,8.3,8.55,8.55,63672
2012-07-24,8.62,8.69,8.5,8.57,8.57,101860
2012-07-25,8.65,8.81,8.6,8.72,8.72,89142
2012-07-26,8.88,8.95,8.77,8.86,8.86,61730
2012-07-27,8.88,9.53,8.8101,9.51,9.51,85712
2012-07-30,9.54,9.56,8.94,8.98,8.98,49863
2012-07-31,8.92,9.11,8.78,8.8,8.8,75639
2012-08-01,8.84,8.84,8.68,8.8,8.8,151879
2012-08-02,8.68,8.83,8.6401,8.72,8.72,88181
2012-08-03,8.89,9.37,8.86,9.1,9.1,86795
2012-08-06,9.09,9.19,9,9.05,9.05,76060
2012-08-07,9.15,9.38,9.15,9.29,9.29,66470
2012-08-08,9.21,9.28,8.94,8.97,8.97,98175
2012-08-09,8.99,9.12,8.9701,9.06,9.06,66983
2012-08-10,9.05,9.06,8.82,8.91,8.91,37810
2012-08-13,8.91,9.09,8.76,9.05,9.05,47063
2012-08-14,9.12,9.12,8.85,9,9,135959
2012-08-15,8.95,9.1275,8.89,9.02,9.02,93105
2012-08-16,9.02,9.03,8.92,9,9,73290
2012-08-17,8.99,9.05,8.89,9.03,9.03,77183
2012-08-20,9,9.21,8.941,9.16,9.16,71444
2012-08-21,9.17,9.34,9.05,9.09,9.09,67164
2012-08-22,9.05,9.07,8.84,8.97,8.97,129781
2012-08-23,8.98,9.09,8.92,9,9,33428
2012-08-24,8.95,9.04,8.82,8.95,8.95,43296
2012-08-27,9.02,9.28,8.82,9.01,9.01,35575
2012-08-28,9,9.08,8.92,9.01,9.01,101866
2012-08-29,9,9.02,8.93,8.95,8.95,129492
2012-08-30,9.92,10.04,9.1401,9.38,9.38,222564
2012-08-31,9.5,9.5,9.25,9.39,9.39,143699
2012-09-04,9.4,9.69,9.39,9.52,9.52,302911
2012-09-05,9.55,9.55,9.335,9.44,9.44,94854
2012-09-06,9.52,9.98,9.52,9.84,9.84,162764
2012-09-07,9.95,10.08,9.6,9.71,9.71,131585
2012-09-10,9.71,9.79,9.61,9.77,9.77,107761
2012-09-11,9.8,10,9.78,9.89,9.89,55094
2012-09-12,9.95,10.05,9.92,10.01,10.01,73391
2012-09-13,10,10.38,9.93,10.21,10.21,91391
2012-09-14,10.24,10.71,10.24,10.49,10.49,186211
2012-09-17,10.46,10.56,10.26,10.38,10.38,119639
2012-09-18,10.37,10.46,10.25,10.33,10.33,93546
2012-09-19,10.39,10.39,10.08,10.1,10.1,137448
2012-09-20,10.02,10.12,9.96,10.09,10.09,67103
2012-09-21,10.16,10.36,10.06,10.36,10.36,376350
2012-09-24,10.29,10.53,10.241,10.4,10.4,99554
2012-09-25,10.48,10.55,10.07,10.07,10.07,120194
2012-09-26,10.07,10.07,9.87,9.92,9.92,65330
2012-09-27,9.95,10.22,9.731,10.16,10.16,76227
2012-09-28,10.09,10.09,9.7,9.71,9.71,78368
2012-10-01,9.8,9.8699,9.61,9.66,9.66,65347
2012-10-02,9.68,9.74,9.55,9.61,9.61,67502
2012-10-03,9.6,9.6,9.39,9.56,9.56,105117
2012-10-04,9.59,9.715,9.484,9.64,9.64,68039
2012-10-05,9.66,9.89,9.56,9.61,9.61,54133
2012-10-08,9.53,9.655,9.43,9.58,9.58,53386
2012-10-09,9.56,9.65,9.47,9.5,9.5,55441
2012-10-10,9.43,9.6,9.43,9.58,9.58,63803
2012-10-11,9.65,9.72,9.5,9.55,9.55,29903
2012-10-12,9.53,9.57,9.44,9.5,9.5,63556
2012-10-15,9.5,9.56,9.39,9.47,9.47,75781
2012-10-16,9.5,9.59,9.35,9.57,9.57,64921
2012-10-17,9.56,9.59,9.39,9.59,9.59,137544
2012-10-18,9.61,9.81,9.47,9.49,9.49,88543
2012-10-19,9.46,9.68,9.4,9.51,9.51,106052
2012-10-22,9.45,9.57,9.44,9.54,9.54,79609
2012-10-23,9.44,9.635,9.43,9.63,9.63,62535
2012-10-24,9.7,9.76,9.46,9.55,9.55,55903
2012-10-25,9.66,9.87,9.62,9.87,9.87,59602
2012-10-26,9.85,10.08,9.83,10.06,10.06,48565
2012-10-31,10.09,10.1698,9.86,10.12,10.12,46125
2012-11-01,10.11,10.1652,9.72,9.98,9.98,113501
2012-11-02,9.99,10,9.64,9.65,9.65,97609
2012-11-05,8.98,9.79,8.65,9.65,9.65,138519
2012-11-06,9.67,9.92,9.49,9.53,9.53,95213
2012-11-07,9.44,9.44,9.01,9.25,9.25,126801
2012-11-08,9.26,9.26,8.85,9.02,9.02,204418
2012-11-09,8.93,9.26,8.79,9.05,9.05,50856
2012-11-12,9.06,9.07,8.9,9,9,43060
2012-11-13,8.97,9,8.86,8.95,8.95,83132
2012-11-14,8.95,9.02,8.76,8.87,8.87,103571
2012-11-15,8.85,8.87,8.72,8.78,8.78,77495
2012-11-16,8.38,8.88,8.38,8.79,8.79,121982
2012-11-19,8.92,8.98,8.691,8.98,8.98,62826
2012-11-20,8.93,8.98,8.7475,8.87,8.87,44117
2012-11-21,8.88,8.96,8.71,8.89,8.89,134891
2012-11-23,8.91,9.17,8.86,9.17,9.17,22169
2012-11-26,9.16,9.32,9.1,9.28,9.28,45842
2012-11-27,9.24,9.5,9.171,9.22,9.22,46953
2012-11-28,9.18,9.41,9.06,9.31,9.31,49175
2012-11-29,9.41,9.44,9.21,9.24,9.24,47198
2012-11-30,9.23,9.33,8.97,9.03,9.03,192808
2012-12-03,9.12,9.44,8.97,9.41,9.41,62462
2012-12-04,9.39,9.65,9.39,9.57,9.57,51166
2012-12-05,9.62,9.62,9.38,9.47,9.47,75242
2012-12-06,8.81,9.3,8.5,9.17,9.17,108623
2012-12-07,9.17,9.17,8.77,8.84,8.84,71608
2012-12-10,8.86,8.89,8.65,8.77,8.77,85370
2012-12-11,8.88,9.249,8.63,8.97,8.97,168777
2012-12-12,8.9,9.13,8.75,9.02,9.02,91269
2012-12-13,9,9.08,8.66,8.9,8.9,84423
2012-12-14,8.85,9.2,8.77,8.84,8.84,112622
2012-12-17,8.85,9.558,8.85,9.25,9.25,175861
2012-12-18,9.3,9.46,9.24,9.35,9.35,74822
2012-12-19,9.38,9.65,9.38,9.54,9.54,180214
2012-12-20,9.52,9.85,9.35,9.83,9.83,541176
2012-12-21,9.83,10.15,9.52,10.01,10.01,417475
2012-12-24,10.02,10.08,9.65,9.69,9.69,61606
2012-12-26,9.67,9.79,9.59,9.7,9.7,108568
2012-12-27,9.71,9.95,9.63,9.82,9.82,91094
2012-12-28,9.78,9.83,9.69,9.72,9.72,106132
2012-12-31,9.76,10.09,9.75,10.03,10.03,107197
2013-01-02,10.29,10.52,10.05,10.25,10.25,243692
2013-01-03,10.25,10.45,10.22,10.35,10.35,67419
2013-01-04,10.43,10.57,10.07,10.19,10.19,99124
2013-01-07,10.1,10.17,10.0025,10.13,10.13,69773
2013-01-08,10.15,10.25,10.04,10.2,10.2,102122
2013-01-09,10.21,10.23,9.9234,10.02,10.02,105208
2013-01-10,10.04,10.08,9.9106,10,10,49946
2013-01-11,10.04,10.07,9.93,9.99,9.99,69154
2013-01-14,9.94,9.985,9.82,9.95,9.95,90230
2013-01-15,9.86,9.9,9.76,9.86,9.86,41137
2013-01-16,9.8,9.81,9.61,9.72,9.72,71741
2013-01-17,9.8,9.82,9.64,9.75,9.75,50477
2013-01-18,9.78,9.8,9.66,9.77,9.77,99645
2013-01-22,9.79,9.99,9.73,9.98,9.98,107820
2013-01-23,10,10,9.72,9.76,9.76,117302
2013-01-24,9.8,9.89,9.78,9.84,9.84,85085
2013-01-25,9.92,9.95,9.7,9.74,9.74,69769
2013-01-28,9.78,9.87,9.65,9.79,9.79,63769
2013-01-29,9.75,9.9,9.71,9.85,9.85,98028
2013-01-30,9.82,9.87,9.63,9.7,9.7,98534
2013-01-31,9.71,9.75,9.56,9.62,9.62,106725
2013-02-01,9.7,10.01,9.61,9.86,9.86,142776
2013-02-04,9.78,10.91,9.63,10.68,10.68,594737
2013-02-05,10.76,11.72,10.76,11.71,11.71,538727
2013-02-06,11.67,12.23,11.63,12.08,12.08,480615
2013-02-07,12.05,12.05,11.28,11.42,11.42,296764
2013-02-08,11.42,11.52,11.36,11.46,11.46,122438
2013-02-11,11.42,11.74,11.42,11.52,11.52,45011
2013-02-12,11.56,11.84,11.54,11.82,11.82,94217
2013-02-13,11.83,12.2999,11.73,12.27,12.27,192645
2013-02-14,12.25,12.5,12.24,12.24,12.24,235489
2013-02-15,12.31,12.36,11.97,12.19,12.19,132272
2013-02-19,12.19,12.59,12.19,12.49,12.49,194687
2013-02-20,12.48,12.69,12.34,12.55,12.55,292695
2013-02-21,12.56,12.62,12.3,12.39,12.39,110878
2013-02-22,12.48,12.52,12.31,12.45,12.45,94560
2013-02-25,12.49,12.61,12.19,12.33,12.33,136318
2013-02-26,12.34,12.62,12.34,12.56,12.56,129356
2013-02-27,12.55,13.18,12.55,12.75,12.75,314845
2013-02-28,12.77,13.239,12.678,13.11,13.11,388885
2013-03-01,13.25,13.53,12.95,13.41,13.41,322252
2013-03-04,13.37,13.63,13.15,13.38,13.38,211963
2013-03-05,13.41,14.02,13.41,13.58,13.58,289352
2013-03-06,13.7,13.73,13.4,13.62,13.62,157298
2013-03-07,13.66,13.71,13.52,13.6,13.6,123256
2013-03-08,13.73,13.82,13.53,13.6,13.6,142427
2013-03-11,13.62,13.72,13.46,13.5,13.5,213337
2013-03-12,13.43,13.5,13.33,13.43,13.43,105846
2013-03-13,13.47,13.57,13.26,13.54,13.54,124049
2013-03-14,13.52,13.58,13.4,13.5,13.5,165985
2013-03-15,13.5,13.55,13.25,13.26,13.26,292673
2013-03-18,13.17,13.78,13.02,13.61,13.61,279976
2013-03-19,13.47,13.58,13.09,13.23,13.23,347414
2013-03-20,13.31,13.54,13.21,13.49,13.49,139937
2013-03-21,13.38,13.47,13.08,13.21,13.21,73212
2013-03-22,13.21,13.32,13.08,13.13,13.13,88026
2013-03-25,13.13,13.4,12.91,12.97,12.97,92779
2013-03-26,13,13.02,12.65,12.74,12.74,150589
2013-03-27,12.67,13.19,12.6,13.04,13.04,121380
2013-03-28,13.08,13.08,12.88,12.88,12.88,126939
2013-04-01,12.89,12.94,12.4801,12.59,12.59,158947
2013-04-02,12.63,12.91,12.63,12.76,12.76,156866
2013-04-03,12.77,12.94,12.6,12.9,12.9,285862
2013-04-04,12.94,13.02,12.8001,12.92,12.92,149120
2013-04-05,12.71,13.09,12.71,12.89,12.89,209134
2013-04-08,12.89,13.25,12.63,13.19,13.19,236989
2013-04-09,13.43,13.69,13.35,13.35,13.35,609240
2013-04-10,13.35,13.58,13.34,13.47,13.47,543663
2013-04-11,13.5,13.87,13.34,13.76,13.76,309656
2013-04-12,13.75,13.92,13.68,13.76,13.76,155185
2013-04-15,13.63,13.72,12.78,12.82,12.82,264478
2013-04-16,12.9,13.41,12.9,13.29,13.29,166172
2013-04-17,13.23,13.35,13,13.05,13.05,172836
2013-04-18,13.1,13.22,13.01,13.06,13.06,201260
2013-04-19,13.08,13.32,13.04,13.2,13.2,157673
2013-04-22,13.28,13.48,13.15,13.25,13.25,174158
2013-04-23,13.33,13.94,13.305,13.69,13.69,366371
2013-04-24,13.71,13.98,13.7,13.98,13.98,271596
2013-04-25,14,14.95,13.925,14.19,14.19,594496
2013-04-26,14.19,14.21,13.98,14.05,14.05,145898
2013-04-29,14.13,14.44,14.07,14.36,14.36,298024
2013-04-30,14.36,14.54,14.17,14.38,14.38,249134
2013-05-01,14.32,14.32,13.32,13.58,13.58,362379
2013-05-02,13.58,14.21,13.58,14.12,14.12,282907
2013-05-03,14.31,14.82,14.29,14.48,14.48,337743
2013-05-06,14.51,15.07,14.37,15.02,15.02,229242
2013-05-07,15.07,15.27,14.914,14.99,14.99,200880
2013-05-08,15,15.06,14.435,14.66,14.66,171656
2013-05-09,14.58,14.73,14.45,14.47,14.47,118444
2013-05-10,14.48,14.53,14.26,14.39,14.39,94920
2013-05-13,14.34,14.56,14.24,14.49,14.49,100756
2013-05-14,14.55,14.99,14.44,14.84,14.84,133526
2013-05-15,14.74,15.02,14.58,14.91,14.91,236195
2013-05-16,14.92,14.96,14.595,14.7,14.7,73584
2013-05-17,14.82,15.05,14.68,15.05,15.05,156472
2013-05-20,14.97,15.19,14.79,14.95,14.95,139900
2013-05-21,14.96,15.31,14.82,15.21,15.21,435720
2013-05-22,15.18,15.79,14.86,15.19,15.19,378456
2013-05-23,14.99,15.15,14.77,15.1,15.1,156563
2013-05-24,14.98,15.25,14.95,15.24,15.24,125273
2013-05-28,15.47,15.929,15.36,15.7,15.7,321347
2013-05-29,15.59,15.71,15.368,15.53,15.53,212996
2013-05-30,15.57,16.24,15.57,15.97,15.97,195098
2013-05-31,15.85,15.93,15.7,15.73,15.73,112397
2013-06-03,15.76,16.22,15.64,15.93,15.93,231759
2013-06-04,16,16.13,15.53,15.6,15.6,95599
2013-06-05,15.57,15.69,15.01,15.1,15.1,157021
2013-06-06,15.14,15.31,14.62,15.12,15.12,210236
2013-06-07,15.19,15.29,15.04,15.21,15.21,155909
2013-06-10,15.29,15.45,15.061,15.41,15.41,262892
2013-06-11,15.21,15.37,15.012,15.27,15.27,60810
2013-06-12,15.41,15.41,14.94,14.97,14.97,49103
2013-06-13,14.93,15.24,14.791,15.14,15.14,150841
2013-06-14,15.07,15.07,14.75,14.85,14.85,80090
2013-06-17,14.98,15.06,14.438,14.49,14.49,285282
2013-06-18,14.53,14.63,14.33,14.51,14.51,243104
2013-06-19,14.48,14.72,14.31,14.54,14.54,249672
2013-06-20,15.5,15.5,14.31,14.76,14.76,622868
2013-06-21,15.03,16.25,14.8,16.01,16.01,1006778
2013-06-24,15.81,16.25,15.74,15.93,15.93,655952
2013-06-25,16.16,16.17,15.77,15.95,15.95,523454
2013-06-26,16.05,16.44,15.94,16.2,16.2,446700
2013-06-27,16.34,17.07,16.34,16.99,16.99,269162
2013-06-28,17.02,17.44,16.96,17.01,17.01,1097951
2013-07-01,17.06,17.53,17.05,17.27,17.27,404023
2013-07-02,17.31,17.55,17.194,17.5,17.5,332867
2013-07-03,17.48,17.99,17.4,17.89,17.89,133884
2013-07-05,18.18,18.78,18.09,18.49,18.49,267296
2013-07-08,18.65,18.72,18,18.08,18.08,307219
2013-07-09,18.22,18.27,17.936,18.06,18.06,245834
2013-07-10,18.09,18.225,17.88,17.93,17.93,142258
2013-07-11,18.11,18.72,18.03,18.72,18.72,292713
2013-07-12,18.75,19.13,18.648,18.94,18.94,201087
2013-07-15,19.02,19.53,19.014,19.36,19.36,262721
2013-07-16,19.41,19.5,19,19.02,19.02,259851
2013-07-17,19.09,19.35,18.98,19.07,19.07,143403
2013-07-18,19.05,19.3,19.04,19.29,19.29,427159
2013-07-19,19.2,19.3,19.02,19.29,19.29,320535
2013-07-22,19.35,20.29,19.3,19.83,19.83,353070
2013-07-23,20,20.05,19.625,19.66,19.66,331169
2013-07-24,19.71,19.8,18.99,19.09,19.09,299828
2013-07-25,19,19.09,18.74,19.03,19.03,408301
2013-07-26,18.9,19.05,18.87,19,19,214588
2013-07-29,18.98,19.05,18.73,18.79,18.79,99058
2013-07-30,18.83,19,18.61,18.75,18.75,100554
2013-07-31,18.77,19.06,18.68,18.89,18.89,134239
2013-08-01,19.08,19.12,18.161,18.47,18.47,309426
2013-08-02,18.41,18.67,18.22,18.62,18.62,163441
2013-08-05,18.61,18.75,18.39,18.53,18.53,133076
2013-08-06,18.43,18.5499,18.13,18.24,18.24,106586
2013-08-07,18.23,18.23,18.01,18.19,18.19,145233
2013-08-08,18.27,18.39,18.04,18.07,18.07,155404
2013-08-09,18,18.06,17.5,17.93,17.93,197927
2013-08-12,17.82,18.53,17.82,18.47,18.47,132594
2013-08-13,18.45,19.17,18.335,18.89,18.89,203270
2013-08-14,18.93,19.07,18.67,18.76,18.76,152720
2013-08-15,18.51,18.56,18.171,18.28,18.28,162631
2013-08-16,18.16,18.39,18.03,18.09,18.09,172145
2013-08-19,18.01,18.026,17.58,17.6,17.6,112511
2013-08-20,17.6,18,17.501,17.91,17.91,54736
2013-08-21,17.83,17.935,17.41,17.57,17.57,75853
2013-08-22,17.6,17.96,17.55,17.89,17.89,66310
2013-08-23,17.85,17.92,17.7,17.73,17.73,152937
2013-08-26,17.82,18,17.7006,17.82,17.82,119567
2013-08-27,17.55,17.7299,17.02,17.06,17.06,161404
2013-08-28,17.01,17.75,17.01,17.63,17.63,185016
2013-08-29,22.77,25,22.4,23.36,23.36,2031822
2013-08-30,24.06,24.21,22.98,23.89,23.89,844694
2013-09-03,24.31,25.4068,24.2,24.78,24.78,566423
2013-09-04,24.75,26.3599,24.75,25.83,25.83,750881
2013-09-05,25.94,26.42,25.598,26.15,26.15,395864
2013-09-06,26.37,26.55,25.311,25.9,25.9,326194
2013-09-09,26.41,26.66,25.9,26,26,456375
2013-09-10,26.1,26.27,25.82,25.96,25.96,404311
2013-09-11,25.96,26.08,25.67,25.73,25.73,227926
2013-09-12,25.71,25.86,25.3001,25.53,25.53,177762
2013-09-13,25.59,26.07,25.39,26,26,325096
2013-09-16,26.45,26.49,25.13,25.26,25.26,510968
2013-09-17,25.32,26.25,25.2206,26.25,26.25,367903
2013-09-18,26.18,27.14,25.95,26.75,26.75,318366
2013-09-19,26.9,27.19,26.61,26.74,26.74,367375
2013-09-20,26.9,27.95,26.77,27.63,27.63,491772
2013-09-23,27.67,28.2,27.43,27.56,27.56,315042
2013-09-24,27.55,28.06,27.02,27.85,27.85,302444
2013-09-25,27.87,28.32,27.67,27.94,27.94,277413
2013-09-26,27.86,28.19,27.32,27.57,27.57,260771
2013-09-27,27.43,27.88,27.4,27.69,27.69,191227
2013-09-30,27.5,28.15,27.201,28,28,436112
2013-10-01,27.99,28.5,27.93,28.38,28.38,438154
2013-10-02,28.22,28.52,28.05,28.4,28.4,252368
2013-10-03,28.4,29.07,27.37,28.89,28.89,513159
2013-10-04,28.99,29.16,28.641,28.98,28.98,218284
2013-10-07,28.76,29.138,28.21,28.34,28.34,354820
2013-10-08,28.3,28.37,25.63,26,26,751776
2013-10-09,26.13,26.56,25.7501,26.22,26.22,357314
2013-10-10,26.61,27,26.25,26.59,26.59,279192
2013-10-11,26.5,27.01,26.22,26.9,26.9,240137
2013-10-14,26.71,27,26.4,26.89,26.89,224221
2013-10-15,26.94,27.52,26.75,26.91,26.91,205906
2013-10-16,27.08,27.335,26.75,26.95,26.95,281173
2013-10-17,26.9,27.52,26.88,27.52,27.52,392568
2013-10-18,27.91,28.02,27.62,27.79,27.79,416214
2013-10-21,27.8,28.24,27.29,27.36,27.36,247838
2013-10-22,27.5,28.18,27.33,28.1,28.1,390397
2013-10-23,28.07,28.07,27.36,27.83,27.83,182846
2013-10-24,27.96,28.39,27.68,28.29,28.29,224904
2013-10-25,28.36,29.63,28.11,29.61,29.61,584426
2013-10-28,29.63,29.75,27.53,27.69,27.69,551979
2013-10-29,27.79,28.1455,26.92,27,27,439432
2013-10-30,26.92,27.3199,25.29,25.69,25.69,551315
2013-10-31,25.57,26,25.191,25.58,25.58,331725
2013-11-01,25.61,25.806,24.31,25.05,25.05,520510
2013-11-04,25.22,27.08,25.22,26.99,26.99,524740
2013-11-05,27.04,27.27,26.51,27.05,27.05,351734
2013-11-06,27.18,27.25,24.8543,25.24,25.24,496817
2013-11-07,25.24,25.4482,23.05,23.8,23.8,652321
2013-11-08,23.77,25.51,23.545,25.44,25.44,525397
2013-11-11,25.47,25.5,24.81,25.17,25.17,322935
2013-11-12,25.17,25.22,24.8192,25.08,25.08,214175
2013-11-13,24.88,25.5,24.88,25.31,25.31,164962
2013-11-14,25.31,25.89,24.92,25.72,25.72,225390
2013-11-15,25.72,26.15,25.43,26.09,26.09,179322
2013-11-18,26.09,26.63,26,26.37,26.37,438860
2013-11-19,26.54,27.5,26.23,26.39,26.39,429275
2013-11-20,26.5,26.71,25.14,25.34,25.34,283980
2013-11-21,25.42,26.68,25.42,26.65,26.65,264958
2013-11-22,26.67,27.19,26.38,27.11,27.11,218627
2013-11-25,27.32,27.98,26.81,27.85,27.85,410561
2013-11-26,27.8,28.6,27.68,28.37,28.37,353515
2013-11-27,28.48,28.76,28.29,28.68,28.68,319584
2013-11-29,28.67,29.31,28.66,28.93,28.93,195860
2013-12-02,28.88,28.9136,26.79,27.15,27.15,609910
2013-12-03,26.96,27.72,26.75,27.56,27.56,376692
2013-12-04,27.52,27.764,23.084,24.66,24.66,2028660
2013-12-05,31.11,35.58,30.3,35.28,35.28,4504521
2013-12-06,35.35,36.79,34.1,35.37,35.37,1121839
2013-12-09,35.53,37.525,35.53,37.27,37.27,728322
2013-12-10,37.1,37.275,34.325,34.96,34.96,1167690
2013-12-11,34.95,35.3,34.03,34.15,34.15,524224
2013-12-12,34.15,34.34,33.13,33.68,33.68,515856
2013-12-13,33.88,34.1694,33.4301,33.89,33.89,506692
2013-12-16,34.13,34.9299,33.8,34,34,376514
2013-12-17,33.99,34.4,33.78,33.95,33.95,257648
2013-12-18,34.09,34.18,32.05,33.56,33.56,537739
2013-12-19,33.4,33.92,32.66,32.88,32.88,287849
2013-12-20,33.05,33.89,33.02,33.41,33.41,578696
2013-12-23,33.51,33.98,33.3,33.7,33.7,280945
2013-12-24,33.56,33.819,33.23,33.77,33.77,110818
2013-12-26,33.82,34.25,33.801,34.04,34.04,302307
2013-12-27,34.2,34.74,33.38,33.88,33.88,207682
2013-12-30,33.87,34,33.41,33.85,33.85,239386
2013-12-31,33.85,34.34,33.79,34.19,34.19,356405
2014-01-02,34.25,34.71,33.7,34.42,34.42,339381
2014-01-03,34.49,34.909,34.15,34.52,34.52,310919
2014-01-06,34.62,36.9999,34.62,34.85,34.85,904480
2014-01-07,35,36.2118,34.76,35.52,35.52,504440
2014-01-08,35.61,36.54,35.39,35.73,35.73,459135
2014-01-09,35.85,36.1899,34,35.03,35.03,535953
2014-01-10,35.33,35.395,34.12,34.87,34.87,380103
2014-01-13,34.87,35.25,32.79,33.18,33.18,472994
2014-01-14,33.42,34.56,33.32,34.56,34.56,380977
2014-01-15,34.9,35.2175,34.5,34.83,34.83,420672
2014-01-16,34.92,35.25,34.39,34.74,34.74,265757
2014-01-17,34.74,35.01,34.1,34.28,34.28,223319
2014-01-21,34.67,34.67,33.79,34.21,34.21,357749
2014-01-22,34.28,35.5,34.234,35.28,35.28,585555
2014-01-23,35.23,35.43,33.67,34.39,34.39,425469
2014-01-24,34.18,34.18,32.8,33.16,33.16,360759
2014-01-27,33.13,33.38,31.82,32.95,32.95,378242
2014-01-28,32.95,33.63,32.4619,33.43,33.43,435413
2014-01-29,33.11,34.12,32.855,33.39,33.39,382920
2014-01-30,33.71,34.282,33.46,34.07,34.07,304396
2014-01-31,33.34,34.2299,33.34,33.66,33.66,336704
2014-02-03,33.68,34.1096,31.19,31.52,31.52,512013
2014-02-04,31.55,32.06,30.53,31.61,31.61,567625
2014-02-05,31.57,31.7,29.86,30.78,30.78,405018
2014-02-06,30.88,31.86,30.588,30.94,30.94,331127
2014-02-07,31.16,31.8,30.94,31.58,31.58,342973
2014-02-10,31.56,31.579,30.5254,30.87,30.87,352480
2014-02-11,30.82,31.29,30.2,30.89,30.89,314033
2014-02-12,30.98,31.4,30.624,31.26,31.26,267870
2014-02-13,30.96,31.84,30.58,31.35,31.35,317336
2014-02-14,31.32,31.38,30.78,30.91,30.91,254286
2014-02-18,31.1,32.91,31.03,32.62,32.62,487334
2014-02-19,32.58,34.63,32.58,34.01,34.01,640792
2014-02-20,33.97,34.27,33.51,33.96,33.96,339977
2014-02-21,33.92,33.955,32.82,33.37,33.37,391842
2014-02-24,33.3,34.148,33.182,33.77,33.77,236207
2014-02-25,33.92,34.085,33.1,33.26,33.26,212883
2014-02-26,33.32,33.93,33.25,33.81,33.81,322603
2014-02-27,33.74,34.07,33.25,33.89,33.89,258371
2014-02-28,33.89,35.74,33.71,33.9,33.9,617881
2014-03-03,33.44,33.53,32.32,33.5,33.5,393889
2014-03-04,33.87,35.29,33.86,35.02,35.02,466642
2014-03-05,35,35.62,34.645,35.13,35.13,238306
2014-03-06,35.43,35.43,34.38,34.74,34.74,251537
2014-03-07,35.01,35.01,33.78,34.17,34.17,342330
2014-03-10,34.11,34.12,33.5,33.98,33.98,248785
2014-03-11,34,34.46,33.54,33.72,33.72,443591
2014-03-12,33.66,35.58,33.602,35.41,35.41,784902
2014-03-13,31.02,31.88,29,31.06,31.06,3849071
2014-03-14,30.7001,31.18,29.75,30.13,30.13,1131256
2014-03-17,30.3,30.8,29.94,30.23,30.23,906488
2014-03-18,30.14,31.82,29.9,31.5,31.5,1053086
2014-03-19,31.51,32.28,31.35,31.75,31.75,748327
2014-03-20,31.6,32.29,31.35,32.06,32.06,422982
2014-03-21,32.37,32.95,32.12,32.51,32.51,682252
2014-03-24,32.5,32.53,31.37,31.79,31.79,505490
2014-03-25,31.87,32.4,31.47,31.65,31.65,344083
2014-03-26,31.76,31.79,30.15,30.21,30.21,495867
2014-03-27,30.17,30.78,29.85,30.21,30.21,343374
2014-03-28,30.3,30.925,30.22,30.32,30.32,366527
2014-03-31,30.56,30.92,30.376,30.66,30.66,502097
2014-04-01,30.8,31.03,30.16,30.99,30.99,433793
2014-04-02,31,31.66,30.79,31.66,31.66,308691
2014-04-03,31.81,32.3,31.22,31.3,31.3,319870
2014-04-04,31.66,31.66,29.47,29.96,29.96,379180
2014-04-07,29.75,29.91,28.0701,28.52,28.52,554364
2014-04-08,28.5,28.91,27.77,28.39,28.39,379172
2014-04-09,28.48,30.4199,28.46,30.3,30.3,400392
2014-04-10,30.3,30.3,28.8,28.97,28.97,562673
2014-04-11,28.64,29.04,27.5,27.62,27.62,383464
2014-04-14,27.91,28.355,27.54,27.92,27.92,271631
2014-04-15,27.91,28.18,26.83,27.69,27.69,423164
2014-04-16,27.98,28.54,27.69,28.42,28.42,278236
2014-04-17,28.42,29.32,28.1925,28.94,28.94,196068
2014-04-21,28.94,29.28,28.58,29.03,29.03,188947
2014-04-22,29.04,30.39,29.04,30.23,30.23,389152
2014-04-23,30.08,30.3835,29.87,30.12,30.12,293803
2014-04-24,30.35,30.35,29.45,29.57,29.57,251942
2014-04-25,29.35,29.44,27.9,28.02,28.02,201523
2014-04-28,28.23,28.7,26.73,27.21,27.21,386117
2014-04-29,27.35,28.07,27.24,28.01,28.01,243547
2014-04-30,27.9,28.14,27.46,27.74,27.74,324949
2014-05-01,27.7,28.74,27.45,28.23,28.23,348284
2014-05-02,28.66,29.76,28.648,29.2,29.2,433075
2014-05-05,28.88,29.11,28.21,28.89,28.89,263177
2014-05-06,28.78,29.16,28.16,28.26,28.26,282505
2014-05-07,28.35,28.35,27.27,27.8,27.8,348408
2014-05-08,27.71,29.1,27.71,27.8,27.8,281648
2014-05-09,27.81,27.98,27.3,27.96,27.96,439364
2014-05-12,28.17,29.84,28.132,29.67,29.67,310730
2014-05-13,29.59,29.591,28.63,28.92,28.92,257534
2014-05-14,28.78,28.78,28.07,28.07,28.07,258674
2014-05-15,27.96,28.3,27.4,28.06,28.06,268239
2014-05-16,27.99,28.78,27.575,28.77,28.77,198796
2014-05-19,28.72,29.7,28.37,29.56,29.56,316822
2014-05-20,29.42,29.42,28.55,28.83,28.83,297572
2014-05-21,28.98,29.45,28.62,29.06,29.06,155305
2014-05-22,29.04,29.9,28.908,29.3,29.3,239073
2014-05-23,29.21,30.62,29.21,29.87,29.87,339149
2014-05-27,30.06,30.92,29.93,30.31,30.31,358661
2014-05-28,30.3,30.48,29.88,30.17,30.17,174830
2014-05-29,30.22,31.2,30.07,31.2,31.2,260518
2014-05-30,31.04,31.42,30.84,31.15,31.15,502281
2014-06-02,31.25,31.39,30.8,31.33,31.33,224602
2014-06-03,31.07,31.55,30.96,31.34,31.34,236692
2014-06-04,31.29,32.59,31.1,32.53,32.53,442274
2014-06-05,32.5,32.73,31.7,32.19,32.19,472167
2014-06-06,32.33,33.66,32.33,33.21,33.21,396123
2014-06-09,33.17,33.43,32.92,33.16,33.16,299776
2014-06-10,32.98,33.35,32.77,33,33,265075
2014-06-11,32.79,32.994,32.37,32.79,32.79,237476
2014-06-12,32.62,33.15,32.3201,32.92,32.92,523841
2014-06-13,32.96,33.12,32.34,32.96,32.96,216383
2014-06-16,32.69,33.091,32.44,32.97,32.97,192953
2014-06-17,32.86,33.305,32.77,33.16,33.16,251434
2014-06-18,33.15,33.33,32.67,33.26,33.26,211793
2014-06-19,33.32,33.85,33.22,33.3,33.3,245803
2014-06-20,33.13,33.79,33.08,33.59,33.59,642187
2014-06-23,33.54,34.42,33.5101,34.18,34.18,580887
2014-06-24,34.18,34.35,33.16,33.23,33.23,487603
2014-06-25,33.02,33.3043,32.3573,33.02,33.02,610532
2014-06-26,35.37,38.05,34.6171,37.68,37.68,2236810
2014-06-27,37.53,38.33,36.76,36.79,36.79,1183120
2014-06-30,36.81,38.388,36.47,38.21,38.21,706789
2014-07-01,38.2,38.3999,36.63,37.99,37.99,879576
2014-07-02,37.87,38.1156,36.85,37.24,37.24,494455
2014-07-03,37.38,38.57,37.35,38.53,38.53,241158
2014-07-07,38.53,38.53,36.95,37.01,37.01,326723
2014-07-08,36.79,37,35.131,35.76,35.76,511410
2014-07-09,35.89,36.11,35.29,35.35,35.35,431742
2014-07-10,34.465,35.075,33.76,34.89,34.89,529683
2014-07-11,35.02,35.549,34.8,35.08,35.08,293418
2014-07-14,35.28,35.4126,34.643,34.96,34.96,321277
2014-07-15,34.95,34.98,34.03,34.27,34.27,278719
2014-07-16,34.4,34.99,33.83,33.97,33.97,232736
2014-07-17,33.75,34.22,32.94,33.03,33.03,250758
2014-07-18,33.16,34.33,33.1,33.92,33.92,247105
2014-07-21,33.67,33.79,33.16,33.58,33.58,145262
2014-07-22,33.83,34.36,33.58,33.82,33.82,193280
2014-07-23,33.88,34.195,33.29,33.32,33.32,194194
2014-07-24,33.49,34.15,33.22,33.43,33.43,306691
2014-07-25,33.12,33.17,32.29,32.64,32.64,283510
2014-07-28,32.65,32.8,31.85,32.56,32.56,258537
2014-07-29,32.62,33.34,32.44,32.88,32.88,245147
2014-07-30,33.17,33.53,32.74,32.9,32.9,317011
2014-07-31,32.5,32.59,31.55,31.98,31.98,316546
2014-08-01,31.98,32.099,30.98,31.3,31.3,284632
2014-08-04,31.38,31.71,31.1,31.51,31.51,170447
2014-08-05,31.3,32.02,31.15,31.6,31.6,268673
2014-08-06,31.34,32.47,31.28,32.05,32.05,171678
2014-08-07,32.25,33.16,31.92,31.93,31.93,236038
2014-08-08,32.01,33,31.7,32.64,32.64,207474
2014-08-11,32.78,33.24,32.55,32.59,32.59,171682
2014-08-12,32.5,32.7,31.75,31.98,31.98,175335
2014-08-13,32.1,32.677,32.01,32.54,32.54,118753
2014-08-14,32.59,32.67,32.33,32.49,32.49,68258
2014-08-15,32.78,33.17,32.31,32.73,32.73,187888
2014-08-18,33.06,33.46,32.965,33.28,33.28,186074
2014-08-19,33.4,33.43,32.87,33.33,33.33,181224
2014-08-20,33.25,33.26,32.81,32.97,32.97,136817
2014-08-21,32.89,33.35,32.65,33.33,33.33,167232
2014-08-22,33.3,33.84,32.86,33.32,33.32,182133
2014-08-25,33.58,34.0799,33.31,33.51,33.51,124335
2014-08-26,33.49,34.2,33.24,33.99,33.99,206169
2014-08-27,34.1,34.47,33.4,33.54,33.54,177364
2014-08-28,33.35,33.6718,33.15,33.19,33.19,104654
2014-08-29,33.28,33.83,33.22,33.72,33.72,170979
2014-09-02,33.8,35.13,33.8,34.81,34.81,268520
2014-09-03,34.97,34.98,33.99,34.26,34.26,535532
2014-09-04,39,40.29,37.1,39.72,39.72,1972706
2014-09-05,39.72,41.02,38.88,40.77,40.77,685228
2014-09-08,40.77,41.7699,40.24,41.13,41.13,745600
2014-09-09,41.07,41.14,38.581,39.36,39.36,878894
2014-09-10,39.42,40.25,39.42,39.97,39.97,499417
2014-09-11,39.88,40.86,39.52,40.84,40.84,532558
2014-09-12,41,41.428,40.65,40.67,40.67,617641
2014-09-15,40.77,40.77,39.66,40.03,40.03,452200
2014-09-16,39.98,41.66,39.67,41,41,499548
2014-09-17,41.13,41.3399,40.3,40.48,40.48,288035
2014-09-18,40.6,41.9,40.37,41.08,41.08,387153
2014-09-19,41.28,41.5559,39.71,40.2,40.2,839021
2014-09-22,40.2,40.36,39.08,39.16,39.16,378749
2014-09-23,39,39.33,38.455,38.57,38.57,395706
2014-09-24,38.76,39.31,38.57,39.03,39.03,368564
2014-09-25,39.01,39.114,37.7024,38.04,38.04,355858
2014-09-26,38.2,38.63,37.81,38.26,38.26,344986
2014-09-29,37.79,38.47,37.7005,38.11,38.11,248776
2014-09-30,38.17,38.45,36.51,36.87,36.87,567315
2014-10-01,36.68,37.01,35.88,36.05,36.05,398444
2014-10-02,35.97,36.73,35.74,36.5,36.5,468169
2014-10-03,36.92,37.71,36.51,37.03,37.03,359595
2014-10-06,37.4,38.3,37.1,37.61,37.61,458392
2014-10-07,37.56,37.87,37.2,37.22,37.22,456522
2014-10-08,37.2,37.31,35.82,36.97,36.97,518765
2014-10-09,36.83,37.15,36.31,36.42,36.42,444759
2014-10-10,36.18,36.28,34.71,34.74,34.74,431232
2014-10-13,34.91,34.99,33.0901,33.24,33.24,668603
2014-10-14,33.74,34.21,32.83,32.94,32.94,840454
2014-10-15,32.67,34.09,32.31,33.88,33.88,573601
2014-10-16,33.25,35.4,33.25,34.72,34.72,480380
2014-10-17,35.29,35.95,34.92,35.21,35.21,448641
2014-10-20,35.07,35.5261,34.785,35.44,35.44,380418
2014-10-21,35.65,36.59,35.46,36.41,36.41,398625
2014-10-22,36.44,36.88,35.6,35.69,35.69,296535
2014-10-23,36.26,37.965,36.16,37.49,37.49,373613
2014-10-24,37.64,37.85,36.81,37.22,37.22,221737
2014-10-27,36.99,37.47,36.3106,37.2,37.2,222053
2014-10-28,37.49,39.5532,37.42,39.42,39.42,335679
2014-10-29,39.52,39.599,38.356,39.1,39.1,314467
2014-10-30,38.79,39.98,38.53,39.52,39.52,270335
2014-10-31,40.39,40.7177,39.11,39.38,39.38,558543
2014-11-03,39.3,40.81,39.25,40.18,40.18,407458
2014-11-04,40.09,40.28,39.35,40.03,40.03,200338
2014-11-05,40.34,40.34,39.18,39.5,39.5,210560
2014-11-06,39.45,39.8903,39.45,39.82,39.82,150799
2014-11-07,39.9,39.9845,39.0503,39.59,39.59,264527
2014-11-10,39.64,40.28,39.64,40.15,40.15,209105
2014-11-11,40.17,40.3687,39.62,40.07,40.07,214466
2014-11-12,39.94,40.07,39.55,40,40,131632
2014-11-13,39.9,40.2499,39.066,39.26,39.26,176042
2014-11-14,39.33,39.33,38.645,38.9,38.9,326983
2014-11-17,38.9,39.08,38.17,38.27,38.27,222267
2014-11-18,38.29,39.04,38.29,38.74,38.74,180289
2014-11-19,38.71,38.71,37.5614,37.94,37.94,231258
2014-11-20,37.77,38.5,37.5,38.33,38.33,252729
2014-11-21,38.76,39.35,38.04,38.21,38.21,221312
2014-11-24,38.25,39.73,38.25,39.58,39.58,270506
2014-11-25,39.58,39.718,38.77,38.78,38.78,178425
2014-11-26,38.92,39.64,38.858,39.49,39.49,254876
2014-11-28,39.48,39.56,38.69,38.75,38.75,152188
2014-12-01,38.5,38.56,37.42,37.5,37.5,336768
2014-12-02,37.66,39.29,37.5,38.96,38.96,372532
2014-12-03,39.15,39.2,38.82,38.92,38.92,283511
2014-12-04,38.9,39.61,38.81,39.56,39.56,375582
2014-12-05,39.62,41.375,39.62,41.26,41.26,500730
2014-12-08,41.31,41.6,39.987,40.76,40.76,627275
2014-12-09,40.5,42.22,39.9,42.2,42.2,508046
2014-12-10,42.32,42.44,41.06,41.6,41.6,687644
2014-12-11,41.74,43,35.05,35.65,35.65,2745332
2014-12-12,35.44,36.7,32.8,34.66,34.66,1705703
2014-12-15,35.24,35.4,32.93,33.31,33.31,1058967
2014-12-16,33.25,34.41,32.96,32.98,32.98,784064
2014-12-17,33.16,34.19,32.91,33.94,33.94,757427
2014-12-18,34.94,35.54,34.34,35.05,35.05,835504
2014-12-19,35.1,35.3816,34.77,34.92,34.92,1105363
2014-12-22,34.97,35.75,34.97,35.61,35.61,382120
2014-12-23,35.78,36.275,35.71,36.06,36.06,344576
2014-12-24,36.1,36.92,36,36.68,36.68,245377
2014-12-26,36.82,37.04,36.45,36.72,36.72,296724
2014-12-29,36.72,36.92,36.4,36.6,36.6,333046
2014-12-30,36.43,36.85,36.4,36.56,36.56,224567
2014-12-31,36.66,36.92,36.38,36.51,36.51,332888
2015-01-02,36.67,36.9,36,36.26,36.26,282334
2015-01-05,36,36.44,36,36.11,36.11,581729
2015-01-06,36.11,36.21,34.92,35.51,35.51,767337
2015-01-07,35.75,36.18,35.5,36.17,36.17,294559
2015-01-08,36.52,37.38,36.21,37.18,37.18,428237
2015-01-09,37.14,37.14,36.71,36.98,36.98,286816
2015-01-12,36.9,36.95,36.3,36.5,36.5,228716
2015-01-13,36.85,37.56,35.99,36.47,36.47,334197
2015-01-14,35.86,36.26,35.47,36.16,36.16,205892
2015-01-15,36.17,36.24,35.1,35.56,35.56,383718
2015-01-16,35.38,36.39,35.35,36.28,36.28,219426
2015-01-20,36.27,36.27,35.145,35.23,35.23,416851
2015-01-21,35,35.24,34.56,34.97,34.97,366029
2015-01-22,35.28,36.11,34.67,35.97,35.97,214586
2015-01-23,35.9,36.62,35.8242,36.26,36.26,374691
2015-01-26,35.78,36.65,35.41,36.57,36.57,513667
2015-01-27,35.93,37,35.92,36.74,36.74,288191
2015-01-28,36.65,37.3,36.27,36.3,36.3,353814
2015-01-29,36.38,36.97,36.01,36.86,36.86,271223
2015-01-30,36.51,37,36.13,36.17,36.17,308641
2015-02-02,36.25,36.65,35.82,36.51,36.51,228118
2015-02-03,36.66,37.95,36.66,37.87,37.87,279532
2015-02-04,37.51,38.55,37.35,38.33,38.33,408439
2015-02-05,38.61,38.93,38.38,38.61,38.61,230841
2015-02-06,38.62,38.91,38.01,38.55,38.55,239995
2015-02-09,38.31,38.8,38.1,38.23,38.23,247509
2015-02-10,38.5,38.76,38.05,38.54,38.54,154186
2015-02-11,38.38,38.86,38.23,38.59,38.59,128227
2015-02-12,38.98,39.59,38.69,39.18,39.18,224136
2015-02-13,39.17,39.49,38.66,39.4,39.4,238795
2015-02-17,39.41,39.42,38.29,38.63,38.63,209584
2015-02-18,38.46,39.14,38.31,39.04,39.04,130731
2015-02-19,39.02,39.5,38.95,39.07,39.07,208911
2015-02-20,39.08,39.4,38.56,39.18,39.18,192259
2015-02-23,39.04,39.2412,38.26,39.16,39.16,230573
2015-02-24,39.26,39.36,38.79,39.26,39.26,172151
2015-02-25,39.24,39.57,38.76,39.44,39.44,161599
2015-02-26,39.44,40.34,39.38,39.49,39.49,245193
2015-02-27,39.51,39.7366,38.87,38.89,38.89,136109
2015-03-02,38.9,39.46,38.57,39.12,39.12,426426
2015-03-03,38.86,39.465,38.83,39.33,39.33,409229
2015-03-04,39.09,40.36,38.9,40.23,40.23,463449
2015-03-05,41.98,43.75,41.44,42.99,42.99,923557
2015-03-06,42.17,43.1699,42,42.69,42.69,587097
2015-03-09,42.75,44.73,42.75,44.36,44.36,616505
2015-03-10,43.82,44.23,43.51,43.99,43.99,491039
2015-03-11,44,44.85,43.9,44.32,44.32,486244
2015-03-12,44.35,45.42,44.17,44.82,44.82,647425
2015-03-13,44.95,45.11,44.17,44.29,44.29,729670
2015-03-16,44.7,44.87,44.02,44.49,44.49,446181
2015-03-17,44.37,45.39,44.36,45.28,45.28,319071
2015-03-18,45.27,45.995,45.04,45.67,45.67,321999
2015-03-19,45.62,45.63,45.15,45.34,45.34,229768
2015-03-20,45.59,45.87,45.5,45.57,45.57,404646
2015-03-23,45.58,46.1965,45.28,45.93,45.93,478824
2015-03-24,46.31,47.26,46.18,46.93,46.93,458737
2015-03-25,46.93,47.075,45.22,45.36,45.36,289991
2015-03-26,45.15,45.38,44.43,44.7,44.7,414591
2015-03-27,44.82,46.16,44.76,46,46,486285
2015-03-30,46.34,47.4069,46.34,46.95,46.95,359920
2015-03-31,46.75,47.28,46.34,47.04,47.04,378064
2015-04-01,47.04,47.29,46.45,46.99,46.99,274199
2015-04-02,47.05,47.29,46.7,46.91,46.91,248683
2015-04-06,46.78,47.1328,46.545,46.81,46.81,224061
2015-04-07,46.94,47.37,46.51,46.52,46.52,233044
2015-04-08,46.7,47.205,46.61,46.87,46.87,277891
2015-04-09,46.87,47.25,46.45,46.84,46.84,205255
2015-04-10,46.95,46.95,46.49,46.64,46.64,201038
2015-04-13,46.54,46.88,45.83,45.98,45.98,333009
2015-04-14,45.9,46.25,45.35,45.68,45.68,485850
2015-04-15,45.77,46.26,45.6,45.84,45.84,420928
2015-04-16,45.88,45.9,45.32,45.37,45.37,252573
2015-04-17,45.26,45.26,43.61,43.75,43.75,467170
2015-04-20,44.03,44.81,44.01,44.38,44.38,424957
2015-04-21,44.53,44.8925,43.82,43.91,43.91,399749
2015-04-22,43.99,44.86,43.72,44.65,44.65,265555
2015-04-23,44.52,44.74,44.05,44.61,44.61,162570
2015-04-24,44.75,44.8,43.88,44.14,44.14,229575
2015-04-27,44.54,45.57,44.51,45.12,45.12,462292
2015-04-28,45.2,45.81,44.2601,44.54,44.54,510490
2015-04-29,44.42,45.19,44.42,44.59,44.59,260970
2015-04-30,44.39,44.42,42.08,42.46,42.46,476307
2015-05-01,42.58,43.77,42.58,43.59,43.59,349674
2015-05-04,44.25,45.73,44.25,45.22,45.22,537715
2015-05-05,45.52,45.52,44.16,44.36,44.36,310695
2015-05-06,44.63,44.8,44.02,44.52,44.52,407138
2015-05-07,44.54,44.98,44.22,44.54,44.54,267509
2015-05-08,45,45.53,44.7854,45.27,45.27,296255
2015-05-11,45.8,46.775,45.7,46.26,46.26,488121
2015-05-12,46,46.26,45,45.9,45.9,279093
2015-05-13,45.97,46.42,45.83,46.33,46.33,276341
2015-05-14,46.76,47.2,46.35,47.17,47.17,316800
2015-05-15,47.09,47.21,46.52,46.72,46.72,215325
2015-05-18,46.72,47.985,46.56,47.6,47.6,465387
2015-05-19,47.6,47.7597,47.03,47.46,47.46,286178
2015-05-20,47.46,47.57,47.07,47.32,47.32,254913
2015-05-21,47.21,47.73,47.0306,47.37,47.37,218909
2015-05-22,47.33,47.58,47.0841,47.35,47.35,230625
2015-05-26,47.15,47.24,46.13,46.5,46.5,333302
2015-05-27,46.44,47.31,46.12,47.07,47.07,388788
2015-05-28,47.03,47.368,46.88,47.15,47.15,166743
2015-05-29,47,47.32,46.22,46.93,46.93,248181
2015-06-01,47.19,47.69,46.57,47.33,47.33,276632
2015-06-02,47.22,47.7,46.97,47.28,47.28,253341
2015-06-03,47.51,49,47.3,48.61,48.61,357883
2015-06-04,48.18,48.52,47.37,47.56,47.56,206579
2015-06-05,47.33,48.21,46.788,48.07,48.07,319783
2015-06-08,48.08,48.89,46.87,47.23,47.23,0
2015-06-09,47.09,47.5,46.5822,47.38,47.38,0
2015-06-10,47.41,48.77,47.37,47.88,47.88,358325
2015-06-11,47.93,48.3099,47.23,47.36,47.36,274415
2015-06-12,47.2,47.97,46.92,47.82,47.82,163750
2015-06-15,47.51,48.02,47.06,47.71,47.71,215789
2015-06-16,46.4,46.75,43.05,43.45,43.45,1182382
2015-06-17,43.62,44.65,43.52,43.9,43.9,719446
2015-06-18,43.85,44.278,43.35,43.78,43.78,619231
2015-06-19,43.9,43.9999,43.05,43.1,43.1,947738
2015-06-22,43.5,43.64,42.56,42.64,42.64,578183
2015-06-23,42.77,43.39,42.641,43.29,43.29,782939
2015-06-24,43.28,43.47,42.88,43.07,43.07,907962
2015-06-25,31.8,31.8,28.65,31.38,31.38,8272474
2015-06-26,31.26,32.36,29.33,30.4,30.4,3463352
2015-06-29,30.04,30.2,27.68,27.79,27.79,2150412
2015-06-30,28.01,28.25,27.16,27.45,27.45,1567809
2015-07-01,27.57,27.8899,27.19,27.34,27.34,1171359
2015-07-02,27.3,27.8347,27.15,27.4,27.4,644304
2015-07-06,26.89,27.17,26.1301,26.77,26.77,867820
2015-07-07,26.99,26.99,25.74,26.84,26.84,721435
2015-07-08,26.49,26.5699,25.66,25.85,25.85,843763
2015-07-09,26.1,26.23,25.37,25.38,25.38,662221
2015-07-10,25.66,26.29,25.49,26.2,26.2,543548
2015-07-13,26.26,26.79,25.9728,26.69,26.69,904428
2015-07-14,26.61,27.13,26.38,27.1,27.1,1253409
2015-07-15,27.05,27.05,26.42,26.75,26.75,779746
2015-07-16,27,27.85,26.91,27.28,27.28,1121611
2015-07-17,27.17,27.19,26.5,26.68,26.68,405177
2015-07-20,26.69,26.69,26.04,26.1,26.1,505161
2015-07-21,26.22,26.6,26,26.01,26.01,373178
2015-07-22,25.92,26.4,25.6,26.2,26.2,382665
2015-07-23,26.35,26.61,26.12,26.16,26.16,420819
2015-07-24,26.14,26.39,25.51,25.62,25.62,458232
2015-07-27,25.42,26.02,25.01,25.54,25.54,443279
2015-07-28,25.7,26.52,25.17,26.51,26.51,462098
2015-07-29,26.05,26.93,26.05,26.73,26.73,321155
2015-07-30,26.73,27.19,26.61,27.1,27.1,362486
2015-07-31,27.15,27.37,26.7,26.83,26.83,479720
2015-08-03,26.75,27,26.18,26.47,26.47,366136
2015-08-04,26.54,26.57,26.14,26.47,26.47,336269
2015-08-05,26.76,26.99,26.28,26.43,26.43,381679
2015-08-06,26.53,26.89,26.082,26.78,26.78,530708
2015-08-07,26.52,27.11,26.4,26.93,26.93,409480
2015-08-10,27.11,27.4,26.78,27.23,27.23,626634
2015-08-11,27.04,27.27,26.76,27.07,27.07,321782
2015-08-12,27.04,27.35,26.28,27.18,27.18,467748
2015-08-13,27.15,27.39,26.84,27,27,249553
2015-08-14,26.99,27.08,26.6345,27.01,27.01,306817
2015-08-17,27.01,27.28,26.67,27.24,27.24,436631
2015-08-18,27.28,27.36,26.74,26.83,26.83,216070
2015-08-19,26.75,27.175,26.3851,27.04,27.04,459783
2015-08-20,26.81,26.94,25.97,26.05,26.05,362404
2015-08-21,25.59,25.83,25.03,25.2,25.2,482369
2015-08-24,23.22,25.4,22.67,24.27,24.27,586161
2015-08-25,25.04,25.09,23.96,23.97,23.97,298076
2015-08-26,24.67,25.25,24.13,25.12,25.12,358537
2015-08-27,25.42,27.15,25.134,26.67,26.67,874556
2015-08-28,26.55,26.96,26.38,26.75,26.75,251527
2015-08-31,26.72,27.12,26.14,26.57,26.57,279869
2015-09-01,25.95,26.42,25.67,25.97,25.97,434903
2015-09-02,26.46,27.71,26.27,27.39,27.39,617215
2015-09-03,30.26,33.95,30.15,32.82,32.82,4542959
2015-09-04,33.21,33.28,31.69,32.12,32.12,1071039
2015-09-08,32.8,33.1,32.36,32.55,32.55,783907
2015-09-09,32.79,33.11,31.621,31.67,31.67,562875
2015-09-10,31.69,32.54,31.43,32.11,32.11,402839
2015-09-11,31.85,32.41,31.76,32.32,32.32,348624
2015-09-14,32.51,32.52,31.82,32.04,32.04,456029
2015-09-15,32.22,32.73,32.04,32.67,32.67,299100
2015-09-16,32.7,32.92,32.3,32.9,32.9,432779
2015-09-17,32.65,33.49,32.48,32.75,32.75,264589
2015-09-18,32.33,33.13,32.12,32.9,32.9,588346
2015-09-21,33.19,33.19,32.23,32.8,32.8,390849
2015-09-22,32.31,32.73,31.75,31.99,31.99,433585
2015-09-23,32.14,32.17,31.6,31.89,31.89,293692
2015-09-24,31.48,32.2104,31.103,32.03,32.03,401524
2015-09-25,32.44,32.502,31.6672,32.17,32.17,536049
2015-09-28,32.07,32.07,31.23,31.39,31.39,436760
2015-09-29,31.47,31.6899,31.08,31.57,31.57,360950
2015-09-30,32.01,32.27,31.49,31.9,31.9,544234
2015-10-01,32.18,32.38,31.25,31.99,31.99,434309
2015-10-02,31.62,32.49,31.421,32.46,32.46,351506
2015-10-05,32.73,33.44,32.6,33.15,33.15,437800
2015-10-06,33.07,33.6,33.01,33.25,33.25,484533
2015-10-07,33.61,34.02,33.18,33.78,33.78,482693
2015-10-08,33.73,33.98,33.3,33.95,33.95,291815
2015-10-09,34.01,34.18,33.51,33.7,33.7,314669
2015-10-12,33.82,33.82,33.4,33.76,33.76,326669
2015-10-13,33.64,34.17,33.39,33.89,33.89,380709
2015-10-14,33.52,33.88,33.06,33.26,33.26,327427
2015-10-15,33.33,33.77,33.0601,33.75,33.75,313879
2015-10-16,33.77,33.87,33.23,33.69,33.69,223426
2015-10-19,33.53,33.672,33.0616,33.52,33.52,258395
2015-10-20,33.4,33.81,33.23,33.54,33.54,141962
2015-10-21,33.68,33.74,32.57,32.59,32.59,153825
2015-10-22,32.81,33.69,32.67,33.66,33.66,283544
2015-10-23,33.9,34.17,33.6,34.06,34.06,197579
2015-10-26,33.89,33.92,32.982,33.05,33.05,287270
2015-10-27,32.79,33.2,31.69,32.74,32.74,236511
2015-10-28,32.9,34,32.83,34,34,154125
2015-10-29,33.9,33.9,32.85,33,33,192030
2015-10-30,32.98,33.49,32.81,33.33,33.33,211036
2015-11-02,33.47,35.19,33.42,34.84,34.84,372747
2015-11-03,34.68,34.98,34.38,34.7,34.7,249256
2015-11-04,34.86,35.11,34.4,34.9,34.9,126615
2015-11-05,34.84,35.15,34.5,34.93,34.93,133425
2015-11-06,34.81,35.66,34.81,35.61,35.61,176972
2015-11-09,35.52,35.52,33.8,34.14,34.14,313165
2015-11-10,34,34.78,33.63,34.61,34.61,272738
2015-11-11,34.67,34.96,34.389,34.6,34.6,157572
2015-11-12,34.5,34.63,34.21,34.49,34.49,209803
2015-11-13,34.25,34.44,33.32,33.35,33.35,256159
2015-11-16,33.43,34.21,33.33,34.19,34.19,156105
2015-11-17,34.19,34.23,33.02,33.2,33.2,241929
2015-11-18,33.35,34.24,33.03,34.1,34.1,225452
2015-11-19,34.02,34.34,33.81,34.09,34.09,168867
2015-11-20,34.34,34.635,34,34.53,34.53,217921
2015-11-23,34.57,35.56,34.5,35.46,35.46,204134
2015-11-24,35.24,35.71,34.91,35.71,35.71,198385
2015-11-25,35.63,36.37,35.46,36.08,36.08,162902
2015-11-27,36.22,36.4,35.8701,36.24,36.24,95064
2015-11-30,36.29,36.44,35.8803,36.08,36.08,180590
2015-12-01,36.35,37.25,36.28,37.04,37.04,335728
2015-12-02,36.93,36.95,35.86,35.93,35.93,272055
2015-12-03,36,36.66,35.2,35.3,35.3,218492
2015-12-04,35.34,35.9,35.34,35.65,35.65,288385
2015-12-07,35.57,35.61,35.08,35.25,35.25,186718
2015-12-08,34.72,35.48,34.05,35.16,35.16,196840
2015-12-09,35.24,35.47,33.575,34.05,34.05,381479
2015-12-10,29.87,32,26.26,30.55,30.55,2140733
2015-12-11,30.03,31.62,30,31.33,31.33,942748
2015-12-14,31.33,31.58,30.85,31.52,31.52,412934
2015-12-15,31.75,32.14,31.4,31.6,31.6,400388
2015-12-16,32.02,32.56,31.74,32.48,32.48,385700
2015-12-17,32.56,32.69,31.82,31.83,31.83,346291
2015-12-18,31.62,32.12,31.28,31.49,31.49,581155
2015-12-21,31.84,32.265,31.46,31.74,31.74,346090
2015-12-22,31.87,32.67,31.79,32.54,32.54,270478
2015-12-23,32.84,33.52,32.76,33.2,33.2,278747
2015-12-24,33.28,33.67,33.11,33.37,33.37,88746
2015-12-28,33.27,33.27,32.27,32.52,32.52,253766
2015-12-29,32.7,32.8,32.29,32.52,32.52,209067
2015-12-30,32.61,32.66,31.82,31.97,31.97,241442
2015-12-31,31.89,32.13,31.43,31.83,31.83,290430
2016-01-04,31.14,31.59,31.05,31.25,31.25,506892
2016-01-05,31.25,31.42,30.47,30.51,30.51,426708
2016-01-06,30,30.295,29.98,30.1,30.1,329398
2016-01-07,29.62,29.855,28.6,28.62,28.62,371784
2016-01-08,29,29.435,27.63,27.68,27.68,499994
2016-01-11,27.8,27.84,26.78,27.26,27.26,612505
2016-01-12,27.67,27.9,26.4,27.16,27.16,492805
2016-01-13,27.16,27.37,25.84,25.93,25.93,268957
2016-01-14,25.96,26.5,25.1,25.88,25.88,381678
2016-01-15,25.05,25.22,24.12,25.04,25.04,357785
2016-01-19,25.28,25.53,24.26,24.8,24.8,376045
2016-01-20,24.36,25.58,23.83,25.24,25.24,377531
2016-01-21,25.36,25.68,24.91,25.07,25.07,287368
2016-01-22,25.44,25.85,25.18,25.63,25.63,223050
2016-01-25,25.58,25.59,25.01,25.09,25.09,170804
2016-01-26,25.24,25.85,25.1,25.67,25.67,243673
2016-01-27,25.45,25.89,25.13,25.29,25.29,267967
2016-01-28,25.57,25.69,25.005,25.13,25.13,246343
2016-01-29,25.22,26.07,25.22,26.06,26.06,336515
2016-02-01,25.88,26.4,25.14,26.22,26.22,215998
2016-02-02,25.87,25.87,24.995,25.03,25.03,171019
2016-02-03,25.3,25.33,24.5,25.06,25.06,138134
2016-02-04,25.06,25.79,25.04,25.47,25.47,118554
2016-02-05,25.33,25.41,24.8,25,25,281019
2016-02-08,24.64,25.25,24.38,25.15,25.15,194730
2016-02-09,24.74,25.5258,24.74,25.14,25.14,180040
2016-02-10,25.39,26.06,25.39,25.74,25.74,218160
2016-02-11,25.26,25.77,24.74,25.62,25.62,241359
2016-02-12,25.85,26.35,25.7315,26.18,26.18,196730
2016-02-16,26.5,26.84,26.26,26.78,26.78,162490
2016-02-17,26.94,27.36,26.7,27.16,27.16,201439
2016-02-18,27.27,27.71,26.85,27.08,27.08,229339
2016-02-19,27,27.3,26.6,27.07,27.07,228290
2016-02-22,27.33,28.46,27.33,27.95,27.95,267991
2016-02-23,27.86,27.94,27.29,27.31,27.31,183325
2016-02-24,27.07,27.87,26.77,27.81,27.81,118473
2016-02-25,27.81,27.93,27.22,27.91,27.91,92694
2016-02-26,28.02,28.43,27.77,28.4,28.4,162488
2016-02-29,28.51,28.91,28.32,28.57,28.57,208041
2016-03-01,28.79,29.62,28.79,29.34,29.34,447660
2016-03-02,29.16,29.56,27.91,28.52,28.52,518169
2016-03-03,27.32,28.53,26.91,27.98,27.98,537592
2016-03-04,28.03,29.18,27.805,28.16,28.16,459624
2016-03-07,28.06,28.62,27.94,28.52,28.52,282771
2016-03-08,28.28,28.54,27.68,27.91,27.91,397046
2016-03-09,28.03,28.15,27.589,27.87,27.87,169114
2016-03-10,28.06,28.375,27.22,27.37,27.37,126000
2016-03-11,27.7,28.33,27.53,28.3,28.3,125453
2016-03-14,28.12,28.32,27.77,27.95,27.95,124012
2016-03-15,27.85,27.89,27.33,27.6,27.6,192830
2016-03-16,27.51,27.83,27.33,27.66,27.66,172454
2016-03-17,27.63,28.55,27.42,28.43,28.43,275092
2016-03-18,28.55,28.99,28.34,28.54,28.54,625908
2016-03-21,28.76,29.63,28.73,29.28,29.28,361236
2016-03-22,29.18,29.18,28.46,28.53,28.53,170383
2016-03-23,28.56,28.6,27.63,27.68,27.68,202407
2016-03-24,27.5,27.72,27.09,27.6,27.6,154871
2016-03-28,27.68,27.7,27.12,27.23,27.23,185239
2016-03-29,27.09,28.03,27.04,27.91,27.91,494876
2016-03-30,28.1,29.4,28.1,29.25,29.25,244568
2016-03-31,29.24,29.44,28.72,29.24,29.24,294853
2016-04-01,28.99,28.99,27.88,27.93,27.93,177104
2016-04-04,27.96,28.07,27.37,27.55,27.55,222273
2016-04-05,27.41,27.75,27.2,27.34,27.34,180970
2016-04-06,27.36,27.96,27.1,27.91,27.91,172700
2016-04-07,27.75,27.9,27.17,27.33,27.33,223642
2016-04-08,27.55,28.11,27.46,28.1,28.1,357343
2016-04-11,28.25,28.7099,28.02,28.02,28.02,216420
2016-04-12,28.11,28.54,28.06,28.43,28.43,229230
2016-04-13,28.52,29.09,28.38,29.09,29.09,404238
2016-04-14,28.97,29.07,28.04,28.2,28.2,219138
2016-04-15,28.19,28.77,27.62,28.72,28.72,325151
2016-04-18,28.64,29.02,28.38,29.02,29.02,199548
2016-04-19,29.13,29.54,29.06,29.51,29.51,275335
2016-04-20,29.55,30.22,29.51,30.05,30.05,343086
2016-04-21,30.09,30.31,29.33,29.34,29.34,342801
2016-04-22,29.25,31.24,29.1,31.2,31.2,413042
2016-04-25,31.03,31.07,30.44,30.69,30.69,376987
2016-04-26,30.93,31.57,30.75,31.48,31.48,247369
2016-04-27,31.41,31.57,31.2801,31.41,31.41,218303
2016-04-28,31.26,31.26,30.34,30.4,30.4,186347
2016-04-29,30.36,30.36,29.53,29.73,29.73,210744
2016-05-02,29.76,30.11,29.5301,30.05,30.05,207048
2016-05-03,29.82,30.06,29.38,29.91,29.91,163368
2016-05-04,29.75,30.52,29.68,29.74,29.74,322969
2016-05-05,29.88,30.1199,28.8801,28.96,28.96,170115
2016-05-06,28.9,29.32,28.6701,29.31,29.31,146422
2016-05-09,29.31,29.55,29.06,29.28,29.28,175307
2016-05-10,29.44,29.74,29.27,29.54,29.54,160270
2016-05-11,29.41,29.86,29.24,29.25,29.25,121420
2016-05-12,29.43,29.64,28.1305,28.62,28.62,259187
2016-05-13,28.54,28.82,28.09,28.09,28.09,118010
2016-05-16,28.19,28.73,28.19,28.35,28.35,136209
2016-05-17,28.3,28.62,28.03,28.17,28.17,260562
2016-05-18,28.06,28.315,27.71,28.02,28.02,199690
2016-05-19,27.85,28.0999,27.13,27.38,27.38,190209
2016-05-20,27.55,28.09,27.35,28.06,28.06,166239
2016-05-23,28.1,28.39,28,28.21,28.21,194791
2016-05-24,28.4,29.44,28.4,29.32,29.32,247845
2016-05-25,29.38,29.88,29.36,29.83,29.83,181940
2016-05-26,29.85,30.04,29.71,29.77,29.77,175505
2016-05-27,29.8,30.04,29.56,29.89,29.89,119998
2016-05-31,29.89,29.89,29.29,29.51,29.51,211491
2016-06-01,29.32,29.63,29.15,29.53,29.53,199249
2016-06-02,29.42,29.54,29.2,29.48,29.48,192206
2016-06-03,29.45,29.45,28.97,29.15,29.15,106453
2016-06-06,29.2,29.54,29.02,29.36,29.36,197586
2016-06-07,29.39,29.47,29.07,29.2,29.2,224827
2016-06-08,29.22,30.04,29.07,29.91,29.91,386922
2016-06-09,29.69,30.19,28.86,29.19,29.19,426903
2016-06-10,28.82,28.91,28.3,28.41,28.41,225535
2016-06-13,28.35,28.49,27.93,28.02,28.02,173865
2016-06-14,27.94,28.36,27.88,28.27,28.27,205810
2016-06-15,28.48,28.8,28.235,28.44,28.44,172499
2016-06-16,28.19,28.7,28.04,28.64,28.64,217939
2016-06-17,28.75,29.05,28.39,28.78,28.78,441952
2016-06-20,29.25,29.43,28.95,29.05,29.05,211676
2016-06-21,29.08,29.25,28.16,28.45,28.45,356491
2016-06-22,29.33,30.62,29,30.14,30.14,686197
2016-06-23,29.16,32.43,28.48,31.98,31.98,1281722
2016-06-24,32.04,33.68,31.16,31.94,31.94,843290
2016-06-27,31.59,31.68,30.46,30.64,30.64,369318
2016-06-28,30.99,32.24,30.75,32.14,32.14,422250
2016-06-29,32.75,33.06,32.29,32.97,32.97,535356
2016-06-30,33,34.24,32.82,34.23,34.23,421702
2016-07-01,34.1,34.64,33.98,34.52,34.52,371407
2016-07-05,34.3,34.4,33.35,33.58,33.58,190547
2016-07-06,33.42,33.7,33.07,33.31,33.31,279127
2016-07-07,33.52,33.69,32.81,33.33,33.33,441685
2016-07-08,33.74,34.19,33.69,34.05,34.05,415937
2016-07-11,34.15,34.43,33.96,34.1,34.1,356956
2016-07-12,34.55,34.77,34.24,34.29,34.29,377535
2016-07-13,34.31,34.47,33.95,34.19,34.19,272964
2016-07-14,34.69,34.81,33.96,34,34,201121
2016-07-15,34.28,34.55,34,34.19,34.19,170396
2016-07-18,33.51,34.58,33.51,34.19,34.19,133202
2016-07-19,34.05,34.39,33.7,33.88,33.88,185942
2016-07-20,33.91,34.59,33.83,34.57,34.57,207657
2016-07-21,33.8,35.09,33.8,34.65,34.65,325565
2016-07-22,34.57,34.91,34.46,34.73,34.73,142244
2016-07-25,34.79,35.04,34.63,34.9,34.9,162195
2016-07-26,34.85,35.1,34.52,34.74,34.74,185114
2016-07-27,34.93,35.91,34.93,35.62,35.62,264949
2016-07-28,35.51,35.69,34.73,34.9,34.9,236321
2016-07-29,34.84,35.16,34.527,35.03,35.03,330530
2016-08-01,35.03,35.4,34.81,35.35,35.35,241995
2016-08-02,35.35,35.54,34.54,34.76,34.76,634287
2016-08-03,34.7,35.24,34.69,34.96,34.96,192743
2016-08-04,34.93,35.39,34.79,34.95,34.95,187162
2016-08-05,35.25,35.73,34.93,35.52,35.52,217199
2016-08-08,35.76,36.31,35.55,35.91,35.91,187875
2016-08-09,35.8,36.37,35.76,36.29,36.29,278108
2016-08-10,36.28,36.28,35.5,35.8,35.8,145935
2016-08-11,35.91,36.07,35.79,35.92,35.92,125874
2016-08-12,35.93,35.98,35.63,35.9,35.9,114029
2016-08-15,35.93,36.33,35.93,36.21,36.21,129519
2016-08-16,36.08,36.2,35.95,36.06,36.06,133792
2016-08-17,35.99,36.38,35.71,36.16,36.16,137494
2016-08-18,36.27,36.41,36.04,36.27,36.27,153563
2016-08-19,36.24,36.84,36.1,36.74,36.74,147927
2016-08-22,36.73,36.88,36.04,36.49,36.49,162615
2016-08-23,36.61,36.95,36.49,36.69,36.69,205801
2016-08-24,36.8,37,36.56,37,37,138752
2016-08-25,36.95,37.11,36.76,36.94,36.94,183383
2016-08-26,37.07,37.11,36.62,36.88,36.88,264705
2016-08-29,37.08,37.1,36.75,36.78,36.78,210753
2016-08-30,36.83,36.97,36.34,36.71,36.71,288226
2016-08-31,36.58,36.8399,36.23,36.65,36.65,313897
2016-09-01,36.08,36.85,33.7,34.03,34.03,627561
2016-09-02,33.6,35.3,33.19,35.3,35.3,431011
2016-09-06,35.3,35.72,35.11,35.61,35.61,450837
2016-09-07,35.69,36.2,35.525,35.71,35.71,329383
2016-09-08,35.55,35.9,35.48,35.63,35.63,135361
2016-09-09,35.26,35.41,34.33,34.33,34.33,214395
2016-09-12,34.07,34.84,33.731,34.8,34.8,156801
2016-09-13,34.44,34.92,33.98,34.26,34.26,167352
2016-09-14,34.27,34.44,34,34.09,34.09,133189
2016-09-15,34.16,34.84,34.12,34.7,34.7,128519
2016-09-16,34.44,34.67,34.31,34.39,34.39,185551
2016-09-19,34.71,35.24,34.37,34.45,34.45,207827
2016-09-20,34.68,34.75,34.2599,34.29,34.29,132016
2016-09-21,34.68,35.14,34.59,35.07,35.07,216148
2016-09-22,35.33,35.46,34.94,35.18,35.18,194082
2016-09-23,35.11,35.24,34.88,34.93,34.93,283108
2016-09-26,34.73,35.2,34.67,34.96,34.96,191789
2016-09-27,34.89,35.43,34.78,35.21,35.21,173101
2016-09-28,35.4,35.76,34.98,35.41,35.41,235206
2016-09-29,35.24,35.31,34.29,34.35,34.35,225716
2016-09-30,34.57,35.17,34.405,34.97,34.97,253643
2016-10-03,34.9,35.28,34.68,35.28,35.28,222036
2016-10-04,35.4,35.83,35.11,35.33,35.33,165812
2016-10-05,35.6,35.94,35.37,35.74,35.74,82876
2016-10-06,35.52,36,35.42,35.85,35.85,137927
2016-10-07,35.85,35.85,35.19,35.31,35.31,118212
2016-10-10,35.6,36,35.6,35.69,35.69,114012
2016-10-11,35.8,35.8,34.85,34.95,34.95,136802
2016-10-12,34.8,35.3,34.7,34.95,34.95,90158
2016-10-13,34.95,34.95,34.25,34.5,34.5,196500
2016-10-14,34.75,35.35,34.75,35.1,35.1,132650
2016-10-17,35.1,35.25,34.8,34.85,34.85,135057
2016-10-18,35.25,35.25,31.925,32.1,32.1,459215
2016-10-19,32.1,32.5,31.8,32.1,32.1,219082
2016-10-20,31.95,32,31.3,31.6,31.6,177132
2016-10-21,31.3,32.2,31.3,31.8,31.8,170245
2016-10-24,32.1,33.15,32.1,32.85,32.85,235392
2016-10-25,32.7,32.7,31.65,31.85,31.85,161981
2016-10-26,31.75,32.1,31.3,31.65,31.65,139743
2016-10-27,31.85,31.85,30.55,30.7,30.7,225388
2016-10-28,30.4,31.15,29.85,30.4,30.4,311573
2016-10-31,30.55,31.25,30.25,31.2,31.2,181343
2016-11-01,31.3,31.425,30.75,31.2,31.2,202716
2016-11-02,31.25,32.1,31,31.25,31.25,281363
2016-11-03,31.3,32.4,31.3,32.1,32.1,169937
2016-11-04,32.05,33.15,32.05,32.35,32.35,222524
2016-11-07,33,33.35,32.45,32.9,32.9,283527
2016-11-08,32.55,33.35,32.35,32.95,32.95,169260
2016-11-09,32.6,33.75,32.35,33.4,33.4,374063
2016-11-10,33.8,35.3,33.3,34.15,34.15,374395
2016-11-11,34.25,34.85,34,34.85,34.85,421506
2016-11-14,35.25,36,35,36,36,222601
2016-11-15,35.8,36.25,35.5,36.15,36.15,223772
2016-11-16,36.15,36.25,35.75,35.95,35.95,152716
2016-11-17,36.15,36.55,35.95,36.35,36.35,149868
2016-11-18,36.35,36.8,35.95,36.75,36.75,133517
2016-11-21,36.9,37.05,35.75,37,37,171190
2016-11-22,37,37.15,35.8,36.9,36.9,224419
2016-11-23,36.8,38,36.75,38,38,195868
2016-11-25,37.95,38.4,37.85,38.15,38.15,76973
2016-11-28,38.2,38.45,38,38.2,38.2,136925
2016-11-29,38.15,38.3,37.15,37.3,37.3,250246
2016-11-30,37.6,37.8,36.75,36.95,36.95,258669
2016-12-01,37.05,38.2,36.75,37.3,37.3,259700
2016-12-02,37.15,37.4,36.25,36.95,36.95,238814
2016-12-05,37.35,38.15,37.3,37.9,37.9,223616
2016-12-06,37.95,38.675,37.8,38.55,38.55,187213
2016-12-07,38.6,39.1,37.9,39,39,327839
2016-12-08,41.65,44.05,39.35,42.55,42.55,981430
2016-12-09,42.8,42.8,41.7,42.6,42.6,444631
2016-12-12,42.55,42.55,41.7,42.45,42.45,443915
2016-12-13,42.55,42.9,42.2,42.65,42.65,251941
2016-12-14,42.55,42.9,42.25,42.6,42.6,271114
2016-12-15,42.55,42.9,41.35,42.75,42.75,338783
2016-12-16,42.65,42.75,41.75,42.05,42.05,904912
2016-12-19,42.25,43,41.85,42.65,42.65,409688
2016-12-20,42.75,43,42.4,42.7,42.7,193179
2016-12-21,42.75,43,42.4,42.55,42.55,260216
2016-12-22,42.75,42.75,42,42.35,42.35,210072
2016-12-23,42.4,42.45,42.05,42.35,42.35,114776
2016-12-27,42.45,42.85,42.45,42.65,42.65,148692
2016-12-28,42.75,42.75,41.5,41.7,41.7,218099
2016-12-29,41.8,42,41.25,41.95,41.95,154427
2016-12-30,42.2,42.2,41.05,41.35,41.35,149108
2017-01-03,41.8,41.8,41,41.3,41.3,182948
2017-01-04,41.5,42.55,41.3,42.29,42.29,336584
2017-01-05,42.35,42.5,41.2,41.35,41.35,222229
2017-01-06,41.5,41.9,40.9,41.05,41.05,264180
2017-01-09,40.85,40.85,40.1,40.2,40.2,248454
2017-01-10,40.45,41.35,40.35,40.85,40.85,258668
2017-01-11,40.95,40.95,40.4,40.85,40.85,216235
2017-01-12,40.75,41.25,40.25,41.25,41.25,323665
2017-01-13,41.35,41.9,41.15,41.2,41.2,153152
2017-01-17,41.05,41.05,40,40.05,40.05,146593
2017-01-18,40.3,40.95,40.05,40.75,40.75,243690
2017-01-19,40.95,41.65,40.6001,40.75,40.75,138901
2017-01-20,40.95,41.35,40.7,40.95,40.95,109827
2017-01-23,40.8,41.1,40.5,40.95,40.95,102340
2017-01-24,41.2,42.2,41.2,41.85,41.85,198009
2017-01-25,41.9,42.35,41.7,42.1,42.1,149359
2017-01-26,42.15,42.55,41.45,42.2,42.2,197653
2017-01-27,42.2,42.55,41.75,42.2,42.2,158877
2017-01-30,41.9,42.075,40.75,41.6,41.6,182836
2017-01-31,41.5,42.2,41.2,42.05,42.05,199439
2017-02-01,42.15,42.7,41.7,42.25,42.25,197491
2017-02-02,42,42.05,41,41.3,41.3,132418
2017-02-03,41.55,42.1,41.15,42.05,42.05,108503
2017-02-06,42,42,41.15,41.4,41.4,98669
2017-02-07,41.55,42.15,41.5,41.65,41.65,133921
2017-02-08,41.6,41.65,40.85,41.05,41.05,90326
2017-02-09,41.1,42.0903,41.05,41.9,41.9,114023
2017-02-10,42.1,42.1,41.45,41.8,41.8,98850
2017-02-13,42.15,42.5,41.85,42.3,42.3,125101
2017-02-14,42.1,42.211,41.8,42.2,42.2,91163
2017-02-15,42.05,42.5,42,42.45,42.45,74630
2017-02-16,42.3,42.5,41.75,42.25,42.25,150395
2017-02-17,42.2,42.35,41.85,42.2,42.2,119613
2017-02-21,42.25,43,42,42.7,42.7,163568
2017-02-22,42.55,42.65,41.85,42.3,42.3,77245
2017-02-23,42.4,42.45,41.4,41.95,41.95,113673
2017-02-24,41.6,42.2,41.6,42.2,42.2,107541
2017-02-27,42,42.55,41.75,42.3,42.3,383651
2017-02-28,41.95,42.05,41.35,41.5,41.5,200188
2017-03-01,42.25,43.75,42.25,43.35,43.35,373288
2017-03-02,43.45,45.95,43.05,44.3,44.3,434060
2017-03-03,44.65,44.9,44.2,44.5,44.5,242448
2017-03-06,44.35,44.8,43.95,44.05,44.05,212487
2017-03-07,43.95,44.4,43.7,43.7,43.7,173510
2017-03-08,44.05,44.1,43.5,43.55,43.55,129490
2017-03-09,43.5,43.75,42.55,42.8,42.8,202088
2017-03-10,43,43.2,42.7,42.85,42.85,138308
2017-03-13,42.9,43.84,42.9,43.45,43.45,193394
2017-03-14,43.15,44.175,42.9,44.1,44.1,162131
2017-03-15,44.35,45.3,44.25,45.05,45.05,308300
2017-03-16,45.4,45.6,45.05,45.5,45.5,254643
2017-03-17,45.5,46.35,45.45,46.3,46.3,380314
2017-03-20,46.35,46.4,45.3,45.45,45.45,185115
2017-03-21,45.8,45.8,43.45,43.5,43.5,206927
2017-03-22,43.5,43.8,42.9,43.55,43.55,186762
2017-03-23,43.4,44.061,43.15,43.85,43.85,261042
2017-03-24,44,44.8,43.75,44.5,44.5,185980
2017-03-27,43.95,44.35,43.1,44.25,44.25,199426
2017-03-28,44.15,44.6,44,44.55,44.55,138844
2017-03-29,44.65,45.25,44.45,45.2,45.2,229369
2017-03-30,45.35,45.95,45.35,45.65,45.65,202752
2017-03-31,45.65,46.15,45.25,45.6,45.6,270240
2017-04-03,45.7,45.95,43.6,43.65,43.65,286679
2017-04-04,43.7,44.4,43.7,44.35,44.35,258181
2017-04-05,44.95,44.95,43.15,43.25,43.25,214470
2017-04-06,43.4,43.9,42.901,43.8,43.8,175596
2017-04-07,43.7,44.1,43.5,43.85,43.85,201951
2017-04-10,43.85,43.95,43.15,43.2,43.2,170262
2017-04-11,43,43.75,43,43.55,43.55,181299
2017-04-12,43.55,43.65,42.2,42.45,42.45,208914
2017-04-13,42.15,42.85,42,42.3,42.3,266683
2017-04-17,42.35,42.9,42.2,42.9,42.9,264969
2017-04-18,42.7,42.775,42.2,42.6,42.6,202232
2017-04-19,42.8,43.1,42.55,43,43,220983
2017-04-20,43.35,44.05,43.1501,44,44,196827
2017-04-21,43.85,44.1,43.5,43.75,43.75,240013
2017-04-24,44.55,45.05,44.225,44.8,44.8,202787
2017-04-25,45.3,45.5,44.85,44.9,44.9,189400
2017-04-26,44.8,44.9501,43.9,44.65,44.65,221775
2017-04-27,44.65,44.95,44.325,44.45,44.45,196945
2017-04-28,44.65,44.85,44.2,44.55,44.55,176374
2017-05-01,44.85,44.85,44.35,44.65,44.65,172171
2017-05-02,44.6,44.95,43.8,44.25,44.25,315017
2017-05-03,43.75,43.75,39.2,39.25,39.25,835793
2017-05-04,39.2,40.65,38.7,40.6,40.6,484131
2017-05-05,40.8,40.8,40.025,40.5,40.5,182005
2017-05-08,40.5,41.1,40.25,41.1,41.1,254676
2017-05-09,41.1,41.7,41.05,41.35,41.35,182323
2017-05-10,41.4,42.15,41.4,41.9,41.9,150950
2017-05-11,41.75,42.4,41.5,42.1,42.1,152417
2017-05-12,42,42,41.45,41.5,41.5,124483
2017-05-15,41.79,42.05,41.325,41.4,41.4,280842
2017-05-16,41.35,41.6,40.35,40.75,40.75,375601
2017-05-17,39.8,40.2,38.15,38.25,38.25,336476
2017-05-18,38.05,38.8,37.85,38.55,38.55,187947
2017-05-19,38.6,39.05,38.4,38.6,38.6,172369
2017-05-22,38.7,39.9,38.7,39.85,39.85,178184
2017-05-23,39.95,40.2,39.5,39.75,39.75,217930
2017-05-24,39.8,40.55,39.8,40.2,40.2,215405
2017-05-25,40.4,40.7,40.1,40.55,40.55,198140
2017-05-26,40.55,40.65,40.15,40.25,40.25,139734
2017-05-30,40,40.45,39.925,40.15,40.15,146058
2017-05-31,40.2,40.45,39.35,40.15,40.15,217211
2017-06-01,40.35,40.9,40.1,40.85,40.85,178402
2017-06-02,41,42.4,41,41.8,41.8,223251
2017-06-05,41.8,42.45,41.65,41.65,41.65,356030
2017-06-06,41.45,41.5,41.05,41.15,41.15,249773
2017-06-07,41.35,41.75,41.15,41.5,41.5,129894
2017-06-08,41.25,43,41,42.9,42.9,236518
2017-06-09,42.95,43.15,41.55,42.2,42.2,281813
2017-06-12,41.95,42.85,41.4,42.65,42.65,176441
2017-06-13,42.85,42.95,42,42.4,42.4,130493
2017-06-14,42.7,42.7,41.55,41.8,41.8,126185
2017-06-15,41.1,41.7,40.85,41.55,41.55,187920
2017-06-16,41.4,41.4,40.55,40.75,40.75,304100
2017-06-19,40.85,40.85,39.4375,39.55,39.55,418077
2017-06-20,39.6,39.6,38.8,38.9,38.9,272240
2017-06-21,38.9,39.45,38.4,38.65,38.65,646333
2017-06-22,36.9,40.3,36.05,40.1,40.1,1079272
2017-06-23,40.15,41.5,40,40.5,40.5,971850
2017-06-26,40.6,41.25,40.5,40.9,40.9,219375
2017-06-27,40.8,41.1,40.45,40.7,40.7,229110
2017-06-28,41.05,41.4,40.75,40.95,40.95,232629
2017-06-29,41.1,41.25,40.55,40.9,40.9,277575
2017-06-30,41.2,41.35,40.8,41.2,41.2,187474
2017-07-03,41.35,42.1,41.1,41.8,41.8,143885
2017-07-05,41.6,41.65,40.45,40.7,40.7,323273
2017-07-06,40.45,40.55,39.45,39.7,39.7,358877
2017-07-07,39.85,40.6,39.7,40.55,40.55,129204
2017-07-10,40.45,40.6,39.6,40.1,40.1,247193
2017-07-11,40,40.95,39.95,40.3,40.3,262949
2017-07-12,40.55,40.75,40.35,40.6,40.6,187546
2017-07-13,40.45,40.75,40.15,40.45,40.45,192333
2017-07-14,40.35,40.95,40.35,40.5,40.5,214141
2017-07-17,40.4,40.55,40.15,40.4,40.4,365623
2017-07-18,40.3,40.95,40.25,40.9,40.9,254207
2017-07-19,41.05,41.3,40.8,41.25,41.25,165149
2017-07-20,41.15,41.55,41,41.55,41.55,160552
2017-07-21,41.7,41.7,40.475,40.5,40.5,195720
2017-07-24,40.35,40.85,40,40.5,40.5,157264
2017-07-25,40.7,40.85,40.5,40.65,40.65,124791
2017-07-26,40.8,40.85,40.05,40.2,40.2,124186
2017-07-27,40.35,40.55,39.75,40.25,40.25,137638
2017-07-28,40.2,40.2,39.45,39.65,39.65,157523
2017-07-31,39.7,40,39.525,39.75,39.75,137707
2017-08-01,39.9,39.9,38.95,39.4,39.4,158515
2017-08-02,39.35,39.5,38.8,39.2,39.2,234041
2017-08-03,39.25,39.4,38.6,38.75,38.75,139899
2017-08-04,38.95,38.95,38.95,38.95,38.95,160724
2017-08-07,38.99,39.5,38.85,39,39,187193
2017-08-08,39,39.6,38.55,38.85,38.85,143312
2017-08-09,38.5,39.05,38.2,38.65,38.65,117245
2017-08-10,38.3,38.7,38,38,38,104890
2017-08-11,37.8,37.8,36.8,37.65,37.65,266968
2017-08-14,37.95,38.95,37.95,38.8,38.8,284176
2017-08-15,38.85,38.9,38.55,38.8,38.8,149908
2017-08-16,38.9,39.1,38.65,38.95,38.95,174067
2017-08-17,38.7,38.95,38.475,38.6,38.6,253184
2017-08-18,38.15,38.925,38.15,38.35,38.35,212017
2017-08-21,38.3,38.35,37.65,37.75,37.75,128876
2017-08-22,37.8,38.2,37.7,37.9,37.9,193041
2017-08-23,37.75,38.5,37.6501,38.35,38.35,205185
2017-08-24,38.6,39.3,38.45,38.8,38.8,201582
2017-08-25,38.9,39.4,38.65,38.95,38.95,203376
2017-08-28,39.05,39.2,38.85,39.05,39.05,162277
2017-08-29,38.85,39.35,38.55,39,39,239741
2017-08-30,39.15,39.6,38.9,39.55,39.55,211864
2017-08-31,41.3,41.85,40.1,40.9,40.9,431903
2017-09-01,40.85,40.9,39.3,39.9,39.9,391516
2017-09-05,39.8,39.95,37.8,38.7,38.7,338507
2017-09-06,38.95,39.05,37.7,37.9,37.9,299243
2017-09-07,37.9,37.9,36.85,37.1,37.1,201094
2017-09-08,36.9,37.75,36.75,37.5,37.5,186131
2017-09-11,38.05,38.2,37.45,38.09,38.09,189229
2017-09-12,38.21,38.75,38.1,38.6,38.6,153648
2017-09-13,38.5,38.95,38.15,38.85,38.85,194142
2017-09-14,38.75,39.05,38.6,39.05,39.05,139723
2017-09-15,39.15,39.575,38.95,39.5,39.5,312766
2017-09-18,39.7,40.5,39.6,40.2,40.2,215149
2017-09-19,40.05,40.25,39.8,40.25,40.25,139617
2017-09-20,40.2,40.2,39.85,40,40,172670
2017-09-21,40,40.3,39.9,40,40,147443
2017-09-22,39.95,41.15,39.95,41.1,41.1,205399
2017-09-25,41,41.3,40.85,41.25,41.25,268092
2017-09-26,41.5,42,41.35,41.8,41.8,240223
2017-09-27,42,42.6,41.8,42.3,42.3,287147
2017-09-28,42.35,42.65,41.975,42.5,42.5,134964
2017-09-29,42.55,42.95,42.25,42.35,42.35,195835
2017-10-02,42.4,43,42.05,43,43,124252
2017-10-03,43.3,43.5,42.85,43.45,43.45,244584
2017-10-04,43.55,44.2,43.45,44.15,44.15,203603
2017-10-05,44.5,44.85,44.1,44.65,44.65,213397
2017-10-06,44.55,44.95,44.25,44.85,44.85,282314
2017-10-09,44.85,44.95,44.2,44.4,44.4,177448
2017-10-10,44.65,44.7,44.1,44.4,44.4,210911
2017-10-11,44.2,44.75,44.2,44.55,44.55,199014
2017-10-12,44.35,44.725,44.2,44.6,44.6,147591
2017-10-13,44.75,45.15,44.55,44.8,44.8,201175
2017-10-16,44.9,45.25,44.8,45,45,354019
2017-10-17,45.1,45.1,44.75,44.91,44.91,137836
2017-10-18,45.05,45.5,44.8,45.25,45.25,144905
2017-10-19,45.15,45.5,44.85,45.3,45.3,215898
2017-10-20,45.7,46.05,45.5,46.05,46.05,296717
2017-10-23,46,46.25,45.5,46.05,46.05,234974
2017-10-24,46.05,46.6,45.85,45.95,45.95,154599
2017-10-25,45.9,46.15,45.3,45.9,45.9,143422
2017-10-26,46.25,46.35,45.65,46.3,46.3,147858
2017-10-27,46.4,46.75,46.05,46.75,46.75,199539
2017-10-30,46.65,46.75,46.35,46.55,46.55,188043
2017-10-31,46.7,47.2,46.45,46.9,46.9,198554
2017-11-01,47.4,47.4,46.2,46.65,46.65,328178
2017-11-02,46.4,46.95,46.1,46.85,46.85,204019
2017-11-03,46.95,47.1,46.5,46.6,46.6,183662
2017-11-06,46.65,46.8,46.45,46.7,46.7,257521
2017-11-07,46.65,46.8,45.2,45.45,45.45,276929
2017-11-08,45.45,46.1,44.7,45.6,45.6,249338
2017-11-09,45.25,46,45.2,45.9,45.9,204292
2017-11-10,45.75,46.7,45.6,46.5,46.5,201170
2017-11-13,46.15,46.8,46,46.76,46.76,124760
2017-11-14,46.4,47,46.4,46.85,46.85,163269
2017-11-15,46.55,46.95,45.95,46.05,46.05,182323
2017-11-16,46.45,46.85,46.2,46.3,46.3,223444
2017-11-17,46.15,47.35,46.05,47.25,47.25,136937
2017-11-20,47.35,47.5253,46.45,47.4,47.4,233407
2017-11-21,47.85,48.435,47.6,47.75,47.75,217615
2017-11-22,47.9,47.95,46.75,46.85,46.85,100254
2017-11-24,47.25,47.6,46.85,47.2,47.2,65465
2017-11-27,47.05,47.4,46.75,46.9,46.9,140318
2017-11-28,47.15,47.8,46.65,47.75,47.75,138781
2017-11-29,47.8,48,46.375,46.6,46.6,172875
2017-11-30,46.9,47.3,46.7,47.1,47.1,185088
2017-12-01,47.15,47.35,45.1,46.7,46.7,210804
2017-12-04,47.45,47.45,45.55,45.7,45.7,168317
2017-12-05,45.7,46.25,45.35,45.5,45.5,189866
2017-12-06,45.55,46.05,45.2,45.5,45.5,250105
2017-12-07,45,45.5,40.2,41.4,41.4,727918
2017-12-08,41.8,42.4,40.55,42.2,42.2,680076
2017-12-11,42.1,42.4,40.65,40.85,40.85,547378
2017-12-12,41,41.3,39.9,40,40,337126
2017-12-13,39.95,40.75,39.45,40.15,40.15,318563
2017-12-14,40.2,40.5,39,39.15,39.15,334332
2017-12-15,39.3,40.7,39,40.45,40.45,547826
2017-12-18,41,41.9,40.25,40.5,40.5,312231
2017-12-19,40.65,41.114,39.65,40.1,40.1,317369
2017-12-20,40.55,40.75,40.15,40.55,40.55,261317
2017-12-21,40.3,41.2,40.15,40.7,40.7,280685
2017-12-22,41.05,41.05,40.35,40.5,40.5,163297
2017-12-26,40.45,40.55,39.95,40.2,40.2,185257
2017-12-27,40.1,40.8,40,40.3,40.3,242537
2017-12-28,40.3,40.5,40.1,40.45,40.45,186688
2017-12-29,40.6,40.6,39.85,40.1,40.1,227174
2018-01-02,40.45,40.95,40,40.5,40.5,187958
2018-01-03,40.4,40.8,40,40.3,40.3,224658
2018-01-04,40.54,40.7,40.25,40.5,40.5,257544
2018-01-05,40.7,41.45,40.65,41.25,41.25,259659
2018-01-08,41.3,41.55,40.9,41.4,41.4,163664
2018-01-09,41.45,41.75,41.1,41.25,41.25,126035
2018-01-10,41,41.25,40.85,40.95,40.95,133879
2018-01-11,40.9,41.5,40.85,41.3,41.3,149496
2018-01-12,41.4,42.2,41.4,41.9,41.9,193523
2018-01-16,42.4,42.75,41.8,42,42,249865
2018-01-17,42.4,42.9,41.9,42.65,42.65,201421
2018-01-18,42.65,42.9,42.1,42.3,42.3,222805
2018-01-19,42.3,42.7,42,42.55,42.55,181531
2018-01-22,42.35,42.35,41.65,42.1,42.1,179050
2018-01-23,42.15,42.3,41.65,42,42,238024
2018-01-24,42.3,42.4,41.65,42.05,42.05,301842
2018-01-25,42.4,42.6,41.6,41.85,41.85,228818
2018-01-26,42.15,42.15,41.5,41.85,41.85,164604
2018-01-29,41.7,41.85,41.1,41.35,41.35,170303
2018-01-30,41.05,41.6506,40.85,41,41,179383
2018-01-31,41.25,41.85,40.65,40.85,40.85,208929
2018-02-01,40.8,41.55,40.75,41.2,41.2,521589
2018-02-02,40.95,41,40.4,40.45,40.45,224389
2018-02-05,40.1,40.3,39.15,39.25,39.25,312861
2018-02-06,38.55,40.05,37.95,39.65,39.65,445790
2018-02-07,39.6,39.95,39.25,39.5,39.5,140291
2018-02-08,39.65,39.65,37.9,37.9,37.9,238765
2018-02-09,38.35,38.7,37,38.25,38.25,444420
2018-02-12,38.45,38.6,37.65,38.45,38.45,299998
2018-02-13,38.25,38.8,38.15,38.7,38.7,131693
2018-02-14,38.55,39.3,38.55,38.85,38.85,299547
2018-02-15,39.2,40.9,39.2,40.55,40.55,296249
2018-02-16,40.55,40.85,40.4,40.6,40.6,149199
2018-02-20,40.4,40.75,40.2,40.35,40.35,221023
2018-02-21,40.6,40.85,40.15,40.25,40.25,142004
2018-02-22,40.45,40.55,40,40.1,40.1,233594
2018-02-23,40.4,40.75,40.15,40.6,40.6,108731
2018-02-26,40.65,41.25,40.4,41,41,237924
2018-02-27,41.1,41.5,40.35,40.35,40.35,164034
2018-02-28,40.45,40.6,39.4,39.45,39.45,186796
2018-03-01,39.75,40.05,36.95,37.5,37.5,589852
2018-03-02,37.35,39.9,36.95,39.85,39.85,362646
2018-03-05,39.55,40.3,39.45,39.9,39.9,340727
2018-03-06,40,40.25,39.2,39.9,39.9,234930
2018-03-07,39.65,40.7,39.65,40.55,40.55,215949
2018-03-08,40.65,40.8,40.45,40.7,40.7,162770
2018-03-09,40.95,41.6,40.8,41.25,41.25,172169
2018-03-12,41.4,41.7,41.1,41.5,41.5,163535
2018-03-13,41.75,42.1,41.55,41.7,41.7,306012
2018-03-14,41.8,41.85,40.95,41.2,41.2,153394
2018-03-15,41.15,41.6,40.7,41,41,118881
2018-03-16,41,41.5,40.75,41.5,41.5,374318
2018-03-19,41.35,41.425,40.205,40.9,40.9,118138
2018-03-20,40.9,41.25,40.7,41.15,41.15,142978
2018-03-21,41.15,41.6,41,41,41,106851
2018-03-22,40.6,41.3,40.05,40.3,40.3,229876
2018-03-23,40.45,40.45,38.7,38.7,38.7,132361
2018-03-26,39.45,40,38.85,40,40,171155
2018-03-27,40,40.1,38.25,38.6,38.6,305762
2018-03-28,38.65,39,38.2,38.75,38.75,191214
2018-03-29,39.1,39.75,38.9,39.1,39.1,199892
2018-04-02,38.9,39.1748,38.4,38.65,38.65,257353
2018-04-03,39,39,38.4,39,39,197049
2018-04-04,38.25,39.05,38.25,38.95,38.95,179862
2018-04-05,39.05,39.4,38.9,39.05,39.05,228958
2018-04-06,38.65,39.15,38,38.45,38.45,271154
2018-04-09,38.75,38.9,37.9,37.95,37.95,134707
2018-04-10,38.55,38.55,37.95,38.05,38.05,328801
2018-04-11,37.9,39,37.85,38.9,38.9,199841
2018-04-12,39.05,39.15,38.7,38.85,38.85,109410
2018-04-13,39.1,39.25,38.7,38.95,38.95,133768
2018-04-16,39.3,39.75,39.05,39.7,39.7,94741
2018-04-17,39.9,40.15,39.7,40,40,105332
2018-04-18,40.15,40.55,40,40.35,40.35,115773
2018-04-19,40.1,40.2,39.5,39.75,39.75,132392
2018-04-20,39.75,40.1,39.25,40,40,185412
2018-04-23,40,40.25,39.8,40,40,204136
2018-04-24,40.3,40.7,40,40.4,40.4,212905
2018-04-25,40.4,40.65,39.85,40.5,40.5,200568
2018-04-26,40.5,40.5,40,40.3,40.3,175901
2018-04-27,40.3,40.65,40,40.55,40.55,129417
2018-04-30,40.55,40.55,39.85,39.9,39.9,257007
2018-05-01,39.8,40.35,39.5303,40.35,40.35,134895
2018-05-02,40.25,40.55,39.925,40,40,431206
2018-05-03,39.9,39.9,39.3,39.55,39.55,216002
2018-05-04,39.55,40.5,39.3,40.25,40.25,112739
2018-05-07,40.5,40.85,40.2,40.45,40.45,79956
2018-05-08,40.4,40.95,40.4,40.8,40.8,194029
2018-05-09,41,41.5,40.8,41.45,41.45,159180
2018-05-10,41.5,42.35,41.4,42.3,42.3,181299
2018-05-11,42.25,42.6,42.1,42.4,42.4,125058
2018-05-14,42.4,42.6,41.65,41.75,41.75,123747
2018-05-15,41.65,41.85,41.45,41.55,41.55,92321
2018-05-16,41.65,42.35,41.35,41.95,41.95,219240
2018-05-17,42.05,42.7,41.85,42.5,42.5,153912
2018-05-18,42.65,42.75,42.35,42.45,42.45,167786
2018-05-21,42.7,43.2,42.45,43.1,43.1,114474
2018-05-22,43.2,43.6,43.2,43.25,43.25,98878
2018-05-23,43.05,43.45,42.8253,43.2,43.2,100085
2018-05-24,43.1,43.1,40.95,41.3,41.3,429346
2018-05-25,41.3,41.55,40.15,40.4,40.4,410875
2018-05-29,40.1,41.1,39.8,40,40,434902
2018-05-30,40.2,41.25,40.15,41.15,41.15,199193
2018-05-31,41.35,41.35,40.1,40.15,40.15,333886
2018-06-01,40.55,41.2,40.25,41.15,41.15,208252
2018-06-04,41.5,41.65,40.9,41.45,41.45,176060
2018-06-05,41.55,41.85,41,41.75,41.75,145018
2018-06-06,41.7,42.3,41.65,42.2,42.2,163901
2018-06-07,42.15,42.25,41.8,42,42,108227
2018-06-08,41.95,42.1,41.6,41.75,41.75,116313
2018-06-11,41.9,42.2,41.8,42.15,42.15,165495
2018-06-12,42,42.55,41.65,41.75,41.75,161962
2018-06-13,41.8,41.9,41.4,41.7,41.7,178067
2018-06-14,41.9,42.125,41.5,42.05,42.05,158312
2018-06-15,41.8,42.45,41.75,41.85,41.85,330673
2018-06-18,41.7,44.5,41.55,44.15,44.15,611191
2018-06-19,43.7,44.2,42.75,43.45,43.45,458317
2018-06-20,43.7,45.45,43.6,45.25,45.25,427334
2018-06-21,41.95,43.7,40.801,41.8,41.8,1056781
2018-06-22,42.1,42.1,40.001,40.2,40.2,998374
2018-06-25,39.85,39.95,38.375,38.75,38.75,399702
2018-06-26,38.7,41.55,38.7,41.45,41.45,597828
2018-06-27,41.2,42.1,40.6,40.65,40.65,306038
2018-06-28,40.7,40.7,39.65,40.2,40.2,237761
2018-06-29,40.1,40.65,40.1,40.3,40.3,222549
2018-07-02,39.95,40.55,39.7,40.5,40.5,143988
2018-07-03,40.7,40.7,39.7,39.75,39.75,88187
2018-07-05,40.15,40.6,39.75,40.5,40.5,376734
2018-07-06,40.3,41,40.3,40.8,40.8,121413
2018-07-09,40.8,41.05,40.3,40.95,40.95,227998
2018-07-10,40.95,41.3,40.45,40.7,40.7,141586
2018-07-11,38.95,40.55,38.95,40.35,40.35,242471
2018-07-12,40.5,40.5,39.85,39.95,39.95,195064
2018-07-13,39.7,40.05,39.3,39.4,39.4,167026
2018-07-16,39.4,39.5,39.084,39.2,39.2,190777
2018-07-17,38.9,39.75,38.85,39.3,39.3,185558
2018-07-18,39.4,39.4,38.975,39.1,39.1,163107
2018-07-19,39.1,39.7,39.1,39.45,39.45,176099
2018-07-20,39.4,39.5,38.9,39.15,39.15,188273
2018-07-23,38.85,39.25,38.45,39.1,39.1,179697
2018-07-24,39.3,39.75,38.5,38.7,38.7,162827
2018-07-25,38.7,38.9,37.7,38.3,38.3,210227
2018-07-26,38.3,39.1,38.3,39.05,39.05,125906
2018-07-27,38.95,39.1,38.65,38.65,38.65,152480
2018-07-30,38.65,39.25,38.6,38.95,38.95,226727
2018-07-31,39.05,39.85,39.05,39.25,39.25,358954
2018-08-01,39.2,39.7,38.3,38.55,38.55,200495
2018-08-02,38.3,39.4,38.3,39.2,39.2,104188
2018-08-03,39.25,39.4,38.5,39.05,39.05,110703
2018-08-06,39,39.7,38.9,39.55,39.55,105460
2018-08-07,39.8,40.2,39.675,39.8,39.8,118888
2018-08-08,39.85,40.1,39.05,39.65,39.65,134704
2018-08-09,39.6,39.85,39.4,39.85,39.85,92445
2018-08-10,39.6,39.85,38.9,39.2,39.2,214248
2018-08-13,39.25,39.65,38.9,39.15,39.15,87864
2018-08-14,39.2,39.85,39.1,39.35,39.35,124634
2018-08-15,39.15,39.3,38.45,38.85,38.85,106352
2018-08-16,39.2,39.6,39.1,39.35,39.35,86190
2018-08-17,39.35,40,39.1,39.95,39.95,108295
2018-08-20,40,40.25,39.55,39.75,39.75,114805
2018-08-21,40,41.3,39.85,41.1,41.1,206500
2018-08-22,40.85,40.85,40,40.5,40.5,167893
2018-08-23,40.5,40.55,40.05,40.05,40.05,132669
2018-08-24,40.15,40.3338,39.65,39.85,39.85,115955
2018-08-27,40.05,40.8736,39.95,40.65,40.65,79421
2018-08-28,40.65,41.05,40.55,40.95,40.95,118567
2018-08-29,40.95,40.95,40.3,40.6,40.6,312799
2018-08-30,40.65,40.65,37.25,39.55,39.55,426301
2018-08-31,39.15,39.9,38.6,39.65,39.65,254766
2018-09-04,39.7,40.15,39.15,40,40,179328
2018-09-05,39.85,40,39.55,39.7,39.7,149889
2018-09-06,39.85,39.9,39.05,39.15,39.15,177830
2018-09-07,38.95,39.35,38.6,39,39,189853
2018-09-10,39.25,39.5,39,39.1,39.1,150743
2018-09-11,39.1,39.35,38.75,38.9,38.9,109455
2018-09-12,38.65,38.65,37.9,38.3,38.3,162828
2018-09-13,38.65,38.95,38.2,38.3,38.3,98599
2018-09-14,38.4,38.6,38.2,38.4,38.4,129618
2018-09-17,38.3,38.3,37.75,37.85,37.85,117339
2018-09-18,37.6,37.75,36.75,36.85,36.85,155209
2018-09-19,36.8,37,36.4,36.6,36.6,245808
2018-09-20,36.8,37.85,36.8,37.3,37.3,189417
2018-09-21,37.4,37.65,36.75,36.85,36.85,353015
2018-09-24,36.85,37.05,36.55,37,37,127022
2018-09-25,36.8,36.9,36.6,36.7,36.7,134209
2018-09-26,36.65,36.8,36.35,36.35,36.35,153197
2018-09-27,36.35,36.45,36.05,36.25,36.25,156958
2018-09-28,36.05,36.45,36.05,36.2,36.2,161376
2018-10-01,34.52,35.35,34.16,34.38,34.38,348955
2018-10-02,34.27,34.685,34.1,34.32,34.32,185269
2018-10-03,34.41,34.5502,33.83,34.02,34.02,181628
2018-10-04,33.75,33.91,33.1005,33.2,33.2,142209
2018-10-05,33.18,33.18,32.1,32.21,32.21,295746
2018-10-08,32.12,32.165,31.58,31.88,31.88,150998
2018-10-09,31.8,31.92,31.06,31.25,31.25,155112
2018-10-10,31.08,31.08,30.07,30.17,30.17,154624
2018-10-11,29.82,30.37,29.27,29.28,29.28,176795
2018-10-12,29.89,29.93,28.62,28.87,28.87,226713
2018-10-15,28.71,29.61,28.4,29.21,29.21,278546
2018-10-16,29.44,30.12,29.06,30.08,30.08,181964
2018-10-17,29.98,30.43,29.63,30.25,30.25,247504
2018-10-18,29.9,30.26,29.13,29.37,29.37,200789
2018-10-19,29.36,29.51,28.71,28.76,28.76,174412
2018-10-22,28.78,29.07,28.38,28.39,28.39,248865
2018-10-23,27.84,29.14,27.65,28.83,28.83,376017
2018-10-24,28.72,28.89,27.69,27.7,27.7,189942
2018-10-25,27.89,28.77,27.84,28.54,28.54,246663
2018-10-26,28.05,29.31,27.94,28.35,28.35,309442
2018-10-29,28.99,29.88,28.26,28.6,28.6,252280
2018-10-30,28.65,29.6,28.44,29.43,29.43,225643
2018-10-31,29.83,30.19,29.27,29.6,29.6,246736
2018-11-01,29.71,30.37,29.71,30.23,30.23,269625
2018-11-02,30.37,30.53,29.805,30.28,30.28,193799
2018-11-05,30.32,30.55,29.77,30.28,30.28,189033
2018-11-06,30.19,30.53,29.885,30.23,30.23,132310
2018-11-07,30.42,30.5,29.5701,30.3,30.3,237822
2018-11-08,30.09,30.49,30.07,30.26,30.26,119637
2018-11-09,29.97,30.06,29.43,29.53,29.53,124300
2018-11-12,29.53,29.53,28.6,28.63,28.63,224789
2018-11-13,28.7,29.23,28.62,28.68,28.68,229639
2018-11-14,28.89,29.18,28.71,28.88,28.88,162520
2018-11-15,28.67,29.73,28.48,29.71,29.71,250244
2018-11-16,29.51,30.02,29.41,29.67,29.67,298553
2018-11-19,29.54,29.85,29.01,29.05,29.05,231060
2018-11-20,28.62,29.49,28.62,28.94,28.94,224970
2018-11-21,29.03,29.87,29.03,29.42,29.42,123061
2018-11-23,29.06,29.9,29.01,29.54,29.54,104573
2018-11-26,29.54,30.2,29.35,30.1,30.1,225951
2018-11-27,29.76,30.46,29.55,30.09,30.09,192220
2018-11-28,30.2,30.27,29.31,30.25,30.25,210810
2018-11-29,30.11,30.32,29.55,29.84,29.84,262458
2018-11-30,29.76,30.33,29.5,30.3,30.3,348215
2018-12-03,30.65,31.86,30.585,31.59,31.59,313902
2018-12-04,33.58,33.98,31.08,31.19,31.19,627547
2018-12-06,30.21,30.21,24.075,25.01,25.01,1604740
2018-12-07,25,25.34,23.4,24.01,24.01,1003148
2018-12-10,24.1,24.8,23.59,23.79,23.79,815355
2018-12-11,23.8,24.21,22.75,23.47,23.47,695482
2018-12-12,24.18,25.12,23.96,24.59,24.59,887836
2018-12-13,24.59,24.75,23.2,23.37,23.37,575352
2018-12-14,23,23.31,22.24,22.38,22.38,483104
2018-12-17,22.41,23.38,22.09,22.46,22.46,489929
2018-12-18,22.7,23.32,22.7,23.06,23.06,381956
2018-12-19,23.03,23.49,22.61,22.91,22.91,517114
2018-12-20,22.78,23.41,22.05,22.23,22.23,329195
2018-12-21,22.17,22.38,21.45,21.98,21.98,1063892
2018-12-24,21.91,22.145,21.25,21.38,21.38,198128
2018-12-26,21.51,22.58,20.991,22.48,22.48,283854
2018-12-27,22.43,23.13,22.2546,23.1,23.1,344165
2018-12-28,23.21,23.67,22.83,23.34,23.34,415951
2018-12-31,23.48,23.57,22.89,23.29,23.29,316461
2019-01-02,22.82,24,22.64,23.91,23.91,416305
2019-01-03,23.92,23.92,22.95,22.96,22.96,388299
2019-01-04,22.82,24.12,22.82,24.08,24.08,436902
2019-01-07,24.19,24.56,23.84,24.39,24.39,303163
2019-01-08,24.71,24.71,24.09,24.56,24.56,574330
2019-01-09,24.6,25.41,24.59,25.04,25.04,650248
2019-01-10,24.72,25.31,24.61,25.15,25.15,220382
2019-01-11,25,25.75,24.96,25.49,25.49,405596
2019-01-14,25.17,25.51,24.92,25.18,25.18,213019
2019-01-15,25.17,25.25,24.52,24.83,24.83,186105
2019-01-16,24.85,25.64,24.83,25.2,25.2,198670
2019-01-17,25.04,25.58,24.9,25.57,25.57,284756
2019-01-18,25.72,26.24,25.47,26.01,26.01,189270
2019-01-22,25.81,25.85,25.27,25.45,25.45,191700
2019-01-23,25.54,25.705,24.94,25.12,25.12,213078
2019-01-24,25.2,25.88,25.2,25.47,25.47,145651
2019-01-25,25.73,26.2,25.72,25.93,25.93,166913
2019-01-28,25.51,25.94,25.44,25.72,25.72,174379
2019-01-29,25.81,25.83,25.42,25.51,25.51,124856
2019-01-30,25.61,25.82,25.11,25.66,25.66,203117
2019-01-31,25.63,26.23,25.6,25.75,25.75,314215
2019-02-01,25.82,26.4,25.67,26.31,26.31,285026
2019-02-04,26.31,26.59,26.12,26.52,26.52,181688
2019-02-05,26.61,26.72,26.27,26.52,26.52,117151
2019-02-06,26.5,26.84,26.43,26.68,26.68,188630
2019-02-07,26.45,26.5,25.88,26.22,26.22,144528
2019-02-08,25.91,26.31,25.58,26.09,26.09,225433
2019-02-11,26.2,26.8,25.875,26.53,26.53,175149
2019-02-12,26.69,27.42,26.6,27.24,27.24,191988
2019-02-13,27.26,27.68,27.24,27.52,27.52,195189
2019-02-14,27.31,27.81,27.31,27.57,27.57,202385
2019-02-15,27.8,28.25,27.79,28.24,28.24,182346
2019-02-19,28.13,28.44,27.98,28.32,28.32,105827
2019-02-20,28.2,28.88,28.2,28.58,28.58,242637
2019-02-21,28.58,28.76,28.36,28.48,28.48,113726
2019-02-22,28.64,28.88,28.435,28.6,28.6,152399
2019-02-25,28.87,29.25,28.69,29.18,29.18,188719
2019-02-26,29.03,29.18,28.58,28.63,28.63,115409
2019-02-27,28.5,28.7,28.21,28.39,28.39,131944
2019-02-28,28.3,28.3,27.9268,28.06,28.06,199073
2019-03-01,28.35,28.77,28.04,28.58,28.58,398731
2019-03-04,28.61,29.09,28.3,28.64,28.64,163767
2019-03-05,28.55,28.73,28.2883,28.58,28.58,205447
2019-03-06,28.61,28.62,27.95,27.97,27.97,219356
2019-03-07,31,32.07,29.205,29.72,29.72,765165
2019-03-08,30.31,31.1,29.51,29.64,29.64,463370
2019-03-11,29.83,30.83,29.65,30.55,30.55,295157
2019-03-12,30.67,31.02,30.33,30.66,30.66,286550
2019-03-13,30.78,32.22,30.66,31.48,31.48,748761
2019-03-14,31.63,31.999,30.165,30.36,30.36,364924
2019-03-15,30.47,30.93,29.97,30.18,30.18,459999
2019-03-18,30.31,30.45,29.99,30.18,30.18,303344
2019-03-19,30.36,30.4,29.72,29.82,29.82,239100
2019-03-20,29.8,29.99,29.09,29.36,29.36,275849
2019-03-21,29.26,30.53,29.26,30.02,30.02,261735
2019-03-22,29.72,29.7483,27.93,28.1,28.1,319605
2019-03-25,27.94,28.195,27.27,27.63,27.63,278403
2019-03-26,27.86,28.095,27.44,27.86,27.86,354761
2019-03-27,27.75,28.06,27.0604,27.68,27.68,275348
2019-03-28,27.81,28.29,27.55,28.06,28.06,296559
2019-03-29,28.49,29.02,28.3,28.78,28.78,362043
2019-04-01,29.15,29.7838,28.93,29.22,29.22,200233
2019-04-02,29.22,29.2978,28.65,29.15,29.15,199007
2019-04-03,29.3,29.8,29.2713,29.72,29.72,177509
2019-04-04,29.64,30.51,29.64,29.92,29.92,345582
2019-04-05,30.06,30.54,30.06,30.08,30.08,337148
2019-04-08,29.89,30.52,29.89,30.5,30.5,147126
2019-04-09,30.5,30.5,29.52,29.54,29.54,224526
2019-04-10,29.54,30.41,29.54,30.18,30.18,294213
2019-04-11,30.19,30.19,29.62,29.8,29.8,180895
2019-04-12,29.98,30.16,29.64,29.86,29.86,161301
2019-04-15,29.85,30.05,29.43,29.54,29.54,89285
2019-04-16,29.64,30.1229,29.59,29.99,29.99,213321
2019-04-17,30.19,30.35,29.71,29.75,29.75,178360
2019-04-18,29.72,30.07,29.51,29.9,29.9,175553
2019-04-22,29.92,30.05,29.31,29.44,29.44,155889
2019-04-23,29.67,30.01,29.53,29.71,29.71,155232
2019-04-24,29.68,30.06,29.61,29.82,29.82,189380
2019-04-25,29.82,29.82,28.65,28.74,28.74,161718
2019-04-26,28.85,29.4,28.5426,29.33,29.33,163507
2019-04-29,29.31,29.68,29.23,29.44,29.44,95420
2019-04-30,29.34,29.76,29.22,29.51,29.51,144615
2019-05-01,29.63,30.07,29.33,29.41,29.41,309397
2019-05-02,29.36,29.66,29.04,29.16,29.16,82555
2019-05-03,29.32,30.34,29.27,30.28,30.28,140972
2019-05-06,29.44,29.95,29.34,29.89,29.89,139754
2019-05-07,29.55,29.59,28.76,29.07,29.07,128744
2019-05-08,29.05,29.27,28.9,28.97,28.97,241240
2019-05-09,28.54,28.63,27.83,28.46,28.46,110691
2019-05-10,28.27,28.9,27.98,28.81,28.81,261426
2019-05-13,28.07,28.33,27.47,27.54,27.54,150401
2019-05-14,27.54,28.05,27.5,27.95,27.95,307614
2019-05-15,27.64,28.34,27.46,28.33,28.33,113398
2019-05-16,28.42,28.54,27.975,28.11,28.11,127607
2019-05-17,27.74,27.96,27.41,27.46,27.46,246213
2019-05-20,27.04,27.24,26.67,26.76,26.76,145220
2019-05-21,27.02,27.51,26.8,27.32,27.32,175240
2019-05-22,27.05,27.05,26.29,26.61,26.61,202893
2019-05-23,26.16,26.4423,25.53,25.96,25.96,176944
2019-05-24,26.16,26.41,25.7907,26.34,26.34,134826
2019-05-28,26.5,26.52,26.09,26.39,26.39,113799
2019-05-29,26.2,26.4,26.02,26.22,26.22,132494
2019-05-30,26.41,26.73,26.27,26.47,26.47,109001
2019-05-31,26.01,26.01,24.55,24.63,24.63,420548
2019-06-03,24.73,24.95,24.56,24.85,24.85,301399
2019-06-04,25.3,25.9,25.27,25.87,25.87,222144
2019-06-05,26.13,26.13,25.26,25.94,25.94,187241
2019-06-06,25.88,25.97,25.09,25.36,25.36,126104
2019-06-07,25.52,25.89,25.36,25.57,25.57,236275
2019-06-10,25.86,26.68,25.62,26.29,26.29,247632
2019-06-11,26.61,26.91,26.09,26.56,26.56,308582
2019-06-12,26.43,26.64,26.19,26.33,26.33,193799
2019-06-13,26.48,27.065,26.34,27,27,165571
2019-06-14,26.91,27.57,25.81,26.08,26.08,159167
2019-06-17,26.02,26.44,25.92,26.07,26.07,169376
2019-06-18,26.26,27.085,26.26,26.68,26.68,384641
2019-06-19,26.75,26.75,26.2,26.72,26.72,350543
2019-06-20,24.38,27.4,24.33,26.99,26.99,638165
2019-06-21,26.77,27.25,26.34,26.4,26.4,493087
2019-06-24,26.5,27.67,26.5,27.31,27.31,277631
2019-06-25,27.39,27.57,26.76,26.88,26.88,211935
2019-06-26,27.14,27.57,26.99,27.29,27.29,258002
2019-06-27,27.36,27.98,27.36,27.9,27.9,285311
2019-06-28,28.01,28.77,27.9,28.57,28.57,859924
2019-07-01,29.26,29.43,28.65,28.89,28.89,548309
2019-07-02,28.88,28.94,27.945,28.15,28.15,259598
2019-07-03,28.2,28.91,28.12,28.39,28.39,102904
2019-07-05,28.13,28.39,27.81,28.38,28.38,75082
2019-07-08,28.26,28.26,27.42,27.64,27.64,104112
2019-07-09,27.41,27.55,27.22,27.47,27.47,112669
2019-07-10,27.6,27.775,27.23,27.43,27.43,154017
2019-07-11,27.37,27.58,27.025,27.3,27.3,176446
2019-07-12,27.44,28.34,27.24,28.07,28.07,153514
2019-07-15,28.1,28.34,27.46,28.25,28.25,249063
2019-07-16,28.07,29.51,27.79,29.13,29.13,414621
2019-07-17,29.05,29.095,28.19,28.46,28.46,156491
2019-07-18,28.41,28.5,28.02,28.18,28.18,480354
2019-07-19,28.25,28.96,28.24,28.8,28.8,170275
2019-07-22,28.91,29.34,28.8,28.8,28.8,120713
2019-07-23,29.02,29.42,28.99,29.2,29.2,156730
2019-07-24,29.08,30.2,29.08,30.17,30.17,187383
2019-07-25,29.98,30.11,29.5,30.01,30.01,199396
2019-07-26,30.16,30.55,29.96,30.48,30.48,149212
2019-07-29,30.47,30.61,30.21,30.49,30.49,266441
2019-07-30,30.19,30.67,30.07,30.66,30.66,147865
2019-07-31,30.75,30.81,29.8149,29.95,29.95,299312
2019-08-01,29.9,30.54,29.07,29.24,29.24,162993
2019-08-02,28.91,28.91,28.08,28.35,28.35,272452
2019-08-05,27.53,27.81,26.97,27.29,27.29,168412
2019-08-06,27.58,28,26.93,27.4,27.4,233498
2019-08-07,26.93,27.27,26.87,26.98,26.98,133364
2019-08-08,27.25,27.8326,27.09,27.75,27.75,266848
2019-08-09,27.62,27.62,26.83,26.92,26.92,162515
2019-08-12,26.72,26.99,26.54,26.72,26.72,86492
2019-08-13,26.6,27.57,26.56,27,27,134652
2019-08-14,26.33,26.39,26.03,26.07,26.07,193047
2019-08-15,26.08,26.14,25.37,25.62,25.62,126385
2019-08-16,25.88,26.74,25.88,26.63,26.63,127269
2019-08-19,27,27.71,26.99,27.27,27.27,123019
2019-08-20,27.22,27.4,27.075,27.3,27.3,127591
2019-08-21,27.69,28.14,27.31,28.11,28.11,183042
2019-08-22,28.11,28.44,27.78,28.04,28.04,214624
2019-08-23,27.8,28.46,27.06,27.34,27.34,225353
2019-08-26,27.68,28.3,27.55,28.27,28.27,218103
2019-08-27,28.55,29.03,28.19,28.22,28.22,241790
2019-08-28,28.11,28.65,27.975,28.41,28.41,216896
2019-08-29,29.92,32.96,29.92,32.2,32.2,520071
2019-08-30,32.58,32.72,31.54,31.74,31.74,250050
2019-09-03,31.45,31.9223,30.66,31.58,31.58,321196
2019-09-04,31.6,32.19,31.2,31.59,31.59,204248
2019-09-05,32.32,33.56,32.1529,33.3,33.3,426453
2019-09-06,33.34,34.3,33.18,34.14,34.14,267148
2019-09-09,34.38,35.945,34.2825,35.82,35.82,289854
2019-09-10,35.74,36.14,35.2,35.96,35.96,207665
2019-09-11,36.16,36.95,35.5501,36.85,36.85,183677
2019-09-12,36.8,37.37,36.17,36.99,36.99,249715
2019-09-13,37.35,37.42,36.66,36.75,36.75,259490
2019-09-16,36.5,36.86,35.66,35.77,35.77,409608
2019-09-17,35.58,35.58,34.22,35.12,35.12,263640
2019-09-18,35.1,35.66,34.47,34.96,34.96,284446
2019-09-19,35.17,35.97,34.89,35.06,35.06,308932
2019-09-20,35.09,35.61,34.29,34.54,34.54,710070
2019-09-23,34.22,34.64,34.19,34.2,34.2,147010
2019-09-24,34.59,34.85,33.1,33.15,33.15,372930
2019-09-25,33.19,34.26,33.11,34.02,34.02,323112
2019-09-26,34.11,34.57,33.72,34.46,34.46,185572
2019-09-27,34.61,34.96,33.55,33.99,33.99,176282
2019-09-30,34.17,34.43,33.58,33.64,33.64,200356
2019-10-01,33.82,34.485,32.51,32.63,32.63,157399
2019-10-02,32.38,32.47,31.69,32.25,32.25,319468
2019-10-03,32.06,32.28,31.48,32.27,32.27,126983
2019-10-04,32.31,32.485,31.75,32.23,32.23,139560
2019-10-07,32,32.38,31.8,31.82,31.82,149698
2019-10-08,31.33,31.97,31.21,31.6,31.6,157184
2019-10-09,31.93,32.43,31.88,32.25,32.25,144486
2019-10-10,32.31,33.04,32.13,32.66,32.66,206268
2019-10-11,33.34,33.45,32.9,33.15,33.15,219013
2019-10-14,32.95,33.11,32.76,32.81,32.81,62444
2019-10-15,32.99,33.96,32.82,33.6,33.6,188214
2019-10-16,33.63,34.38,33.63,34.04,34.04,163756
2019-10-17,34.22,34.54,34.04,34.29,34.29,127610
2019-10-18,34.11,34.145,33.38,33.45,33.45,139283
2019-10-21,33.9,34.47,33.87,34.02,34.02,141035
2019-10-22,34.1,34.2,33.71,33.85,33.85,147945
2019-10-23,33.83,33.83,33.31,33.53,33.53,174891
2019-10-24,33.89,33.89,33.18,33.26,33.26,271849
2019-10-25,33.14,34.01,33.14,34,34,153287
2019-10-28,34.02,34.54,34.02,34.04,34.04,134106
2019-10-29,34,34.52,33.96,34.38,34.38,181846
2019-10-30,34.53,34.565,33.74,34.4,34.4,165348
2019-10-31,34.4,34.53,34.04,34.4,34.4,260261
2019-11-01,34.67,35.53,34.56,35.42,35.42,199564
2019-11-04,35.75,36.21,35.46,36.07,36.07,171910
2019-11-05,36.31,37.2,36.2454,37.14,37.14,277031
2019-11-06,37.01,37.01,36.32,36.32,36.32,163576
2019-11-07,36.62,37.03,36.46,36.84,36.84,166158
2019-11-08,36.74,37.12,36.51,37.03,37.03,198814
2019-11-11,36.8,37.13,36.57,36.97,36.97,100954
2019-11-12,37.12,37.36,36.75,36.77,36.77,175459
2019-11-13,36.46,36.85,36.16,36.58,36.58,156779
2019-11-14,36.6,36.95,36.325,36.46,36.46,105878
2019-11-15,36.7,36.78,36.225,36.37,36.37,131492
2019-11-18,36.21,36.68,36.07,36.66,36.66,132443
2019-11-19,36.74,36.78,36.11,36.36,36.36,157047
2019-11-20,36.06,36.47,35.77,35.94,35.94,138457
2019-11-21,36.08,36.26,35.47,35.87,35.87,126983
2019-11-22,35.99,36.19,35.54,35.87,35.87,140417
2019-11-25,36.2,37.25,35.87,37.17,37.17,163833
2019-11-26,37.1,37.36,36.97,37.07,37.07,128857
2019-11-27,37.34,37.6,36.96,37.59,37.59,106050
2019-11-29,37.56,37.6547,37.02,37.21,37.21,57217
2019-12-02,37.13,37.245,36.25,36.41,36.41,189169
2019-12-03,35.54,36.21,34.75,36.15,36.15,208602
2019-12-04,36.14,36.68,35.73,35.85,35.85,364079
2019-12-05,35.11,38.26,34.85,38.07,38.07,552263
2019-12-06,39.08,41.31,38.975,40.96,40.96,491041
2019-12-09,41,41.3,40.52,40.52,40.52,290354
2019-12-10,40.72,41.18,40.22,40.7,40.7,165317
2019-12-11,40.96,41.015,40.58,40.74,40.74,139798
2019-12-12,40.8,41.7,40.58,40.85,40.85,238764
2019-12-13,40.76,40.85,39.83,40.02,40.02,253807
2019-12-16,40.23,40.81,39.77,39.95,39.95,392383
2019-12-17,40.37,40.38,39.02,39.68,39.68,301842
2019-12-18,40.02,40.6,39.49,40.53,40.53,238458
2019-12-19,40.63,40.63,40.08,40.14,40.14,183723
2019-12-20,40.27,40.4075,39.18,39.45,39.45,846506
2019-12-23,39.66,39.86,39.23,39.5,39.5,126172
2019-12-24,39.72,39.72,39.12,39.48,39.48,50542
2019-12-26,39.55,39.83,39.44,39.49,39.49,114245
2019-12-27,39.73,39.75,39.175,39.18,39.18,168755
2019-12-30,39.13,39.8,39,39.51,39.51,167892
2019-12-31,39.33,39.95,39.33,39.35,39.35,131936
2020-01-02,39.5,39.53,38.99,39.41,39.41,159566
2020-01-03,38.64,39.1,38.48,38.93,38.93,176045
2020-01-06,38.56,39.58,38.42,39.38,39.38,244827
2020-01-07,39.25,39.38,38.83,39.05,39.05,137496
2020-01-08,39.06,39.25,38.82,39.19,39.19,177057
2020-01-09,39.36,39.496,38.86,38.87,38.87,176614
2020-01-10,38.98,39.14,38.53,38.66,38.66,116408
2020-01-13,38.7,39.19,38.525,39.11,39.11,133052
2020-01-14,39.13,39.24,38.71,38.84,38.84,114455
2020-01-15,38.79,39.14,38.14,38.46,38.46,173656
2020-01-16,38.66,39.3,38.66,38.88,38.88,129411
2020-01-17,39.17,39.35,38.84,39.05,39.05,182642
2020-01-21,39,39.1,38.19,38.26,38.26,156911
2020-01-22,38.49,38.69,38.04,38.08,38.08,133172
2020-01-23,38.05,38.25,37.67,38.1,38.1,225500
2020-01-24,38.35,38.35,37.25,37.31,37.31,186780
2020-01-27,36.35,36.64,35.9,35.91,35.91,128094
2020-01-28,36.21,36.52,35.84,35.96,35.96,101945
2020-01-29,36.03,36.2,35.26,35.56,35.56,179300
2020-01-30,35.11,35.4,34.46,35.02,35.02,136302
2020-01-31,34.81,34.81,32.61,32.75,32.75,404235
2020-02-03,33.13,33.905,33.11,33.75,33.75,239008
2020-02-04,34.48,34.59,33.53,33.91,33.91,156912
2020-02-05,34.4,34.5778,33.74,34.03,34.03,124591
2020-02-06,34.13,34.26,33.59,33.92,33.92,136118
2020-02-07,33.84,33.84,33,33.3,33.3,141305
2020-02-10,33.13,33.29,32.93,33.19,33.19,145772
2020-02-11,33.44,34.44,33.4393,33.86,33.86,111420
2020-02-12,34.34,34.42,33.77,34.36,34.36,152561
2020-02-13,33.96,34.48,33.57,34.42,34.42,95473
2020-02-14,34.42,34.54,34.01,34.18,34.18,139578
2020-02-18,34.1,34.46,33.97,34.23,34.23,240526
2020-02-19,34.52,34.64,34.11,34.45,34.45,97752
2020-02-20,34.22,34.62,34.18,34.33,34.33,183834
2020-02-21,34.2,34.2,33.7,34.07,34.07,135504
2020-02-24,32.85,33.58,32.45,33.15,33.15,207907
2020-02-25,33.34,33.34,32.245,32.27,32.27,315817
2020-02-26,32.57,32.93,31.83,31.96,31.96,148908
2020-02-27,30.98,32.13,30.585,31.1,31.1,261937
2020-02-28,29.95,31.09,29.84,30.66,30.66,320779
2020-03-02,30.82,30.82,29.42,30.12,30.12,235145
2020-03-03,30.15,30.82,28.72,29.08,29.08,201628
2020-03-04,29.44,29.7,28.87,29.66,29.66,259266
2020-03-05,30.53,31.72,30.08,30.28,30.28,502430
2020-03-06,29.54,31.11,29.07,30.24,30.24,294565
2020-03-09,28.67,28.67,26.1,26.13,26.13,408071
2020-03-10,27.07,28.82,26.39,28.38,28.38,231907
2020-03-11,27.46,28.05,26.85,27.75,27.75,317022
2020-03-12,25.82,27.69,25.51,25.54,25.54,451766
2020-03-13,27.28,28.21,25.94,27.88,27.88,334511
2020-03-16,23.9,27.19,23.9,24.23,24.23,272152
2020-03-17,24.75,27.29,23.21,27.03,27.03,347236
2020-03-18,25.18,25.99,24.21,25.9,25.9,281347
2020-03-19,25.02,26.66,23.84,24.34,24.34,369574
2020-03-20,24.78,26.94,23.22,23.37,23.37,439392
2020-03-23,23.29,23.67,21.76,23.12,23.12,270688
2020-03-24,24.34,25.5,23.68,25.27,25.27,247440
2020-03-25,25.12,26.35,24.36,25.75,25.75,341964
2020-03-26,25.96,28.08,25.93,27.84,27.84,239372
2020-03-27,26.9,27.09,25.52,25.79,25.79,170697
2020-03-30,25.9,26.42,25,26.29,26.29,201523
2020-03-31,26.3,26.8775,26.05,26.43,26.43,283130
2020-04-01,25.37,27.24,25,25.46,25.46,355826
2020-04-02,25.37,26.66,25.22,26.37,26.37,201185
2020-04-03,26.18,26.51,24.52,24.98,24.98,233930
2020-04-06,25.97,27.1,25.58,27.07,27.07,248223
2020-04-07,27.8,28.49,26.24,26.54,26.54,251240
2020-04-08,27.05,27.435,26.155,26.96,26.96,263260
2020-04-09,27.67,29.18,27.6573,28.75,28.75,286519
2020-04-13,28.63,28.6413,27.28,27.83,27.83,122506
2020-04-14,28.5,29.245,28.34,28.73,28.73,213310
2020-04-15,27.75,28.38,27.29,27.98,27.98,295691
2020-04-16,27.84,28.2,26.4,26.8,26.8,254993
2020-04-17,27.86,28.3334,27.47,27.93,27.93,249850
2020-04-20,27.27,27.635,26.941,27.3,27.3,166854
2020-04-21,26.18,26.85,25.47,26.29,26.29,202098
2020-04-22,26.77,26.9342,26.35,26.67,26.67,146027
2020-04-23,26.65,27.41,26.53,27.29,27.29,186998
2020-04-24,27.36,28.09,27.23,28.03,28.03,132770
2020-04-27,28.15,29.89,28.15,29.52,29.52,196595
2020-04-28,30.19,30.75,29.7,29.84,29.84,207222
2020-04-29,30.48,30.8684,30.31,30.59,30.59,403364
2020-04-30,30.2,30.48,29.34,30.02,30.02,222316
2020-05-01,29.31,29.64,28.15,28.53,28.53,156868
2020-05-04,28.25,28.66,27.9,28.24,28.24,216978
2020-05-05,28.86,29.335,28.34,28.43,28.43,177701
2020-05-06,28.59,28.8,27.68,28.1,28.1,210566
2020-05-07,28.58,28.58,27.83,28.15,28.15,158111
2020-05-08,28.68,29.83,28.67,29.72,29.72,176375
2020-05-11,29.45,29.45,28.52,28.98,28.98,217959
2020-05-12,28.96,29.02,28.11,28.31,28.31,231995
2020-05-13,28.01,28.15,26.825,27.03,27.03,223412
2020-05-14,26.45,27.07,25.66,27.05,27.05,414086
2020-05-15,27,27.95,26.76,27.39,27.39,676300
2020-05-18,28.38,29.99,28.38,29.57,29.57,366971
2020-05-19,29.38,29.48,28.67,28.69,28.69,214211
2020-05-20,29.18,29.88,29.04,29.59,29.59,159254
2020-05-21,29.47,29.67,29.18,29.49,29.49,121898
2020-05-22,29.46,29.57,28.81,29.54,29.54,97802
2020-05-26,30.24,30.95,30.1,30.83,30.83,300662
2020-05-27,31.71,31.98,31.25,31.91,31.91,257092
2020-05-28,32.15,32.15,30.68,30.91,30.91,159532
2020-05-29,30.83,31.68,30.705,31.35,31.35,264331
2020-06-01,31.47,31.93,31.32,31.63,31.63,208444
2020-06-02,31.91,32.71,31.63,32.43,32.43,166351
2020-06-03,32.93,34.6,32.93,34.15,34.15,182010
2020-06-04,34.01,35.32,34.01,35.28,35.28,201554
2020-06-05,36.4,37.8,36.4,37.04,37.04,235691
2020-06-08,37.25,37.3963,36.52,37.22,37.22,190035
2020-06-09,36.48,36.72,35.15,35.99,35.99,226404
2020-06-10,35.8,36.06,35.12,35.36,35.36,152062
2020-06-11,33.8,33.9828,32.47,32.53,32.53,186393
2020-06-12,33.65,34.05,31.93,32.72,32.72,187577
2020-06-15,31.79,33.23,31.47,32.94,32.94,223684
2020-06-16,34.16,34.53,33.135,33.39,33.39,232352
2020-06-17,33.37,33.7892,32.68,33.33,33.33,137143
2020-06-18,33.01,33.01,32.01,32.58,32.58,181206
2020-06-19,32.5,32.82,31.055,31.52,31.52,412260
2020-06-22,31.32,31.94,31.01,31.8,31.8,182992
2020-06-23,32.47,32.47,31.51,31.75,31.75,113765
2020-06-24,31.54,31.547,30.725,30.79,30.79,260547
2020-06-25,30.43,31.04,29.83,31,31,231033
2020-06-26,30.72,30.72,29.61,30.02,30.02,479788
2020-06-29,30.57,31.73,30.21,31.28,31.28,247523
2020-06-30,30.83,31.6021,28.5,31.26,31.26,569274
2020-07-01,31.09,31.45,28.88,28.92,28.92,444837
2020-07-02,29.74,30.02,29.0683,29.41,29.41,347723
2020-07-06,30.04,30.22,29.5,29.84,29.84,302287
2020-07-07,29.76,29.78,28.67,28.76,28.76,373838
2020-07-08,28.98,28.98,27.69,28.35,28.35,362900
2020-07-09,28.13,28.34,27.59,27.8,27.8,225465
2020-07-10,27.71,28.15,27.29,28.05,28.05,169625
2020-07-13,28.46,28.88,27.72,28.24,28.24,259140
2020-07-14,28.18,28.82,27.91,28.79,28.79,183588
2020-07-15,29.2,29.61,28.9,29.34,29.34,177599
2020-07-16,28.91,29.23,28.85,29.08,29.08,159296
2020-07-17,29.22,29.5,29.03,29.13,29.13,178036
2020-07-20,29.2,29.31,28.51,28.81,28.81,153688
2020-07-21,29,29.63,28.94,29.4,29.4,353891
2020-07-22,29.29,29.72,29.17,29.27,29.27,259715
2020-07-23,29.16,29.79,29.16,29.47,29.47,173349
2020-07-24,29.31,29.7,28.88,28.92,28.92,196187
2020-07-27,28.85,29.68,28.85,29.55,29.55,242478
2020-07-28,29.32,29.62,29,29.02,29.02,216896
2020-07-29,28.93,29.69,28.88,29.54,29.54,200361
2020-07-30,29.2,29.25,28.66,29.14,29.14,196637
2020-07-31,29.2,29.2,27.71,28.2,28.2,267202
2020-08-03,28.28,29.14,28.2214,29.02,29.02,213170
2020-08-04,28.91,29.19,28.715,29.18,29.18,236225
2020-08-05,29.4,29.91,29.09,29.61,29.61,273405
2020-08-06,29.56,29.83,29.32,29.54,29.54,168149
2020-08-07,29.25,30.13,29.17,30.12,30.12,272746
2020-08-10,30.27,31.42,30.27,30.97,30.97,266020
2020-08-11,31.47,32.265,31.17,31.82,31.82,241877
2020-08-12,32.31,32.48,31.83,32.12,32.12,135375
2020-08-13,31.91,32.08,31.72,31.76,31.76,169700
2020-08-14,31.53,31.95,31.38,31.63,31.63,133108
2020-08-17,31.64,32.07,31.415,31.45,31.45,278371
2020-08-18,31.31,31.47,30.31,30.39,30.39,198152
2020-08-19,30.35,30.655,30.03,30.16,30.16,158996
2020-08-20,29.69,29.825,28.93,29.04,29.04,176189
2020-08-21,28.8,28.9,28.41,28.62,28.62,197263
2020-08-24,28.96,29.19,28.65,29.19,29.19,194787
2020-08-25,29.51,29.64,28.83,29.08,29.08,101074
2020-08-26,28.95,29.11,28.325,28.55,28.55,142344
2020-08-27,28.78,28.78,27.93,28.1,28.1,150610
2020-08-28,28.33,28.63,27.67,28.52,28.52,223880
2020-08-31,28.34,28.52,28.2,28.31,28.31,211293
2020-09-01,28.14,29.13,28,29.09,29.09,209342
2020-09-02,29.29,30.43,29.06,30.35,30.35,299662
2020-09-03,31.92,31.97,28.8,29.15,29.15,360614
2020-09-04,29.71,29.96,28.88,29.62,29.62,306677
2020-09-08,28.83,29.6,28.78,28.9,28.9,279071
2020-09-09,29.22,29.28,28.4,28.45,28.45,175838
2020-09-10,28.49,28.625,27.4,27.4,27.4,155803
2020-09-11,27.36,28.28,27.36,28.25,28.25,251073
2020-09-14,28.48,28.7,28.25,28.36,28.36,113693
2020-09-15,28.52,28.81,28.04,28.17,28.17,239831
2020-09-16,28.44,28.44,27.745,27.79,27.79,232055
2020-09-17,27.68,27.77,27.16,27.66,27.66,196151
2020-09-18,27.76,27.96,26.72,26.85,26.85,459855
2020-09-21,26.26,26.29,24.56,24.9,24.9,249692
2020-09-22,24.9,24.99,24.26,24.93,24.93,220524
2020-09-23,24.83,25.16,23.97,23.99,23.99,200419
2020-09-24,26.22,27.77,25.62,27.52,27.52,786709
2020-09-25,27.23,27.68,27.03,27.36,27.36,302661
2020-09-28,27.79,28.55,27.79,28.28,28.28,212374
2020-09-29,28.47,28.79,28.21,28.61,28.61,176306
2020-09-30,28.8,29.31,28.22,28.5,28.5,237863
2020-10-01,28.65,28.92,28.13,28.42,28.42,223250
2020-10-02,26.84,29.1,26.84,28.9,28.9,211241
2020-10-05,29.09,29.55,29.07,29.16,29.16,175881
2020-10-06,29.49,30.19,29.19,29.59,29.59,298488
2020-10-07,29.85,30.14,29.49,29.49,29.49,273780
2020-10-08,29.7,29.86,29.46,29.66,29.66,148328
2020-10-09,29.93,30.22,29.7,29.84,29.84,150073
2020-10-12,29.72,30.35,29.72,30.21,30.21,120714
2020-10-13,30.01,30.295,29.76,29.87,29.87,143592
2020-10-14,29.91,30.25,29.77,29.89,29.89,126459
2020-10-15,29.37,30.49,29.23,30.32,30.32,153591
2020-10-16,30.31,30.7591,30.25,30.34,30.34,105183
2020-10-19,30.39,30.67,30.18,30.24,30.24,146238
2020-10-20,30.24,30.7084,30.19,30.34,30.34,187536
2020-10-21,30.55,30.764,30.225,30.59,30.59,291839
2020-10-22,30.56,31.86,30.52,31.62,31.62,307637
2020-10-23,31.67,32.41,31.67,32.36,32.36,291028
2020-10-26,31.91,31.91,31.135,31.55,31.55,211194
2020-10-27,31.42,31.42,30.485,30.75,30.75,231439
2020-10-28,30,30.23,29.725,29.96,29.96,287712
2020-10-29,29.77,30.5162,29.6,30.23,30.23,222004
2020-10-30,30.16,30.82,29.7,30.77,30.77,174698
2020-11-02,31.17,31.62,31.09,31.54,31.54,150029
2020-11-03,32.11,32.63,32.09,32.35,32.35,177695
2020-11-04,31.72,31.94,31.17,31.5,31.5,170257
2020-11-05,31.68,32.99,31.68,32.83,32.83,116837
2020-11-06,33,33.15,32.35,32.65,32.65,121024
2020-11-09,35.24,36.02,33.875,34.73,34.73,346564
2020-11-10,35.15,36.55,34.865,36.3,36.3,221375
2020-11-11,36.48,36.55,35.42,36.11,36.11,165385
2020-11-12,35.67,36.05,34.83,35.11,35.11,233783
2020-11-13,35.37,36.3,35.37,36.08,36.08,123172
2020-11-16,36.9,37.2827,36.58,37.23,37.23,173766
2020-11-17,36.77,37.195,36.24,37.03,37.03,169851
2020-11-18,37.23,37.33,35.96,35.96,35.96,180400
2020-11-19,35.84,35.92,34.71,35.56,35.56,179300
2020-11-20,35.18,35.535,34.87,35.32,35.32,275574
2020-11-23,35.79,35.93,35.22,35.65,35.65,184269
2020-11-24,36.3,36.53,35.39,36.46,36.46,241112
2020-11-25,36.11,36.46,35.14,35.74,35.74,181040
2020-11-27,35.53,35.9582,35.19,35.73,35.73,70102
2020-11-30,35.64,35.64,34.83,35.02,35.02,218967
2020-12-01,35.48,35.69,35.085,35.46,35.46,227981
2020-12-02,35.53,36.02,35.13,35.73,35.73,207236
2020-12-03,37.4,37.41,35.1,36.04,36.04,310614
2020-12-04,36.71,37.6,36.13,37.52,37.52,270128
2020-12-07,37.29,37.65,37.2,37.56,37.56,283895
2020-12-08,37.15,38.26,37.15,38.03,38.03,201870
2020-12-09,38.19,38.78,37.6,37.79,37.79,196865
2020-12-10,37.44,37.86,37.2301,37.73,37.73,185391
2020-12-11,37.3,37.86,37.28,37.47,37.47,111285
2020-12-14,37.77,37.89,36.91,36.92,36.92,190384
2020-12-15,37.33,38.25,37.12,38.12,38.12,206847
2020-12-16,38.21,38.21,37.4574,37.74,37.74,163080
2020-12-17,37.98,38.37,37.65,38.35,38.35,163600
2020-12-18,38.35,38.68,37.69,37.97,37.97,785174
2020-12-21,37.18,37.59,36.79,37.14,37.14,223056
2020-12-22,36.97,37.56,36.75,37.15,37.15,170888
2020-12-23,37.45,38.17,37.39,38.07,38.07,132468
2020-12-24,38.08,38.1999,37.4,37.72,37.72,60994
2020-12-28,38.2,38.53,37.985,38.21,38.21,121562
2020-12-29,38.49,38.5,37.45,37.93,37.93,146341
2020-12-30,38.04,38.5,38,38.27,38.27,128603
2020-12-31,38.23,38.5,37.9,38.28,38.28,155563
2021-01-04,38.68,39.01,37.25,37.59,37.59,183473
2021-01-05,37.59,38.32,37.59,38.06,38.06,142340
2021-01-06,38.91,40.99,38.67,40.57,40.57,302824
2021-01-07,40.93,42.45,40.86,42.41,42.41,244647
2021-01-08,42.55,42.79,40.76,41.22,41.22,179304
2021-01-11,40.85,41.48,40.74,41.42,41.42,140876
2021-01-12,41.69,42.4,41.5334,41.99,41.99,132318
2021-01-13,41.97,42.175,41.105,41.32,41.32,121505
2021-01-14,41.59,41.95,41.32,41.52,41.52,148195
2021-01-15,40.73,40.9865,40.06,40.15,40.15,197720
2021-01-19,40.46,40.595,39.75,40.21,40.21,176253
2021-01-20,40.69,41.15,40.065,41.11,41.11,153394
2021-01-21,41.34,42.08,41.2,41.78,41.78,184064
2021-01-22,41.37,42.775,41.16,42.76,42.76,175714
2021-01-25,42.42,43.11,41,41.21,41.21,193473
2021-01-26,41.45,42.295,39.88,39.96,39.96,134743
2021-01-27,39.01,39.62,37.94,38.29,38.29,164976
2021-01-28,38.63,38.76,37.81,38.22,38.22,158152
2021-01-29,38.2,38.84,37.51,37.75,37.75,204721
2021-02-01,38.25,38.7,37.6,38.5,38.5,104407
2021-02-02,39.16,39.32,38.19,39.15,39.15,98677
2021-02-03,38.95,39.4927,38.51,39.23,39.23,138969
2021-02-04,39.4,40.01,39.2,39.37,39.37,182819
2021-02-05,40,40.25,38.995,39.45,39.45,181726
2021-02-08,39.59,40.3,39.3501,40.23,40.23,156629
2021-02-09,40.09,40.85,39.71,40.46,40.46,175364
2021-02-10,40.74,40.74,39.58,39.86,39.86,134330
2021-02-11,40.05,40.26,39.18,39.85,39.85,148691
2021-02-12,39.55,39.75,39.3604,39.64,39.64,96658
2021-02-16,39.89,40.49,39.52,39.57,39.57,173575
2021-02-17,39.32,39.6,38.4,39.01,39.01,171427
2021-02-18,38.64,38.91,38.09,38.14,38.14,255363
2021-02-19,38.44,39.015,38.3,38.38,38.38,374165
2021-02-22,38.21,39.42,38.07,39.42,39.42,284341
2021-02-23,39.39,39.5299,38.43,39.02,39.02,185219
2021-02-24,39.03,40.42,39.03,40.1,40.1,193719
2021-02-25,40.11,40.11,38.86,39.19,39.19,133733
2021-02-26,39.41,39.66,38.56,38.93,38.93,164269
2021-03-01,39.76,40.46,39.08,40.39,40.39,201536
2021-03-02,40.38,40.55,39.9364,39.97,39.97,150168
2021-03-03,40.22,40.7762,40.14,40.3,40.3,164274
2021-03-04,40.35,41.45,39.631,40.59,40.59,316702
2021-03-05,41.24,42.79,40.44,42.56,42.56,277454
2021-03-08,42.8,44.39,42.38,44.27,44.27,292479
2021-03-09,44.44,45.58,43.815,44.59,44.59,350801
2021-03-10,44.75,45.85,43.45,45.49,45.49,284814
2021-03-11,45.88,45.89,44.585,45.11,45.11,242785
2021-03-12,45.06,46.25,45.06,46.17,46.17,158334
2021-03-15,46.25,46.96,45.4,46.82,46.82,157179
2021-03-16,47.01,47.01,46.125,46.51,46.51,172182
2021-03-17,46.19,46.68,45.62,45.78,45.78,243210
2021-03-18,45.68,46.58,44.56,44.95,44.95,230836
2021-03-19,44.76,45.67,43.84,43.96,43.96,611519
2021-03-22,44.07,44.07,42.46,42.58,42.58,230892
2021-03-23,42.11,42.67,40.07,40.2,40.2,275835
2021-03-24,40.76,41.232,40.1,40.1,40.1,226584
2021-03-25,39.76,40.94,39.03,40.65,40.65,248766
2021-03-26,41.34,41.7,41.08,41.59,41.59,149863
2021-03-29,41.37,42.5,40.79,41.29,41.29,264843
2021-03-30,41.62,42.44,41.29,42.04,42.04,150025
2021-03-31,42.09,42.52,41.5,41.98,41.98,161962
2021-04-01,43.24,43.55,42.04,42.97,42.97,231049
2021-04-05,43.31,44.69,43.31,44.69,44.69,205854
2021-04-06,44.71,44.82,44.2,44.55,44.55,231268
2021-04-07,44.47,44.81,43.56,43.97,43.97,250192
2021-04-08,44.09,44.59,43.03,44.52,44.52,210818
2021-04-09,44.6,45.37,44.32,45.37,45.37,185789
2021-04-12,45.49,45.76,45.08,45.72,45.72,173172
2021-04-13,45.55,45.95,44.4,44.99,44.99,256928
2021-04-14,44.82,45.51,44.82,44.95,44.95,157032
2021-04-15,45.21,45.21,44.35,44.65,44.65,309715
2021-04-16,45.13,45.42,44.56,44.75,44.75,329110
2021-04-19,44.75,44.81,43.6535,44.81,44.81,218217
2021-04-20,44.74,45.03,43.1,43.45,43.45,226398
2021-04-21,43.53,44.18,43.27,43.75,43.75,319821
2021-04-22,43.77,44.23,43.25,44.01,44.01,215062
2021-04-23,44.27,45,44.13,44.58,44.58,144402
2021-04-26,45.1,46.09,44.97,45.78,45.78,285912
2021-04-27,45.82,46.12,45.23,45.6,45.6,149536
2021-04-28,45.58,45.71,45.31,45.55,45.55,123528
2021-04-29,46.04,46.04,45.01,45.5,45.5,232294
2021-04-30,45.08,45.79,44.69,44.93,44.93,332960
2021-05-03,45.45,45.83,44.71,45.24,45.24,262109
2021-05-04,44.9,45.23,44.61,45.11,45.11,231629
2021-05-05,45.31,45.6,44.69,45.41,45.41,164401
2021-05-06,45.44,46.9,45.36,46.89,46.89,167367
2021-05-07,46.77,47.42,46.5,47.33,47.33,168766
2021-05-10,47.36,47.48,46,46,46,223999
2021-05-11,45.09,45.99,44.7601,45.98,45.98,186190
2021-05-12,45.53,45.55,43.93,44.02,44.02,146627
2021-05-13,44.32,46.28,44.12,46.1,46.1,188180
2021-05-14,46.48,46.74,46.12,46.73,46.73,225729
2021-05-17,46.35,47.26,46.19,47.09,47.09,112071
2021-05-18,47.11,47.17,46.33,46.35,46.35,114008
2021-05-19,45.5,46.46,45.105,46.43,46.43,231268
2021-05-20,46.24,46.44,45.46,46.21,46.21,179000
2021-05-21,46.48,47.0219,46.41,46.79,46.79,404249
2021-05-24,47.17,47.51,46.76,47.39,47.39,120257
2021-05-25,47.35,47.69,46.71,46.76,46.76,157124
2021-05-26,46.84,47.49,46.43,47.46,47.46,140510
2021-05-27,47.8,49.24,47.77,48.76,48.76,265872
2021-05-28,48.8,48.8,47.68,48.38,48.38,108341
2021-06-01,48.6,49.15,48.42,48.87,48.87,134879
2021-06-02,48.95,48.96,47.99,48.27,48.27,193150
2021-06-03,48.1,48.85,47.55,48.64,48.64,140130
2021-06-04,48.57,49.28,48.31,49.25,49.25,129334
2021-06-07,49.41,49.64,49.03,49.27,49.27,122292
2021-06-08,49.11,49.665,48.9,49.61,49.61,153860
2021-06-09,49.47,49.47,48.86,48.92,48.92,134648
2021-06-10,49.1,49.22,48.37,48.58,48.58,127482
2021-06-11,48.8,49.4,48.8,49.35,49.35,120051
2021-06-14,49.46,49.46,48.62,48.76,48.76,160743
2021-06-15,48.81,49.11,48.43,48.92,48.92,114973
2021-06-16,48.8,48.95,48.25,48.41,48.41,132703
2021-06-17,48.29,48.325,46.67,47.3,47.3,262877
2021-06-18,46.85,47.1,46.265,46.5,46.5,382853
2021-06-21,46.85,47.79,46.85,47.43,47.43,105069
2021-06-22,47.1,47.76,46.87,47.58,47.58,140617
2021-06-23,47.46,47.97,47.18,47.57,47.57,176820
2021-06-24,47.75,49.28,47.5506,49.07,49.07,235864
2021-06-25,49.55,49.71,48.49,48.49,48.49,521293
2021-06-28,48.42,48.65,47.39,48.5,48.5,211949
2021-06-29,48.5,48.89,47.77,48.67,48.67,140400
2021-06-30,48.2,49.45,48.06,49.21,49.21,171658
2021-07-01,49.44,50.07,49.3,49.97,49.97,113461
2021-07-02,49.91,50.195,49.5,49.52,49.52,138180
2021-07-06,49.35,49.35,47.11,47.4,47.4,155968
2021-07-07,47.33,47.86,46.7,47.39,47.39,183039
2021-07-08,46.39,47.3,45.79,46.68,46.68,169425
2021-07-09,47.44,48.505,46.975,48.4,48.4,144445
2021-07-12,48.02,48.89,48.02,48.74,48.74,121700
2021-07-13,48.27,48.57,47.9,47.97,47.97,153000
2021-07-14,48.31,48.6,46.75,47.42,47.42,152900
2021-07-15,46.74,46.98,46.06,46.46,46.46,197800
2021-07-16,46.87,46.95,44.93,44.99,44.99,173400
2021-07-19,43.78,45.3,43.78,44.99,44.99,245055
