Date,Open,High,Low,Close,Adj Close,Volume
1983-09-07,0.0,38.19444274902344,36.45833206176758,36.45833206176758,36.45833206176758,51012
1983-09-08,0.0,37.15277862548828,36.45833206176758,36.45833206176758,36.45833206176758,5868
1983-09-09,0.0,36.80555725097656,35.41666793823242,35.76388931274414,35.76388931274414,14436
1983-09-12,0.0,36.80555725097656,35.06944274902344,35.41666793823242,35.41666793823242,6120
1983-09-13,0.0,35.06944274902344,33.33333206176758,33.68055725097656,33.68055725097656,5904
1983-09-14,0.0,33.33333206176758,31.94444465637207,32.63888931274414,32.63888931274414,3672
1983-09-15,0.0,32.63888931274414,31.94444465637207,32.29166793823242,32.29166793823242,2340
1983-09-16,0.0,32.98611068725586,32.29166793823242,32.98611068725586,32.98611068725586,1584
1983-09-19,0.0,35.41666793823242,33.33333206176758,35.41666793823242,35.41666793823242,3204
1983-09-20,0.0,35.41666793823242,33.68055725097656,34.02777862548828,34.02777862548828,2664
1983-09-21,0.0,35.06944274902344,33.68055725097656,33.68055725097656,33.68055725097656,2160
1983-09-22,0.0,35.06944274902344,32.98611068725586,33.33333206176758,33.33333206176758,1764
1983-09-23,0.0,34.375,32.98611068725586,32.98611068725586,32.98611068725586,1008
1983-09-26,0.0,34.02777862548828,32.98611068725586,33.33333206176758,33.33333206176758,2556
1983-09-27,0.0,32.29166793823242,31.59722137451172,32.29166793823242,32.29166793823242,3744
1983-09-28,0.0,32.63888931274414,31.59722137451172,31.94444465637207,31.94444465637207,2268
1983-09-29,0.0,31.25,29.86111068725586,29.86111068725586,29.86111068725586,2772
1983-09-30,0.0,29.86111068725586,27.43055534362793,28.81944465637207,28.81944465637207,6804
1983-10-03,0.0,30.208332061767578,29.166667938232422,29.166667938232422,29.166667938232422,2880
1983-10-04,0.0,30.55555534362793,28.81944465637207,28.81944465637207,28.81944465637207,3852
1983-10-05,0.0,29.86111068725586,28.47222137451172,28.81944465637207,28.81944465637207,2556
1983-10-06,0.0,29.86111068725586,29.166667938232422,29.86111068725586,29.86111068725586,2304
1983-10-07,0.0,29.86111068725586,29.166667938232422,29.51388931274414,29.51388931274414,216
1983-10-10,0.0,29.86111068725586,29.51388931274414,29.51388931274414,29.51388931274414,612
1983-10-11,0.0,29.51388931274414,29.166667938232422,29.51388931274414,29.51388931274414,540
1983-10-12,0.0,29.51388931274414,29.166667938232422,29.166667938232422,29.166667938232422,864
1983-10-13,0.0,28.81944465637207,28.47222137451172,28.47222137451172,28.47222137451172,432
1983-10-14,0.0,29.51388931274414,28.125,29.166667938232422,29.166667938232422,936
1983-10-17,0.0,29.51388931274414,29.166667938232422,29.51388931274414,29.51388931274414,828
1983-10-18,0.0,30.55555534362793,29.86111068725586,30.55555534362793,30.55555534362793,1800
1983-10-19,0.0,32.98611068725586,30.90277862548828,31.94444465637207,31.94444465637207,2232
1983-10-20,0.0,35.41666793823242,32.63888931274414,34.02777862548828,34.02777862548828,4176
1983-10-21,0.0,34.02777862548828,32.63888931274414,32.63888931274414,32.63888931274414,936
1983-10-24,0.0,34.375,32.29166793823242,34.02777862548828,34.02777862548828,1476
1983-10-25,0.0,35.06944274902344,34.02777862548828,34.72222137451172,34.72222137451172,1548
1983-10-26,0.0,35.41666793823242,34.375,34.375,34.375,4356
1983-10-27,0.0,34.72222137451172,33.68055725097656,33.68055725097656,33.68055725097656,1404
1983-10-28,0.0,34.02777862548828,32.63888931274414,32.63888931274414,32.63888931274414,1008
1983-10-31,0.0,32.29166793823242,31.94444465637207,31.94444465637207,31.94444465637207,576
1983-11-01,0.0,32.63888931274414,30.90277862548828,30.90277862548828,30.90277862548828,360
1983-11-02,0.0,31.25,30.55555534362793,30.55555534362793,30.55555534362793,396
1983-11-03,0.0,31.25,30.55555534362793,30.55555534362793,30.55555534362793,468
1983-11-04,0.0,30.90277862548828,30.55555534362793,30.55555534362793,30.55555534362793,468
1983-11-07,0.0,30.55555534362793,28.47222137451172,28.47222137451172,28.47222137451172,1080
1983-11-08,0.0,29.86111068725586,28.47222137451172,29.51388931274414,29.51388931274414,900
1983-11-09,0.0,29.166667938232422,28.81944465637207,28.81944465637207,28.81944465637207,540
1983-11-10,0.0,29.51388931274414,28.47222137451172,28.81944465637207,28.81944465637207,756
1983-11-11,0.0,29.51388931274414,28.125,29.51388931274414,29.51388931274414,1872
1983-11-14,0.0,31.59722137451172,29.86111068725586,31.59722137451172,31.59722137451172,1908
1983-11-15,0.0,31.94444465637207,31.25,31.25,31.25,432
1983-11-16,0.0,31.94444465637207,30.90277862548828,30.90277862548828,30.90277862548828,792
1983-11-17,0.0,30.55555534362793,29.51388931274414,29.51388931274414,29.51388931274414,900
1983-11-18,0.0,29.86111068725586,29.166667938232422,29.166667938232422,29.166667938232422,504
1983-11-21,0.0,30.208332061767578,29.51388931274414,30.208332061767578,30.208332061767578,684
1983-11-22,0.0,30.208332061767578,29.51388931274414,29.86111068725586,29.86111068725586,432
1983-11-23,0.0,30.90277862548828,29.51388931274414,30.55555534362793,30.55555534362793,1548
1983-11-25,0.0,30.55555534362793,30.208332061767578,30.55555534362793,30.55555534362793,216
1983-11-28,0.0,30.55555534362793,29.51388931274414,29.51388931274414,29.51388931274414,1044
1983-11-29,0.0,30.208332061767578,28.81944465637207,29.86111068725586,29.86111068725586,1512
1983-11-30,0.0,29.51388931274414,28.81944465637207,28.81944465637207,28.81944465637207,864
1983-12-01,0.0,29.166667938232422,29.166667938232422,29.166667938232422,29.166667938232422,756
1983-12-02,0.0,29.166667938232422,28.81944465637207,29.166667938232422,29.166667938232422,216
1983-12-05,0.0,29.51388931274414,28.47222137451172,28.81944465637207,28.81944465637207,2376
1983-12-06,0.0,29.166667938232422,28.47222137451172,29.166667938232422,29.166667938232422,540
1983-12-07,0.0,29.86111068725586,29.166667938232422,29.166667938232422,29.166667938232422,648
1983-12-08,0.0,29.51388931274414,28.125,28.125,28.125,2088
1983-12-09,0.0,29.166667938232422,28.125,29.166667938232422,29.166667938232422,2052
1983-12-12,0.0,29.86111068725586,28.81944465637207,28.81944465637207,28.81944465637207,936
1983-12-13,0.0,28.81944465637207,27.77777862548828,27.77777862548828,27.77777862548828,2664
1983-12-14,0.0,28.81944465637207,27.77777862548828,28.81944465637207,28.81944465637207,1548
1983-12-15,0.0,31.59722137451172,28.81944465637207,31.25,31.25,4176
1983-12-16,0.0,31.25,29.86111068725586,29.86111068725586,29.86111068725586,3384
1983-12-19,0.0,32.63888931274414,29.86111068725586,32.63888931274414,32.63888931274414,1764
1983-12-20,0.0,34.02777862548828,32.63888931274414,33.33333206176758,33.33333206176758,2916
1983-12-21,0.0,34.02777862548828,32.98611068725586,33.33333206176758,33.33333206176758,1404
1983-12-22,0.0,34.02777862548828,33.33333206176758,34.02777862548828,34.02777862548828,972
1983-12-23,0.0,34.72222137451172,33.68055725097656,33.68055725097656,33.68055725097656,504
1983-12-27,0.0,34.375,33.68055725097656,33.68055725097656,33.68055725097656,576
1983-12-28,0.0,34.02777862548828,33.68055725097656,34.02777862548828,34.02777862548828,576
1983-12-29,0.0,34.02777862548828,32.29166793823242,32.29166793823242,32.29166793823242,1548
1983-12-30,0.0,32.29166793823242,30.55555534362793,31.25,31.25,3348
1984-01-03,0.0,31.59722137451172,31.59722137451172,31.59722137451172,31.59722137451172,144
1984-01-04,0.0,31.59722137451172,31.59722137451172,31.59722137451172,31.59722137451172,252
1984-01-05,0.0,31.94444465637207,31.25,31.94444465637207,31.94444465637207,18144
1984-01-06,0.0,32.98611068725586,31.59722137451172,31.94444465637207,31.94444465637207,1620
1984-01-09,0.0,33.68055725097656,31.94444465637207,33.68055725097656,33.68055725097656,1692
1984-01-10,0.0,35.41666793823242,34.375,34.72222137451172,34.72222137451172,3312
1984-01-11,0.0,34.72222137451172,33.68055725097656,33.68055725097656,33.68055725097656,1512
1984-01-12,0.0,33.68055725097656,32.98611068725586,33.68055725097656,33.68055725097656,1224
1984-01-13,0.0,33.68055725097656,33.33333206176758,33.33333206176758,33.33333206176758,972
1984-01-16,0.0,34.02777862548828,33.33333206176758,33.68055725097656,33.68055725097656,684
1984-01-17,0.0,34.02777862548828,33.33333206176758,34.02777862548828,34.02777862548828,1224
1984-01-18,0.0,34.375,34.02777862548828,34.02777862548828,34.02777862548828,1620
1984-01-19,0.0,34.375,33.33333206176758,33.68055725097656,33.68055725097656,1872
1984-01-20,0.0,33.68055725097656,32.63888931274414,32.63888931274414,32.63888931274414,900
1984-01-23,0.0,31.94444465637207,31.94444465637207,31.94444465637207,31.94444465637207,612
1984-01-24,0.0,32.98611068725586,32.29166793823242,32.98611068725586,32.98611068725586,1080
1984-01-25,0.0,32.98611068725586,32.29166793823242,32.98611068725586,32.98611068725586,756
1984-01-26,0.0,32.98611068725586,32.29166793823242,32.29166793823242,32.29166793823242,720
1984-01-27,0.0,32.29166793823242,31.25,31.25,31.25,612
1984-01-30,0.0,31.59722137451172,31.25,31.59722137451172,31.59722137451172,1152
1984-01-31,0.0,31.94444465637207,31.59722137451172,31.94444465637207,31.94444465637207,324
1984-02-01,0.0,32.63888931274414,31.94444465637207,32.29166793823242,32.29166793823242,1476
1984-02-02,0.0,31.94444465637207,31.59722137451172,31.59722137451172,31.59722137451172,576
1984-02-03,0.0,32.29166793823242,31.59722137451172,31.59722137451172,31.59722137451172,1188
1984-02-06,0.0,31.25,30.90277862548828,30.90277862548828,30.90277862548828,576
1984-02-07,0.0,30.55555534362793,30.208332061767578,30.55555534362793,30.55555534362793,504
1984-02-08,0.0,30.90277862548828,29.86111068725586,30.208332061767578,30.208332061767578,900
1984-02-09,0.0,30.208332061767578,29.166667938232422,29.166667938232422,29.166667938232422,1836
1984-02-10,0.0,30.90277862548828,29.166667938232422,30.208332061767578,30.208332061767578,756
1984-02-13,0.0,29.86111068725586,29.51388931274414,29.86111068725586,29.86111068725586,180
1984-02-14,0.0,29.86111068725586,29.51388931274414,29.51388931274414,29.51388931274414,396
1984-02-15,0.0,29.166667938232422,29.166667938232422,29.166667938232422,29.166667938232422,180
1984-02-16,0.0,29.86111068725586,29.166667938232422,29.166667938232422,29.166667938232422,576
1984-02-17,0.0,29.166667938232422,29.166667938232422,29.166667938232422,29.166667938232422,360
1984-02-21,0.0,32.29166793823242,30.55555534362793,31.94444465637207,31.94444465637207,2016
1984-02-22,0.0,32.29166793823242,31.59722137451172,31.94444465637207,31.94444465637207,540
1984-02-23,0.0,31.59722137451172,30.55555534362793,30.55555534362793,30.55555534362793,1404
1984-02-24,0.0,30.90277862548828,30.55555534362793,30.55555534362793,30.55555534362793,504
1984-02-27,0.0,31.25,30.55555534362793,31.25,31.25,468
1984-02-28,0.0,31.25,30.90277862548828,31.25,31.25,216
1984-02-29,0.0,31.25,30.90277862548828,30.90277862548828,30.90277862548828,576
1984-03-01,0.0,31.25,30.90277862548828,31.25,31.25,432
1984-03-02,0.0,31.94444465637207,31.59722137451172,31.59722137451172,31.59722137451172,360
1984-03-05,0.0,31.94444465637207,31.25,31.25,31.25,612
1984-03-06,0.0,31.59722137451172,30.90277862548828,30.90277862548828,30.90277862548828,432
1984-03-07,0.0,30.90277862548828,30.55555534362793,30.90277862548828,30.90277862548828,1224
1984-03-08,0.0,30.90277862548828,30.55555534362793,30.55555534362793,30.55555534362793,72
1984-03-09,30.55555534362793,30.55555534362793,30.55555534362793,30.55555534362793,30.55555534362793,0
1984-03-12,0.0,30.90277862548828,30.208332061767578,30.208332061767578,30.208332061767578,324
1984-03-13,0.0,30.208332061767578,30.208332061767578,30.208332061767578,30.208332061767578,1476
1984-03-14,0.0,29.86111068725586,29.51388931274414,29.86111068725586,29.86111068725586,432
1984-03-15,0.0,29.86111068725586,29.51388931274414,29.86111068725586,29.86111068725586,324
1984-03-16,0.0,30.208332061767578,29.51388931274414,30.208332061767578,30.208332061767578,648
1984-03-19,0.0,30.55555534362793,30.208332061767578,30.55555534362793,30.55555534362793,432
1984-03-20,0.0,30.90277862548828,30.208332061767578,30.55555534362793,30.55555534362793,1548
1984-03-21,0.0,30.55555534362793,30.208332061767578,30.208332061767578,30.208332061767578,144
1984-03-22,0.0,30.55555534362793,29.86111068725586,30.55555534362793,30.55555534362793,540
1984-03-23,0.0,29.86111068725586,29.86111068725586,29.86111068725586,29.86111068725586,180
1984-03-26,0.0,30.208332061767578,29.51388931274414,30.208332061767578,30.208332061767578,540
1984-03-27,0.0,30.208332061767578,29.86111068725586,30.208332061767578,30.208332061767578,108
1984-03-28,0.0,29.86111068725586,29.51388931274414,29.86111068725586,29.86111068725586,972
1984-03-29,0.0,30.55555534362793,29.51388931274414,30.55555534362793,30.55555534362793,1224
1984-03-30,0.0,30.208332061767578,29.86111068725586,29.86111068725586,29.86111068725586,1080
1984-04-02,0.0,30.208332061767578,29.86111068725586,30.208332061767578,30.208332061767578,648
1984-04-03,0.0,30.208332061767578,29.86111068725586,29.86111068725586,29.86111068725586,1008
1984-04-04,0.0,29.51388931274414,29.51388931274414,29.51388931274414,29.51388931274414,576
1984-04-05,29.51388931274414,29.51388931274414,29.51388931274414,29.51388931274414,29.51388931274414,0
1984-04-06,0.0,29.86111068725586,29.51388931274414,29.51388931274414,29.51388931274414,684
1984-04-09,0.0,29.86111068725586,29.51388931274414,29.51388931274414,29.51388931274414,504
1984-04-10,0.0,29.51388931274414,29.166667938232422,29.166667938232422,29.166667938232422,720
1984-04-11,0.0,29.166667938232422,29.166667938232422,29.166667938232422,29.166667938232422,180
1984-04-12,0.0,29.166667938232422,28.81944465637207,29.166667938232422,29.166667938232422,756
1984-04-13,0.0,29.166667938232422,28.81944465637207,28.81944465637207,28.81944465637207,468
1984-04-16,0.0,28.47222137451172,28.47222137451172,28.47222137451172,28.47222137451172,216
1984-04-17,0.0,28.47222137451172,28.47222137451172,28.47222137451172,28.47222137451172,180
1984-04-18,0.0,28.47222137451172,28.125,28.125,28.125,612
1984-04-19,0.0,28.125,28.125,28.125,28.125,216
1984-04-23,0.0,28.47222137451172,27.77777862548828,27.77777862548828,27.77777862548828,864
1984-04-24,0.0,28.81944465637207,27.77777862548828,28.47222137451172,28.47222137451172,1296
1984-04-25,0.0,28.81944465637207,28.47222137451172,28.47222137451172,28.47222137451172,216
1984-04-26,0.0,28.47222137451172,28.125,28.125,28.125,1224
1984-04-27,0.0,28.47222137451172,28.125,28.125,28.125,468
1984-04-30,0.0,28.125,28.125,28.125,28.125,612
1984-05-01,0.0,28.81944465637207,28.47222137451172,28.47222137451172,28.47222137451172,1296
1984-05-02,0.0,28.125,27.77777862548828,27.77777862548828,27.77777862548828,756
1984-05-03,0.0,27.77777862548828,27.77777862548828,27.77777862548828,27.77777862548828,1332
1984-05-04,0.0,27.77777862548828,27.43055534362793,27.43055534362793,27.43055534362793,1440
1984-05-07,0.0,27.77777862548828,27.43055534362793,27.77777862548828,27.77777862548828,540
1984-05-08,0.0,27.77777862548828,27.083332061767578,27.083332061767578,27.083332061767578,792
1984-05-09,0.0,27.43055534362793,27.083332061767578,27.43055534362793,27.43055534362793,288
1984-05-10,0.0,27.43055534362793,26.73611068725586,27.083332061767578,27.083332061767578,1080
1984-05-11,0.0,27.083332061767578,27.083332061767578,27.083332061767578,27.083332061767578,216
1984-05-14,0.0,27.083332061767578,26.73611068725586,26.73611068725586,26.73611068725586,396
1984-05-15,0.0,26.38888931274414,26.38888931274414,26.38888931274414,26.38888931274414,1008
1984-05-16,0.0,26.38888931274414,26.38888931274414,26.38888931274414,26.38888931274414,72
1984-05-17,0.0,26.38888931274414,26.041667938232422,26.041667938232422,26.041667938232422,504
1984-05-18,0.0,26.041667938232422,25.69444465637207,25.69444465637207,25.69444465637207,648
1984-05-21,0.0,25.0,24.65277862548828,25.0,25.0,2268
1984-05-22,0.0,24.65277862548828,24.65277862548828,24.65277862548828,24.65277862548828,756
1984-05-23,0.0,24.65277862548828,23.958332061767578,23.958332061767578,23.958332061767578,540
1984-05-24,0.0,23.958332061767578,23.61111068725586,23.61111068725586,23.61111068725586,1800
1984-05-25,0.0,23.958332061767578,23.958332061767578,23.958332061767578,23.958332061767578,36
1984-05-29,0.0,23.61111068725586,23.26388931274414,23.61111068725586,23.61111068725586,1044
1984-05-30,0.0,23.958332061767578,23.61111068725586,23.61111068725586,23.61111068725586,396
1984-05-31,0.0,23.26388931274414,22.916667938232422,22.916667938232422,22.916667938232422,612
1984-06-01,0.0,22.56944465637207,22.22222137451172,22.56944465637207,22.56944465637207,432
1984-06-04,0.0,24.65277862548828,22.56944465637207,24.65277862548828,24.65277862548828,2376
1984-06-05,0.0,26.38888931274414,25.0,26.041667938232422,26.041667938232422,684
1984-06-06,0.0,28.125,27.083332061767578,27.77777862548828,27.77777862548828,2484
1984-06-07,0.0,28.125,27.77777862548828,27.77777862548828,27.77777862548828,396
1984-06-08,0.0,28.125,27.77777862548828,27.77777862548828,27.77777862548828,180
1984-06-11,0.0,28.47222137451172,27.43055534362793,27.43055534362793,27.43055534362793,1836
1984-06-12,0.0,27.77777862548828,25.69444465637207,25.69444465637207,25.69444465637207,1368
1984-06-13,0.0,26.041667938232422,24.30555534362793,24.30555534362793,24.30555534362793,3204
1984-06-14,0.0,25.0,24.30555534362793,24.30555534362793,24.30555534362793,504
1984-06-15,0.0,24.30555534362793,24.30555534362793,24.30555534362793,24.30555534362793,324
1984-06-18,0.0,25.0,24.30555534362793,24.30555534362793,24.30555534362793,648
1984-06-19,24.30555534362793,24.30555534362793,24.30555534362793,24.30555534362793,24.30555534362793,0
1984-06-20,0.0,24.30555534362793,24.30555534362793,24.30555534362793,24.30555534362793,36
1984-06-21,0.0,25.0,24.65277862548828,25.0,25.0,540
1984-06-22,0.0,26.041667938232422,24.65277862548828,24.65277862548828,24.65277862548828,4464
1984-06-25,0.0,24.65277862548828,24.30555534362793,24.30555534362793,24.30555534362793,936
1984-06-26,0.0,23.958332061767578,23.958332061767578,23.958332061767578,23.958332061767578,108
1984-06-27,0.0,23.958332061767578,23.958332061767578,23.958332061767578,23.958332061767578,180
1984-06-28,0.0,23.958332061767578,23.61111068725586,23.958332061767578,23.958332061767578,540
1984-06-29,0.0,23.958332061767578,23.61111068725586,23.61111068725586,23.61111068725586,252
1984-07-02,0.0,23.26388931274414,22.916667938232422,22.916667938232422,22.916667938232422,360
1984-07-03,0.0,23.61111068725586,22.916667938232422,23.61111068725586,23.61111068725586,324
1984-07-05,0.0,23.61111068725586,23.26388931274414,23.61111068725586,23.61111068725586,324
1984-07-06,0.0,23.61111068725586,23.61111068725586,23.61111068725586,23.61111068725586,576
1984-07-09,0.0,23.958332061767578,23.26388931274414,23.958332061767578,23.958332061767578,612
1984-07-10,0.0,23.958332061767578,23.61111068725586,23.61111068725586,23.61111068725586,180
1984-07-11,0.0,23.958332061767578,23.61111068725586,23.61111068725586,23.61111068725586,1548
1984-07-12,0.0,24.30555534362793,23.26388931274414,23.26388931274414,23.26388931274414,2124
1984-07-13,0.0,24.30555534362793,23.61111068725586,24.30555534362793,24.30555534362793,396
1984-07-16,0.0,25.0,24.30555534362793,25.0,25.0,216
1984-07-17,0.0,26.041667938232422,25.69444465637207,26.041667938232422,26.041667938232422,252
1984-07-18,26.041667938232422,26.041667938232422,26.041667938232422,26.041667938232422,26.041667938232422,0
1984-07-19,0.0,26.041667938232422,26.041667938232422,26.041667938232422,26.041667938232422,792
1984-07-20,0.0,26.73611068725586,26.73611068725586,26.73611068725586,26.73611068725586,432
1984-07-23,0.0,27.083332061767578,26.73611068725586,26.73611068725586,26.73611068725586,900
1984-07-24,0.0,27.083332061767578,26.73611068725586,26.73611068725586,26.73611068725586,504
1984-07-25,0.0,26.73611068725586,26.73611068725586,26.73611068725586,26.73611068725586,648
1984-07-26,0.0,26.73611068725586,26.73611068725586,26.73611068725586,26.73611068725586,288
1984-07-27,0.0,26.73611068725586,26.73611068725586,26.73611068725586,26.73611068725586,396
1984-07-30,0.0,26.73611068725586,26.73611068725586,26.73611068725586,26.73611068725586,1080
1984-07-31,0.0,27.083332061767578,26.73611068725586,26.73611068725586,26.73611068725586,396
1984-08-01,0.0,27.43055534362793,26.73611068725586,27.083332061767578,27.083332061767578,864
1984-08-02,27.083332061767578,27.083332061767578,27.083332061767578,27.083332061767578,27.083332061767578,0
1984-08-03,0.0,27.77777862548828,27.083332061767578,27.77777862548828,27.77777862548828,648
1984-08-06,0.0,28.47222137451172,27.77777862548828,27.77777862548828,27.77777862548828,1404
1984-08-07,0.0,28.125,27.77777862548828,27.77777862548828,27.77777862548828,360
1984-08-08,0.0,27.77777862548828,27.77777862548828,27.77777862548828,27.77777862548828,468
1984-08-09,0.0,28.125,27.77777862548828,27.77777862548828,27.77777862548828,360
1984-08-10,0.0,28.81944465637207,27.77777862548828,28.125,28.125,2052
1984-08-13,0.0,28.125,27.083332061767578,27.083332061767578,27.083332061767578,864
1984-08-14,0.0,27.43055534362793,27.083332061767578,27.43055534362793,27.43055534362793,648
1984-08-15,0.0,27.083332061767578,27.083332061767578,27.083332061767578,27.083332061767578,1368
1984-08-16,0.0,27.083332061767578,27.083332061767578,27.083332061767578,27.083332061767578,36
1984-08-17,27.083332061767578,27.083332061767578,27.083332061767578,27.083332061767578,27.083332061767578,0
1984-08-20,27.083332061767578,27.083332061767578,27.083332061767578,27.083332061767578,27.083332061767578,0
1984-08-21,0.0,27.77777862548828,27.43055534362793,27.43055534362793,27.43055534362793,576
1984-08-22,0.0,28.125,27.43055534362793,28.125,28.125,288
1984-08-23,0.0,28.47222137451172,28.125,28.47222137451172,28.47222137451172,252
1984-08-24,0.0,28.81944465637207,28.47222137451172,28.81944465637207,28.81944465637207,720
1984-08-27,0.0,28.47222137451172,28.47222137451172,28.47222137451172,28.47222137451172,36
1984-08-28,0.0,28.47222137451172,28.47222137451172,28.47222137451172,28.47222137451172,1476
1984-08-29,0.0,28.47222137451172,28.47222137451172,28.47222137451172,28.47222137451172,576
1984-08-30,0.0,28.47222137451172,28.47222137451172,28.47222137451172,28.47222137451172,540
1984-08-31,0.0,28.47222137451172,28.47222137451172,28.47222137451172,28.47222137451172,108
1984-09-04,0.0,28.47222137451172,28.125,28.47222137451172,28.47222137451172,540
1984-09-05,0.0,29.51388931274414,28.81944465637207,29.51388931274414,29.51388931274414,1008
1984-09-06,0.0,29.166667938232422,29.166667938232422,29.166667938232422,29.166667938232422,468
1984-09-07,0.0,30.208332061767578,29.166667938232422,30.208332061767578,30.208332061767578,756
1984-09-10,0.0,30.208332061767578,29.51388931274414,29.51388931274414,29.51388931274414,3708
1984-09-11,0.0,29.86111068725586,28.81944465637207,28.81944465637207,28.81944465637207,648
1984-09-12,28.81944465637207,28.81944465637207,28.81944465637207,28.81944465637207,28.81944465637207,0
1984-09-13,0.0,29.51388931274414,28.81944465637207,29.166667938232422,29.166667938232422,684
1984-09-14,0.0,29.86111068725586,29.166667938232422,29.86111068725586,29.86111068725586,504
1984-09-17,0.0,29.86111068725586,29.166667938232422,29.51388931274414,29.51388931274414,432
1984-09-18,0.0,30.55555534362793,30.208332061767578,30.55555534362793,30.55555534362793,3492
1984-09-19,0.0,30.90277862548828,30.208332061767578,30.90277862548828,30.90277862548828,2736
1984-09-20,0.0,30.55555534362793,30.55555534362793,30.55555534362793,30.55555534362793,900
1984-09-21,0.0,31.25,30.55555534362793,30.90277862548828,30.90277862548828,756
1984-09-24,0.0,31.25,30.90277862548828,31.25,31.25,1116
1984-09-25,0.0,31.25,30.90277862548828,31.25,31.25,756
1984-09-26,0.0,31.25,30.90277862548828,30.90277862548828,30.90277862548828,2340
1984-09-27,0.0,31.59722137451172,31.25,31.59722137451172,31.59722137451172,504
1984-09-28,0.0,31.94444465637207,31.25,31.25,31.25,900
1984-10-01,0.0,31.25,30.90277862548828,31.25,31.25,1044
1984-10-02,0.0,32.29166793823242,31.25,31.94444465637207,31.94444465637207,2592
1984-10-03,0.0,31.59722137451172,30.90277862548828,30.90277862548828,30.90277862548828,504
1984-10-04,0.0,30.90277862548828,30.90277862548828,30.90277862548828,30.90277862548828,324
1984-10-05,0.0,30.90277862548828,30.90277862548828,30.90277862548828,30.90277862548828,72
1984-10-08,0.0,32.63888931274414,31.59722137451172,32.63888931274414,32.63888931274414,396
1984-10-09,0.0,33.33333206176758,32.63888931274414,33.33333206176758,33.33333206176758,2448
1984-10-10,0.0,33.68055725097656,33.33333206176758,33.33333206176758,33.33333206176758,2772
1984-10-11,0.0,34.02777862548828,33.33333206176758,34.02777862548828,34.02777862548828,1296
1984-10-12,0.0,34.02777862548828,34.02777862548828,34.02777862548828,34.02777862548828,216
1984-10-15,0.0,35.41666793823242,34.375,34.72222137451172,34.72222137451172,4356
1984-10-16,0.0,34.72222137451172,34.375,34.375,34.375,2700
1984-10-17,0.0,35.76388931274414,34.375,35.76388931274414,35.76388931274414,1584
1984-10-18,0.0,38.19444274902344,35.41666793823242,38.19444274902344,38.19444274902344,2304
1984-10-19,0.0,39.58333206176758,38.19444274902344,39.23611068725586,39.23611068725586,6084
1984-10-22,0.0,39.23611068725586,37.5,37.5,37.5,3960
1984-10-23,0.0,37.15277862548828,35.41666793823242,36.11111068725586,36.11111068725586,2916
1984-10-24,0.0,36.11111068725586,35.41666793823242,35.76388931274414,35.76388931274414,540
1984-10-25,0.0,35.41666793823242,35.06944274902344,35.06944274902344,35.06944274902344,2052
1984-10-26,0.0,35.76388931274414,35.41666793823242,35.76388931274414,35.76388931274414,144
1984-10-29,0.0,36.45833206176758,36.11111068725586,36.45833206176758,36.45833206176758,144
1984-10-30,0.0,38.88888931274414,36.45833206176758,38.88888931274414,38.88888931274414,3708
1984-10-31,0.0,39.23611068725586,38.19444274902344,38.54166793823242,38.54166793823242,4680
1984-11-01,0.0,38.54166793823242,37.5,38.19444274902344,38.19444274902344,1224
1984-11-02,0.0,38.19444274902344,37.84722137451172,37.84722137451172,37.84722137451172,1224
1984-11-05,0.0,39.23611068725586,37.84722137451172,39.23611068725586,39.23611068725586,3636
1984-11-06,0.0,39.58333206176758,38.88888931274414,38.88888931274414,38.88888931274414,2844
1984-11-07,0.0,39.23611068725586,38.54166793823242,38.54166793823242,38.54166793823242,2052
1984-11-08,0.0,38.88888931274414,38.19444274902344,38.88888931274414,38.88888931274414,1116
1984-11-09,0.0,38.54166793823242,38.19444274902344,38.19444274902344,38.19444274902344,252
1984-11-12,0.0,38.54166793823242,37.84722137451172,38.19444274902344,38.19444274902344,540
1984-11-13,0.0,38.19444274902344,37.15277862548828,38.19444274902344,38.19444274902344,3600
1984-11-14,0.0,38.54166793823242,37.84722137451172,38.19444274902344,38.19444274902344,1044
1984-11-15,0.0,38.54166793823242,38.19444274902344,38.19444274902344,38.19444274902344,900
1984-11-16,0.0,37.84722137451172,37.84722137451172,37.84722137451172,37.84722137451172,108
1984-11-19,0.0,38.19444274902344,37.84722137451172,38.19444274902344,38.19444274902344,1404
1984-11-20,0.0,37.84722137451172,37.84722137451172,37.84722137451172,37.84722137451172,72
1984-11-21,0.0,38.54166793823242,37.84722137451172,37.84722137451172,37.84722137451172,2376
1984-11-23,0.0,38.19444274902344,37.84722137451172,38.19444274902344,38.19444274902344,720
1984-11-26,0.0,38.54166793823242,38.19444274902344,38.54166793823242,38.54166793823242,2052
1984-11-27,0.0,38.54166793823242,38.19444274902344,38.19444274902344,38.19444274902344,612
1984-11-28,0.0,38.54166793823242,37.84722137451172,37.84722137451172,37.84722137451172,1980
1984-11-29,0.0,37.84722137451172,37.84722137451172,37.84722137451172,37.84722137451172,108
1984-11-30,0.0,37.5,36.45833206176758,36.45833206176758,36.45833206176758,792
1984-12-03,0.0,36.11111068725586,34.375,34.375,34.375,936
1984-12-04,0.0,34.02777862548828,32.29166793823242,32.98611068725586,32.98611068725586,1260
1984-12-05,0.0,32.98611068725586,32.29166793823242,32.29166793823242,32.29166793823242,792
1984-12-06,0.0,33.68055725097656,32.29166793823242,33.68055725097656,33.68055725097656,936
1984-12-07,0.0,34.72222137451172,34.375,34.375,34.375,720
1984-12-10,0.0,35.06944274902344,34.72222137451172,35.06944274902344,35.06944274902344,108
1984-12-11,0.0,36.45833206176758,35.41666793823242,36.11111068725586,36.11111068725586,468
1984-12-12,0.0,36.11111068725586,35.41666793823242,35.41666793823242,35.41666793823242,1728
1984-12-13,0.0,36.11111068725586,35.76388931274414,35.76388931274414,35.76388931274414,216
1984-12-14,0.0,35.76388931274414,35.06944274902344,35.76388931274414,35.76388931274414,288
1984-12-17,0.0,36.45833206176758,36.11111068725586,36.11111068725586,36.11111068725586,720
1984-12-18,0.0,37.15277862548828,36.45833206176758,36.80555725097656,36.80555725097656,1404
1984-12-19,0.0,38.88888931274414,36.80555725097656,37.84722137451172,37.84722137451172,3276
1984-12-20,0.0,37.5,36.45833206176758,37.5,37.5,2088
1984-12-21,0.0,37.15277862548828,36.80555725097656,37.15277862548828,37.15277862548828,432
1984-12-24,0.0,38.54166793823242,37.15277862548828,38.54166793823242,38.54166793823242,720
1984-12-26,0.0,38.19444274902344,37.84722137451172,37.84722137451172,37.84722137451172,144
1984-12-27,0.0,37.5,36.80555725097656,37.15277862548828,37.15277862548828,936
1984-12-28,0.0,36.80555725097656,36.45833206176758,36.45833206176758,36.45833206176758,396
1984-12-31,0.0,36.11111068725586,36.11111068725586,36.11111068725586,36.11111068725586,576
1985-01-02,0.0,37.15277862548828,36.11111068725586,36.80555725097656,36.80555725097656,1152
1985-01-03,0.0,36.80555725097656,36.11111068725586,36.11111068725586,36.11111068725586,144
1985-01-04,0.0,36.45833206176758,36.11111068725586,36.11111068725586,36.11111068725586,1224
1985-01-07,0.0,36.80555725097656,36.11111068725586,36.80555725097656,36.80555725097656,576
1985-01-08,0.0,36.80555725097656,36.80555725097656,36.80555725097656,36.80555725097656,72
1985-01-09,0.0,36.80555725097656,36.45833206176758,36.80555725097656,36.80555725097656,504
1985-01-10,0.0,38.54166793823242,37.84722137451172,38.54166793823242,38.54166793823242,792
1985-01-11,0.0,38.88888931274414,38.54166793823242,38.54166793823242,38.54166793823242,360
1985-01-14,0.0,40.97222137451172,38.88888931274414,40.97222137451172,40.97222137451172,4752
1985-01-15,0.0,42.70833206176758,41.31944274902344,42.01388931274414,42.01388931274414,7344
1985-01-16,0.0,43.40277862548828,42.36111068725586,43.05555725097656,43.05555725097656,5508
1985-01-17,0.0,43.05555725097656,40.27777862548828,41.31944274902344,41.31944274902344,4716
1985-01-18,0.0,43.05555725097656,41.31944274902344,43.05555725097656,43.05555725097656,1512
1985-01-21,0.0,43.40277862548828,42.70833206176758,43.05555725097656,43.05555725097656,2412
1985-01-22,0.0,46.52777862548828,43.05555725097656,46.52777862548828,46.52777862548828,6300
1985-01-23,0.0,47.91666793823242,46.18055725097656,47.91666793823242,47.91666793823242,10512
1985-01-24,0.0,47.91666793823242,47.56944274902344,47.56944274902344,47.56944274902344,4104
1985-01-25,0.0,49.30555725097656,47.56944274902344,49.30555725097656,49.30555725097656,4320
1985-01-28,0.0,51.38888931274414,50.0,50.69444274902344,50.69444274902344,5292
1985-01-29,0.0,50.69444274902344,50.0,50.69444274902344,50.69444274902344,3780
1985-01-30,0.0,50.69444274902344,49.30555725097656,49.30555725097656,49.30555725097656,3240
1985-01-31,0.0,48.61111068725586,43.05555725097656,45.83333206176758,45.83333206176758,8316
1985-02-01,0.0,46.18055725097656,44.79166793823242,46.18055725097656,46.18055725097656,1404
1985-02-04,0.0,46.18055725097656,43.40277862548828,44.09722137451172,44.09722137451172,3312
1985-02-05,0.0,45.83333206176758,43.75,45.83333206176758,45.83333206176758,2196
1985-02-06,0.0,46.875,46.18055725097656,46.52777862548828,46.52777862548828,756
1985-02-07,0.0,47.91666793823242,47.22222137451172,47.22222137451172,47.22222137451172,2448
1985-02-08,0.0,47.56944274902344,47.22222137451172,47.22222137451172,47.22222137451172,1116
1985-02-11,0.0,48.61111068725586,47.22222137451172,48.61111068725586,48.61111068725586,3744
1985-02-12,0.0,48.61111068725586,48.61111068725586,48.61111068725586,48.61111068725586,792
1985-02-13,0.0,49.30555725097656,48.26388931274414,48.61111068725586,48.61111068725586,1980
1985-02-14,0.0,48.26388931274414,47.56944274902344,47.56944274902344,47.56944274902344,864
1985-02-15,0.0,47.56944274902344,46.875,46.875,46.875,504
1985-02-19,0.0,46.52777862548828,45.13888931274414,45.83333206176758,45.83333206176758,1188
1985-02-20,0.0,46.52777862548828,46.18055725097656,46.52777862548828,46.52777862548828,1476
1985-02-21,0.0,46.875,46.18055725097656,46.875,46.875,432
1985-02-22,0.0,46.875,46.52777862548828,46.52777862548828,46.52777862548828,504
1985-02-25,0.0,46.52777862548828,45.83333206176758,45.83333206176758,45.83333206176758,612
1985-02-26,0.0,46.18055725097656,45.83333206176758,46.18055725097656,46.18055725097656,216
1985-02-27,0.0,45.83333206176758,45.13888931274414,45.83333206176758,45.83333206176758,1152
1985-02-28,0.0,45.83333206176758,45.48611068725586,45.83333206176758,45.83333206176758,180
1985-03-01,0.0,46.875,45.83333206176758,46.52777862548828,46.52777862548828,1944
1985-03-04,0.0,45.83333206176758,45.13888931274414,45.48611068725586,45.48611068725586,2520
1985-03-05,0.0,45.83333206176758,45.83333206176758,45.83333206176758,45.83333206176758,324
1985-03-06,0.0,45.83333206176758,45.48611068725586,45.48611068725586,45.48611068725586,432
1985-03-07,0.0,45.48611068725586,43.40277862548828,43.75,43.75,1260
1985-03-08,0.0,43.40277862548828,42.36111068725586,42.36111068725586,42.36111068725586,432
1985-03-11,0.0,43.05555725097656,42.70833206176758,43.05555725097656,43.05555725097656,756
1985-03-12,0.0,43.75,43.05555725097656,43.75,43.75,792
1985-03-13,43.75,43.75,43.75,43.75,43.75,0
1985-03-14,0.0,43.75,43.05555725097656,43.75,43.75,432
1985-03-15,0.0,43.40277862548828,42.70833206176758,42.70833206176758,42.70833206176758,1044
1985-03-18,0.0,42.36111068725586,40.27777862548828,40.27777862548828,40.27777862548828,1080
1985-03-19,0.0,39.93055725097656,39.23611068725586,39.58333206176758,39.58333206176758,1404
1985-03-20,0.0,39.58333206176758,39.23611068725586,39.23611068725586,39.23611068725586,504
1985-03-21,0.0,39.58333206176758,39.23611068725586,39.23611068725586,39.23611068725586,864
1985-03-22,0.0,39.93055725097656,39.93055725097656,39.93055725097656,39.93055725097656,180
1985-03-25,0.0,42.01388931274414,39.93055725097656,41.66666793823242,41.66666793823242,1908
1985-03-26,0.0,43.40277862548828,42.01388931274414,43.40277862548828,43.40277862548828,3276
1985-03-27,0.0,43.05555725097656,42.01388931274414,43.05555725097656,43.05555725097656,7236
1985-03-28,0.0,43.05555725097656,42.70833206176758,42.70833206176758,42.70833206176758,144
1985-03-29,0.0,42.36111068725586,42.36111068725586,42.36111068725586,42.36111068725586,216
1985-04-01,0.0,42.70833206176758,41.66666793823242,41.66666793823242,41.66666793823242,540
1985-04-02,0.0,41.31944274902344,40.97222137451172,40.97222137451172,40.97222137451172,252
1985-04-03,0.0,40.97222137451172,40.27777862548828,40.625,40.625,540
1985-04-04,0.0,39.93055725097656,39.93055725097656,39.93055725097656,39.93055725097656,216
1985-04-08,0.0,39.93055725097656,39.58333206176758,39.58333206176758,39.58333206176758,252
1985-04-09,0.0,39.93055725097656,39.58333206176758,39.58333206176758,39.58333206176758,216
1985-04-10,0.0,42.01388931274414,39.23611068725586,42.01388931274414,42.01388931274414,1116
1985-04-11,0.0,41.66666793823242,41.31944274902344,41.66666793823242,41.66666793823242,504
1985-04-12,0.0,42.01388931274414,41.66666793823242,41.66666793823242,41.66666793823242,2844
1985-04-15,0.0,43.40277862548828,42.36111068725586,43.05555725097656,43.05555725097656,612
1985-04-16,0.0,43.75,43.40277862548828,43.40277862548828,43.40277862548828,2628
1985-04-17,0.0,44.44444274902344,43.75,44.44444274902344,44.44444274902344,1008
1985-04-18,0.0,45.13888931274414,44.44444274902344,44.79166793823242,44.79166793823242,360
1985-04-19,0.0,44.09722137451172,43.75,43.75,43.75,612
1985-04-22,0.0,44.09722137451172,43.75,44.09722137451172,44.09722137451172,576
1985-04-23,0.0,45.48611068725586,44.44444274902344,45.48611068725586,45.48611068725586,972
1985-04-24,0.0,45.83333206176758,44.79166793823242,45.83333206176758,45.83333206176758,1044
1985-04-25,0.0,45.83333206176758,45.83333206176758,45.83333206176758,45.83333206176758,864
1985-04-26,0.0,46.18055725097656,45.48611068725586,45.48611068725586,45.48611068725586,1368
1985-04-29,0.0,45.48611068725586,45.13888931274414,45.48611068725586,45.48611068725586,1296
1985-04-30,0.0,45.48611068725586,43.75,43.75,43.75,6228
1985-05-01,0.0,43.75,43.05555725097656,43.40277862548828,43.40277862548828,1764
1985-05-02,0.0,45.13888931274414,44.09722137451172,44.79166793823242,44.79166793823242,3960
1985-05-03,0.0,45.13888931274414,44.44444274902344,45.13888931274414,45.13888931274414,576
1985-05-06,0.0,45.13888931274414,44.44444274902344,44.44444274902344,44.44444274902344,792
1985-05-07,0.0,45.13888931274414,44.44444274902344,45.13888931274414,45.13888931274414,1656
1985-05-08,0.0,44.79166793823242,44.79166793823242,44.79166793823242,44.79166793823242,216
1985-05-09,0.0,44.79166793823242,44.79166793823242,44.79166793823242,44.79166793823242,72
1985-05-10,0.0,45.48611068725586,45.13888931274414,45.48611068725586,45.48611068725586,828
1985-05-13,0.0,45.83333206176758,45.13888931274414,45.83333206176758,45.83333206176758,180
1985-05-14,0.0,45.83333206176758,45.48611068725586,45.83333206176758,45.83333206176758,576
1985-05-15,0.0,45.83333206176758,44.79166793823242,44.79166793823242,44.79166793823242,540
1985-05-16,0.0,45.13888931274414,44.79166793823242,44.79166793823242,44.79166793823242,396
1985-05-17,0.0,45.83333206176758,45.48611068725586,45.48611068725586,45.48611068725586,468
1985-05-20,0.0,46.875,45.83333206176758,46.52777862548828,46.52777862548828,864
1985-05-21,0.0,47.91666793823242,47.22222137451172,47.22222137451172,47.22222137451172,1476
1985-05-22,0.0,47.56944274902344,46.875,47.22222137451172,47.22222137451172,576
1985-05-23,0.0,47.56944274902344,46.52777862548828,47.22222137451172,47.22222137451172,936
1985-05-24,0.0,47.22222137451172,46.875,46.875,46.875,144
1985-05-28,0.0,46.875,46.18055725097656,46.18055725097656,46.18055725097656,396
1985-05-29,0.0,46.18055725097656,46.18055725097656,46.18055725097656,46.18055725097656,612
1985-05-30,0.0,45.83333206176758,45.13888931274414,45.13888931274414,45.13888931274414,396
1985-05-31,0.0,44.79166793823242,43.75,43.75,43.75,648
1985-06-03,0.0,43.40277862548828,42.01388931274414,43.40277862548828,43.40277862548828,3636
1985-06-04,0.0,43.05555725097656,43.05555725097656,43.05555725097656,43.05555725097656,252
1985-06-05,0.0,45.13888931274414,43.75,45.13888931274414,45.13888931274414,792
1985-06-06,0.0,44.79166793823242,44.44444274902344,44.79166793823242,44.79166793823242,1080
1985-06-07,44.79166793823242,44.79166793823242,44.79166793823242,44.79166793823242,44.79166793823242,0
1985-06-10,0.0,44.79166793823242,44.44444274902344,44.79166793823242,44.79166793823242,396
1985-06-11,0.0,44.79166793823242,44.09722137451172,44.44444274902344,44.44444274902344,540
1985-06-12,0.0,45.13888931274414,43.40277862548828,43.40277862548828,43.40277862548828,1152
1985-06-13,0.0,44.44444274902344,43.05555725097656,43.05555725097656,43.05555725097656,2088
1985-06-14,0.0,42.36111068725586,42.01388931274414,42.01388931274414,42.01388931274414,360
1985-06-17,0.0,43.05555725097656,42.36111068725586,43.05555725097656,43.05555725097656,504
1985-06-18,0.0,43.05555725097656,42.70833206176758,42.70833206176758,42.70833206176758,360
1985-06-19,0.0,42.36111068725586,42.36111068725586,42.36111068725586,42.36111068725586,288
1985-06-20,0.0,42.01388931274414,40.97222137451172,40.97222137451172,40.97222137451172,15660
1985-06-21,0.0,40.97222137451172,40.27777862548828,40.97222137451172,40.97222137451172,1476
1985-06-24,0.0,40.625,39.58333206176758,39.93055725097656,39.93055725097656,2196
1985-06-25,0.0,40.625,39.58333206176758,39.93055725097656,39.93055725097656,756
1985-06-26,0.0,39.23611068725586,39.23611068725586,39.23611068725586,39.23611068725586,900
1985-06-27,0.0,38.88888931274414,38.19444274902344,38.19444274902344,38.19444274902344,1872
1985-06-28,0.0,38.19444274902344,37.15277862548828,38.19444274902344,38.19444274902344,4392
1985-07-01,0.0,38.19444274902344,37.5,38.19444274902344,38.19444274902344,756
1985-07-02,0.0,39.93055725097656,38.54166793823242,39.93055725097656,39.93055725097656,1368
1985-07-03,0.0,40.625,40.27777862548828,40.625,40.625,396
1985-07-05,0.0,40.97222137451172,40.97222137451172,40.97222137451172,40.97222137451172,180
1985-07-08,0.0,41.66666793823242,41.66666793823242,41.66666793823242,41.66666793823242,108
1985-07-09,0.0,42.01388931274414,41.31944274902344,41.31944274902344,41.31944274902344,180
1985-07-10,0.0,41.31944274902344,41.31944274902344,41.31944274902344,41.31944274902344,216
1985-07-11,0.0,40.97222137451172,40.27777862548828,40.27777862548828,40.27777862548828,288
1985-07-12,0.0,39.58333206176758,39.58333206176758,39.58333206176758,39.58333206176758,540
1985-07-15,0.0,39.23611068725586,38.19444274902344,38.54166793823242,38.54166793823242,2232
1985-07-16,0.0,39.23611068725586,38.54166793823242,39.23611068725586,39.23611068725586,936
1985-07-17,0.0,40.27777862548828,39.58333206176758,39.93055725097656,39.93055725097656,3312
1985-07-18,0.0,40.27777862548828,39.93055725097656,39.93055725097656,39.93055725097656,2340
1985-07-19,0.0,40.97222137451172,39.93055725097656,40.97222137451172,40.97222137451172,720
1985-07-22,0.0,41.66666793823242,40.97222137451172,40.97222137451172,40.97222137451172,360
1985-07-23,0.0,40.97222137451172,40.97222137451172,40.97222137451172,40.97222137451172,252
1985-07-24,0.0,41.31944274902344,40.625,40.625,40.625,324
1985-07-25,0.0,40.27777862548828,40.27777862548828,40.27777862548828,40.27777862548828,216
1985-07-26,0.0,41.31944274902344,40.27777862548828,40.97222137451172,40.97222137451172,432
1985-07-29,0.0,40.625,40.625,40.625,40.625,36
1985-07-30,0.0,40.97222137451172,40.625,40.625,40.625,324
1985-07-31,0.0,40.97222137451172,40.625,40.625,40.625,180
1985-08-01,0.0,40.27777862548828,39.93055725097656,39.93055725097656,39.93055725097656,288
1985-08-02,0.0,39.93055725097656,38.88888931274414,38.88888931274414,38.88888931274414,1116
1985-08-05,0.0,38.88888931274414,37.15277862548828,37.15277862548828,37.15277862548828,3708
1985-08-06,0.0,38.54166793823242,37.15277862548828,38.19444274902344,38.19444274902344,648
1985-08-07,0.0,37.84722137451172,37.84722137451172,37.84722137451172,37.84722137451172,36
1985-08-08,0.0,37.5,37.5,37.5,37.5,72
1985-08-09,0.0,37.84722137451172,37.5,37.84722137451172,37.84722137451172,216
1985-08-12,0.0,38.88888931274414,38.19444274902344,38.88888931274414,38.88888931274414,432
1985-08-13,0.0,39.23611068725586,38.54166793823242,38.88888931274414,38.88888931274414,288
1985-08-14,0.0,38.88888931274414,38.19444274902344,38.88888931274414,38.88888931274414,360
1985-08-15,0.0,39.23611068725586,38.88888931274414,38.88888931274414,38.88888931274414,72
1985-08-16,0.0,38.88888931274414,38.88888931274414,38.88888931274414,38.88888931274414,108
1985-08-19,0.0,41.66666793823242,39.58333206176758,41.66666793823242,41.66666793823242,2592
1985-08-20,0.0,41.66666793823242,40.625,41.31944274902344,41.31944274902344,2160
1985-08-21,0.0,40.97222137451172,40.625,40.97222137451172,40.97222137451172,144
1985-08-22,0.0,40.97222137451172,40.97222137451172,40.97222137451172,40.97222137451172,72
1985-08-23,0.0,40.625,40.625,40.625,40.625,72
1985-08-26,0.0,40.27777862548828,40.27777862548828,40.27777862548828,40.27777862548828,144
1985-08-27,0.0,39.93055725097656,39.93055725097656,39.93055725097656,39.93055725097656,108
1985-08-28,0.0,39.58333206176758,39.58333206176758,39.58333206176758,39.58333206176758,180
1985-08-29,0.0,39.23611068725586,38.88888931274414,38.88888931274414,38.88888931274414,360
1985-08-30,0.0,41.31944274902344,39.58333206176758,40.97222137451172,40.97222137451172,1044
1985-09-03,0.0,42.70833206176758,41.66666793823242,42.70833206176758,42.70833206176758,6156
1985-09-04,0.0,42.36111068725586,42.01388931274414,42.01388931274414,42.01388931274414,612
1985-09-05,0.0,42.70833206176758,41.66666793823242,42.36111068725586,42.36111068725586,612
1985-09-06,0.0,42.01388931274414,41.66666793823242,41.66666793823242,41.66666793823242,288
1985-09-09,0.0,41.31944274902344,40.27777862548828,40.625,40.625,540
1985-09-10,0.0,40.625,39.93055725097656,40.27777862548828,40.27777862548828,936
1985-09-11,0.0,40.27777862548828,39.58333206176758,39.93055725097656,39.93055725097656,720
1985-09-12,0.0,40.27777862548828,39.93055725097656,39.93055725097656,39.93055725097656,144
1985-09-13,0.0,40.625,39.93055725097656,40.27777862548828,40.27777862548828,504
1985-09-16,0.0,39.93055725097656,39.93055725097656,39.93055725097656,39.93055725097656,108
1985-09-17,0.0,39.93055725097656,38.88888931274414,38.88888931274414,38.88888931274414,720
1985-09-18,0.0,38.88888931274414,38.54166793823242,38.88888931274414,38.88888931274414,252
1985-09-19,0.0,39.58333206176758,38.54166793823242,39.58333206176758,39.58333206176758,1116
1985-09-20,0.0,39.93055725097656,39.23611068725586,39.23611068725586,39.23611068725586,396
1985-09-23,0.0,39.58333206176758,39.23611068725586,39.23611068725586,39.23611068725586,288
1985-09-24,0.0,39.23611068725586,38.54166793823242,38.54166793823242,38.54166793823242,468
1985-09-25,0.0,38.88888931274414,38.19444274902344,38.19444274902344,38.19444274902344,216
1985-09-26,0.0,38.19444274902344,37.84722137451172,37.84722137451172,37.84722137451172,576
1985-09-30,0.0,38.19444274902344,37.5,37.5,37.5,1332
1985-10-01,0.0,37.84722137451172,37.15277862548828,37.15277862548828,37.15277862548828,612
1985-10-02,0.0,38.88888931274414,37.84722137451172,38.88888931274414,38.88888931274414,576
1985-10-03,0.0,39.58333206176758,39.58333206176758,39.58333206176758,39.58333206176758,216
1985-10-04,0.0,39.23611068725586,38.88888931274414,38.88888931274414,38.88888931274414,288
1985-10-07,0.0,38.88888931274414,36.11111068725586,36.11111068725586,36.11111068725586,180
1985-10-08,0.0,38.19444274902344,37.5,37.5,37.5,828
1985-10-09,0.0,38.19444274902344,38.19444274902344,38.19444274902344,38.19444274902344,72
1985-10-10,0.0,39.93055725097656,38.88888931274414,39.93055725097656,39.93055725097656,864
1985-10-11,0.0,39.58333206176758,38.88888931274414,38.88888931274414,38.88888931274414,396
1985-10-14,0.0,38.88888931274414,38.54166793823242,38.88888931274414,38.88888931274414,108
1985-10-15,0.0,39.93055725097656,39.58333206176758,39.58333206176758,39.58333206176758,468
1985-10-16,0.0,39.93055725097656,39.58333206176758,39.58333206176758,39.58333206176758,360
1985-10-17,0.0,39.93055725097656,39.58333206176758,39.93055725097656,39.93055725097656,792
1985-10-18,0.0,39.93055725097656,39.58333206176758,39.93055725097656,39.93055725097656,756
1985-10-21,0.0,39.93055725097656,39.58333206176758,39.58333206176758,39.58333206176758,756
1985-10-22,0.0,43.05555725097656,39.58333206176758,42.70833206176758,42.70833206176758,3204
1985-10-23,0.0,43.75,42.36111068725586,42.36111068725586,42.36111068725586,5040
1985-10-24,0.0,42.36111068725586,41.31944274902344,41.31944274902344,41.31944274902344,972
1985-10-25,0.0,40.97222137451172,40.27777862548828,40.27777862548828,40.27777862548828,324
1985-10-28,0.0,40.27777862548828,39.93055725097656,39.93055725097656,39.93055725097656,252
1985-10-29,0.0,41.31944274902344,40.625,41.31944274902344,41.31944274902344,684
1985-10-30,0.0,41.31944274902344,40.97222137451172,40.97222137451172,40.97222137451172,396
1985-10-31,0.0,41.31944274902344,41.31944274902344,41.31944274902344,41.31944274902344,144
1985-11-01,0.0,42.01388931274414,40.27777862548828,42.01388931274414,42.01388931274414,1368
1985-11-04,0.0,42.01388931274414,41.66666793823242,42.01388931274414,42.01388931274414,468
1985-11-05,0.0,42.36111068725586,41.31944274902344,41.66666793823242,41.66666793823242,756
1985-11-06,0.0,42.01388931274414,41.66666793823242,41.66666793823242,41.66666793823242,468
1985-11-07,0.0,41.66666793823242,40.625,41.66666793823242,41.66666793823242,1008
1985-11-08,0.0,44.44444274902344,41.31944274902344,44.44444274902344,44.44444274902344,2592
1985-11-11,0.0,47.22222137451172,44.44444274902344,47.22222137451172,47.22222137451172,1368
1985-11-12,0.0,47.22222137451172,45.83333206176758,46.18055725097656,46.18055725097656,2628
1985-11-13,0.0,46.52777862548828,45.48611068725586,46.18055725097656,46.18055725097656,1800
1985-11-14,0.0,46.875,46.18055725097656,46.52777862548828,46.52777862548828,720
1985-11-15,0.0,46.875,46.18055725097656,46.52777862548828,46.52777862548828,612
1985-11-18,0.0,47.56944274902344,46.875,47.22222137451172,47.22222137451172,1836
1985-11-19,0.0,46.875,46.52777862548828,46.875,46.875,180
1985-11-20,0.0,46.875,46.18055725097656,46.875,46.875,792
1985-11-21,0.0,46.875,45.83333206176758,46.52777862548828,46.52777862548828,1404
1985-11-22,0.0,46.52777862548828,46.18055725097656,46.52777862548828,46.52777862548828,252
1985-11-25,0.0,46.18055725097656,45.83333206176758,46.18055725097656,46.18055725097656,216
1985-11-26,0.0,45.83333206176758,45.83333206176758,45.83333206176758,45.83333206176758,108
1985-11-27,0.0,46.18055725097656,45.13888931274414,45.83333206176758,45.83333206176758,540
1985-11-29,0.0,46.18055725097656,45.83333206176758,45.83333206176758,45.83333206176758,504
1985-12-02,0.0,45.48611068725586,45.48611068725586,45.48611068725586,45.48611068725586,36
1985-12-03,0.0,46.18055725097656,45.83333206176758,45.83333206176758,45.83333206176758,540
1985-12-04,0.0,45.48611068725586,45.13888931274414,45.48611068725586,45.48611068725586,576
1985-12-05,0.0,45.83333206176758,44.44444274902344,44.44444274902344,44.44444274902344,1152
1985-12-06,0.0,44.09722137451172,43.75,43.75,43.75,540
1985-12-09,0.0,45.13888931274414,43.05555725097656,45.13888931274414,45.13888931274414,792
1985-12-10,0.0,46.52777862548828,44.79166793823242,45.48611068725586,45.48611068725586,1332
1985-12-11,0.0,46.18055725097656,45.13888931274414,45.13888931274414,45.13888931274414,936
1985-12-12,0.0,46.18055725097656,45.83333206176758,45.83333206176758,45.83333206176758,756
1985-12-13,0.0,45.48611068725586,44.79166793823242,45.13888931274414,45.13888931274414,756
1985-12-16,0.0,46.52777862548828,45.13888931274414,45.13888931274414,45.13888931274414,1548
1985-12-17,0.0,45.48611068725586,44.79166793823242,45.13888931274414,45.13888931274414,432
1985-12-18,0.0,47.56944274902344,45.83333206176758,46.875,46.875,3492
1985-12-19,0.0,47.22222137451172,46.52777862548828,47.22222137451172,47.22222137451172,432
1985-12-20,0.0,46.52777862548828,45.83333206176758,46.52777862548828,46.52777862548828,720
1985-12-23,0.0,46.875,45.83333206176758,46.52777862548828,46.52777862548828,1044
1985-12-24,0.0,46.52777862548828,45.83333206176758,45.83333206176758,45.83333206176758,432
1985-12-26,0.0,47.56944274902344,46.52777862548828,47.22222137451172,47.22222137451172,1260
1985-12-27,0.0,47.56944274902344,47.22222137451172,47.22222137451172,47.22222137451172,1620
1985-12-30,0.0,47.22222137451172,46.52777862548828,46.875,46.875,324
1985-12-31,0.0,46.875,45.83333206176758,46.52777862548828,46.52777862548828,792
1986-01-02,0.0,46.18055725097656,45.83333206176758,45.83333206176758,45.83333206176758,720
1986-01-03,0.0,46.52777862548828,44.79166793823242,45.13888931274414,45.13888931274414,1116
1986-01-06,0.0,45.13888931274414,45.13888931274414,45.13888931274414,45.13888931274414,288
1986-01-07,0.0,45.83333206176758,44.79166793823242,45.13888931274414,45.13888931274414,504
1986-01-08,0.0,45.13888931274414,44.44444274902344,44.44444274902344,44.44444274902344,540
1986-01-09,0.0,44.79166793823242,43.75,44.09722137451172,44.09722137451172,612
1986-01-10,0.0,44.79166793823242,44.09722137451172,44.79166793823242,44.79166793823242,468
1986-01-13,0.0,45.13888931274414,44.09722137451172,44.09722137451172,44.09722137451172,1080
1986-01-14,0.0,46.18055725097656,44.79166793823242,46.18055725097656,46.18055725097656,756
1986-01-15,0.0,48.61111068725586,47.22222137451172,47.91666793823242,47.91666793823242,6480
1986-01-16,0.0,49.65277862548828,48.61111068725586,48.95833206176758,48.95833206176758,2340
1986-01-17,0.0,48.95833206176758,48.26388931274414,48.61111068725586,48.61111068725586,2340
1986-01-20,0.0,50.0,48.95833206176758,50.0,50.0,2304
1986-01-21,0.0,50.0,49.65277862548828,49.65277862548828,49.65277862548828,900
1986-01-22,0.0,49.65277862548828,49.65277862548828,49.65277862548828,49.65277862548828,648
1986-01-23,0.0,50.0,49.65277862548828,49.65277862548828,49.65277862548828,1800
1986-01-24,0.0,50.0,49.65277862548828,49.65277862548828,49.65277862548828,828
1986-01-27,0.0,52.08333206176758,48.95833206176758,51.38888931274414,51.38888931274414,1800
1986-01-28,0.0,56.25,52.77777862548828,55.90277862548828,55.90277862548828,5076
1986-01-29,0.0,57.63888931274414,54.86111068725586,54.86111068725586,54.86111068725586,3852
1986-01-30,0.0,56.94444274902344,55.20833206176758,56.25,56.25,1584
1986-01-31,0.0,57.29166793823242,56.25,56.25,56.25,2232
1986-02-03,0.0,61.45833206176758,57.29166793823242,59.375,59.375,4572
1986-02-04,0.0,63.19444274902344,60.06944274902344,62.84722137451172,62.84722137451172,6336
1986-02-05,0.0,66.66666412353516,62.5,65.27777862548828,65.27777862548828,9144
1986-02-06,0.0,67.36111450195312,63.88888931274414,65.97222137451172,65.97222137451172,5400
1986-02-07,0.0,67.01388549804688,63.54166793823242,67.01388549804688,67.01388549804688,2412
1986-02-10,0.0,72.22222137451172,67.70833587646484,70.83333587646484,70.83333587646484,5616
1986-02-11,0.0,78.125,70.48611450195312,75.0,75.0,9576
1986-02-12,0.0,77.77777862548828,75.0,75.69444274902344,75.69444274902344,7092
1986-02-13,0.0,76.38888549804688,71.52777862548828,71.52777862548828,71.52777862548828,2448
1986-02-14,0.0,70.48611450195312,67.01388549804688,70.48611450195312,70.48611450195312,4788
1986-02-18,0.0,71.52777862548828,69.79166412353516,70.48611450195312,70.48611450195312,1836
1986-02-19,0.0,72.56944274902344,70.83333587646484,71.875,71.875,1404
1986-02-20,0.0,71.875,70.83333587646484,71.18055725097656,71.18055725097656,540
1986-02-21,0.0,72.91666412353516,71.18055725097656,72.91666412353516,72.91666412353516,468
1986-02-24,0.0,72.56944274902344,71.875,72.56944274902344,72.56944274902344,504
1986-02-25,0.0,76.38888549804688,73.61111450195312,76.38888549804688,76.38888549804688,1656
1986-02-26,0.0,77.77777862548828,75.34722137451172,77.08333587646484,77.08333587646484,3888
1986-02-27,0.0,78.47222137451172,77.08333587646484,77.77777862548828,77.77777862548828,972
1986-02-28,0.0,77.77777862548828,77.43055725097656,77.77777862548828,77.77777862548828,1836
1986-03-03,0.0,87.15277862548828,78.125,83.33333587646484,83.33333587646484,3420
1986-03-04,0.0,85.41666412353516,82.29166412353516,84.72222137451172,84.72222137451172,2160
1986-03-05,0.0,86.11111450195312,84.72222137451172,84.72222137451172,84.72222137451172,2484
1986-03-06,0.0,91.31944274902344,84.02777862548828,91.31944274902344,91.31944274902344,5652
1986-03-07,0.0,91.31944274902344,88.54166412353516,89.23611450195312,89.23611450195312,1908
1986-03-10,0.0,111.45833587646484,95.83333587646484,104.16666412353516,104.16666412353516,11736
1986-03-11,0.0,114.0625,104.16666412353516,109.375,109.375,6072
1986-03-12,0.0,115.10416412353516,108.85416412353516,115.10416412353516,115.10416412353516,6744
1986-03-13,0.0,117.70833587646484,113.02083587646484,115.10416412353516,115.10416412353516,6144
1986-03-14,0.0,115.625,103.125,105.72916412353516,105.72916412353516,4656
1986-03-17,0.0,112.5,108.33333587646484,108.85416412353516,108.85416412353516,2592
1986-03-18,0.0,109.89583587646484,106.25,107.29166412353516,107.29166412353516,1704
1986-03-19,0.0,107.8125,91.14583587646484,95.83333587646484,95.83333587646484,6480
1986-03-20,0.0,101.5625,94.79166412353516,100.52083587646484,100.52083587646484,2952
1986-03-21,0.0,110.41666412353516,102.60416412353516,108.33333587646484,108.33333587646484,4200
1986-03-24,0.0,110.9375,106.25,110.9375,110.9375,1968
1986-03-25,0.0,111.97916412353516,107.29166412353516,108.33333587646484,108.33333587646484,2208
1986-03-26,0.0,109.89583587646484,108.85416412353516,109.375,109.375,384
1986-03-27,0.0,110.41666412353516,109.375,109.89583587646484,109.89583587646484,816
1986-03-31,0.0,110.41666412353516,107.29166412353516,110.41666412353516,110.41666412353516,1776
1986-04-01,0.0,112.5,109.375,110.9375,110.9375,3408
1986-04-02,0.0,111.45833587646484,107.29166412353516,107.29166412353516,107.29166412353516,1320
1986-04-03,0.0,107.8125,106.77083587646484,107.29166412353516,107.29166412353516,528
1986-04-04,0.0,106.77083587646484,102.08333587646484,103.125,103.125,1224
1986-04-07,0.0,103.125,98.4375,100.0,100.0,1152
1986-04-08,0.0,101.5625,97.91666412353516,101.5625,101.5625,1224
1986-04-09,0.0,105.72916412353516,102.08333587646484,105.72916412353516,105.72916412353516,1248
1986-04-10,0.0,107.8125,106.25,107.8125,107.8125,936
1986-04-11,0.0,107.8125,106.25,106.77083587646484,106.77083587646484,384
1986-04-14,0.0,111.97916412353516,106.77083587646484,111.97916412353516,111.97916412353516,3072
1986-04-15,0.0,111.97916412353516,110.41666412353516,110.41666412353516,110.41666412353516,1680
1986-04-16,0.0,113.54166412353516,111.45833587646484,112.5,112.5,2448
1986-04-17,0.0,113.02083587646484,111.45833587646484,113.02083587646484,113.02083587646484,1200
1986-04-18,0.0,115.625,113.54166412353516,115.625,115.625,1200
1986-04-21,0.0,116.14583587646484,115.10416412353516,116.14583587646484,116.14583587646484,1560
1986-04-22,0.0,116.14583587646484,111.45833587646484,111.45833587646484,111.45833587646484,960
1986-04-23,0.0,113.02083587646484,111.97916412353516,111.97916412353516,111.97916412353516,1008
1986-04-24,0.0,116.14583587646484,112.5,116.14583587646484,116.14583587646484,3144
1986-04-25,0.0,116.14583587646484,110.9375,110.9375,110.9375,2184
1986-04-28,0.0,113.54166412353516,110.41666412353516,113.54166412353516,113.54166412353516,768
1986-04-29,0.0,112.5,109.89583587646484,110.41666412353516,110.41666412353516,1968
1986-04-30,0.0,113.02083587646484,110.9375,110.9375,110.9375,8280
1986-05-01,0.0,110.41666412353516,107.29166412353516,108.33333587646484,108.33333587646484,912
1986-05-02,0.0,109.89583587646484,108.85416412353516,109.89583587646484,109.89583587646484,552
1986-05-05,0.0,110.9375,109.375,109.89583587646484,109.89583587646484,1224
1986-05-06,0.0,110.9375,108.33333587646484,108.33333587646484,108.33333587646484,360
1986-05-07,0.0,107.29166412353516,105.20833587646484,106.25,106.25,528
1986-05-08,0.0,107.29166412353516,106.25,107.29166412353516,107.29166412353516,1056
1986-05-09,0.0,124.47916412353516,108.85416412353516,124.47916412353516,124.47916412353516,5376
1986-05-12,0.0,136.4583282470703,127.08333587646484,132.2916717529297,132.2916717529297,6888
1986-05-13,0.0,136.4583282470703,131.25,132.2916717529297,132.2916717529297,3768
1986-05-14,0.0,132.2916717529297,120.3125,120.83333587646484,120.83333587646484,3024
1986-05-15,0.0,122.39583587646484,120.3125,121.875,121.875,1536
1986-05-16,0.0,125.52083587646484,122.91666412353516,125.52083587646484,125.52083587646484,1800
1986-05-19,0.0,125.52083587646484,124.47916412353516,125.0,125.0,384
1986-05-20,0.0,125.52083587646484,123.95833587646484,123.95833587646484,123.95833587646484,1752
1986-05-21,0.0,123.95833587646484,118.75,118.75,118.75,984
1986-05-22,0.0,129.1666717529297,120.83333587646484,127.08333587646484,127.08333587646484,4776
1986-05-23,0.0,134.375,128.125,134.375,134.375,7224
1986-05-27,0.0,133.3333282470703,131.25,132.2916717529297,132.2916717529297,2952
1986-05-28,0.0,132.2916717529297,131.25,131.7708282470703,131.7708282470703,2928
1986-05-29,0.0,132.8125,129.1666717529297,129.1666717529297,129.1666717529297,1848
1986-05-30,0.0,126.5625,126.04166412353516,126.04166412353516,126.04166412353516,46944
1986-06-02,0.0,127.08333587646484,124.47916412353516,126.04166412353516,126.04166412353516,6936
1986-06-03,0.0,126.04166412353516,124.47916412353516,125.52083587646484,125.52083587646484,1752
1986-06-04,0.0,124.47916412353516,122.39583587646484,122.39583587646484,122.39583587646484,1128
1986-06-05,0.0,120.83333587646484,117.70833587646484,118.75,118.75,1920
1986-06-06,0.0,126.5625,119.79166412353516,122.91666412353516,122.91666412353516,4920
1986-06-09,0.0,123.95833587646484,116.66666412353516,116.66666412353516,116.66666412353516,1968
1986-06-10,0.0,116.66666412353516,113.54166412353516,116.66666412353516,116.66666412353516,7488
1986-06-11,0.0,117.70833587646484,114.58333587646484,115.625,115.625,4368
1986-06-12,0.0,124.47916412353516,116.14583587646484,122.91666412353516,122.91666412353516,3720
1986-06-13,0.0,124.47916412353516,122.91666412353516,122.91666412353516,122.91666412353516,1728
1986-06-16,0.0,123.95833587646484,120.83333587646484,120.83333587646484,120.83333587646484,1200
1986-06-17,0.0,119.79166412353516,116.14583587646484,118.22916412353516,118.22916412353516,3288
1986-06-18,0.0,119.79166412353516,116.66666412353516,116.66666412353516,116.66666412353516,1752
1986-06-19,0.0,121.35416412353516,116.66666412353516,120.83333587646484,120.83333587646484,1560
1986-06-20,0.0,121.35416412353516,119.27083587646484,119.27083587646484,119.27083587646484,624
1986-06-23,0.0,128.125,123.4375,126.5625,126.5625,16056
1986-06-24,0.0,127.08333587646484,125.0,126.04166412353516,126.04166412353516,5376
1986-06-25,0.0,127.08333587646484,125.0,125.52083587646484,125.52083587646484,3936
1986-06-26,0.0,128.125,126.04166412353516,128.125,128.125,5376
1986-06-27,0.0,130.2083282470703,127.60416412353516,130.2083282470703,130.2083282470703,11784
1986-06-30,0.0,130.7291717529297,129.1666717529297,129.1666717529297,129.1666717529297,11424
1986-07-01,0.0,129.6875,127.60416412353516,127.60416412353516,127.60416412353516,6096
1986-07-02,0.0,129.1666717529297,127.60416412353516,128.6458282470703,128.6458282470703,2832
1986-07-03,0.0,128.6458282470703,125.0,127.08333587646484,127.08333587646484,2640
1986-07-07,0.0,126.5625,121.875,121.875,121.875,2736
1986-07-08,0.0,121.875,118.22916412353516,120.83333587646484,120.83333587646484,4584
1986-07-09,0.0,122.39583587646484,120.3125,121.35416412353516,121.35416412353516,3312
1986-07-10,0.0,125.52083587646484,122.39583587646484,125.52083587646484,125.52083587646484,2784
1986-07-11,0.0,126.5625,126.04166412353516,126.5625,126.5625,2328
1986-07-14,0.0,127.08333587646484,125.0,125.0,125.0,816
1986-07-15,0.0,125.52083587646484,121.875,122.39583587646484,122.39583587646484,3000
1986-07-16,0.0,121.875,119.27083587646484,120.3125,120.3125,1920
1986-07-17,0.0,119.79166412353516,119.27083587646484,119.79166412353516,119.79166412353516,720
1986-07-18,0.0,118.75,116.14583587646484,116.66666412353516,116.66666412353516,1440
1986-07-21,0.0,117.70833587646484,116.66666412353516,116.66666412353516,116.66666412353516,744
1986-07-22,0.0,120.3125,116.66666412353516,120.3125,120.3125,600
1986-07-23,0.0,120.3125,118.75,119.27083587646484,119.27083587646484,744
1986-07-24,0.0,120.83333587646484,119.27083587646484,120.83333587646484,120.83333587646484,1104
1986-07-25,0.0,129.1666717529297,121.35416412353516,125.52083587646484,125.52083587646484,2952
1986-07-28,0.0,126.5625,122.91666412353516,122.91666412353516,122.91666412353516,744
1986-07-29,0.0,124.47916412353516,121.875,124.47916412353516,124.47916412353516,1512
1986-07-30,0.0,125.0,122.91666412353516,123.4375,123.4375,2136
1986-07-31,0.0,126.04166412353516,124.47916412353516,125.0,125.0,1056
1986-08-01,0.0,126.5625,123.95833587646484,123.95833587646484,123.95833587646484,840
1986-08-04,0.0,121.875,116.40625,117.1875,117.1875,960
1986-08-05,0.0,121.09375,118.75,119.53125,119.53125,1040
1986-08-06,0.0,121.875,119.53125,120.3125,120.3125,608
1986-08-07,0.0,124.21875,120.3125,120.3125,120.3125,944
1986-08-08,0.0,119.53125,117.96875,118.75,118.75,416
1986-08-11,0.0,117.96875,117.1875,117.96875,117.96875,272
1986-08-12,0.0,120.3125,118.75,120.3125,120.3125,1248
1986-08-13,0.0,120.3125,118.75,120.3125,120.3125,976
1986-08-14,0.0,120.3125,119.53125,119.53125,119.53125,816
1986-08-15,0.0,120.3125,118.75,118.75,118.75,608
1986-08-18,0.0,119.53125,117.1875,117.1875,117.1875,560
1986-08-19,0.0,119.53125,117.1875,117.96875,117.96875,5504
1986-08-20,0.0,119.53125,117.1875,117.1875,117.1875,400
1986-08-21,0.0,119.53125,117.96875,119.53125,119.53125,960
1986-08-22,0.0,119.53125,118.75,119.53125,119.53125,544
1986-08-25,0.0,119.53125,118.75,119.53125,119.53125,272
1986-08-26,0.0,119.53125,117.1875,117.96875,117.96875,1472
1986-08-27,0.0,118.75,115.625,116.40625,116.40625,1280
1986-08-28,0.0,117.96875,117.1875,117.96875,117.96875,448
1986-08-29,0.0,118.75,114.84375,117.1875,117.1875,688
1986-09-02,0.0,117.96875,113.28125,115.625,115.625,1648
1986-09-03,0.0,115.625,111.71875,112.5,112.5,1984
1986-09-04,0.0,110.9375,108.59375,108.59375,108.59375,2224
1986-09-05,0.0,105.46875,93.75,97.65625,97.65625,7104
1986-09-08,0.0,98.4375,95.3125,97.65625,97.65625,2560
1986-09-09,0.0,103.125,96.875,103.125,103.125,3184
1986-09-10,0.0,109.375,105.46875,107.8125,107.8125,2816
1986-09-11,0.0,107.8125,97.65625,100.0,100.0,3920
1986-09-12,0.0,100.78125,96.09375,100.0,100.0,1904
1986-09-15,0.0,104.6875,97.65625,103.90625,103.90625,1520
1986-09-16,0.0,103.90625,102.34375,102.34375,102.34375,1312
1986-09-17,0.0,103.90625,101.5625,103.90625,103.90625,464
1986-09-18,0.0,108.59375,104.6875,108.59375,108.59375,1104
1986-09-19,0.0,109.375,108.59375,108.59375,108.59375,240
1986-09-22,0.0,111.71875,107.8125,108.59375,108.59375,624
1986-09-23,0.0,110.9375,107.8125,108.59375,108.59375,928
1986-09-24,0.0,110.9375,107.03125,110.15625,110.15625,1328
1986-09-25,0.0,110.9375,107.03125,107.03125,107.03125,1808
1986-09-26,0.0,108.59375,107.8125,107.8125,107.8125,1232
1986-09-29,0.0,107.03125,103.90625,103.90625,103.90625,800
1986-09-30,0.0,103.90625,100.0,100.78125,100.78125,2080
1986-10-01,0.0,101.5625,100.0,100.0,100.0,2048
1986-10-02,0.0,100.78125,99.21875,100.0,100.0,4800
1986-10-03,0.0,100.78125,100.0,100.78125,100.78125,1456
1986-10-06,0.0,103.125,101.5625,103.125,103.125,544
1986-10-07,0.0,103.90625,102.34375,102.34375,102.34375,1104
1986-10-08,0.0,103.125,101.5625,101.5625,101.5625,1312
1986-10-09,0.0,101.5625,98.4375,99.21875,99.21875,3696
1986-10-10,0.0,100.0,99.21875,100.0,100.0,10960
1986-10-13,0.0,100.0,98.4375,99.21875,99.21875,368
1986-10-14,0.0,98.4375,96.875,96.875,96.875,1472
1986-10-15,0.0,99.21875,97.65625,98.4375,98.4375,816
1986-10-16,0.0,100.0,99.21875,100.0,100.0,1056
1986-10-17,0.0,100.0,98.4375,100.0,100.0,384
1986-10-20,0.0,100.78125,98.4375,98.4375,98.4375,1872
1986-10-21,0.0,98.4375,97.65625,98.4375,98.4375,1472
1986-10-22,0.0,100.0,98.4375,100.0,100.0,1184
1986-10-23,0.0,100.0,98.4375,98.4375,98.4375,304
1986-10-24,0.0,98.4375,98.4375,98.4375,98.4375,336
1986-10-27,0.0,98.4375,96.875,96.875,96.875,496
1986-10-28,0.0,98.4375,96.875,98.4375,98.4375,1152
1986-10-29,0.0,101.5625,96.875,101.5625,101.5625,9344
1986-10-30,0.0,107.8125,102.34375,107.03125,107.03125,1792
1986-10-31,0.0,110.9375,109.375,110.15625,110.15625,832
1986-11-03,0.0,120.3125,112.5,119.53125,119.53125,2128
1986-11-04,0.0,126.5625,115.625,126.5625,126.5625,10608
1986-11-05,0.0,128.125,123.4375,125.78125,125.78125,2832
1986-11-06,0.0,125.0,122.65625,122.65625,122.65625,1872
1986-11-07,0.0,121.875,116.40625,118.75,118.75,1552
1986-11-10,0.0,118.75,114.84375,114.84375,114.84375,1328
1986-11-11,0.0,117.96875,115.625,117.96875,117.96875,1248
1986-11-12,0.0,118.75,116.40625,117.1875,117.1875,960
1986-11-13,0.0,118.75,117.1875,118.75,118.75,2272
1986-11-14,0.0,121.09375,117.96875,121.09375,121.09375,1488
1986-11-17,0.0,120.3125,118.75,120.3125,120.3125,768
1986-11-18,0.0,121.875,120.3125,120.3125,120.3125,1232
1986-11-19,0.0,118.75,114.84375,114.84375,114.84375,1040
1986-11-20,0.0,115.625,110.9375,111.71875,111.71875,1456
1986-11-21,0.0,113.28125,112.5,113.28125,113.28125,672
1986-11-24,0.0,117.1875,115.625,116.40625,116.40625,2000
1986-11-25,0.0,118.75,116.40625,118.75,118.75,1072
1986-11-26,0.0,119.53125,117.1875,117.96875,117.96875,1088
1986-11-28,0.0,118.75,117.1875,118.75,118.75,864
1986-12-01,0.0,118.75,115.625,116.40625,116.40625,976
1986-12-02,0.0,119.53125,117.96875,117.96875,117.96875,1472
1986-12-03,0.0,119.53125,117.1875,118.75,118.75,1456
1986-12-04,0.0,119.53125,114.84375,117.96875,117.96875,4736
1986-12-05,0.0,118.75,117.96875,117.96875,117.96875,384
1986-12-08,0.0,119.53125,117.96875,118.75,118.75,672
1986-12-09,0.0,118.75,117.96875,118.75,118.75,976
1986-12-10,0.0,118.75,117.96875,118.75,118.75,912
1986-12-11,0.0,118.75,117.96875,117.96875,117.96875,848
1986-12-12,0.0,118.75,117.96875,118.75,118.75,1088
1986-12-15,0.0,118.75,117.1875,117.96875,117.96875,512
1986-12-16,0.0,118.75,117.1875,118.75,118.75,5760
1986-12-17,0.0,118.75,116.40625,117.1875,117.1875,752
1986-12-18,0.0,117.96875,114.0625,115.625,115.625,5360
1986-12-19,0.0,116.40625,115.625,115.625,115.625,496
1986-12-22,0.0,114.0625,110.15625,110.15625,110.15625,1296
1986-12-23,0.0,110.9375,107.8125,108.59375,108.59375,1248
1986-12-24,0.0,110.9375,108.59375,108.59375,108.59375,608
1986-12-26,0.0,110.9375,107.8125,110.9375,110.9375,672
1986-12-29,0.0,117.1875,110.9375,117.1875,117.1875,1232
1986-12-30,0.0,117.96875,116.40625,117.96875,117.96875,1456
1986-12-31,0.0,118.75,114.84375,115.625,115.625,1152
1987-01-02,0.0,116.40625,115.625,116.40625,116.40625,528
1987-01-05,0.0,129.6875,121.875,128.125,128.125,3552
1987-01-06,0.0,128.125,125.78125,126.5625,126.5625,2816
1987-01-07,0.0,134.375,127.34375,134.375,134.375,3648
1987-01-08,0.0,141.40625,134.375,136.71875,136.71875,5120
1987-01-09,0.0,146.09375,137.5,141.40625,141.40625,6272
1987-01-12,0.0,142.96875,139.84375,141.40625,141.40625,2080
1987-01-13,0.0,139.84375,135.15625,137.5,137.5,2160
1987-01-14,0.0,140.625,135.9375,138.28125,138.28125,3168
1987-01-15,0.0,137.5,129.6875,130.46875,130.46875,7696
1987-01-16,0.0,133.59375,129.6875,133.59375,133.59375,5440
1987-01-19,0.0,135.9375,132.8125,135.9375,135.9375,18096
1987-01-20,0.0,135.15625,128.90625,131.25,131.25,5664
1987-01-21,0.0,135.15625,130.46875,131.25,131.25,3488
1987-01-22,0.0,132.8125,129.6875,131.25,131.25,3552
1987-01-23,0.0,132.8125,129.6875,129.6875,129.6875,3584
1987-01-26,0.0,131.25,128.90625,129.6875,129.6875,1216
1987-01-27,0.0,130.46875,127.34375,128.90625,128.90625,3216
1987-01-28,0.0,131.25,128.90625,131.25,131.25,1808
1987-01-29,0.0,132.8125,131.25,131.25,131.25,4656
1987-01-30,0.0,130.46875,128.90625,130.46875,130.46875,1040
1987-02-02,0.0,131.25,129.6875,129.6875,129.6875,4064
1987-02-03,0.0,131.25,127.34375,130.46875,130.46875,4608
1987-02-04,0.0,134.375,128.90625,134.375,134.375,2832
1987-02-05,0.0,135.9375,132.8125,132.8125,132.8125,4384
1987-02-06,0.0,136.71875,131.25,134.375,134.375,3456
1987-02-09,0.0,142.1875,137.5,141.40625,141.40625,4992
1987-02-10,0.0,142.1875,137.5,137.5,137.5,2096
1987-02-11,0.0,142.1875,139.84375,141.40625,141.40625,3056
1987-02-12,0.0,160.15625,142.1875,156.25,156.25,11056
1987-02-13,0.0,157.8125,150.78125,151.5625,151.5625,9248
1987-02-17,0.0,158.59375,151.5625,157.03125,157.03125,5136
1987-02-18,0.0,154.6875,147.65625,149.21875,149.21875,7616
1987-02-19,0.0,151.5625,149.21875,150.0,150.0,4528
1987-02-20,0.0,153.90625,150.0,152.34375,152.34375,1888
1987-02-23,0.0,153.125,150.0,150.78125,150.78125,2208
1987-02-24,0.0,154.6875,150.0,153.90625,153.90625,1856
1987-02-25,0.0,160.9375,154.6875,154.6875,154.6875,5744
1987-02-26,0.0,157.8125,151.5625,151.5625,151.5625,2320
1987-02-27,0.0,157.8125,152.34375,157.8125,157.8125,1968
1987-03-02,0.0,161.71875,157.8125,159.375,159.375,9632
1987-03-03,0.0,159.375,157.03125,158.59375,158.59375,2256
1987-03-04,0.0,170.3125,157.03125,170.3125,170.3125,15808
1987-03-05,0.0,179.6875,171.875,176.5625,176.5625,18800
1987-03-06,0.0,182.8125,176.5625,182.03125,182.03125,15120
1987-03-09,0.0,196.875,184.375,196.09375,196.09375,11888
1987-03-10,0.0,200.0,196.09375,196.875,196.875,11056
1987-03-11,0.0,217.1875,209.375,214.84375,214.84375,31296
1987-03-12,0.0,240.625,215.625,240.625,240.625,25408
1987-03-13,0.0,224.21875,217.96875,218.75,218.75,17360
1987-03-16,0.0,215.625,203.90625,209.375,209.375,12416
1987-03-17,0.0,219.53125,202.34375,217.1875,217.1875,7328
1987-03-18,0.0,222.65625,216.40625,216.40625,216.40625,4928
1987-03-19,0.0,218.75,210.9375,210.9375,210.9375,4784
1987-03-20,0.0,225.78125,214.0625,225.78125,225.78125,5536
1987-03-23,0.0,233.59375,226.5625,227.34375,227.34375,7840
1987-03-24,0.0,225.78125,219.53125,223.4375,223.4375,2976
1987-03-25,0.0,235.15625,221.09375,232.8125,232.8125,8352
1987-03-26,0.0,236.71875,228.90625,230.46875,230.46875,4112
1987-03-27,0.0,232.8125,225.78125,225.78125,225.78125,3312
1987-03-30,0.0,224.21875,217.1875,222.65625,222.65625,8640
1987-03-31,0.0,222.65625,218.75,222.65625,222.65625,2240
1987-04-01,0.0,217.96875,198.4375,200.0,200.0,8336
1987-04-02,0.0,210.15625,200.78125,204.6875,204.6875,12864
1987-04-03,0.0,210.15625,206.25,209.375,209.375,3088
1987-04-06,0.0,214.0625,209.375,211.71875,211.71875,1952
1987-04-07,0.0,210.15625,206.25,207.8125,207.8125,2000
1987-04-08,0.0,207.03125,204.6875,207.03125,207.03125,2048
1987-04-09,0.0,207.03125,199.21875,199.21875,199.21875,2368
1987-04-10,0.0,199.21875,181.25,185.9375,185.9375,9488
1987-04-13,0.0,189.0625,178.125,189.0625,189.0625,6256
1987-04-14,0.0,189.0625,173.4375,175.0,175.0,8248
1987-04-15,0.0,209.375,178.125,201.5625,201.5625,5848
1987-04-16,0.0,221.875,207.8125,210.9375,210.9375,6128
1987-04-20,0.0,220.3125,201.5625,204.6875,204.6875,3632
1987-04-21,0.0,206.25,200.0,204.6875,204.6875,2856
1987-04-22,0.0,212.5,206.25,206.25,206.25,3704
1987-04-23,0.0,209.375,203.125,206.25,206.25,4320
1987-04-24,0.0,209.375,198.4375,204.6875,204.6875,3088
1987-04-27,0.0,203.125,185.9375,200.0,200.0,5176
1987-04-28,0.0,212.5,203.125,206.25,206.25,6512
1987-04-29,0.0,220.3125,207.8125,210.9375,210.9375,5496
1987-04-30,0.0,212.5,206.25,206.25,206.25,3472
1987-05-01,0.0,206.25,204.6875,206.25,206.25,1504
1987-05-04,0.0,209.375,200.0,203.125,203.125,4080
1987-05-05,0.0,212.5,204.6875,212.5,212.5,3784
1987-05-06,0.0,220.3125,215.625,217.1875,217.1875,9256
1987-05-07,0.0,225.0,218.75,220.3125,220.3125,6160
1987-05-08,0.0,221.875,218.75,218.75,218.75,3232
1987-05-11,0.0,223.4375,218.75,218.75,218.75,3328
1987-05-12,0.0,220.3125,209.375,220.3125,220.3125,3888
1987-05-13,0.0,223.4375,217.1875,218.75,218.75,1520
1987-05-14,0.0,221.875,218.75,221.875,221.875,2320
1987-05-15,0.0,218.75,209.375,215.625,215.625,2064
1987-05-18,0.0,212.5,196.875,200.0,200.0,7648
1987-05-19,0.0,203.125,162.5,175.0,175.0,9760
1987-05-20,0.0,179.6875,165.625,165.625,165.625,8208
1987-05-21,0.0,176.5625,170.3125,176.5625,176.5625,5120
1987-05-22,0.0,193.75,181.25,187.5,187.5,5160
1987-05-26,0.0,192.1875,187.5,190.625,190.625,1296
1987-05-27,0.0,195.3125,190.625,190.625,190.625,1600
1987-05-28,0.0,190.625,189.0625,190.625,190.625,992
1987-05-29,0.0,189.0625,187.5,187.5,187.5,576
1987-06-01,0.0,189.0625,176.5625,179.6875,179.6875,1536
1987-06-02,0.0,176.5625,167.1875,171.875,171.875,4696
1987-06-03,0.0,175.0,171.875,173.4375,173.4375,1168
1987-06-04,0.0,178.125,173.4375,173.4375,173.4375,1432
1987-06-05,0.0,173.4375,168.75,171.875,171.875,1536
1987-06-08,0.0,175.0,168.75,170.3125,170.3125,1912
1987-06-09,0.0,175.0,170.3125,173.4375,173.4375,2000
1987-06-10,0.0,178.125,173.4375,176.5625,176.5625,2464
1987-06-11,0.0,176.5625,173.4375,175.0,175.0,520
1987-06-12,0.0,189.0625,184.375,189.0625,189.0625,3936
1987-06-15,0.0,193.75,185.9375,187.5,187.5,2216
1987-06-16,0.0,189.0625,179.6875,181.25,181.25,1304
1987-06-17,0.0,181.25,175.0,175.0,175.0,1296
1987-06-18,0.0,178.125,173.4375,173.4375,173.4375,2080
1987-06-19,0.0,176.5625,173.4375,175.0,175.0,2056
1987-06-22,0.0,178.125,173.4375,173.4375,173.4375,1344
1987-06-23,0.0,173.4375,168.75,168.75,168.75,3856
1987-06-24,0.0,171.875,168.75,170.3125,170.3125,3072
1987-06-25,0.0,181.25,173.4375,178.125,178.125,9632
1987-06-26,0.0,179.6875,176.5625,176.5625,176.5625,3432
1987-06-29,0.0,187.5,181.25,184.375,184.375,7384
1987-06-30,0.0,189.0625,184.375,187.5,187.5,5232
1987-07-01,0.0,193.75,189.0625,190.625,190.625,4088
1987-07-02,0.0,193.75,189.0625,190.625,190.625,3256
1987-07-06,0.0,196.875,189.0625,190.625,190.625,3792
1987-07-07,0.0,196.875,190.625,195.3125,195.3125,4464
1987-07-08,0.0,200.0,196.875,196.875,196.875,4984
1987-07-09,0.0,198.4375,193.75,195.3125,195.3125,2496
1987-07-10,0.0,195.3125,192.1875,195.3125,195.3125,1632
1987-07-13,0.0,196.875,193.75,195.3125,195.3125,1984
1987-07-14,0.0,196.875,195.3125,195.3125,195.3125,1192
1987-07-15,0.0,198.4375,195.3125,198.4375,198.4375,2000
1987-07-16,0.0,200.0,195.3125,200.0,200.0,1792
1987-07-17,0.0,201.5625,196.875,198.4375,198.4375,1768
1987-07-20,0.0,200.0,195.3125,200.0,200.0,1016
1987-07-21,0.0,203.125,198.4375,200.0,200.0,2400
1987-07-22,0.0,200.0,196.875,198.4375,198.4375,920
1987-07-23,0.0,200.0,196.875,196.875,196.875,1040
1987-07-24,0.0,203.125,200.0,201.5625,201.5625,1488
1987-07-27,0.0,204.6875,198.4375,201.5625,201.5625,1280
1987-07-28,0.0,206.25,201.5625,203.125,203.125,1768
1987-07-29,0.0,204.6875,201.5625,203.125,203.125,968
1987-07-30,0.0,214.0625,203.125,214.0625,214.0625,3744
1987-07-31,0.0,217.1875,212.5,217.1875,217.1875,1856
1987-08-03,0.0,217.1875,212.5,212.5,212.5,2760
1987-08-04,0.0,214.0625,210.9375,214.0625,214.0625,3944
1987-08-05,0.0,214.0625,207.8125,214.0625,214.0625,2936
1987-08-06,0.0,214.0625,209.375,209.375,209.375,2096
1987-08-07,0.0,210.9375,203.125,204.6875,204.6875,2464
1987-08-10,0.0,204.6875,195.3125,200.0,200.0,2104
1987-08-11,0.0,201.5625,198.4375,200.0,200.0,2224
1987-08-12,0.0,201.5625,198.4375,198.4375,198.4375,2000
1987-08-13,0.0,210.9375,198.4375,207.8125,207.8125,1720
1987-08-14,0.0,214.0625,207.8125,214.0625,214.0625,17128
1987-08-17,0.0,215.625,212.5,212.5,212.5,2224
1987-08-18,0.0,215.625,209.375,209.375,209.375,2504
1987-08-19,0.0,215.625,207.8125,215.625,215.625,5512
1987-08-20,0.0,217.1875,214.0625,215.625,215.625,2264
1987-08-21,0.0,214.0625,209.375,210.9375,210.9375,1224
1987-08-24,0.0,218.75,214.0625,215.625,215.625,3832
1987-08-25,0.0,221.875,215.625,215.625,215.625,2400
1987-08-26,0.0,218.75,214.0625,215.625,215.625,856
1987-08-27,0.0,214.0625,207.8125,209.375,209.375,1496
1987-08-28,0.0,207.8125,200.0,201.5625,201.5625,1296
1987-08-31,0.0,204.6875,198.4375,204.6875,204.6875,1016
1987-09-01,0.0,212.5,206.25,206.25,206.25,968
1987-09-02,0.0,203.125,200.0,201.5625,201.5625,1200
1987-09-03,0.0,203.125,198.4375,198.4375,198.4375,840
1987-09-04,0.0,200.0,198.4375,198.4375,198.4375,976
1987-09-08,0.0,200.0,173.4375,178.125,178.125,4640
1987-09-09,0.0,189.0625,182.8125,185.9375,185.9375,1040
1987-09-10,0.0,192.1875,187.5,189.0625,189.0625,880
1987-09-11,0.0,190.625,187.5,189.0625,189.0625,1792
1987-09-14,0.0,189.0625,181.25,181.25,181.25,1368
1987-09-15,0.0,181.25,179.6875,179.6875,179.6875,832
1987-09-16,0.0,181.25,178.125,178.125,178.125,4016
1987-09-17,0.0,179.6875,173.4375,173.4375,173.4375,2216
1987-09-18,0.0,171.875,164.0625,170.3125,170.3125,3896
1987-09-21,0.0,170.3125,148.4375,156.25,156.25,6144
1987-09-22,0.0,170.3125,156.25,165.625,165.625,6808
1987-09-23,0.0,175.0,162.5,170.3125,170.3125,4976
1987-09-24,0.0,171.875,167.1875,167.1875,167.1875,472
1987-09-25,0.0,167.1875,162.5,165.625,165.625,1304
1987-09-28,0.0,167.1875,164.0625,164.0625,164.0625,1176
1987-09-29,0.0,170.3125,164.0625,168.75,168.75,1824
1987-09-30,0.0,168.75,164.0625,164.0625,164.0625,2120
1987-10-01,0.0,165.625,153.125,157.8125,157.8125,4552
1987-10-02,0.0,167.1875,160.9375,167.1875,167.1875,5248
1987-10-05,0.0,170.3125,165.625,168.75,168.75,3320
1987-10-06,0.0,175.0,165.625,175.0,175.0,6384
1987-10-07,0.0,175.0,165.625,167.1875,167.1875,1680
1987-10-08,0.0,170.3125,164.0625,164.0625,164.0625,728
1987-10-09,0.0,165.625,159.375,159.375,159.375,2064
1987-10-12,0.0,159.375,151.5625,151.5625,151.5625,1720
1987-10-13,0.0,156.25,153.125,156.25,156.25,1696
1987-10-14,0.0,159.375,150.0,150.0,150.0,3800
1987-10-15,0.0,150.0,139.0625,139.0625,139.0625,3376
1987-10-16,0.0,142.1875,132.8125,132.8125,132.8125,5984
1987-10-19,0.0,126.5625,115.625,115.625,115.625,8592
1987-10-20,0.0,109.375,103.125,109.375,109.375,10728
1987-10-21,0.0,134.375,103.125,134.375,134.375,9752
1987-10-22,0.0,131.25,123.4375,128.125,128.125,4800
1987-10-23,0.0,129.6875,123.4375,129.6875,129.6875,1216
1987-10-26,0.0,114.0625,110.9375,112.5,112.5,6408
1987-10-27,0.0,118.75,114.0625,115.625,115.625,5376
1987-10-28,0.0,112.5,109.375,112.5,112.5,4968
1987-10-29,0.0,115.625,112.5,114.0625,114.0625,2328
1987-10-30,0.0,129.6875,118.75,129.6875,129.6875,3008
1987-11-02,0.0,129.6875,125.0,126.5625,126.5625,920
1987-11-03,0.0,126.5625,123.4375,125.0,125.0,1360
1987-11-04,0.0,126.5625,123.4375,126.5625,126.5625,2016
1987-11-05,0.0,128.125,123.4375,128.125,128.125,1784
1987-11-06,0.0,135.9375,132.8125,134.375,134.375,1528
1987-11-09,0.0,135.9375,129.6875,129.6875,129.6875,1008
1987-11-10,0.0,125.0,121.875,121.875,121.875,1440
1987-11-11,0.0,125.0,121.875,121.875,121.875,3096
1987-11-12,0.0,123.4375,120.3125,121.875,121.875,408
1987-11-13,0.0,121.875,120.3125,120.3125,120.3125,608
1987-11-16,0.0,125.0,117.1875,120.3125,120.3125,680
1987-11-17,0.0,123.4375,120.3125,120.3125,120.3125,13664
1987-11-18,0.0,123.4375,117.1875,118.75,118.75,1872
1987-11-19,0.0,120.3125,114.0625,115.625,115.625,2136
1987-11-20,0.0,115.625,112.5,115.625,115.625,688
1987-11-23,0.0,117.1875,112.5,115.625,115.625,992
1987-11-24,0.0,117.1875,110.9375,110.9375,110.9375,1080
1987-11-25,0.0,112.5,109.375,109.375,109.375,1344
1987-11-27,0.0,112.5,107.8125,112.5,112.5,304
1987-11-30,0.0,110.9375,106.25,110.9375,110.9375,1496
1987-12-01,0.0,112.5,103.125,103.125,103.125,4224
1987-12-02,0.0,104.6875,101.5625,101.5625,101.5625,1464
1987-12-03,0.0,104.6875,100.0,100.0,100.0,2232
1987-12-04,0.0,96.875,87.5,92.1875,92.1875,3984
1987-12-07,0.0,90.625,84.375,85.9375,85.9375,3936
1987-12-08,0.0,96.875,89.0625,93.75,93.75,2176
1987-12-09,0.0,98.4375,93.75,93.75,93.75,1424
1987-12-10,0.0,92.1875,87.5,92.1875,92.1875,2296
1987-12-11,0.0,92.1875,89.0625,89.0625,89.0625,1152
1987-12-14,0.0,92.1875,87.5,90.625,90.625,1512
1987-12-15,0.0,95.3125,89.0625,93.75,93.75,11376
1987-12-16,0.0,109.375,93.75,107.8125,107.8125,2864
1987-12-17,0.0,120.3125,110.9375,112.5,112.5,3032
1987-12-18,0.0,115.625,109.375,114.0625,114.0625,1328
1987-12-21,0.0,114.0625,109.375,114.0625,114.0625,904
1987-12-22,0.0,117.1875,110.9375,117.1875,117.1875,2344
1987-12-23,0.0,117.1875,110.9375,112.5,112.5,1104
1987-12-24,0.0,112.5,107.8125,107.8125,107.8125,992
1987-12-28,0.0,110.9375,104.6875,104.6875,104.6875,1384
1987-12-29,0.0,104.6875,95.3125,98.4375,98.4375,2896
1987-12-30,0.0,100.0,96.875,98.4375,98.4375,2416
1987-12-31,0.0,98.4375,95.3125,96.875,96.875,2872
1988-01-04,0.0,109.375,95.3125,109.375,109.375,1440
1988-01-05,0.0,115.625,109.375,112.5,112.5,1928
1988-01-06,0.0,115.625,112.5,114.0625,114.0625,1144
1988-01-07,0.0,121.875,114.0625,121.875,121.875,2232
1988-01-08,0.0,123.4375,114.0625,114.0625,114.0625,1448
1988-01-11,0.0,112.5,107.8125,112.5,112.5,1888
1988-01-12,0.0,110.9375,104.6875,106.25,106.25,776
1988-01-13,0.0,107.8125,106.25,107.8125,107.8125,240
1988-01-14,0.0,114.0625,107.8125,112.5,112.5,3912
1988-01-15,0.0,123.4375,117.1875,120.3125,120.3125,3208
1988-01-18,0.0,128.125,121.875,126.5625,126.5625,4144
1988-01-19,0.0,128.125,125.0,128.125,128.125,1848
1988-01-20,0.0,126.5625,120.3125,121.875,121.875,1288
1988-01-21,0.0,121.875,120.3125,120.3125,120.3125,1096
1988-01-22,0.0,128.125,123.4375,125.0,125.0,1256
1988-01-25,0.0,129.6875,125.0,126.5625,126.5625,784
1988-01-26,0.0,126.5625,123.4375,126.5625,126.5625,576
1988-01-27,0.0,128.125,125.0,128.125,128.125,728
1988-01-28,0.0,129.6875,123.4375,123.4375,123.4375,1408
1988-01-29,0.0,137.5,126.5625,137.5,137.5,4304
1988-02-01,0.0,142.1875,132.8125,134.375,134.375,3088
1988-02-02,0.0,146.875,134.375,146.875,146.875,3184
1988-02-03,0.0,146.875,142.1875,145.3125,145.3125,4832
1988-02-04,0.0,146.875,139.0625,140.625,140.625,1128
1988-02-05,0.0,140.625,135.9375,140.625,140.625,1808
1988-02-08,0.0,140.625,132.8125,132.8125,132.8125,912
1988-02-09,0.0,140.625,132.8125,140.625,140.625,944
1988-02-10,0.0,142.1875,137.5,140.625,140.625,1960
1988-02-11,0.0,140.625,137.5,139.0625,139.0625,1768
1988-02-12,0.0,140.625,135.9375,140.625,140.625,1000
1988-02-16,0.0,140.625,137.5,140.625,140.625,632
1988-02-17,0.0,145.3125,139.0625,143.75,143.75,2512
1988-02-18,0.0,143.75,137.5,137.5,137.5,3072
1988-02-19,0.0,142.1875,140.625,142.1875,142.1875,3528
1988-02-22,0.0,148.4375,140.625,146.875,146.875,3608
1988-02-23,0.0,148.4375,142.1875,142.1875,142.1875,920
1988-02-24,0.0,146.875,142.1875,145.3125,145.3125,1216
1988-02-25,0.0,146.875,142.1875,142.1875,142.1875,1920
1988-02-26,0.0,143.75,140.625,142.1875,142.1875,864
1988-02-29,0.0,142.1875,135.9375,137.5,137.5,872
1988-03-01,0.0,139.0625,135.9375,137.5,137.5,672
1988-03-02,0.0,139.0625,135.9375,135.9375,135.9375,928
1988-03-03,0.0,135.9375,132.8125,134.375,134.375,896
1988-03-04,0.0,131.25,128.125,128.125,128.125,920
1988-03-07,0.0,131.25,128.125,129.6875,129.6875,1312
1988-03-08,0.0,131.25,126.5625,129.6875,129.6875,6928
1988-03-09,0.0,129.6875,126.5625,126.5625,126.5625,528
1988-03-10,0.0,128.125,126.5625,126.5625,126.5625,1344
1988-03-11,0.0,128.125,123.4375,128.125,128.125,912
1988-03-14,0.0,135.9375,129.6875,132.8125,132.8125,4976
1988-03-15,0.0,132.8125,125.0,126.5625,126.5625,5680
1988-03-16,0.0,129.6875,126.5625,126.5625,126.5625,808
1988-03-17,0.0,125.0,123.4375,125.0,125.0,1368
1988-03-18,0.0,125.0,120.3125,121.875,121.875,1624
1988-03-21,0.0,123.4375,121.875,121.875,121.875,792
1988-03-22,0.0,123.4375,121.875,123.4375,123.4375,808
1988-03-23,0.0,125.0,121.875,123.4375,123.4375,736
1988-03-24,0.0,123.4375,117.1875,117.1875,117.1875,856
1988-03-25,0.0,121.875,117.1875,120.3125,120.3125,632
1988-03-28,0.0,120.3125,115.625,117.1875,117.1875,576
1988-03-29,0.0,118.75,117.1875,118.75,118.75,1072
1988-03-30,0.0,121.875,120.3125,120.3125,120.3125,1144
1988-03-31,0.0,125.0,118.75,125.0,125.0,1376
1988-04-04,0.0,123.4375,121.875,123.4375,123.4375,6368
1988-04-05,0.0,123.4375,120.3125,121.875,121.875,576
1988-04-06,0.0,123.4375,120.3125,123.4375,123.4375,920
1988-04-07,0.0,121.875,115.625,117.1875,117.1875,792
1988-04-08,0.0,120.3125,118.75,118.75,118.75,1688
1988-04-11,0.0,123.4375,115.625,123.4375,123.4375,1096
1988-04-12,0.0,129.6875,123.4375,128.125,128.125,1728
1988-04-13,0.0,128.125,126.5625,126.5625,126.5625,800
1988-04-14,0.0,126.5625,125.0,125.0,125.0,1592
1988-04-15,0.0,125.0,120.3125,120.3125,120.3125,1792
1988-04-18,0.0,121.875,118.75,121.875,121.875,816
1988-04-19,0.0,123.4375,121.875,121.875,121.875,312
1988-04-20,0.0,123.4375,114.0625,115.625,115.625,832
1988-04-21,0.0,117.1875,112.5,112.5,112.5,1576
1988-04-22,0.0,117.1875,112.5,115.625,115.625,792
1988-04-25,0.0,117.1875,114.0625,115.625,115.625,560
1988-04-26,0.0,120.3125,115.625,115.625,115.625,1448
1988-04-27,0.0,120.3125,115.625,117.1875,117.1875,1952
1988-04-28,0.0,120.3125,115.625,115.625,115.625,2048
1988-04-29,0.0,120.3125,114.0625,120.3125,120.3125,1272
1988-05-02,0.0,123.4375,120.3125,121.875,121.875,1480
1988-05-03,0.0,123.4375,120.3125,123.4375,123.4375,592
1988-05-04,0.0,125.0,120.3125,120.3125,120.3125,1864
1988-05-05,0.0,121.875,118.75,121.875,121.875,944
1988-05-06,0.0,118.75,115.625,115.625,115.625,2832
1988-05-09,0.0,117.1875,112.5,114.0625,114.0625,1504
1988-05-10,0.0,112.5,106.25,106.25,106.25,1816
1988-05-11,0.0,106.25,101.5625,103.125,103.125,2216
1988-05-12,0.0,106.25,101.5625,106.25,106.25,1624
1988-05-13,0.0,109.375,104.6875,104.6875,104.6875,824
1988-05-16,0.0,107.8125,104.6875,104.6875,104.6875,1008
1988-05-17,0.0,103.125,100.0,100.0,100.0,1944
1988-05-18,0.0,103.125,100.0,101.5625,101.5625,1464
1988-05-19,0.0,101.5625,98.4375,100.0,100.0,992
1988-05-20,0.0,101.5625,96.875,96.875,96.875,1848
1988-05-23,0.0,100.0,96.875,96.875,96.875,888
1988-05-24,0.0,101.5625,96.875,101.5625,101.5625,512
1988-05-25,0.0,101.5625,100.0,100.0,100.0,648
1988-05-26,0.0,101.5625,100.0,100.0,100.0,448
1988-05-27,0.0,101.5625,100.0,101.5625,101.5625,216
1988-05-31,0.0,104.6875,101.5625,104.6875,104.6875,1288
1988-06-01,0.0,109.375,106.25,109.375,109.375,1432
1988-06-02,0.0,109.375,106.25,107.8125,107.8125,1232
1988-06-03,0.0,109.375,104.6875,107.8125,107.8125,424
1988-06-06,0.0,107.8125,104.6875,107.8125,107.8125,1016
1988-06-07,0.0,106.25,104.6875,104.6875,104.6875,296
1988-06-08,0.0,110.9375,104.6875,110.9375,110.9375,2000
1988-06-09,0.0,112.5,110.9375,112.5,112.5,672
1988-06-10,0.0,114.0625,110.9375,112.5,112.5,312
1988-06-13,0.0,112.5,110.9375,110.9375,110.9375,2928
1988-06-14,0.0,114.0625,112.5,112.5,112.5,816
1988-06-15,0.0,114.0625,112.5,114.0625,114.0625,544
1988-06-16,0.0,115.625,112.5,115.625,115.625,1024
1988-06-17,0.0,114.0625,112.5,112.5,112.5,584
1988-06-20,0.0,112.5,110.9375,112.5,112.5,320
1988-06-21,0.0,117.1875,112.5,115.625,115.625,1032
1988-06-22,0.0,117.1875,115.625,115.625,115.625,872
1988-06-23,0.0,117.1875,114.0625,115.625,115.625,392
1988-06-24,0.0,117.1875,114.0625,117.1875,117.1875,320
1988-06-27,0.0,117.1875,115.625,115.625,115.625,336
1988-06-28,0.0,115.625,114.0625,114.0625,114.0625,232
1988-06-29,0.0,117.1875,115.625,115.625,115.625,712
1988-06-30,0.0,117.1875,114.0625,117.1875,117.1875,480
1988-07-01,0.0,117.1875,115.625,115.625,115.625,344
1988-07-05,0.0,117.1875,115.625,115.625,115.625,136
1988-07-06,0.0,117.1875,114.0625,114.0625,114.0625,344
1988-07-07,0.0,115.625,114.0625,115.625,115.625,656
1988-07-08,0.0,115.625,112.5,112.5,112.5,1696
1988-07-11,0.0,114.0625,112.5,114.0625,114.0625,728
1988-07-12,0.0,114.0625,109.375,110.9375,110.9375,2368
1988-07-13,0.0,110.9375,109.375,110.9375,110.9375,3448
1988-07-14,0.0,110.9375,109.375,109.375,109.375,2592
1988-07-15,0.0,112.5,109.375,112.5,112.5,1088
1988-07-18,0.0,112.5,110.9375,112.5,112.5,2328
1988-07-19,0.0,112.5,110.9375,112.5,112.5,1200
1988-07-20,0.0,112.5,110.9375,110.9375,110.9375,312
1988-07-21,0.0,112.5,110.9375,110.9375,110.9375,640
1988-07-22,0.0,112.5,110.9375,112.5,112.5,512
1988-07-25,0.0,112.5,110.9375,110.9375,110.9375,680
1988-07-26,0.0,110.9375,109.375,110.9375,110.9375,376
1988-07-27,0.0,114.0625,109.375,112.5,112.5,576
1988-07-28,0.0,114.0625,112.5,114.0625,114.0625,256
1988-07-29,0.0,114.0625,112.5,114.0625,114.0625,336
1988-08-01,0.0,114.0625,112.5,112.5,112.5,680
1988-08-02,0.0,114.0625,112.5,114.0625,114.0625,376
1988-08-03,0.0,112.5,112.5,112.5,112.5,224
1988-08-04,0.0,112.5,109.375,109.375,109.375,224
1988-08-05,0.0,109.375,109.375,109.375,109.375,280
1988-08-08,0.0,110.9375,107.8125,109.375,109.375,3448
1988-08-09,0.0,109.375,106.25,107.8125,107.8125,560
1988-08-10,0.0,106.25,103.125,104.6875,104.6875,728
1988-08-11,0.0,106.25,103.125,106.25,106.25,568
1988-08-12,0.0,103.125,101.5625,101.5625,101.5625,1000
1988-08-15,0.0,103.125,101.5625,101.5625,101.5625,824
1988-08-16,0.0,103.125,98.4375,98.4375,98.4375,2344
1988-08-17,0.0,100.0,98.4375,98.4375,98.4375,136
1988-08-18,0.0,101.5625,96.875,98.4375,98.4375,600
1988-08-19,0.0,98.4375,98.4375,98.4375,98.4375,136
1988-08-22,0.0,96.875,93.75,93.75,93.75,1248
1988-08-23,0.0,96.875,93.75,96.875,96.875,896
1988-08-24,0.0,98.4375,95.3125,98.4375,98.4375,632
1988-08-25,0.0,98.4375,96.875,98.4375,98.4375,352
1988-08-26,0.0,100.0,96.875,96.875,96.875,536
1988-08-29,0.0,96.875,95.3125,95.3125,95.3125,184
1988-08-30,0.0,95.3125,92.1875,92.1875,92.1875,408
1988-08-31,0.0,95.3125,93.75,93.75,93.75,448
1988-09-01,0.0,93.75,92.1875,92.1875,92.1875,104
1988-09-02,0.0,93.75,92.1875,93.75,93.75,352
1988-09-06,0.0,93.75,90.625,90.625,90.625,616
1988-09-07,0.0,93.75,90.625,90.625,90.625,2344
1988-09-08,0.0,93.75,89.0625,93.75,93.75,3432
1988-09-09,0.0,93.75,92.1875,92.1875,92.1875,648
1988-09-12,0.0,89.0625,87.5,89.0625,89.0625,424
1988-09-13,0.0,92.1875,87.5,90.625,90.625,408
1988-09-14,0.0,92.1875,89.0625,90.625,90.625,1056
1988-09-15,0.0,90.625,89.0625,90.625,90.625,1392
1988-09-16,0.0,90.625,89.0625,90.625,90.625,384
1988-09-19,0.0,90.625,87.5,89.0625,89.0625,672
1988-09-20,0.0,90.625,89.0625,89.0625,89.0625,2232
1988-09-21,0.0,90.625,89.0625,89.0625,89.0625,176
1988-09-22,0.0,90.625,87.5,89.0625,89.0625,1376
1988-09-23,0.0,89.0625,87.5,89.0625,89.0625,440
1988-09-26,0.0,89.0625,87.5,87.5,87.5,304
1988-09-27,0.0,89.0625,85.9375,85.9375,85.9375,9136
1988-09-28,0.0,87.5,85.9375,87.5,87.5,528
1988-09-29,0.0,92.1875,89.0625,90.625,90.625,664
1988-09-30,0.0,103.125,90.625,98.4375,98.4375,1344
1988-10-03,0.0,96.875,95.3125,96.875,96.875,392
1988-10-04,0.0,96.875,95.3125,95.3125,95.3125,88
1988-10-05,0.0,95.3125,89.0625,89.0625,89.0625,720
1988-10-06,0.0,93.75,90.625,90.625,90.625,448
1988-10-07,0.0,93.75,90.625,92.1875,92.1875,7408
1988-10-10,0.0,90.625,87.5,90.625,90.625,2224
1988-10-11,0.0,89.0625,87.5,89.0625,89.0625,1992
1988-10-12,0.0,92.1875,89.0625,90.625,90.625,2656
1988-10-13,0.0,90.625,89.0625,90.625,90.625,296
1988-10-14,0.0,90.625,89.0625,90.625,90.625,480
1988-10-17,0.0,90.625,89.0625,89.0625,89.0625,4248
1988-10-18,0.0,90.625,89.0625,90.625,90.625,368
1988-10-19,0.0,92.1875,89.0625,90.625,90.625,616
1988-10-20,0.0,96.875,90.625,96.875,96.875,1040
1988-10-21,0.0,95.3125,93.75,95.3125,95.3125,696
1988-10-24,0.0,98.4375,93.75,98.4375,98.4375,744
1988-10-25,0.0,98.4375,96.875,96.875,96.875,544
1988-10-26,0.0,96.875,93.75,96.875,96.875,600
1988-10-27,0.0,96.875,93.75,93.75,93.75,944
1988-10-28,0.0,96.875,93.75,96.875,96.875,320
1988-10-31,0.0,95.3125,95.3125,95.3125,95.3125,968
1988-11-01,0.0,96.875,95.3125,95.3125,95.3125,584
1988-11-02,0.0,96.875,95.3125,96.875,96.875,4256
1988-11-03,0.0,96.875,95.3125,96.875,96.875,688
1988-11-04,0.0,96.875,95.3125,95.3125,95.3125,184
1988-11-07,0.0,95.3125,92.1875,93.75,93.75,560
1988-11-08,0.0,93.75,92.1875,92.1875,92.1875,624
1988-11-09,0.0,92.1875,90.625,90.625,90.625,600
1988-11-10,0.0,93.75,90.625,93.75,93.75,728
1988-11-11,0.0,92.1875,90.625,90.625,90.625,272
1988-11-14,0.0,92.1875,90.625,90.625,90.625,1256
1988-11-15,0.0,93.75,90.625,92.1875,92.1875,496
1988-11-16,0.0,92.1875,90.625,90.625,90.625,656
1988-11-17,0.0,92.1875,90.625,90.625,90.625,712
1988-11-18,0.0,96.875,93.75,95.3125,95.3125,920
1988-11-21,0.0,95.3125,93.75,93.75,93.75,1128
1988-11-22,0.0,95.3125,92.1875,93.75,93.75,1472
1988-11-23,0.0,93.75,93.75,93.75,93.75,560
1988-11-25,0.0,93.75,92.1875,92.1875,92.1875,672
1988-11-28,0.0,96.875,92.1875,96.875,96.875,3904
1988-11-29,0.0,96.875,95.3125,95.3125,95.3125,808
1988-11-30,0.0,96.875,95.3125,95.3125,95.3125,752
1988-12-01,0.0,96.875,95.3125,96.875,96.875,768
1988-12-02,0.0,95.3125,95.3125,95.3125,95.3125,656
1988-12-05,0.0,95.3125,95.3125,95.3125,95.3125,560
1988-12-06,0.0,96.875,95.3125,96.875,96.875,1312
1988-12-07,0.0,95.3125,95.3125,95.3125,95.3125,344
1988-12-08,0.0,95.3125,95.3125,95.3125,95.3125,512
1988-12-09,0.0,96.875,95.3125,95.3125,95.3125,376
1988-12-12,0.0,96.875,95.3125,95.3125,95.3125,1352
1988-12-13,0.0,96.875,96.875,96.875,96.875,688
1988-12-14,0.0,96.875,95.3125,96.875,96.875,456
1988-12-15,0.0,96.875,95.3125,95.3125,95.3125,3768
1988-12-16,0.0,96.875,95.3125,95.3125,95.3125,1376
1988-12-19,0.0,96.875,95.3125,95.3125,95.3125,4280
1988-12-20,0.0,98.4375,95.3125,96.875,96.875,1056
1988-12-21,0.0,96.875,95.3125,95.3125,95.3125,968
1988-12-22,0.0,96.875,95.3125,95.3125,95.3125,832
1988-12-23,0.0,96.875,95.3125,95.3125,95.3125,784
1988-12-27,0.0,96.875,95.3125,95.3125,95.3125,3528
1988-12-28,0.0,96.875,95.3125,96.875,96.875,1008
1988-12-29,0.0,96.875,95.3125,95.3125,95.3125,2448
1988-12-30,0.0,96.875,95.3125,95.3125,95.3125,2496
1989-01-03,0.0,98.4375,95.3125,98.4375,98.4375,664
1989-01-04,0.0,101.5625,100.0,101.5625,101.5625,656
1989-01-05,0.0,101.5625,100.0,100.0,100.0,424
1989-01-06,0.0,103.125,100.0,101.5625,101.5625,376
1989-01-09,0.0,103.125,101.5625,101.5625,101.5625,480
1989-01-10,0.0,103.125,100.0,103.125,103.125,520
1989-01-11,0.0,104.6875,103.125,104.6875,104.6875,616
1989-01-12,0.0,103.125,103.125,103.125,103.125,656
1989-01-13,0.0,104.6875,103.125,103.125,103.125,432
1989-01-16,0.0,104.6875,103.125,103.125,103.125,464
1989-01-17,0.0,104.6875,103.125,103.125,103.125,1016
1989-01-18,0.0,107.8125,104.6875,107.8125,107.8125,800
1989-01-19,0.0,110.9375,109.375,110.9375,110.9375,1296
1989-01-20,0.0,110.9375,109.375,110.9375,110.9375,176
1989-01-23,0.0,117.1875,110.9375,117.1875,117.1875,2096
1989-01-24,0.0,115.625,114.0625,115.625,115.625,880
1989-01-25,0.0,114.0625,112.5,112.5,112.5,656
1989-01-26,0.0,114.0625,112.5,112.5,112.5,440
1989-01-27,0.0,112.5,110.9375,112.5,112.5,592
1989-01-30,0.0,112.5,110.9375,110.9375,110.9375,424
1989-01-31,0.0,112.5,110.9375,112.5,112.5,216
1989-02-01,0.0,112.5,109.375,109.375,109.375,704
1989-02-02,0.0,110.9375,109.375,109.375,109.375,448
1989-02-03,0.0,110.9375,109.375,109.375,109.375,208
1989-02-06,0.0,110.9375,109.375,109.375,109.375,1032
1989-02-07,0.0,110.9375,109.375,110.9375,110.9375,544
1989-02-08,0.0,110.9375,109.375,109.375,109.375,1912
1989-02-09,0.0,110.9375,109.375,109.375,109.375,336
1989-02-10,0.0,109.375,107.8125,107.8125,107.8125,512
1989-02-13,0.0,107.8125,107.8125,107.8125,107.8125,632
1989-02-14,0.0,109.375,107.8125,107.8125,107.8125,120
1989-02-15,0.0,109.375,107.8125,109.375,109.375,64
1989-02-16,0.0,109.375,107.8125,107.8125,107.8125,824
1989-02-17,0.0,109.375,107.8125,107.8125,107.8125,312
1989-02-21,0.0,109.375,107.8125,107.8125,107.8125,472
1989-02-22,0.0,107.8125,106.25,106.25,106.25,416
1989-02-23,0.0,107.8125,104.6875,106.25,106.25,944
1989-02-24,0.0,106.25,106.25,106.25,106.25,456
1989-02-27,0.0,107.8125,106.25,106.25,106.25,392
1989-02-28,0.0,106.25,104.6875,106.25,106.25,568
1989-03-01,0.0,107.8125,104.6875,106.25,106.25,672
1989-03-02,0.0,106.25,104.6875,106.25,106.25,1136
1989-03-03,0.0,107.8125,106.25,106.25,106.25,456
1989-03-06,0.0,106.25,104.6875,106.25,106.25,696
1989-03-07,0.0,107.8125,106.25,107.8125,107.8125,960
1989-03-08,0.0,107.8125,106.25,107.8125,107.8125,400
1989-03-09,0.0,106.25,106.25,106.25,106.25,272
1989-03-10,0.0,107.8125,106.25,106.25,106.25,544
1989-03-13,0.0,109.375,106.25,107.8125,107.8125,736
1989-03-14,0.0,107.8125,106.25,106.25,106.25,152
1989-03-15,0.0,107.8125,106.25,106.25,106.25,224
1989-03-16,0.0,106.25,104.6875,106.25,106.25,272
1989-03-17,0.0,106.25,104.6875,106.25,106.25,112
1989-03-20,0.0,106.25,103.125,104.6875,104.6875,1304
1989-03-21,0.0,104.6875,103.125,103.125,103.125,176
1989-03-22,0.0,104.6875,103.125,103.125,103.125,352
1989-03-23,0.0,106.25,103.125,104.6875,104.6875,1776
1989-03-27,0.0,104.6875,103.125,104.6875,104.6875,96
1989-03-28,0.0,104.6875,103.125,103.125,103.125,1376
1989-03-29,0.0,104.6875,100.0,100.0,100.0,3304
1989-03-30,0.0,101.5625,98.4375,98.4375,98.4375,288
1989-03-31,0.0,98.4375,96.875,98.4375,98.4375,792
1989-04-03,0.0,98.4375,96.875,96.875,96.875,288
1989-04-04,0.0,98.4375,96.875,96.875,96.875,4400
1989-04-05,0.0,98.4375,96.875,96.875,96.875,160
1989-04-06,0.0,96.875,95.3125,96.875,96.875,208
1989-04-07,0.0,98.4375,95.3125,95.3125,95.3125,696
1989-04-10,0.0,96.875,95.3125,96.875,96.875,1312
1989-04-11,0.0,98.4375,95.3125,98.4375,98.4375,560
1989-04-12,0.0,96.875,96.875,96.875,96.875,128
1989-04-13,0.0,107.8125,103.125,104.6875,104.6875,5512
1989-04-14,0.0,109.375,104.6875,109.375,109.375,2296
1989-04-17,0.0,109.375,106.25,109.375,109.375,872
1989-04-18,0.0,120.3125,107.8125,115.625,115.625,4792
1989-04-19,0.0,117.1875,112.5,115.625,115.625,2552
1989-04-20,0.0,120.3125,117.1875,118.75,118.75,2136
1989-04-21,0.0,118.75,114.0625,117.1875,117.1875,1528
1989-04-24,0.0,117.1875,114.0625,117.1875,117.1875,936
1989-04-25,0.0,118.75,117.1875,118.75,118.75,1312
1989-04-26,0.0,120.3125,117.1875,118.75,118.75,1344
1989-04-27,0.0,125.0,120.3125,121.875,121.875,1960
1989-04-28,0.0,123.4375,118.75,118.75,118.75,1472
1989-05-01,0.0,118.75,115.625,115.625,115.625,408
1989-05-02,0.0,120.3125,118.75,118.75,118.75,1144
1989-05-03,0.0,121.875,118.75,121.875,121.875,640
1989-05-04,0.0,125.0,118.75,125.0,125.0,704
1989-05-05,0.0,126.5625,121.875,121.875,121.875,2056
1989-05-08,0.0,123.4375,120.3125,123.4375,123.4375,408
1989-05-09,0.0,129.6875,123.4375,129.6875,129.6875,2120
1989-05-10,0.0,129.6875,125.0,125.0,125.0,2392
1989-05-11,0.0,129.6875,126.5625,126.5625,126.5625,2016
1989-05-12,0.0,129.6875,126.5625,128.125,128.125,824
1989-05-15,0.0,129.6875,125.0,128.125,128.125,736
1989-05-16,0.0,126.5625,125.0,125.0,125.0,960
1989-05-17,0.0,123.4375,120.3125,121.875,121.875,5136
1989-05-18,0.0,121.875,120.3125,121.875,121.875,688
1989-05-19,0.0,126.5625,121.875,126.5625,126.5625,1456
1989-05-22,0.0,125.0,121.875,125.0,125.0,520
1989-05-23,0.0,125.0,123.4375,123.4375,123.4375,656
1989-05-24,0.0,125.0,121.875,123.4375,123.4375,3616
1989-05-25,0.0,128.125,125.0,126.5625,126.5625,1360
1989-05-26,0.0,126.5625,125.0,125.0,125.0,232
1989-05-30,0.0,123.4375,121.875,123.4375,123.4375,528
1989-05-31,0.0,125.0,121.875,121.875,121.875,3576
1989-06-01,0.0,123.4375,121.875,121.875,121.875,432
1989-06-02,0.0,137.5,123.4375,135.9375,135.9375,7568
1989-06-05,0.0,150.0,135.9375,145.3125,145.3125,13000
1989-06-06,0.0,145.3125,142.1875,142.1875,142.1875,3424
1989-06-07,0.0,143.75,139.0625,143.75,143.75,3040
1989-06-08,0.0,145.3125,143.75,143.75,143.75,912
1989-06-09,0.0,145.3125,142.1875,143.75,143.75,1984
1989-06-12,0.0,143.75,140.625,142.1875,142.1875,1224
1989-06-13,0.0,142.1875,139.0625,142.1875,142.1875,1648
1989-06-14,0.0,143.75,140.625,140.625,140.625,3088
1989-06-15,0.0,140.625,139.0625,139.0625,139.0625,672
1989-06-16,0.0,139.0625,134.375,139.0625,139.0625,1048
1989-06-19,0.0,139.0625,135.9375,135.9375,135.9375,432
1989-06-20,0.0,132.8125,121.875,121.875,121.875,4408
1989-06-21,0.0,126.5625,121.875,125.0,125.0,1784
1989-06-22,0.0,131.25,126.5625,131.25,131.25,944
1989-06-23,0.0,139.0625,132.8125,137.5,137.5,3120
1989-06-26,0.0,139.0625,129.6875,132.8125,132.8125,888
1989-06-27,0.0,140.625,135.9375,137.5,137.5,1112
1989-06-28,0.0,140.625,135.9375,140.625,140.625,560
1989-06-29,0.0,140.625,131.25,131.25,131.25,1024
1989-06-30,0.0,134.375,128.125,134.375,134.375,808
1989-07-03,0.0,132.8125,131.25,132.8125,132.8125,360
1989-07-05,0.0,137.5,132.8125,135.9375,135.9375,608
1989-07-06,0.0,140.625,139.0625,139.0625,139.0625,768
1989-07-07,0.0,140.625,137.5,139.0625,139.0625,720
1989-07-10,0.0,139.0625,135.9375,139.0625,139.0625,1456
1989-07-11,0.0,145.3125,139.0625,143.75,143.75,2624
1989-07-12,0.0,145.3125,142.1875,145.3125,145.3125,736
1989-07-13,0.0,145.3125,135.9375,135.9375,135.9375,1408
1989-07-14,0.0,137.5,134.375,134.375,134.375,1560
1989-07-17,0.0,137.5,134.375,137.5,137.5,1168
1989-07-18,0.0,142.1875,135.9375,140.625,140.625,1104
1989-07-19,0.0,143.75,140.625,140.625,140.625,2712
1989-07-20,0.0,142.1875,139.0625,139.0625,139.0625,1704
1989-07-21,0.0,139.0625,137.5,137.5,137.5,616
1989-07-24,0.0,135.9375,132.8125,134.375,134.375,4872
1989-07-25,0.0,139.0625,134.375,137.5,137.5,1168
1989-07-26,0.0,135.9375,134.375,135.9375,135.9375,904
1989-07-27,0.0,135.9375,132.8125,132.8125,132.8125,3728
1989-07-28,0.0,135.9375,132.8125,135.9375,135.9375,1032
1989-07-31,0.0,137.5,134.375,137.5,137.5,776
1989-08-01,0.0,139.0625,135.9375,139.0625,139.0625,1240
1989-08-02,0.0,140.625,135.9375,140.625,140.625,1496
1989-08-03,0.0,146.875,139.0625,146.875,146.875,4336
1989-08-04,0.0,146.875,143.75,143.75,143.75,1248
1989-08-07,0.0,143.75,142.1875,142.1875,142.1875,848
1989-08-08,0.0,151.5625,142.1875,150.0,150.0,10440
1989-08-09,0.0,151.5625,148.4375,148.4375,148.4375,2344
1989-08-10,0.0,151.5625,146.875,150.0,150.0,1304
1989-08-11,0.0,151.5625,150.0,151.5625,151.5625,1592
1989-08-14,0.0,150.0,146.875,150.0,150.0,2856
1989-08-15,0.0,151.5625,150.0,151.5625,151.5625,2816
1989-08-16,0.0,151.5625,148.4375,148.4375,148.4375,3072
1989-08-17,0.0,150.0,148.4375,148.4375,148.4375,1240
1989-08-18,0.0,150.0,148.4375,150.0,150.0,752
1989-08-21,0.0,150.0,148.4375,148.4375,148.4375,1240
1989-08-22,0.0,150.0,148.4375,150.0,150.0,840
1989-08-23,0.0,153.125,148.4375,153.125,153.125,4688
1989-08-24,0.0,153.125,150.0,151.5625,151.5625,1080
1989-08-25,0.0,151.5625,148.4375,151.5625,151.5625,1256
1989-08-28,0.0,150.0,146.875,146.875,146.875,496
1989-08-29,0.0,146.875,142.1875,143.75,143.75,864
1989-08-30,0.0,143.75,142.1875,143.75,143.75,688
1989-08-31,0.0,142.1875,140.625,140.625,140.625,368
1989-09-01,0.0,143.75,140.625,143.75,143.75,760
1989-09-05,0.0,143.75,137.5,137.5,137.5,576
1989-09-06,0.0,139.0625,134.375,134.375,134.375,648
1989-09-07,0.0,135.9375,132.8125,134.375,134.375,1064
1989-09-08,0.0,134.375,128.125,131.25,131.25,1616
1989-09-11,0.0,131.25,128.125,131.25,131.25,1056
1989-09-12,0.0,140.625,134.375,137.5,137.5,848
1989-09-13,0.0,140.625,139.0625,139.0625,139.0625,872
1989-09-14,0.0,139.0625,135.9375,135.9375,135.9375,752
1989-09-15,0.0,134.375,131.25,132.8125,132.8125,712
1989-09-18,0.0,135.9375,134.375,135.9375,135.9375,288
1989-09-19,0.0,134.375,132.8125,134.375,134.375,600
1989-09-20,0.0,134.375,132.8125,132.8125,132.8125,72
1989-09-21,0.0,132.8125,129.6875,129.6875,129.6875,352
1989-09-22,0.0,131.25,129.6875,129.6875,129.6875,384
1989-09-25,0.0,131.25,120.3125,121.875,121.875,1832
1989-09-26,0.0,125.0,121.875,123.4375,123.4375,2448
1989-09-27,0.0,125.0,123.4375,125.0,125.0,456
1989-09-28,0.0,126.5625,123.4375,125.0,125.0,856
1989-09-29,0.0,125.0,123.4375,125.0,125.0,2016
1989-10-02,0.0,126.5625,123.4375,126.5625,126.5625,680
1989-10-03,0.0,126.5625,123.4375,126.5625,126.5625,744
1989-10-04,0.0,126.5625,125.0,126.5625,126.5625,192
1989-10-05,0.0,128.125,125.0,126.5625,126.5625,816
1989-10-06,0.0,139.0625,125.0,139.0625,139.0625,2184
1989-10-09,0.0,139.0625,135.9375,137.5,137.5,872
1989-10-10,0.0,137.5,134.375,137.5,137.5,872
1989-10-11,0.0,135.9375,129.6875,132.8125,132.8125,1888
1989-10-12,0.0,135.9375,131.25,132.8125,132.8125,2224
1989-10-13,0.0,131.25,117.1875,117.1875,117.1875,1520
1989-10-16,0.0,121.875,104.6875,121.875,121.875,6768
1989-10-17,0.0,126.5625,123.4375,126.5625,126.5625,2056
1989-10-18,0.0,126.5625,123.4375,126.5625,126.5625,368
1989-10-19,0.0,132.8125,126.5625,132.8125,132.8125,424
1989-10-20,0.0,135.9375,129.6875,131.25,131.25,384
1989-10-23,0.0,129.6875,126.5625,126.5625,126.5625,432
1989-10-24,0.0,126.5625,117.1875,121.875,121.875,1360
1989-10-25,0.0,123.4375,121.875,121.875,121.875,960
1989-10-26,0.0,123.4375,120.3125,120.3125,120.3125,1472
1989-10-27,0.0,121.875,120.3125,120.3125,120.3125,216
1989-10-30,0.0,121.875,120.3125,120.3125,120.3125,1992
1989-10-31,0.0,121.875,120.3125,120.3125,120.3125,192
1989-11-01,0.0,121.875,120.3125,121.875,121.875,392
1989-11-02,0.0,121.875,120.3125,121.875,121.875,168
1989-11-03,0.0,120.3125,117.1875,118.75,118.75,304
1989-11-06,0.0,120.3125,118.75,118.75,118.75,1488
1989-11-07,0.0,118.75,117.1875,117.1875,117.1875,328
1989-11-08,0.0,118.75,110.9375,114.0625,114.0625,2280
1989-11-09,0.0,117.1875,114.0625,115.625,115.625,440
1989-11-10,0.0,115.625,114.0625,114.0625,114.0625,184
1989-11-13,0.0,117.1875,115.625,117.1875,117.1875,216
1989-11-14,0.0,115.625,114.0625,114.0625,114.0625,440
1989-11-15,0.0,115.625,112.5,114.0625,114.0625,800
1989-11-16,0.0,114.0625,110.9375,110.9375,110.9375,680
1989-11-17,0.0,115.625,112.5,114.0625,114.0625,432
1989-11-20,0.0,114.0625,112.5,114.0625,114.0625,64
1989-11-21,0.0,115.625,112.5,114.0625,114.0625,960
1989-11-22,0.0,115.625,114.0625,114.0625,114.0625,416
1989-11-24,0.0,114.0625,112.5,114.0625,114.0625,456
1989-11-27,0.0,112.5,107.8125,110.9375,110.9375,976
1989-11-28,0.0,112.5,110.9375,112.5,112.5,312
1989-11-29,0.0,115.625,110.9375,112.5,112.5,2024
1989-11-30,0.0,112.5,109.375,109.375,109.375,384
1989-12-01,0.0,110.9375,109.375,109.375,109.375,576
1989-12-04,0.0,110.9375,109.375,110.9375,110.9375,968
1989-12-05,0.0,110.9375,110.9375,110.9375,110.9375,240
1989-12-06,0.0,112.5,110.9375,112.5,112.5,528
1989-12-07,0.0,112.5,109.375,112.5,112.5,328
1989-12-08,0.0,112.5,110.9375,112.5,112.5,160
1989-12-11,0.0,112.5,107.8125,109.375,109.375,968
1989-12-12,0.0,107.8125,104.6875,104.6875,104.6875,2376
1989-12-13,0.0,106.25,103.125,104.6875,104.6875,1408
1989-12-14,0.0,103.125,100.0,101.5625,101.5625,1072
1989-12-15,0.0,103.125,100.0,101.5625,101.5625,2432
1989-12-18,0.0,101.5625,95.3125,96.875,96.875,1616
1989-12-19,0.0,96.875,93.75,95.3125,95.3125,1064
1989-12-20,0.0,95.3125,90.625,92.1875,92.1875,1280
1989-12-21,0.0,93.75,89.0625,92.1875,92.1875,1736
1989-12-22,0.0,95.3125,90.625,95.3125,95.3125,624
1989-12-26,0.0,100.0,93.75,98.4375,98.4375,744
1989-12-27,0.0,100.0,95.3125,96.875,96.875,1408
1989-12-28,0.0,100.0,98.4375,98.4375,98.4375,1768
1989-12-29,0.0,100.0,93.75,100.0,100.0,2536
1990-01-02,0.0,100.0,95.3125,98.4375,98.4375,1864
1990-01-03,0.0,109.375,100.0,109.375,109.375,1200
1990-01-04,0.0,109.375,106.25,109.375,109.375,632
1990-01-05,0.0,107.8125,106.25,107.8125,107.8125,1384
1990-01-08,0.0,107.8125,106.25,107.8125,107.8125,1440
1990-01-09,0.0,107.8125,106.25,106.25,106.25,560
1990-01-10,0.0,107.8125,106.25,106.25,106.25,848
1990-01-11,0.0,107.8125,106.25,106.25,106.25,312
1990-01-12,0.0,104.6875,85.9375,87.5,87.5,6168
1990-01-15,0.0,89.0625,85.9375,85.9375,85.9375,3880
1990-01-16,0.0,87.5,85.9375,87.5,87.5,832
1990-01-17,0.0,89.0625,85.9375,85.9375,85.9375,1496
1990-01-18,0.0,87.5,84.375,84.375,84.375,14720
1990-01-19,0.0,92.1875,85.9375,90.625,90.625,2024
1990-01-22,0.0,92.1875,85.9375,85.9375,85.9375,1224
1990-01-23,0.0,89.0625,85.9375,87.5,87.5,736
1990-01-24,0.0,87.5,82.8125,87.5,87.5,3568
1990-01-25,0.0,90.625,89.0625,89.0625,89.0625,1272
1990-01-26,0.0,87.5,85.9375,85.9375,85.9375,528
1990-01-29,0.0,87.5,85.9375,87.5,87.5,1960
1990-01-30,0.0,87.5,85.9375,85.9375,85.9375,2208
1990-01-31,0.0,87.5,85.9375,87.5,87.5,728
1990-02-01,0.0,90.625,87.5,90.625,90.625,2184
1990-02-02,0.0,90.625,89.0625,89.0625,89.0625,208
1990-02-05,0.0,90.625,89.0625,89.0625,89.0625,344
1990-02-06,0.0,89.0625,89.0625,89.0625,89.0625,592
1990-02-07,0.0,90.625,89.0625,90.625,90.625,560
1990-02-08,0.0,92.1875,90.625,90.625,90.625,328
1990-02-09,0.0,90.625,89.0625,90.625,90.625,1344
1990-02-12,0.0,92.1875,90.625,90.625,90.625,7248
1990-02-13,0.0,93.75,92.1875,93.75,93.75,3704
1990-02-14,0.0,93.75,92.1875,92.1875,92.1875,200
1990-02-15,0.0,93.75,92.1875,93.75,93.75,680
1990-02-16,0.0,95.3125,92.1875,92.1875,92.1875,912
1990-02-20,0.0,95.3125,92.1875,92.1875,92.1875,1200
1990-02-21,0.0,93.75,92.1875,92.1875,92.1875,1504
1990-02-22,0.0,93.75,92.1875,92.1875,92.1875,1888
1990-02-23,0.0,92.1875,90.625,90.625,90.625,1096
1990-02-26,0.0,90.625,89.0625,89.0625,89.0625,616
1990-02-27,0.0,92.1875,90.625,90.625,90.625,1048
1990-02-28,0.0,93.75,90.625,90.625,90.625,1040
1990-03-01,0.0,93.75,90.625,90.625,90.625,680
1990-03-02,0.0,93.75,90.625,90.625,90.625,536
1990-03-05,0.0,90.625,87.5,87.5,87.5,2392
1990-03-06,0.0,89.0625,87.5,89.0625,89.0625,1232
1990-03-07,0.0,87.5,84.375,84.375,84.375,752
1990-03-08,0.0,89.0625,85.9375,87.5,87.5,640
1990-03-09,0.0,87.5,85.9375,85.9375,85.9375,2976
1990-03-12,0.0,87.5,85.9375,85.9375,85.9375,320
1990-03-13,85.9375,85.9375,85.9375,85.9375,85.9375,0
1990-03-14,0.0,87.5,85.9375,87.5,87.5,1136
1990-03-15,0.0,87.5,85.9375,85.9375,85.9375,152
1990-03-16,0.0,87.5,85.9375,87.5,87.5,1592
1990-03-19,0.0,85.9375,85.9375,85.9375,85.9375,416
1990-03-20,0.0,87.5,85.9375,85.9375,85.9375,312
1990-03-21,0.0,85.9375,85.9375,85.9375,85.9375,136
1990-03-22,0.0,87.5,84.375,84.375,84.375,408
1990-03-23,0.0,85.9375,84.375,84.375,84.375,304
1990-03-26,0.0,85.9375,79.6875,81.25,81.25,1864
1990-03-27,0.0,81.25,79.6875,81.25,81.25,384
1990-03-28,0.0,82.8125,81.25,81.25,81.25,1128
1990-03-29,0.0,82.8125,81.25,82.8125,82.8125,96
1990-03-30,0.0,82.8125,81.25,82.8125,82.8125,408
1990-04-02,0.0,82.8125,81.25,82.8125,82.8125,688
1990-04-03,0.0,81.25,81.25,81.25,81.25,352
1990-04-04,0.0,81.25,79.6875,79.6875,79.6875,2296
1990-04-05,0.0,79.6875,78.125,78.125,78.125,1216
1990-04-06,0.0,78.125,76.5625,76.5625,76.5625,592
1990-04-09,0.0,76.5625,71.875,71.875,71.875,960
1990-04-10,0.0,70.3125,65.625,67.1875,67.1875,1608
1990-04-11,0.0,65.625,62.5,62.5,62.5,2328
1990-04-12,0.0,64.0625,62.5,64.0625,64.0625,1216
1990-04-16,0.0,65.625,64.0625,64.0625,64.0625,688
1990-04-17,0.0,65.625,64.0625,64.0625,64.0625,464
1990-04-18,0.0,67.1875,65.625,65.625,65.625,416
1990-04-19,0.0,68.75,65.625,65.625,65.625,440
1990-04-20,0.0,67.1875,65.625,65.625,65.625,296
1990-04-23,0.0,67.1875,67.1875,67.1875,67.1875,48
1990-04-24,0.0,67.1875,65.625,67.1875,67.1875,208
1990-04-25,0.0,67.1875,65.625,67.1875,67.1875,216
1990-04-26,0.0,67.1875,65.625,67.1875,67.1875,72
1990-04-27,0.0,67.1875,65.625,65.625,65.625,24
1990-04-30,0.0,67.1875,65.625,65.625,65.625,448
1990-05-01,0.0,67.1875,62.5,62.5,62.5,936
1990-05-02,0.0,65.625,62.5,65.625,65.625,528
1990-05-03,0.0,67.1875,64.0625,64.0625,64.0625,616
1990-05-04,0.0,64.0625,64.0625,64.0625,64.0625,208
1990-05-07,0.0,65.625,64.0625,64.0625,64.0625,224
1990-05-08,0.0,65.625,64.0625,65.625,65.625,1112
1990-05-09,0.0,65.625,64.0625,64.0625,64.0625,136
1990-05-10,0.0,65.625,64.0625,64.0625,64.0625,840
1990-05-11,0.0,65.625,64.0625,64.0625,64.0625,456
1990-05-14,0.0,67.1875,64.0625,67.1875,67.1875,824
1990-05-15,0.0,67.1875,64.0625,67.1875,67.1875,360
1990-05-16,0.0,68.75,65.625,67.1875,67.1875,272
1990-05-17,0.0,67.1875,65.625,65.625,65.625,256
1990-05-18,0.0,68.75,65.625,67.1875,67.1875,440
1990-05-21,0.0,68.75,65.625,68.75,68.75,472
1990-05-22,0.0,70.3125,65.625,65.625,65.625,960
1990-05-23,0.0,67.1875,65.625,65.625,65.625,488
1990-05-24,0.0,65.625,65.625,65.625,65.625,424
1990-05-25,0.0,68.75,67.1875,67.1875,67.1875,320
1990-05-29,0.0,67.1875,65.625,67.1875,67.1875,264
1990-05-30,0.0,67.1875,65.625,67.1875,67.1875,488
1990-05-31,0.0,68.75,65.625,65.625,65.625,432
1990-06-01,0.0,67.1875,65.625,67.1875,67.1875,600
1990-06-04,0.0,68.75,67.1875,67.1875,67.1875,328
1990-06-05,0.0,68.75,67.1875,68.75,68.75,1264
1990-06-06,0.0,68.75,65.625,65.625,65.625,536
1990-06-07,0.0,68.75,68.75,68.75,68.75,200
1990-06-08,0.0,68.75,67.1875,68.75,68.75,424
1990-06-11,0.0,68.75,67.1875,67.1875,67.1875,208
1990-06-12,0.0,70.3125,67.1875,68.75,68.75,520
1990-06-13,0.0,75.0,67.1875,75.0,75.0,968
1990-06-14,0.0,79.6875,76.5625,76.5625,76.5625,800
1990-06-15,0.0,79.6875,75.0,75.0,75.0,552
1990-06-18,0.0,75.0,73.4375,75.0,75.0,2528
1990-06-19,0.0,73.4375,71.875,71.875,71.875,280
1990-06-20,0.0,75.0,71.875,73.4375,73.4375,1080
1990-06-21,0.0,73.4375,71.875,73.4375,73.4375,704
1990-06-22,0.0,73.4375,71.875,71.875,71.875,1248
1990-06-25,0.0,71.875,70.3125,70.3125,70.3125,280
1990-06-26,0.0,70.3125,70.3125,70.3125,70.3125,248
1990-06-27,0.0,70.3125,68.75,70.3125,70.3125,1888
1990-06-28,0.0,70.3125,65.625,67.1875,67.1875,664
1990-06-29,0.0,67.1875,64.0625,65.625,65.625,824
1990-07-02,0.0,64.0625,62.5,64.0625,64.0625,1616
1990-07-03,0.0,65.625,62.5,64.0625,64.0625,896
1990-07-05,0.0,68.75,64.0625,67.1875,67.1875,1328
1990-07-06,0.0,67.1875,67.1875,67.1875,67.1875,32
1990-07-09,0.0,68.75,65.625,65.625,65.625,336
1990-07-10,0.0,65.625,64.0625,65.625,65.625,1856
1990-07-11,0.0,65.625,64.0625,64.0625,64.0625,760
1990-07-12,0.0,65.625,62.5,64.0625,64.0625,2032
1990-07-13,0.0,68.75,64.0625,68.75,68.75,1424
1990-07-16,0.0,70.3125,65.625,67.1875,67.1875,312
1990-07-17,0.0,67.1875,64.0625,64.0625,64.0625,704
1990-07-18,0.0,65.625,64.0625,64.0625,64.0625,544
1990-07-19,0.0,65.625,62.5,65.625,65.625,152
1990-07-20,0.0,65.625,64.0625,65.625,65.625,1424
1990-07-23,0.0,65.625,64.0625,65.625,65.625,1320
1990-07-24,0.0,65.625,64.0625,64.0625,64.0625,680
1990-07-25,0.0,65.625,64.0625,64.0625,64.0625,360
1990-07-26,0.0,65.625,64.0625,64.0625,64.0625,160
1990-07-27,0.0,65.625,62.5,65.625,65.625,1296
1990-07-30,0.0,64.0625,62.5,62.5,62.5,1360
1990-07-31,0.0,64.0625,62.5,64.0625,64.0625,416
1990-08-01,0.0,62.5,62.5,62.5,62.5,336
1990-08-02,0.0,62.5,60.9375,60.9375,60.9375,144
1990-08-03,0.0,60.9375,59.375,59.375,59.375,1064
1990-08-06,0.0,57.8125,53.125,56.25,56.25,840
1990-08-07,0.0,56.25,54.6875,54.6875,54.6875,584
1990-08-08,0.0,54.6875,53.125,53.125,53.125,256
1990-08-09,0.0,53.125,53.125,53.125,53.125,296
1990-08-10,0.0,53.125,53.125,53.125,53.125,528
1990-08-13,0.0,53.125,51.5625,53.125,53.125,120
1990-08-14,0.0,51.5625,51.5625,51.5625,51.5625,224
1990-08-15,0.0,53.125,51.5625,51.5625,51.5625,280
1990-08-16,0.0,51.5625,50.0,50.0,50.0,808
1990-08-17,0.0,48.4375,43.75,43.75,43.75,1088
1990-08-20,0.0,46.875,43.75,45.3125,45.3125,992
1990-08-21,0.0,45.3125,43.75,45.3125,45.3125,512
1990-08-22,0.0,45.3125,43.75,45.3125,45.3125,752
1990-08-23,0.0,45.3125,42.1875,43.75,43.75,1272
1990-08-24,0.0,50.0,45.3125,50.0,50.0,768
1990-08-27,0.0,50.0,48.4375,50.0,50.0,792
1990-08-28,0.0,50.0,48.4375,48.4375,48.4375,440
1990-08-29,0.0,48.4375,46.875,46.875,46.875,168
1990-08-30,0.0,48.4375,46.875,48.4375,48.4375,248
1990-08-31,0.0,48.4375,46.875,48.4375,48.4375,64
1990-09-04,0.0,48.4375,46.875,48.4375,48.4375,312
1990-09-05,0.0,48.4375,46.875,48.4375,48.4375,192
1990-09-06,0.0,48.4375,46.875,46.875,46.875,960
1990-09-07,0.0,50.0,48.4375,48.4375,48.4375,240
1990-09-10,0.0,50.0,50.0,50.0,50.0,168
1990-09-11,0.0,51.5625,50.0,50.0,50.0,40
1990-09-12,0.0,51.5625,50.0,51.5625,51.5625,72
1990-09-13,0.0,51.5625,50.0,51.5625,51.5625,640
1990-09-14,0.0,51.5625,50.0,50.0,50.0,112
1990-09-17,0.0,51.5625,50.0,50.0,50.0,416
1990-09-18,0.0,48.4375,48.4375,48.4375,48.4375,24
1990-09-19,0.0,50.0,48.4375,50.0,50.0,128
1990-09-20,0.0,50.0,48.4375,48.4375,48.4375,248
1990-09-21,0.0,48.4375,48.4375,48.4375,48.4375,192
1990-09-24,0.0,48.4375,48.4375,48.4375,48.4375,1200
1990-09-25,0.0,46.875,46.875,46.875,46.875,504
1990-09-26,0.0,45.3125,45.3125,45.3125,45.3125,56
1990-09-27,0.0,45.3125,43.75,43.75,43.75,408
1990-09-28,0.0,43.75,42.1875,42.1875,42.1875,616
1990-10-01,0.0,43.75,42.1875,42.1875,42.1875,808
1990-10-02,0.0,42.1875,42.1875,42.1875,42.1875,496
1990-10-03,0.0,43.75,42.1875,42.1875,42.1875,272
1990-10-04,0.0,43.75,43.75,43.75,43.75,8
1990-10-05,0.0,43.75,42.1875,42.1875,42.1875,416
1990-10-08,0.0,40.625,39.0625,39.0625,39.0625,968
1990-10-09,0.0,39.0625,37.5,37.5,37.5,512
1990-10-10,0.0,39.0625,37.5,37.5,37.5,416
1990-10-11,0.0,37.5,34.375,34.375,34.375,680
1990-10-12,0.0,35.9375,31.25,34.375,34.375,848
1990-10-15,0.0,32.8125,25.0,28.125,28.125,2064
1990-10-16,0.0,29.6875,26.5625,26.5625,26.5625,504
1990-10-17,0.0,28.125,26.5625,28.125,28.125,1176
1990-10-18,0.0,29.6875,28.125,29.6875,29.6875,488
1990-10-19,0.0,31.25,29.6875,29.6875,29.6875,1400
1990-10-22,0.0,34.375,31.25,31.25,31.25,768
1990-10-23,0.0,32.8125,29.6875,32.8125,32.8125,272
1990-10-24,0.0,37.5,34.375,37.5,37.5,392
1990-10-25,0.0,42.1875,37.5,42.1875,42.1875,1144
1990-10-26,0.0,42.1875,40.625,40.625,40.625,232
1990-10-29,0.0,42.1875,42.1875,42.1875,42.1875,376
1990-10-30,0.0,43.75,42.1875,42.1875,42.1875,248
1990-10-31,0.0,42.1875,40.625,40.625,40.625,224
1990-11-01,0.0,40.625,37.5,37.5,37.5,400
1990-11-02,0.0,39.0625,37.5,37.5,37.5,200
1990-11-05,0.0,37.5,35.9375,37.5,37.5,216
1990-11-06,0.0,37.5,34.375,34.375,34.375,864
1990-11-07,0.0,35.9375,34.375,34.375,34.375,536
1990-11-08,0.0,37.5,34.375,37.5,37.5,368
1990-11-09,0.0,37.5,35.9375,35.9375,35.9375,576
1990-11-12,0.0,37.5,35.9375,37.5,37.5,40
1990-11-13,0.0,37.5,35.9375,35.9375,35.9375,512
1990-11-14,0.0,39.0625,37.5,39.0625,39.0625,280
1990-11-15,0.0,40.625,37.5,37.5,37.5,240
1990-11-16,0.0,37.5,34.375,37.5,37.5,464
1990-11-19,0.0,37.5,35.9375,37.5,37.5,264
1990-11-20,0.0,39.0625,37.5,37.5,37.5,1912
1990-11-21,0.0,37.5,34.375,34.375,34.375,1664
1990-11-23,0.0,35.9375,35.9375,35.9375,35.9375,448
1990-11-26,0.0,37.5,34.375,35.9375,35.9375,664
1990-11-27,0.0,35.9375,34.375,34.375,34.375,480
1990-11-28,0.0,37.5,34.375,35.9375,35.9375,704
1990-11-29,0.0,37.5,34.375,35.9375,35.9375,840
1990-11-30,0.0,37.5,34.375,35.9375,35.9375,736
1990-12-03,0.0,37.5,35.9375,37.5,37.5,488
1990-12-04,0.0,35.9375,34.375,34.375,34.375,904
1990-12-05,0.0,37.5,35.9375,37.5,37.5,1136
1990-12-06,0.0,43.75,37.5,37.5,37.5,3288
1990-12-07,0.0,40.625,32.8125,35.9375,35.9375,6696
1990-12-10,0.0,37.5,35.9375,35.9375,35.9375,848
1990-12-11,0.0,37.5,35.9375,35.9375,35.9375,776
1990-12-12,0.0,37.5,35.9375,35.9375,35.9375,416
1990-12-13,0.0,37.5,35.9375,35.9375,35.9375,360
1990-12-14,0.0,37.5,34.375,34.375,34.375,992
1990-12-17,0.0,35.9375,34.375,34.375,34.375,824
1990-12-18,0.0,37.5,35.9375,37.5,37.5,2952
1990-12-19,0.0,37.5,35.9375,37.5,37.5,6696
1990-12-20,0.0,39.0625,35.9375,35.9375,35.9375,1704
1990-12-21,0.0,35.9375,34.375,35.9375,35.9375,1120
1990-12-24,0.0,37.5,35.9375,37.5,37.5,352
1990-12-26,0.0,37.5,35.9375,37.5,37.5,776
1990-12-27,0.0,37.5,34.375,34.375,34.375,1320
1990-12-28,0.0,35.9375,34.375,35.9375,35.9375,1784
1990-12-31,0.0,35.9375,34.375,35.9375,35.9375,3328
1991-01-02,0.0,35.9375,34.375,34.375,34.375,688
1991-01-03,0.0,37.5,34.375,37.5,37.5,720
1991-01-04,0.0,37.5,35.9375,35.9375,35.9375,840
1991-01-07,0.0,35.9375,34.375,34.375,34.375,1048
1991-01-08,0.0,35.9375,32.8125,32.8125,32.8125,5640
1991-01-09,0.0,34.375,32.8125,32.8125,32.8125,992
1991-01-10,0.0,34.375,32.8125,34.375,34.375,352
1991-01-11,0.0,34.375,32.8125,32.8125,32.8125,832
1991-01-14,0.0,34.375,32.8125,34.375,34.375,328
1991-01-15,0.0,34.375,32.8125,32.8125,32.8125,848
1991-01-16,0.0,34.375,32.8125,32.8125,32.8125,376
1991-01-17,0.0,34.375,32.8125,34.375,34.375,440
1991-01-18,0.0,34.375,32.8125,34.375,34.375,184
1991-01-21,0.0,35.9375,32.8125,35.9375,35.9375,312
1991-01-22,0.0,37.5,35.9375,37.5,37.5,216
1991-01-23,0.0,37.5,35.9375,35.9375,35.9375,440
1991-01-24,0.0,37.5,37.5,37.5,37.5,248
1991-01-25,0.0,37.5,35.9375,37.5,37.5,1072
1991-01-28,0.0,46.875,37.5,46.875,46.875,8432
1991-01-29,0.0,51.5625,45.3125,51.5625,51.5625,3048
1991-01-30,0.0,54.6875,51.5625,53.125,53.125,3144
1991-01-31,0.0,54.6875,53.125,53.125,53.125,2344
1991-02-01,0.0,53.125,46.875,48.4375,48.4375,2368
1991-02-04,0.0,53.125,48.4375,53.125,53.125,1408
1991-02-05,0.0,56.25,53.125,56.25,56.25,5880
1991-02-06,0.0,57.8125,56.25,56.25,56.25,3448
1991-02-07,0.0,56.25,46.875,46.875,46.875,2600
1991-02-08,0.0,50.0,46.875,50.0,50.0,1184
1991-02-11,0.0,56.25,50.0,53.125,53.125,5288
1991-02-12,0.0,54.6875,51.5625,51.5625,51.5625,968
1991-02-13,0.0,56.25,51.5625,54.6875,54.6875,4712
1991-02-14,0.0,54.6875,51.5625,51.5625,51.5625,1576
1991-02-15,0.0,53.125,51.5625,53.125,53.125,1312
1991-02-19,0.0,64.0625,50.0,64.0625,64.0625,6632
1991-02-20,0.0,76.5625,65.625,71.875,71.875,9776
1991-02-21,0.0,75.0,71.875,71.875,71.875,3688
1991-02-22,0.0,84.375,71.875,75.0,75.0,10936
1991-02-25,0.0,81.25,76.5625,76.5625,76.5625,4040
1991-02-26,0.0,79.6875,78.125,78.125,78.125,8128
1991-02-27,0.0,79.6875,75.0,78.125,78.125,3336
1991-02-28,0.0,79.6875,76.5625,79.6875,79.6875,4944
1991-03-01,0.0,89.0625,79.6875,87.5,87.5,7928
1991-03-04,0.0,98.4375,87.5,93.75,93.75,6320
1991-03-05,0.0,100.0,93.75,100.0,100.0,6248
1991-03-06,0.0,101.5625,96.875,96.875,96.875,11680
1991-03-07,0.0,93.75,84.375,93.75,93.75,5848
1991-03-08,0.0,101.5625,96.875,101.5625,101.5625,5944
1991-03-11,0.0,101.5625,100.0,101.5625,101.5625,4536
1991-03-12,0.0,103.125,100.0,100.0,100.0,2456
1991-03-13,0.0,100.0,98.4375,100.0,100.0,3952
1991-03-14,0.0,100.0,98.4375,100.0,100.0,2952
1991-03-15,0.0,98.4375,96.875,96.875,96.875,2696
1991-03-18,0.0,98.4375,92.1875,95.3125,95.3125,5280
1991-03-19,0.0,93.75,92.1875,93.75,93.75,3264
1991-03-20,0.0,93.75,81.25,93.75,93.75,5640
1991-03-21,0.0,95.3125,92.1875,92.1875,92.1875,2464
1991-03-22,0.0,93.75,90.625,93.75,93.75,1160
1991-03-25,0.0,92.1875,92.1875,92.1875,92.1875,248
1991-03-26,0.0,95.3125,92.1875,95.3125,95.3125,4072
1991-03-27,0.0,95.3125,93.75,95.3125,95.3125,1688
1991-03-28,0.0,98.4375,95.3125,96.875,96.875,808
1991-04-01,0.0,103.125,100.0,100.0,100.0,2376
1991-04-02,0.0,101.5625,98.4375,101.5625,101.5625,704
1991-04-03,0.0,101.5625,100.0,100.0,100.0,1176
1991-04-04,0.0,101.5625,100.0,100.0,100.0,440
1991-04-05,0.0,100.0,98.4375,100.0,100.0,376
1991-04-08,0.0,101.5625,98.4375,101.5625,101.5625,1248
1991-04-09,0.0,103.125,100.0,101.5625,101.5625,1304
1991-04-10,0.0,101.5625,98.4375,100.0,100.0,2152
1991-04-11,0.0,100.0,98.4375,98.4375,98.4375,752
1991-04-12,0.0,100.0,98.4375,98.4375,98.4375,344
1991-04-15,0.0,103.125,98.4375,100.0,100.0,3168
1991-04-16,0.0,100.0,98.4375,100.0,100.0,1656
1991-04-17,0.0,103.125,100.0,100.0,100.0,2136
1991-04-18,0.0,101.5625,98.4375,101.5625,101.5625,4448
1991-04-19,0.0,100.0,98.4375,100.0,100.0,2200
1991-04-22,0.0,100.0,96.875,100.0,100.0,1856
1991-04-23,0.0,101.5625,98.4375,100.0,100.0,1160
1991-04-24,0.0,100.0,98.4375,100.0,100.0,1304
1991-04-25,0.0,100.0,98.4375,100.0,100.0,4272
1991-04-26,0.0,101.5625,100.0,101.5625,101.5625,3328
1991-04-29,0.0,100.0,100.0,100.0,100.0,1152
1991-04-30,0.0,101.5625,100.0,100.0,100.0,1048
1991-05-01,0.0,101.5625,98.4375,100.0,100.0,2440
1991-05-02,0.0,101.5625,100.0,101.5625,101.5625,480
1991-05-03,0.0,101.5625,100.0,101.5625,101.5625,2176
1991-05-06,0.0,101.5625,100.0,101.5625,101.5625,944
1991-05-07,0.0,103.125,101.5625,101.5625,101.5625,304
1991-05-08,0.0,103.125,100.0,100.0,100.0,1592
1991-05-09,0.0,100.0,100.0,100.0,100.0,1200
1991-05-10,0.0,101.5625,100.0,100.0,100.0,2784
1991-05-13,0.0,100.0,98.4375,100.0,100.0,616
1991-05-14,0.0,101.5625,93.75,93.75,93.75,1200
1991-05-15,0.0,95.3125,84.375,87.5,87.5,2520
1991-05-16,0.0,87.5,84.375,85.9375,85.9375,1696
1991-05-17,0.0,85.9375,84.375,85.9375,85.9375,304
1991-05-20,0.0,87.5,85.9375,87.5,87.5,592
1991-05-21,0.0,90.625,87.5,89.0625,89.0625,264
1991-05-22,0.0,90.625,89.0625,89.0625,89.0625,128
1991-05-23,0.0,89.0625,89.0625,89.0625,89.0625,56
1991-05-24,0.0,90.625,89.0625,89.0625,89.0625,272
1991-05-28,0.0,92.1875,89.0625,89.0625,89.0625,344
1991-05-29,0.0,90.625,85.9375,90.625,90.625,360
1991-05-30,0.0,98.4375,92.1875,96.875,96.875,976
1991-05-31,0.0,98.4375,96.875,98.4375,98.4375,488
1991-06-03,0.0,98.4375,96.875,98.4375,98.4375,456
1991-06-04,0.0,100.0,96.875,100.0,100.0,760
1991-06-05,0.0,100.0,96.875,98.4375,98.4375,1224
1991-06-06,0.0,100.0,98.4375,98.4375,98.4375,624
1991-06-07,0.0,100.0,98.4375,100.0,100.0,968
1991-06-10,0.0,98.4375,98.4375,98.4375,98.4375,664
1991-06-11,0.0,100.0,98.4375,98.4375,98.4375,376
1991-06-12,0.0,98.4375,98.4375,98.4375,98.4375,568
1991-06-13,0.0,98.4375,98.4375,98.4375,98.4375,224
1991-06-14,0.0,107.8125,101.5625,104.6875,104.6875,4616
1991-06-17,0.0,107.8125,104.6875,107.8125,107.8125,1088
1991-06-18,0.0,107.8125,106.25,106.25,106.25,5352
1991-06-19,0.0,106.25,103.125,103.125,103.125,1136
1991-06-20,0.0,103.125,103.125,103.125,103.125,8
1991-06-21,0.0,101.5625,98.4375,98.4375,98.4375,688
1991-06-24,0.0,98.4375,93.75,96.875,96.875,544
1991-06-25,0.0,98.4375,96.875,96.875,96.875,664
1991-06-26,0.0,98.4375,93.75,98.4375,98.4375,1696
1991-06-27,0.0,95.3125,95.3125,95.3125,95.3125,248
1991-06-28,0.0,112.5,93.75,112.5,112.5,4728
1991-07-01,0.0,109.375,106.25,107.8125,107.8125,1920
1991-07-02,0.0,109.375,101.5625,101.5625,101.5625,896
1991-07-03,0.0,95.3125,93.75,93.75,93.75,20984
1991-07-05,0.0,93.75,93.75,93.75,93.75,1664
1991-07-08,0.0,95.3125,93.75,93.75,93.75,3216
1991-07-09,0.0,95.3125,93.75,95.3125,95.3125,2856
1991-07-10,0.0,95.3125,93.75,93.75,93.75,952
1991-07-11,0.0,95.3125,93.75,93.75,93.75,1720
1991-07-12,0.0,95.3125,93.75,93.75,93.75,224
1991-07-15,0.0,93.75,90.625,92.1875,92.1875,1760
1991-07-16,0.0,92.1875,90.625,90.625,90.625,616
1991-07-17,0.0,90.625,89.0625,90.625,90.625,800
1991-07-18,0.0,92.1875,90.625,92.1875,92.1875,328
1991-07-19,0.0,92.1875,90.625,92.1875,92.1875,320
1991-07-22,0.0,90.625,90.625,90.625,90.625,216
1991-07-23,0.0,92.1875,90.625,92.1875,92.1875,448
1991-07-24,0.0,90.625,90.625,90.625,90.625,312
1991-07-25,0.0,90.625,90.625,90.625,90.625,456
1991-07-26,0.0,90.625,85.9375,85.9375,85.9375,1784
1991-07-29,0.0,85.9375,81.25,82.8125,82.8125,2360
1991-07-30,0.0,84.375,81.25,84.375,84.375,696
1991-07-31,0.0,84.375,82.8125,82.8125,82.8125,232
1991-08-01,0.0,84.375,84.375,84.375,84.375,568
1991-08-02,0.0,85.9375,84.375,85.9375,85.9375,304
1991-08-05,0.0,87.5,85.9375,85.9375,85.9375,896
1991-08-06,0.0,87.5,85.9375,85.9375,85.9375,232
1991-08-07,0.0,87.5,84.375,84.375,84.375,640
1991-08-08,0.0,84.375,82.8125,84.375,84.375,1008
1991-08-09,0.0,84.375,81.25,81.25,81.25,96
1991-08-12,0.0,82.8125,79.6875,82.8125,82.8125,152
1991-08-13,0.0,82.8125,81.25,82.8125,82.8125,208
1991-08-14,0.0,82.8125,82.8125,82.8125,82.8125,832
1991-08-15,0.0,84.375,82.8125,84.375,84.375,320
1991-08-16,0.0,84.375,81.25,81.25,81.25,192
1991-08-19,0.0,81.25,79.6875,81.25,81.25,176
1991-08-20,0.0,84.375,81.25,81.25,81.25,664
1991-08-21,0.0,85.9375,81.25,85.9375,85.9375,376
1991-08-22,0.0,87.5,84.375,84.375,84.375,120
1991-08-23,0.0,87.5,87.5,87.5,87.5,96
1991-08-26,0.0,89.0625,84.375,89.0625,89.0625,440
1991-08-27,0.0,89.0625,85.9375,85.9375,85.9375,472
1991-08-28,0.0,84.375,82.8125,84.375,84.375,96
1991-08-29,0.0,82.8125,79.6875,81.25,81.25,776
1991-08-30,0.0,81.25,78.125,81.25,81.25,408
1991-09-03,0.0,84.375,82.8125,84.375,84.375,104
1991-09-04,0.0,82.8125,82.8125,82.8125,82.8125,88
1991-09-05,0.0,85.9375,81.25,85.9375,85.9375,11160
1991-09-06,0.0,89.0625,87.5,87.5,87.5,1064
1991-09-09,0.0,89.0625,87.5,89.0625,89.0625,3288
1991-09-10,0.0,90.625,89.0625,89.0625,89.0625,664
1991-09-11,0.0,90.625,89.0625,90.625,90.625,296
1991-09-12,0.0,89.0625,89.0625,89.0625,89.0625,192
1991-09-13,0.0,90.625,87.5,89.0625,89.0625,4848
1991-09-16,0.0,92.1875,89.0625,89.0625,89.0625,1744
1991-09-17,0.0,90.625,89.0625,90.625,90.625,904
1991-09-18,0.0,89.0625,87.5,87.5,87.5,160
1991-09-19,0.0,87.5,87.5,87.5,87.5,200
1991-09-20,0.0,89.0625,87.5,89.0625,89.0625,280
1991-09-23,0.0,87.5,87.5,87.5,87.5,88
1991-09-24,0.0,89.0625,87.5,87.5,87.5,792
1991-09-25,0.0,84.375,79.6875,79.6875,79.6875,448
1991-09-26,0.0,81.25,79.6875,79.6875,79.6875,624
1991-09-27,0.0,79.6875,78.125,78.125,78.125,512
1991-09-30,0.0,85.9375,79.6875,84.375,84.375,1568
1991-10-01,0.0,82.8125,81.25,81.25,81.25,104
1991-10-02,0.0,82.8125,82.8125,82.8125,82.8125,152
1991-10-03,0.0,87.5,84.375,84.375,84.375,360
1991-10-04,0.0,82.8125,81.25,81.25,81.25,536
1991-10-07,0.0,81.25,78.125,78.125,78.125,176
1991-10-08,0.0,82.8125,76.5625,82.8125,82.8125,784
1991-10-09,0.0,82.8125,81.25,81.25,81.25,472
1991-10-10,0.0,90.625,78.125,84.375,84.375,2776
1991-10-11,0.0,84.375,82.8125,84.375,84.375,272
1991-10-14,0.0,84.375,82.8125,82.8125,82.8125,368
1991-10-15,0.0,85.9375,82.8125,85.9375,85.9375,736
1991-10-16,0.0,82.8125,82.8125,82.8125,82.8125,592
1991-10-17,0.0,89.0625,82.8125,89.0625,89.0625,440
1991-10-18,0.0,89.0625,87.5,89.0625,89.0625,352
1991-10-21,0.0,87.5,87.5,87.5,87.5,328
1991-10-22,0.0,87.5,87.5,87.5,87.5,216
1991-10-23,0.0,89.0625,87.5,87.5,87.5,504
1991-10-24,0.0,87.5,81.25,81.25,81.25,1056
1991-10-25,0.0,81.25,79.6875,81.25,81.25,96
1991-10-28,0.0,81.25,81.25,81.25,81.25,304
1991-10-29,0.0,79.6875,79.6875,79.6875,79.6875,512
1991-10-30,0.0,81.25,79.6875,79.6875,79.6875,416
1991-10-31,0.0,84.375,81.25,84.375,84.375,416
1991-11-01,0.0,85.9375,82.8125,85.9375,85.9375,624
1991-11-04,0.0,85.9375,84.375,85.9375,85.9375,128
1991-11-05,0.0,85.9375,81.25,81.25,81.25,2080
1991-11-06,0.0,82.8125,82.8125,82.8125,82.8125,8
1991-11-07,0.0,81.25,81.25,81.25,81.25,8
1991-11-08,0.0,82.8125,76.5625,79.6875,79.6875,800
1991-11-11,78.125,78.125,76.5625,76.5625,76.5625,488
1991-11-12,78.125,81.25,78.125,79.6875,79.6875,368
1991-11-13,79.6875,79.6875,78.125,78.125,78.125,1944
1991-11-14,78.125,78.125,78.125,78.125,78.125,976
1991-11-15,78.125,78.125,76.5625,76.5625,76.5625,936
1991-11-18,78.125,78.125,76.5625,78.125,78.125,440
1991-11-19,78.125,78.125,76.5625,78.125,78.125,288
1991-11-20,81.25,81.25,78.125,81.25,81.25,520
1991-11-21,79.6875,79.6875,78.125,78.125,78.125,912
1991-11-22,76.5625,78.125,73.4375,73.4375,73.4375,776
1991-11-25,75.0,79.6875,75.0,79.6875,79.6875,2520
1991-11-26,81.25,82.8125,79.6875,82.8125,82.8125,4456
1991-11-27,81.25,82.8125,81.25,81.25,81.25,184
1991-11-29,79.6875,79.6875,79.6875,79.6875,79.6875,40
1991-12-02,81.25,87.5,81.25,87.5,87.5,2912
1991-12-03,89.0625,89.0625,82.8125,82.8125,82.8125,784
1991-12-04,85.9375,87.5,85.9375,85.9375,85.9375,976
1991-12-05,87.5,87.5,85.9375,85.9375,85.9375,1496
1991-12-06,84.375,89.0625,84.375,87.5,87.5,1304
1991-12-09,85.9375,89.0625,84.375,85.9375,85.9375,2496
1991-12-10,85.9375,85.9375,85.9375,85.9375,85.9375,328
1991-12-11,84.375,85.9375,84.375,84.375,84.375,72
1991-12-12,84.375,87.5,84.375,87.5,87.5,312
1991-12-13,87.5,87.5,85.9375,87.5,87.5,408
1991-12-16,84.375,87.5,84.375,87.5,87.5,632
1991-12-17,87.5,87.5,84.375,87.5,87.5,2144
1991-12-18,87.5,87.5,84.375,85.9375,85.9375,1464
1991-12-19,87.5,89.0625,84.375,84.375,84.375,552
1991-12-20,87.5,92.1875,85.9375,85.9375,85.9375,2128
1991-12-23,85.9375,101.5625,84.375,101.5625,101.5625,5464
1991-12-24,104.6875,107.8125,103.125,106.25,106.25,2224
1991-12-26,109.375,112.5,107.8125,112.5,112.5,5032
1991-12-27,112.5,121.875,112.5,120.3125,120.3125,13168
1991-12-30,143.75,146.875,135.9375,139.0625,139.0625,28000
1991-12-31,143.75,145.3125,126.5625,131.25,131.25,9952
1992-01-02,125.0,131.25,118.75,125.0,125.0,8816
1992-01-03,125.0,131.25,121.875,128.125,128.125,2376
1992-01-06,131.25,137.5,126.5625,128.125,128.125,4320
1992-01-07,129.6875,131.25,126.5625,131.25,131.25,3816
1992-01-08,126.5625,129.6875,126.5625,129.6875,129.6875,2072
1992-01-09,131.25,146.875,131.25,142.1875,142.1875,10872
1992-01-10,143.75,146.875,135.9375,135.9375,135.9375,3456
1992-01-13,134.375,151.5625,134.375,150.0,150.0,5016
1992-01-14,148.4375,148.4375,140.625,142.1875,142.1875,3208
1992-01-15,145.3125,150.0,143.75,148.4375,148.4375,5392
1992-01-16,151.5625,156.25,150.0,150.0,150.0,5784
1992-01-17,153.125,156.25,142.1875,143.75,143.75,5064
1992-01-20,145.3125,146.875,140.625,143.75,143.75,2608
1992-01-21,145.3125,146.875,140.625,142.1875,142.1875,1312
1992-01-22,140.625,145.3125,139.0625,140.625,140.625,2976
1992-01-23,142.1875,142.1875,139.0625,140.625,140.625,752
1992-01-24,142.1875,142.1875,137.5,140.625,140.625,2024
1992-01-27,145.3125,151.5625,143.75,145.3125,145.3125,7144
1992-01-28,146.875,148.4375,142.1875,146.875,146.875,11536
1992-01-29,146.875,146.875,135.9375,137.5,137.5,9832
1992-01-30,137.5,137.5,134.375,135.9375,135.9375,1576
1992-01-31,137.5,143.75,134.375,139.0625,139.0625,7400
1992-02-03,143.75,143.75,140.625,140.625,140.625,9736
1992-02-04,142.1875,142.1875,139.0625,139.0625,139.0625,2488
1992-02-05,139.0625,139.0625,132.8125,134.375,134.375,1784
1992-02-06,132.8125,143.75,132.8125,143.75,143.75,16096
1992-02-07,145.3125,148.4375,143.75,148.4375,148.4375,13424
1992-02-10,150.0,159.375,150.0,159.375,159.375,14856
1992-02-11,165.625,176.5625,162.5,175.0,175.0,16600
1992-02-12,176.5625,203.125,171.875,196.875,196.875,25800
1992-02-13,196.875,203.125,190.625,192.1875,192.1875,9904
1992-02-14,190.625,190.625,171.875,179.6875,179.6875,7112
1992-02-18,179.6875,203.125,179.6875,195.3125,195.3125,11872
1992-02-19,198.4375,198.4375,190.625,193.75,193.75,5312
1992-02-20,195.3125,198.4375,193.75,193.75,193.75,4568
1992-02-21,198.4375,198.4375,187.5,187.5,187.5,3864
1992-02-24,184.375,190.625,181.25,189.0625,189.0625,6080
1992-02-25,190.625,192.1875,173.4375,176.5625,176.5625,4352
1992-02-26,175.0,178.125,170.3125,178.125,178.125,4664
1992-02-27,179.6875,184.375,178.125,178.125,178.125,1784
1992-02-28,178.125,178.125,175.0,175.0,175.0,1344
1992-03-02,167.1875,173.4375,160.9375,171.875,171.875,7696
1992-03-03,170.3125,173.4375,170.3125,173.4375,173.4375,2088
1992-03-04,176.5625,178.125,171.875,171.875,171.875,2184
1992-03-05,173.4375,173.4375,167.1875,168.75,168.75,1352
1992-03-06,167.1875,168.75,162.5,164.0625,164.0625,8288
1992-03-09,162.5,162.5,157.8125,159.375,159.375,1688
1992-03-10,160.9375,160.9375,157.8125,159.375,159.375,2576
1992-03-11,159.375,159.375,157.8125,157.8125,157.8125,1216
1992-03-12,159.375,159.375,146.875,153.125,153.125,3560
1992-03-13,154.6875,157.8125,154.6875,157.8125,157.8125,7192
1992-03-16,157.8125,157.8125,156.25,157.8125,157.8125,2368
1992-03-17,159.375,160.9375,157.8125,157.8125,157.8125,5936
1992-03-18,159.375,164.0625,159.375,164.0625,164.0625,9728
1992-03-19,164.0625,168.75,164.0625,168.75,168.75,9848
1992-03-20,168.75,173.4375,167.1875,173.4375,173.4375,11736
1992-03-23,171.875,171.875,170.3125,170.3125,170.3125,1464
1992-03-24,171.875,171.875,164.0625,167.1875,167.1875,4472
1992-03-25,170.3125,171.875,168.75,171.875,171.875,2920
1992-03-26,173.4375,173.4375,156.25,164.0625,164.0625,2072
1992-03-27,162.5,162.5,153.125,153.125,153.125,3584
1992-03-30,153.125,153.125,146.875,146.875,146.875,2472
1992-03-31,146.875,154.6875,146.875,154.6875,154.6875,1808
1992-04-01,151.5625,156.25,150.0,156.25,156.25,2768
1992-04-02,159.375,167.1875,159.375,167.1875,167.1875,10376
1992-04-03,171.875,171.875,160.9375,160.9375,160.9375,3784
1992-04-06,160.9375,164.0625,160.9375,162.5,162.5,1464
1992-04-07,164.0625,164.0625,153.125,153.125,153.125,1344
1992-04-08,151.5625,160.9375,145.3125,160.9375,160.9375,3080
1992-04-09,160.9375,164.0625,160.9375,162.5,162.5,4208
1992-04-10,164.0625,165.625,162.5,164.0625,164.0625,2040
1992-04-13,164.0625,164.0625,157.8125,157.8125,157.8125,608
1992-04-14,154.6875,157.8125,153.125,157.8125,157.8125,1080
1992-04-15,160.9375,167.1875,159.375,167.1875,167.1875,4408
1992-04-16,168.75,168.75,164.0625,168.75,168.75,2032
1992-04-20,167.1875,167.1875,159.375,162.5,162.5,3408
1992-04-21,159.375,162.5,156.25,160.9375,160.9375,1704
1992-04-22,162.5,165.625,157.8125,157.8125,157.8125,912
1992-04-23,157.8125,159.375,151.5625,151.5625,151.5625,2920
1992-04-24,150.0,150.0,146.875,148.4375,148.4375,1312
1992-04-27,148.4375,150.0,145.3125,146.875,146.875,1232
1992-04-28,145.3125,146.875,139.0625,140.625,140.625,2032
1992-04-29,137.5,137.5,131.25,134.375,134.375,4992
1992-04-30,135.9375,139.0625,135.9375,135.9375,135.9375,3456
1992-05-01,137.5,140.625,137.5,140.625,140.625,696
1992-05-04,142.1875,146.875,142.1875,145.3125,145.3125,1592
1992-05-05,145.3125,145.3125,143.75,143.75,143.75,1120
1992-05-06,143.75,145.3125,143.75,145.3125,145.3125,608
1992-05-07,146.875,146.875,143.75,145.3125,145.3125,376
1992-05-08,145.3125,145.3125,142.1875,142.1875,142.1875,408
1992-05-11,140.625,142.1875,140.625,140.625,140.625,968
1992-05-12,140.625,143.75,139.0625,143.75,143.75,3240
1992-05-13,143.75,143.75,140.625,140.625,140.625,504
1992-05-14,137.5,137.5,134.375,135.9375,135.9375,1096
1992-05-15,135.9375,137.5,135.9375,137.5,137.5,1128
1992-05-18,137.5,139.0625,137.5,139.0625,139.0625,832
1992-05-19,137.5,140.625,135.9375,139.0625,139.0625,2136
1992-05-20,137.5,139.0625,135.9375,135.9375,135.9375,976
1992-05-21,134.375,137.5,134.375,134.375,134.375,448
1992-05-22,132.8125,134.375,132.8125,134.375,134.375,264
1992-05-26,135.9375,137.5,132.8125,132.8125,132.8125,776
1992-05-27,131.25,132.8125,129.6875,131.25,131.25,656
1992-05-28,131.25,131.25,118.75,120.3125,120.3125,38560
1992-05-29,118.75,120.3125,114.0625,117.1875,117.1875,10520
1992-06-01,117.1875,117.1875,112.5,114.0625,114.0625,22064
1992-06-02,115.625,118.75,114.0625,118.75,118.75,8840
1992-06-03,120.3125,123.4375,120.3125,121.875,121.875,8200
1992-06-04,123.4375,128.125,123.4375,125.0,125.0,9800
1992-06-05,126.5625,131.25,126.5625,131.25,131.25,4000
1992-06-08,131.25,131.25,125.0,126.5625,126.5625,2320
1992-06-09,126.5625,126.5625,125.0,126.5625,126.5625,1000
1992-06-10,128.125,128.125,121.875,121.875,121.875,1872
1992-06-11,121.875,121.875,120.3125,121.875,121.875,2120
1992-06-12,121.875,121.875,118.75,120.3125,120.3125,1104
1992-06-15,117.1875,117.1875,112.5,112.5,112.5,5448
1992-06-16,114.0625,115.625,109.375,109.375,109.375,7936
1992-06-17,110.9375,112.5,101.5625,101.5625,101.5625,4480
1992-06-18,101.5625,104.6875,101.5625,103.125,103.125,3288
1992-06-19,104.6875,115.625,104.6875,115.625,115.625,2312
1992-06-22,114.0625,118.75,110.9375,118.75,118.75,2736
1992-06-23,118.75,120.3125,115.625,115.625,115.625,1304
1992-06-24,114.0625,115.625,112.5,112.5,112.5,1216
1992-06-25,112.5,114.0625,112.5,112.5,112.5,544
1992-06-26,112.5,112.5,110.9375,112.5,112.5,1704
1992-06-29,114.0625,117.1875,112.5,117.1875,117.1875,752
1992-06-30,118.75,121.875,118.75,120.3125,120.3125,960
1992-07-01,120.3125,123.4375,120.3125,121.875,121.875,1056
1992-07-02,125.0,137.5,125.0,137.5,137.5,11768
1992-07-06,140.625,142.1875,134.375,134.375,134.375,2552
1992-07-07,134.375,137.5,131.25,131.25,131.25,1352
1992-07-08,129.6875,129.6875,120.3125,123.4375,123.4375,1416
1992-07-09,120.3125,125.0,120.3125,125.0,125.0,560
1992-07-10,125.0,126.5625,123.4375,125.0,125.0,1376
1992-07-13,125.0,126.5625,123.4375,126.5625,126.5625,960
1992-07-14,128.125,137.5,126.5625,137.5,137.5,3280
1992-07-15,140.625,146.875,139.0625,140.625,140.625,10024
1992-07-16,142.1875,142.1875,132.8125,134.375,134.375,2504
1992-07-17,131.25,131.25,125.0,126.5625,126.5625,1448
1992-07-20,125.0,126.5625,121.875,126.5625,126.5625,4768
1992-07-21,126.5625,126.5625,125.0,125.0,125.0,848
1992-07-22,121.875,128.125,121.875,125.0,125.0,5624
1992-07-23,126.5625,126.5625,123.4375,123.4375,123.4375,856
1992-07-24,125.0,125.0,123.4375,125.0,125.0,200
1992-07-27,125.0,125.0,123.4375,123.4375,123.4375,1456
1992-07-28,123.4375,135.9375,123.4375,134.375,134.375,9432
1992-07-29,135.9375,145.3125,135.9375,142.1875,142.1875,12632
1992-07-30,145.3125,145.3125,142.1875,143.75,143.75,3728
1992-07-31,145.3125,148.4375,145.3125,148.4375,148.4375,2768
1992-08-03,148.4375,150.0,146.875,150.0,150.0,3488
1992-08-04,148.4375,150.0,148.4375,150.0,150.0,2184
1992-08-05,146.875,148.4375,145.3125,145.3125,145.3125,2112
1992-08-06,148.4375,150.0,143.75,150.0,150.0,3632
1992-08-07,150.0,153.125,150.0,151.5625,151.5625,2608
1992-08-10,148.4375,151.5625,148.4375,151.5625,151.5625,1824
1992-08-11,153.125,153.125,150.0,150.0,150.0,1280
1992-08-12,150.0,150.0,139.0625,140.625,140.625,5376
1992-08-13,142.1875,142.1875,139.0625,140.625,140.625,760
1992-08-14,142.1875,142.1875,139.0625,140.625,140.625,2736
1992-08-17,140.625,148.4375,140.625,148.4375,148.4375,5680
1992-08-18,146.875,148.4375,146.875,148.4375,148.4375,1192
1992-08-19,148.4375,150.0,146.875,146.875,146.875,2456
1992-08-20,148.4375,154.6875,148.4375,153.125,153.125,6152
1992-08-21,151.5625,151.5625,143.75,143.75,143.75,944
1992-08-24,143.75,143.75,131.25,134.375,134.375,2152
1992-08-25,135.9375,135.9375,125.0,128.125,128.125,8400
1992-08-26,129.6875,131.25,129.6875,129.6875,129.6875,2408
1992-08-27,131.25,139.0625,131.25,137.5,137.5,3792
1992-08-28,137.5,137.5,134.375,137.5,137.5,1200
1992-08-31,137.5,137.5,134.375,134.375,134.375,1408
1992-09-01,132.8125,132.8125,129.6875,132.8125,132.8125,1760
1992-09-02,134.375,134.375,131.25,132.8125,132.8125,416
1992-09-03,132.8125,132.8125,129.6875,129.6875,129.6875,384
1992-09-04,128.125,129.6875,128.125,129.6875,129.6875,176
1992-09-08,126.5625,126.5625,123.4375,123.4375,123.4375,1920
1992-09-09,121.875,125.0,121.875,123.4375,123.4375,1200
1992-09-10,123.4375,125.0,121.875,121.875,121.875,3328
1992-09-11,118.75,123.4375,114.0625,123.4375,123.4375,3872
1992-09-14,123.4375,123.4375,123.4375,123.4375,123.4375,0
1992-09-15,123.4375,123.4375,123.4375,123.4375,123.4375,0
1992-09-16,123.4375,123.4375,123.4375,123.4375,123.4375,0
1992-09-17,123.4375,123.4375,123.4375,123.4375,123.4375,0
1992-09-18,123.4375,123.4375,123.4375,123.4375,123.4375,0
1992-09-21,123.4375,123.4375,123.4375,123.4375,123.4375,0
1992-09-22,123.4375,123.4375,123.4375,123.4375,123.4375,0
1992-09-23,123.4375,123.4375,123.4375,123.4375,123.4375,0
1992-09-24,123.4375,123.4375,123.4375,123.4375,123.4375,0
1992-09-25,123.4375,123.4375,123.4375,123.4375,123.4375,0
1992-09-28,123.4375,123.4375,123.4375,123.4375,123.4375,0
1992-09-29,123.4375,123.4375,123.4375,123.4375,123.4375,0
1992-09-30,123.4375,123.4375,123.4375,123.4375,123.4375,0
1992-10-01,123.4375,123.4375,123.4375,123.4375,123.4375,0
1992-10-02,123.4375,123.4375,123.4375,123.4375,123.4375,0
1992-10-05,123.4375,123.4375,123.4375,123.4375,123.4375,0
1992-10-06,123.4375,123.4375,123.4375,123.4375,123.4375,0
1992-10-07,123.4375,123.4375,123.4375,123.4375,123.4375,0
1992-10-08,123.4375,123.4375,123.4375,123.4375,123.4375,0
1992-10-09,123.4375,123.4375,123.4375,123.4375,123.4375,0
1992-10-12,123.4375,123.4375,123.4375,123.4375,123.4375,0
1992-10-13,123.4375,123.4375,123.4375,123.4375,123.4375,0
1992-10-14,114.0625,123.4375,112.5,112.5,112.5,304
1992-10-15,112.5,117.1875,112.5,115.625,115.625,1040
1992-10-16,117.1875,117.1875,115.625,115.625,115.625,256
1992-10-19,115.625,117.1875,114.0625,115.625,115.625,632
1992-10-20,115.625,121.875,115.625,121.875,121.875,920
1992-10-21,120.3125,121.875,120.3125,121.875,121.875,1008
1992-10-22,121.875,121.875,118.75,118.75,118.75,384
1992-10-23,120.3125,120.3125,117.1875,118.75,118.75,184
1992-10-26,115.625,117.1875,115.625,115.625,115.625,848
1992-10-27,117.1875,118.75,117.1875,117.1875,117.1875,712
1992-10-28,117.1875,117.1875,117.1875,117.1875,117.1875,248
1992-10-29,118.75,118.75,117.1875,117.1875,117.1875,1152
1992-10-30,118.75,118.75,115.625,118.75,118.75,456
1992-11-02,118.75,121.875,118.75,121.875,121.875,336
1992-11-03,121.875,121.875,118.75,118.75,118.75,264
1992-11-04,118.75,120.3125,118.75,118.75,118.75,688
1992-11-05,117.1875,120.3125,117.1875,120.3125,120.3125,560
1992-11-06,118.75,134.375,118.75,134.375,134.375,1672
1992-11-09,134.375,134.375,129.6875,132.8125,132.8125,520
1992-11-10,132.8125,135.9375,132.8125,135.9375,135.9375,720
1992-11-11,135.9375,139.0625,134.375,139.0625,139.0625,864
1992-11-12,139.0625,140.625,134.375,134.375,134.375,1176
1992-11-13,135.9375,135.9375,131.25,131.25,131.25,1032
1992-11-16,131.25,134.375,131.25,132.8125,132.8125,360
1992-11-17,134.375,134.375,132.8125,132.8125,132.8125,192
1992-11-18,131.25,132.8125,131.25,131.25,131.25,280
1992-11-19,129.6875,131.25,128.125,131.25,131.25,560
1992-11-20,131.25,134.375,129.6875,134.375,134.375,1200
1992-11-23,132.8125,132.8125,129.6875,131.25,131.25,592
1992-11-24,129.6875,132.8125,129.6875,131.25,131.25,464
1992-11-25,134.375,137.5,134.375,137.5,137.5,1336
1992-11-27,137.5,139.0625,135.9375,137.5,137.5,1096
1992-11-30,139.0625,139.0625,135.9375,137.5,137.5,1048
1992-12-01,139.0625,142.1875,135.9375,142.1875,142.1875,1800
1992-12-02,142.1875,150.0,139.0625,150.0,150.0,3776
1992-12-03,150.0,150.0,145.3125,145.3125,145.3125,1624
1992-12-04,148.4375,153.125,148.4375,151.5625,151.5625,2832
1992-12-07,153.125,160.9375,153.125,160.9375,160.9375,2328
1992-12-08,160.9375,160.9375,154.6875,156.25,156.25,1424
1992-12-09,154.6875,157.8125,150.0,157.8125,157.8125,2216
1992-12-10,156.25,164.0625,156.25,159.375,159.375,1480
1992-12-11,157.8125,159.375,154.6875,154.6875,154.6875,1192
1992-12-14,154.6875,157.8125,154.6875,154.6875,154.6875,464
1992-12-15,154.6875,160.9375,154.6875,159.375,159.375,1176
1992-12-16,160.9375,164.0625,154.6875,154.6875,154.6875,1568
1992-12-17,150.0,150.0,137.5,145.3125,145.3125,9360
1992-12-18,145.3125,146.875,145.3125,146.875,146.875,440
1992-12-21,143.75,145.3125,140.625,145.3125,145.3125,1600
1992-12-22,146.875,150.0,143.75,143.75,143.75,3400
1992-12-23,145.3125,145.3125,143.75,143.75,143.75,336
1992-12-24,143.75,145.3125,143.75,145.3125,145.3125,104
1992-12-28,143.75,148.4375,143.75,146.875,146.875,1504
1992-12-29,148.4375,148.4375,145.3125,148.4375,148.4375,1112
1992-12-30,146.875,153.125,146.875,151.5625,151.5625,1168
1992-12-31,151.5625,151.5625,143.75,143.75,143.75,1176
1993-01-04,143.75,150.0,143.75,148.4375,148.4375,1256
1993-01-05,150.0,150.0,146.875,146.875,146.875,608
1993-01-06,145.3125,146.875,143.75,146.875,146.875,1920
1993-01-07,146.875,146.875,145.3125,145.3125,145.3125,840
1993-01-08,145.3125,146.875,143.75,143.75,143.75,2584
1993-01-11,143.75,145.3125,143.75,145.3125,145.3125,904
1993-01-12,146.875,146.875,143.75,143.75,143.75,2728
1993-01-13,143.75,145.3125,142.1875,143.75,143.75,4008
1993-01-14,145.3125,157.8125,145.3125,151.5625,151.5625,4032
1993-01-15,151.5625,153.125,146.875,146.875,146.875,3184
1993-01-18,143.75,143.75,140.625,142.1875,142.1875,10136
1993-01-19,142.1875,145.3125,140.625,145.3125,145.3125,2208
1993-01-20,146.875,146.875,140.625,140.625,140.625,1320
1993-01-21,142.1875,145.3125,140.625,143.75,143.75,1280
1993-01-22,143.75,143.75,140.625,140.625,140.625,952
1993-01-25,140.625,150.0,140.625,148.4375,148.4375,1832
1993-01-26,151.5625,153.125,151.5625,151.5625,151.5625,6456
1993-01-27,151.5625,153.125,148.4375,148.4375,148.4375,864
1993-01-28,146.875,150.0,145.3125,148.4375,148.4375,1816
1993-01-29,146.875,150.0,146.875,150.0,150.0,560
1993-02-01,150.0,151.5625,148.4375,150.0,150.0,2552
1993-02-02,150.0,150.0,148.4375,148.4375,148.4375,1000
1993-02-03,146.875,151.5625,146.875,150.0,150.0,1968
1993-02-04,150.0,151.5625,148.4375,148.4375,148.4375,1176
1993-02-05,150.0,154.6875,148.4375,151.5625,151.5625,1960
1993-02-08,150.0,153.125,150.0,153.125,153.125,1208
1993-02-09,154.6875,154.6875,148.4375,151.5625,151.5625,1000
1993-02-10,151.5625,154.6875,150.0,150.0,150.0,1072
1993-02-11,150.0,150.0,146.875,148.4375,148.4375,4888
1993-02-12,146.875,148.4375,146.875,148.4375,148.4375,144
1993-02-16,146.875,146.875,142.1875,143.75,143.75,808
1993-02-17,142.1875,142.1875,140.625,140.625,140.625,1264
1993-02-18,140.625,142.1875,137.5,139.0625,139.0625,8512
1993-02-19,140.625,142.1875,137.5,140.625,140.625,744
1993-02-22,139.0625,140.625,139.0625,139.0625,139.0625,112
1993-02-23,135.9375,151.5625,132.8125,150.0,150.0,2944
1993-02-24,146.875,148.4375,146.875,146.875,146.875,2520
1993-02-25,145.3125,145.3125,143.75,145.3125,145.3125,320
1993-02-26,146.875,146.875,137.5,143.75,143.75,5480
1993-03-01,143.75,145.3125,142.1875,143.75,143.75,3808
1993-03-02,142.1875,145.3125,142.1875,145.3125,145.3125,2128
1993-03-03,146.875,151.5625,145.3125,151.5625,151.5625,1392
1993-03-04,150.0,150.0,143.75,150.0,150.0,2328
1993-03-05,148.4375,150.0,148.4375,148.4375,148.4375,11496
1993-03-08,148.4375,148.4375,146.875,146.875,146.875,504
1993-03-09,146.875,150.0,146.875,150.0,150.0,7592
1993-03-10,150.0,151.5625,148.4375,151.5625,151.5625,1392
1993-03-11,151.5625,154.6875,151.5625,151.5625,151.5625,488
1993-03-12,150.0,153.125,150.0,153.125,153.125,632
1993-03-15,151.5625,154.6875,151.5625,151.5625,151.5625,1128
1993-03-16,150.0,151.5625,150.0,150.0,150.0,1144
1993-03-17,148.4375,148.4375,143.75,143.75,143.75,688
1993-03-18,146.875,146.875,142.1875,142.1875,142.1875,1480
1993-03-19,140.625,142.1875,139.0625,140.625,140.625,1424
1993-03-22,140.625,142.1875,139.0625,139.0625,139.0625,1104
1993-03-23,140.625,140.625,137.5,139.0625,139.0625,472
1993-03-24,139.0625,139.0625,132.8125,132.8125,132.8125,2392
1993-03-25,132.8125,134.375,131.25,132.8125,132.8125,2424
1993-03-26,132.8125,134.375,131.25,134.375,134.375,1304
1993-03-29,135.9375,135.9375,132.8125,132.8125,132.8125,1032
1993-03-30,131.25,134.375,131.25,134.375,134.375,2576
1993-03-31,134.375,135.9375,132.8125,135.9375,135.9375,1032
1993-04-01,132.8125,134.375,131.25,134.375,134.375,5656
1993-04-02,132.8125,134.375,131.25,132.8125,132.8125,4248
1993-04-05,132.8125,132.8125,131.25,132.8125,132.8125,2440
1993-04-06,132.8125,134.375,132.8125,132.8125,132.8125,1384
1993-04-07,131.25,132.8125,131.25,132.8125,132.8125,5504
1993-04-08,132.8125,134.375,132.8125,132.8125,132.8125,312
1993-04-12,132.8125,135.9375,132.8125,132.8125,132.8125,872
1993-04-13,132.8125,134.375,132.8125,134.375,134.375,2336
1993-04-14,134.375,134.375,132.8125,132.8125,132.8125,3808
1993-04-15,135.9375,143.75,132.8125,134.375,134.375,9016
1993-04-16,134.375,134.375,131.25,132.8125,132.8125,16360
1993-04-19,134.375,142.1875,134.375,137.5,137.5,10184
1993-04-20,137.5,140.625,137.5,140.625,140.625,1632
1993-04-21,139.0625,140.625,137.5,137.5,137.5,1872
1993-04-22,139.0625,139.0625,137.5,137.5,137.5,288
1993-04-23,137.5,137.5,135.9375,135.9375,135.9375,488
1993-04-26,137.5,137.5,135.9375,135.9375,135.9375,1800
1993-04-27,135.9375,135.9375,132.8125,132.8125,132.8125,4088
1993-04-28,131.25,134.375,131.25,134.375,134.375,8864
1993-04-29,134.375,134.375,132.8125,134.375,134.375,1584
1993-04-30,135.9375,135.9375,134.375,135.9375,135.9375,3472
1993-05-03,134.375,140.625,132.8125,140.625,140.625,1832
1993-05-04,140.625,142.1875,140.625,140.625,140.625,3256
1993-05-05,140.625,145.3125,140.625,145.3125,145.3125,976
1993-05-06,145.3125,150.0,143.75,150.0,150.0,2064
1993-05-07,150.0,151.5625,146.875,148.4375,148.4375,3824
1993-05-10,146.875,148.4375,146.875,148.4375,148.4375,696
1993-05-11,146.875,146.875,146.875,146.875,146.875,1544
1993-05-12,143.75,143.75,139.0625,139.0625,139.0625,1432
1993-05-13,140.625,140.625,137.5,139.0625,139.0625,480
1993-05-14,137.5,137.5,135.9375,135.9375,135.9375,144
1993-05-17,135.9375,137.5,135.9375,135.9375,135.9375,216
1993-05-18,135.9375,137.5,134.375,135.9375,135.9375,640
1993-05-19,135.9375,139.0625,134.375,137.5,137.5,992
1993-05-20,139.0625,139.0625,137.5,139.0625,139.0625,3904
1993-05-21,137.5,143.75,137.5,142.1875,142.1875,2312
1993-05-24,142.1875,143.75,139.0625,139.0625,139.0625,16216
1993-05-25,139.0625,143.75,139.0625,143.75,143.75,728
1993-05-26,143.75,148.4375,143.75,145.3125,145.3125,488
1993-05-27,146.875,146.875,143.75,145.3125,145.3125,952
1993-05-28,145.3125,145.3125,142.1875,142.1875,142.1875,968
1993-06-01,145.3125,146.875,142.1875,142.1875,142.1875,576
1993-06-02,142.1875,145.3125,140.625,145.3125,145.3125,3576
1993-06-03,148.4375,153.125,148.4375,148.4375,148.4375,2592
1993-06-04,148.4375,150.0,146.875,146.875,146.875,7552
1993-06-07,148.4375,148.4375,145.3125,145.3125,145.3125,3136
1993-06-08,143.75,145.3125,143.75,143.75,143.75,792
1993-06-09,143.75,145.3125,143.75,143.75,143.75,216
1993-06-10,145.3125,145.3125,143.75,143.75,143.75,1168
1993-06-11,145.3125,146.875,143.75,145.3125,145.3125,1480
1993-06-14,143.75,145.3125,143.75,143.75,143.75,568
1993-06-15,143.75,146.875,143.75,146.875,146.875,592
1993-06-16,146.875,146.875,145.3125,146.875,146.875,512
1993-06-17,145.3125,145.3125,143.75,145.3125,145.3125,872
1993-06-18,145.3125,145.3125,142.1875,142.1875,142.1875,1240
1993-06-21,143.75,145.3125,142.1875,145.3125,145.3125,528
1993-06-22,145.3125,145.3125,140.625,143.75,143.75,6576
1993-06-23,143.75,146.875,142.1875,143.75,143.75,632
1993-06-24,142.1875,145.3125,140.625,145.3125,145.3125,440
1993-06-25,143.75,143.75,140.625,142.1875,142.1875,592
1993-06-28,142.1875,145.3125,140.625,145.3125,145.3125,1040
1993-06-29,146.875,146.875,140.625,142.1875,142.1875,880
1993-06-30,140.625,142.1875,140.625,140.625,140.625,1360
1993-07-01,142.1875,142.1875,140.625,142.1875,142.1875,2488
1993-07-02,140.625,143.75,140.625,143.75,143.75,552
1993-07-06,143.75,146.875,142.1875,143.75,143.75,5424
1993-07-07,143.75,145.3125,143.75,143.75,143.75,408
1993-07-08,142.1875,142.1875,139.0625,139.0625,139.0625,1096
1993-07-09,135.9375,137.5,134.375,137.5,137.5,840
1993-07-12,139.0625,140.625,137.5,139.0625,139.0625,2024
1993-07-13,139.0625,140.625,137.5,137.5,137.5,1120
1993-07-14,137.5,139.0625,137.5,137.5,137.5,1448
1993-07-15,139.0625,139.0625,135.9375,135.9375,135.9375,2064
1993-07-16,137.5,139.0625,137.5,139.0625,139.0625,1144
1993-07-19,137.5,140.625,137.5,137.5,137.5,3120
1993-07-20,137.5,137.5,135.9375,135.9375,135.9375,712
1993-07-21,134.375,137.5,134.375,135.9375,135.9375,2584
1993-07-22,135.9375,135.9375,134.375,134.375,134.375,344
1993-07-23,134.375,135.9375,132.8125,135.9375,135.9375,760
1993-07-26,135.9375,135.9375,135.9375,135.9375,135.9375,120
1993-07-27,135.9375,139.0625,135.9375,137.5,137.5,1560
1993-07-28,139.0625,140.625,135.9375,140.625,140.625,4784
1993-07-29,140.625,145.3125,140.625,143.75,143.75,1112
1993-07-30,143.75,146.875,143.75,145.3125,145.3125,1432
1993-08-02,145.3125,145.3125,143.75,143.75,143.75,688
1993-08-03,143.75,145.3125,142.1875,142.1875,142.1875,320
1993-08-04,142.1875,143.75,142.1875,142.1875,142.1875,448
1993-08-05,142.1875,143.75,142.1875,143.75,143.75,984
1993-08-06,142.1875,145.3125,142.1875,143.75,143.75,736
1993-08-09,143.75,145.3125,143.75,143.75,143.75,1152
1993-08-10,143.75,146.875,142.1875,146.875,146.875,1464
1993-08-11,145.3125,151.5625,145.3125,151.5625,151.5625,1648
1993-08-12,154.6875,154.6875,150.0,151.5625,151.5625,1496
1993-08-13,153.125,156.25,153.125,154.6875,154.6875,1368
1993-08-16,156.25,156.25,153.125,153.125,153.125,296
1993-08-17,154.6875,154.6875,150.0,150.0,150.0,768
1993-08-18,148.4375,153.125,146.875,153.125,153.125,2392
1993-08-19,154.6875,164.0625,154.6875,162.5,162.5,5520
1993-08-20,164.0625,173.4375,164.0625,173.4375,173.4375,9296
1993-08-23,173.4375,176.5625,173.4375,175.0,175.0,4656
1993-08-24,175.0,175.0,168.75,170.3125,170.3125,1840
1993-08-25,168.75,175.0,168.75,173.4375,173.4375,10384
1993-08-26,171.875,173.4375,170.3125,171.875,171.875,904
1993-08-27,175.0,175.0,171.875,171.875,171.875,2000
1993-08-30,173.4375,173.4375,171.875,171.875,171.875,1008
1993-08-31,171.875,173.4375,171.875,171.875,171.875,2432
1993-09-01,178.125,184.375,178.125,184.375,184.375,6000
1993-09-02,184.375,184.375,176.5625,176.5625,176.5625,7328
1993-09-03,175.0,179.6875,175.0,179.6875,179.6875,1368
1993-09-07,178.125,178.125,173.4375,173.4375,173.4375,424
1993-09-08,175.0,175.0,165.625,165.625,165.625,1096
1993-09-09,168.75,170.3125,168.75,168.75,168.75,3072
1993-09-10,171.875,171.875,168.75,168.75,168.75,600
1993-09-13,170.3125,175.0,170.3125,175.0,175.0,824
1993-09-14,173.4375,173.4375,167.1875,168.75,168.75,1848
1993-09-15,167.1875,168.75,167.1875,167.1875,167.1875,784
1993-09-16,167.1875,170.3125,167.1875,167.1875,167.1875,400
1993-09-17,167.1875,168.75,167.1875,167.1875,167.1875,680
1993-09-20,168.75,170.3125,168.75,168.75,168.75,496
1993-09-21,170.3125,173.4375,170.3125,171.875,171.875,2064
1993-09-22,170.3125,173.4375,170.3125,173.4375,173.4375,1120
1993-09-23,173.4375,173.4375,171.875,171.875,171.875,312
1993-09-24,171.875,176.5625,171.875,173.4375,173.4375,920
1993-09-27,175.0,175.0,171.875,171.875,171.875,848
1993-09-28,171.875,173.4375,170.3125,170.3125,170.3125,464
1993-09-29,170.3125,171.875,170.3125,170.3125,170.3125,472
1993-09-30,171.875,178.125,171.875,178.125,178.125,3248
1993-10-01,178.125,178.125,171.875,173.4375,173.4375,888
1993-10-04,171.875,179.6875,171.875,179.6875,179.6875,2136
1993-10-05,181.25,182.8125,178.125,178.125,178.125,1208
1993-10-06,179.6875,179.6875,178.125,179.6875,179.6875,504
1993-10-07,179.6875,179.6875,175.0,175.0,175.0,336
1993-10-08,176.5625,179.6875,175.0,179.6875,179.6875,672
1993-10-11,179.6875,179.6875,178.125,179.6875,179.6875,336
1993-10-12,181.25,198.4375,179.6875,190.625,190.625,12248
1993-10-13,190.625,201.5625,185.9375,200.0,200.0,9008
1993-10-14,204.6875,209.375,204.6875,207.8125,207.8125,7712
1993-10-15,206.25,214.0625,206.25,214.0625,214.0625,5600
1993-10-18,214.0625,225.0,214.0625,221.875,221.875,4848
1993-10-19,225.0,225.0,214.0625,214.0625,214.0625,5872
1993-10-20,212.5,212.5,209.375,210.9375,210.9375,3080
1993-10-21,209.375,209.375,204.6875,207.8125,207.8125,1296
1993-10-22,209.375,210.9375,207.8125,210.9375,210.9375,1480
1993-10-25,212.5,221.875,212.5,220.3125,220.3125,1784
1993-10-26,220.3125,220.3125,217.1875,218.75,218.75,2800
1993-10-27,217.1875,221.875,217.1875,221.875,221.875,1680
1993-10-28,221.875,225.0,220.3125,220.3125,220.3125,2112
1993-10-29,218.75,221.875,218.75,221.875,221.875,920
1993-11-01,221.875,226.5625,221.875,225.0,225.0,6352
1993-11-02,225.0,226.5625,223.4375,225.0,225.0,2304
1993-11-03,223.4375,226.5625,221.875,221.875,221.875,3488
1993-11-04,221.875,221.875,220.3125,220.3125,220.3125,632
1993-11-05,220.3125,220.3125,204.6875,209.375,209.375,8504
1993-11-08,210.9375,212.5,209.375,209.375,209.375,2472
1993-11-09,212.5,212.5,207.8125,207.8125,207.8125,1280
1993-11-10,206.25,209.375,204.6875,204.6875,204.6875,840
1993-11-11,204.6875,204.6875,198.4375,200.0,200.0,1792
1993-11-12,200.0,201.5625,198.4375,200.0,200.0,5712
1993-11-15,198.4375,198.4375,195.3125,195.3125,195.3125,848
1993-11-16,192.1875,193.75,187.5,193.75,193.75,1952
1993-11-17,193.75,193.75,185.9375,187.5,187.5,1400
1993-11-18,187.5,187.5,175.0,181.25,181.25,3152
1993-11-19,179.6875,182.8125,179.6875,182.8125,182.8125,616
1993-11-22,182.8125,182.8125,179.6875,182.8125,182.8125,624
1993-11-23,179.6875,182.8125,179.6875,182.8125,182.8125,1872
1993-11-24,181.25,182.8125,179.6875,179.6875,179.6875,488
1993-11-26,181.25,182.8125,181.25,181.25,181.25,800
1993-11-29,184.375,185.9375,182.8125,185.9375,185.9375,1448
1993-11-30,187.5,196.875,187.5,195.3125,195.3125,1928
1993-12-01,193.75,195.3125,190.625,190.625,190.625,1056
1993-12-02,192.1875,193.75,190.625,192.1875,192.1875,784
1993-12-03,193.75,193.75,192.1875,192.1875,192.1875,856
1993-12-06,193.75,195.3125,192.1875,193.75,193.75,536
1993-12-07,195.3125,195.3125,192.1875,193.75,193.75,664
1993-12-08,195.3125,198.4375,195.3125,198.4375,198.4375,1320
1993-12-09,196.875,196.875,193.75,193.75,193.75,840
1993-12-10,193.75,195.3125,189.0625,189.0625,189.0625,816
1993-12-13,189.0625,190.625,187.5,189.0625,189.0625,672
1993-12-14,193.75,193.75,189.0625,189.0625,189.0625,840
1993-12-15,189.0625,195.3125,189.0625,195.3125,195.3125,3720
1993-12-16,193.75,195.3125,193.75,193.75,193.75,1392
1993-12-17,196.875,196.875,189.0625,192.1875,192.1875,1104
1993-12-20,189.0625,189.0625,175.0,175.0,175.0,4144
1993-12-21,171.875,171.875,167.1875,168.75,168.75,10208
1993-12-22,168.75,178.125,168.75,178.125,178.125,1928
1993-12-23,175.0,190.625,175.0,189.0625,189.0625,16000
1993-12-27,192.1875,195.3125,192.1875,195.3125,195.3125,1784
1993-12-28,196.875,196.875,193.75,193.75,193.75,1160
1993-12-29,192.1875,192.1875,187.5,189.0625,189.0625,544
1993-12-30,187.5,189.0625,185.9375,189.0625,189.0625,4728
1993-12-31,190.625,192.1875,189.0625,189.0625,189.0625,2384
1994-01-03,189.0625,190.625,185.9375,185.9375,185.9375,1056
1994-01-04,185.9375,187.5,184.375,187.5,187.5,2624
1994-01-05,189.0625,189.0625,182.8125,184.375,184.375,960
1994-01-06,184.375,187.5,184.375,187.5,187.5,35528
1994-01-07,187.5,190.625,185.9375,187.5,187.5,2176
1994-01-10,189.0625,200.0,189.0625,195.3125,195.3125,7248
1994-01-11,193.75,193.75,185.9375,189.0625,189.0625,16496
1994-01-12,187.5,187.5,181.25,182.8125,182.8125,7904
1994-01-13,182.8125,182.8125,179.6875,179.6875,179.6875,976
1994-01-14,179.6875,189.0625,162.5,185.9375,185.9375,48272
1994-01-17,185.9375,187.5,182.8125,185.9375,185.9375,3624
1994-01-18,187.5,190.625,187.5,189.0625,189.0625,2560
1994-01-19,190.625,195.3125,189.0625,195.3125,195.3125,2632
1994-01-20,193.75,195.3125,190.625,190.625,190.625,1200
1994-01-21,190.625,190.625,189.0625,189.0625,189.0625,1176
1994-01-24,187.5,189.0625,185.9375,185.9375,185.9375,792
1994-01-25,185.9375,187.5,181.25,181.25,181.25,2480
1994-01-26,179.6875,185.9375,179.6875,185.9375,185.9375,464
1994-01-27,187.5,190.625,187.5,190.625,190.625,6224
1994-01-28,190.625,190.625,189.0625,190.625,190.625,440
1994-01-31,193.75,196.875,192.1875,193.75,193.75,2624
1994-02-01,195.3125,195.3125,192.1875,195.3125,195.3125,2592
1994-02-02,196.875,196.875,193.75,195.3125,195.3125,1264
1994-02-03,193.75,195.3125,193.75,195.3125,195.3125,680
1994-02-04,193.75,193.75,179.6875,179.6875,179.6875,2240
1994-02-07,178.125,187.5,178.125,185.9375,185.9375,1624
1994-02-08,185.9375,187.5,185.9375,187.5,187.5,1168
1994-02-09,184.375,184.375,179.6875,184.375,184.375,3048
1994-02-10,184.375,184.375,176.5625,179.6875,179.6875,10632
1994-02-11,176.5625,184.375,176.5625,181.25,181.25,2536
1994-02-14,184.375,184.375,182.8125,182.8125,182.8125,472
1994-02-15,182.8125,182.8125,181.25,181.25,181.25,912
1994-02-16,181.25,182.8125,179.6875,179.6875,179.6875,856
1994-02-17,179.6875,179.6875,173.4375,175.0,175.0,6976
1994-02-18,176.5625,181.25,176.5625,181.25,181.25,2640
1994-02-22,181.25,181.25,179.6875,181.25,181.25,1336
1994-02-23,179.6875,179.6875,176.5625,178.125,178.125,344
1994-02-24,179.6875,179.6875,175.0,175.0,175.0,1080
1994-02-25,171.875,173.4375,170.3125,170.3125,170.3125,3824
1994-02-28,171.875,173.4375,162.5,162.5,162.5,1880
1994-03-01,164.0625,164.0625,157.8125,159.375,159.375,2456
1994-03-02,154.6875,162.5,154.6875,160.9375,160.9375,2128
1994-03-03,159.375,160.9375,157.8125,157.8125,157.8125,680
1994-03-04,157.8125,159.375,154.6875,156.25,156.25,7992
1994-03-07,159.375,160.9375,157.8125,159.375,159.375,1920
1994-03-08,160.9375,160.9375,159.375,159.375,159.375,920
1994-03-09,159.375,159.375,157.8125,157.8125,157.8125,1032
1994-03-10,157.8125,157.8125,154.6875,156.25,156.25,1664
1994-03-11,156.25,159.375,156.25,157.8125,157.8125,1440
1994-03-14,157.8125,159.375,156.25,156.25,156.25,1312
1994-03-15,157.8125,157.8125,153.125,153.125,153.125,3720
1994-03-16,156.25,165.625,154.6875,160.9375,160.9375,1544
1994-03-17,160.9375,165.625,159.375,164.0625,164.0625,1872
1994-03-18,165.625,173.4375,165.625,173.4375,173.4375,1040
1994-03-21,171.875,171.875,167.1875,168.75,168.75,1512
1994-03-22,168.75,168.75,167.1875,168.75,168.75,1016
1994-03-23,168.75,168.75,164.0625,164.0625,164.0625,864
1994-03-24,164.0625,164.0625,156.25,157.8125,157.8125,2040
1994-03-25,154.6875,154.6875,146.875,150.0,150.0,10800
1994-03-28,150.0,150.0,145.3125,145.3125,145.3125,2864
1994-03-29,145.3125,146.875,140.625,140.625,140.625,1072
1994-03-30,142.1875,142.1875,135.9375,137.5,137.5,1952
1994-03-31,135.9375,137.5,131.25,134.375,134.375,5256
1994-04-04,131.25,131.25,123.4375,123.4375,123.4375,3328
1994-04-05,129.6875,137.5,129.6875,135.9375,135.9375,5088
1994-04-06,135.9375,137.5,131.25,132.8125,132.8125,2200
1994-04-07,134.375,135.9375,131.25,135.9375,135.9375,2144
1994-04-08,137.5,146.875,137.5,146.875,146.875,2368
1994-04-11,146.875,150.0,146.875,148.4375,148.4375,1968
1994-04-12,148.4375,148.4375,137.5,137.5,137.5,1912
1994-04-13,135.9375,137.5,132.8125,132.8125,132.8125,5200
1994-04-14,132.8125,135.9375,132.8125,134.375,134.375,576
1994-04-15,132.8125,135.9375,132.8125,134.375,134.375,2752
1994-04-18,134.375,135.9375,128.125,128.125,128.125,1904
1994-04-19,125.0,126.5625,123.4375,125.0,125.0,2864
1994-04-20,128.125,128.125,123.4375,125.0,125.0,7576
1994-04-21,126.5625,128.125,125.0,126.5625,126.5625,752
1994-04-22,128.125,132.8125,128.125,132.8125,132.8125,3200
1994-04-25,134.375,140.625,134.375,140.625,140.625,2432
1994-04-26,140.625,145.3125,139.0625,145.3125,145.3125,7720
1994-04-28,146.875,153.125,146.875,146.875,146.875,3888
1994-04-29,146.875,157.8125,146.875,156.25,156.25,1968
1994-05-02,157.8125,157.8125,150.0,156.25,156.25,1200
1994-05-03,154.6875,154.6875,150.0,150.0,150.0,624
1994-05-04,151.5625,151.5625,150.0,150.0,150.0,400
1994-05-05,151.5625,153.125,150.0,150.0,150.0,416
1994-05-06,148.4375,150.0,146.875,148.4375,148.4375,1152
1994-05-09,146.875,146.875,143.75,143.75,143.75,320
1994-05-10,142.1875,143.75,137.5,137.5,137.5,1016
1994-05-11,139.0625,139.0625,137.5,137.5,137.5,464
1994-05-12,139.0625,140.625,139.0625,140.625,140.625,264
1994-05-13,140.625,140.625,135.9375,135.9375,135.9375,400
1994-05-16,132.8125,132.8125,128.125,129.6875,129.6875,10016
1994-05-17,129.6875,134.375,129.6875,132.8125,132.8125,2080
1994-05-18,135.9375,135.9375,134.375,135.9375,135.9375,1992
1994-05-19,135.9375,140.625,134.375,140.625,140.625,3056
1994-05-20,139.0625,139.0625,134.375,135.9375,135.9375,696
1994-05-23,132.8125,132.8125,131.25,131.25,131.25,1040
1994-05-24,134.375,134.375,132.8125,134.375,134.375,8656
1994-05-25,134.375,140.625,134.375,135.9375,135.9375,1864
1994-05-26,137.5,137.5,132.8125,137.5,137.5,1384
1994-05-27,134.375,134.375,132.8125,134.375,134.375,424
1994-05-31,132.8125,132.8125,129.6875,129.6875,129.6875,896
1994-06-01,128.125,128.125,125.0,128.125,128.125,2384
1994-06-02,128.125,131.25,126.5625,131.25,131.25,712
1994-06-03,131.25,135.9375,131.25,135.9375,135.9375,448
1994-06-06,135.9375,139.0625,135.9375,137.5,137.5,856
1994-06-07,139.0625,139.0625,132.8125,135.9375,135.9375,2352
1994-06-08,137.5,140.625,137.5,139.0625,139.0625,760
1994-06-09,135.9375,135.9375,134.375,135.9375,135.9375,264
1994-06-10,135.9375,135.9375,135.9375,135.9375,135.9375,576
1994-06-13,135.9375,135.9375,134.375,135.9375,135.9375,248
1994-06-14,134.375,135.9375,134.375,135.9375,135.9375,832
1994-06-15,135.9375,135.9375,135.9375,135.9375,135.9375,48
1994-06-16,135.9375,140.625,135.9375,140.625,140.625,776
1994-06-17,142.1875,142.1875,137.5,137.5,137.5,1400
1994-06-20,134.375,134.375,131.25,131.25,131.25,1856
1994-06-21,134.375,134.375,129.6875,129.6875,129.6875,1920
1994-06-22,128.125,129.6875,125.0,128.125,128.125,2536
1994-06-23,128.125,128.125,121.875,121.875,121.875,1952
1994-06-24,120.3125,120.3125,117.1875,117.1875,117.1875,7888
1994-06-27,118.75,123.4375,117.1875,123.4375,123.4375,880
1994-06-28,120.3125,120.3125,117.1875,120.3125,120.3125,2016
1994-06-29,120.3125,123.4375,120.3125,121.875,121.875,896
1994-06-30,120.3125,121.875,118.75,118.75,118.75,912
1994-07-01,118.75,121.875,117.1875,121.875,121.875,1640
1994-07-05,121.875,123.4375,121.875,123.4375,123.4375,64
1994-07-06,123.4375,123.4375,121.875,121.875,121.875,4128
1994-07-07,123.4375,128.125,123.4375,128.125,128.125,560
1994-07-08,128.125,128.125,125.0,125.0,125.0,408
1994-07-11,125.0,125.0,121.875,121.875,121.875,4120
1994-07-12,125.0,125.0,121.875,121.875,121.875,272
1994-07-13,117.1875,117.1875,107.8125,107.8125,107.8125,8952
1994-07-14,106.25,106.25,98.4375,100.0,100.0,6160
1994-07-15,100.0,106.25,100.0,104.6875,104.6875,1960
1994-07-18,106.25,109.375,106.25,109.375,109.375,3104
1994-07-19,106.25,109.375,106.25,106.25,106.25,2024
1994-07-20,103.125,104.6875,103.125,103.125,103.125,1656
1994-07-21,103.125,103.125,100.0,103.125,103.125,2360
1994-07-22,101.5625,101.5625,101.5625,101.5625,101.5625,136
1994-07-25,101.5625,101.5625,100.0,100.0,100.0,2112
1994-07-26,101.5625,103.125,100.0,101.5625,101.5625,928
1994-07-27,100.0,103.125,98.4375,101.5625,101.5625,408
1994-07-28,100.0,101.5625,100.0,100.0,100.0,1000
1994-07-29,100.0,104.6875,100.0,101.5625,101.5625,976
1994-08-01,103.125,103.125,100.0,100.0,100.0,808
1994-08-02,101.5625,103.125,100.0,103.125,103.125,5104
1994-08-03,104.6875,104.6875,101.5625,101.5625,101.5625,1408
1994-08-04,103.125,103.125,98.4375,100.0,100.0,2344
1994-08-05,100.0,101.5625,100.0,101.5625,101.5625,1896
1994-08-08,100.0,101.5625,100.0,100.0,100.0,1408
1994-08-09,100.0,100.0,98.4375,100.0,100.0,688
1994-08-10,98.4375,98.4375,96.875,98.4375,98.4375,3184
1994-08-11,100.0,100.0,96.875,98.4375,98.4375,648
1994-08-12,100.0,104.6875,98.4375,101.5625,101.5625,7600
1994-08-15,104.6875,104.6875,100.0,100.0,100.0,464
1994-08-16,101.5625,101.5625,100.0,101.5625,101.5625,2136
1994-08-17,100.0,100.0,98.4375,100.0,100.0,3736
1994-08-18,100.0,100.0,98.4375,98.4375,98.4375,480
1994-08-19,100.0,100.0,98.4375,98.4375,98.4375,584
1994-08-22,100.0,100.0,98.4375,100.0,100.0,848
1994-08-23,100.0,100.0,100.0,100.0,100.0,344
1994-08-24,100.0,100.0,98.4375,98.4375,98.4375,2280
1994-08-25,98.4375,100.0,98.4375,98.4375,98.4375,2856
1994-08-26,100.0,103.125,100.0,101.5625,101.5625,6048
1994-08-29,100.0,101.5625,98.4375,100.0,100.0,1536
1994-08-30,101.5625,101.5625,101.5625,101.5625,101.5625,1280
1994-08-31,101.5625,103.125,98.4375,98.4375,98.4375,7880
1994-09-01,100.0,100.0,98.4375,100.0,100.0,248
1994-09-02,101.5625,101.5625,100.0,100.0,100.0,1248
1994-09-06,100.0,101.5625,100.0,101.5625,101.5625,56
1994-09-07,100.0,101.5625,98.4375,100.0,100.0,880
1994-09-08,101.5625,103.125,100.0,103.125,103.125,2776
1994-09-09,100.0,103.125,100.0,101.5625,101.5625,2808
1994-09-12,101.5625,103.125,101.5625,103.125,103.125,920
1994-09-13,101.5625,103.125,101.5625,101.5625,101.5625,128
1994-09-14,103.125,106.25,101.5625,104.6875,104.6875,5176
1994-09-15,106.25,107.8125,104.6875,107.8125,107.8125,1920
1994-09-16,107.8125,107.8125,104.6875,106.25,106.25,1792
1994-09-19,104.6875,104.6875,103.125,103.125,103.125,3688
1994-09-20,103.125,103.125,101.5625,101.5625,101.5625,400
1994-09-21,100.0,101.5625,100.0,100.0,100.0,456
1994-09-22,100.0,101.5625,98.4375,98.4375,98.4375,1800
1994-09-23,100.0,100.0,96.875,98.4375,98.4375,3048
1994-09-26,96.875,98.4375,96.875,98.4375,98.4375,968
1994-09-27,98.4375,98.4375,95.3125,95.3125,95.3125,928
1994-09-28,95.3125,95.3125,93.75,93.75,93.75,2080
1994-09-29,93.75,95.3125,93.75,93.75,93.75,1048
1994-09-30,93.75,95.3125,90.625,95.3125,95.3125,1256
1994-10-03,96.875,96.875,92.1875,95.3125,95.3125,744
1994-10-04,93.75,93.75,93.75,93.75,93.75,912
1994-10-05,93.75,95.3125,93.75,95.3125,95.3125,4072
1994-10-06,95.3125,95.3125,95.3125,95.3125,95.3125,464
1994-10-07,95.3125,95.3125,95.3125,95.3125,95.3125,176
1994-10-10,95.3125,95.3125,93.75,95.3125,95.3125,4512
1994-10-11,95.3125,96.875,93.75,96.875,96.875,1584
1994-10-12,95.3125,96.875,93.75,93.75,93.75,2088
1994-10-13,92.1875,92.1875,84.375,84.375,84.375,5912
1994-10-14,84.375,84.375,76.5625,82.8125,82.8125,3640
1994-10-17,84.375,84.375,79.6875,81.25,81.25,512
1994-10-18,82.8125,82.8125,78.125,79.6875,79.6875,1472
1994-10-19,79.6875,82.8125,78.125,79.6875,79.6875,1872
1994-10-20,78.125,79.6875,75.0,75.0,75.0,1856
1994-10-21,73.4375,75.0,71.875,71.875,71.875,2600
1994-10-24,71.875,76.5625,71.875,76.5625,76.5625,864
1994-10-25,76.5625,76.5625,75.0,75.0,75.0,2112
1994-10-26,76.5625,76.5625,75.0,75.0,75.0,304
1994-10-27,75.0,76.5625,75.0,75.0,75.0,968
1994-10-28,75.0,76.5625,73.4375,75.0,75.0,1448
1994-10-31,73.4375,75.0,73.4375,75.0,75.0,1920
1994-11-01,75.0,75.0,73.4375,75.0,75.0,432
1994-11-02,76.5625,76.5625,73.4375,73.4375,73.4375,504
1994-11-03,73.4375,76.5625,73.4375,76.5625,76.5625,616
1994-11-04,76.5625,76.5625,73.4375,73.4375,73.4375,1128
1994-11-07,75.0,75.0,73.4375,73.4375,73.4375,520
1994-11-08,75.0,75.0,73.4375,73.4375,73.4375,848
1994-11-09,73.4375,73.4375,71.875,71.875,71.875,2688
1994-11-10,71.875,75.0,71.875,73.4375,73.4375,1152
1994-11-11,73.4375,73.4375,71.875,73.4375,73.4375,1064
1994-11-14,73.4375,73.4375,71.875,73.4375,73.4375,1248
1994-11-15,73.4375,75.0,73.4375,73.4375,73.4375,112
1994-11-16,75.0,75.0,73.4375,75.0,75.0,2248
1994-11-17,75.0,75.0,73.4375,73.4375,73.4375,576
1994-11-18,73.4375,75.0,73.4375,75.0,75.0,1232
1994-11-21,73.4375,75.0,71.875,71.875,71.875,2976
1994-11-22,71.875,71.875,70.3125,70.3125,70.3125,1040
1994-11-23,68.75,71.875,68.75,70.3125,70.3125,1584
1994-11-25,70.3125,70.3125,68.75,70.3125,70.3125,288
1994-11-28,73.4375,73.4375,68.75,70.3125,70.3125,3760
1994-11-29,70.3125,70.3125,68.75,68.75,68.75,1352
1994-11-30,68.75,70.3125,67.1875,70.3125,70.3125,1064
1994-12-01,68.75,68.75,65.625,67.1875,67.1875,8568
1994-12-02,65.625,65.625,62.5,65.625,65.625,4768
1994-12-05,65.625,65.625,64.0625,64.0625,64.0625,1088
1994-12-06,65.625,65.625,64.0625,65.625,65.625,968
1994-12-07,65.625,65.625,64.0625,65.625,65.625,984
1994-12-08,64.0625,65.625,62.5,62.5,62.5,9736
1994-12-09,60.9375,64.0625,60.9375,64.0625,64.0625,2416
1994-12-12,64.0625,64.0625,60.9375,60.9375,60.9375,1296
1994-12-13,60.9375,61.71875,59.375,61.71875,61.71875,3192
1994-12-14,60.9375,62.5,60.9375,62.5,62.5,4344
1994-12-15,62.5,65.625,62.5,65.625,65.625,7616
1994-12-16,65.625,65.625,64.0625,64.0625,64.0625,5408
1994-12-19,65.625,67.1875,64.0625,65.625,65.625,3336
1994-12-20,65.625,67.1875,65.625,67.1875,67.1875,3832
1994-12-21,67.1875,68.75,65.625,67.1875,67.1875,3120
1994-12-22,67.1875,68.75,67.1875,67.1875,67.1875,6096
1994-12-23,67.1875,67.1875,65.625,67.1875,67.1875,1064
1994-12-27,67.1875,67.1875,65.625,65.625,65.625,1808
1994-12-28,65.625,65.625,64.0625,64.0625,64.0625,1224
1994-12-29,64.0625,65.625,64.0625,64.0625,64.0625,3968
1994-12-30,64.0625,68.75,64.0625,67.1875,67.1875,10280
1995-01-03,68.75,70.3125,67.1875,67.1875,67.1875,800
1995-01-04,68.75,68.75,67.1875,68.75,68.75,1824
1995-01-05,67.1875,70.3125,67.1875,70.3125,70.3125,3088
1995-01-06,70.3125,71.875,68.75,68.75,68.75,2704
1995-01-09,70.3125,73.4375,70.3125,73.4375,73.4375,3512
1995-01-10,73.4375,78.125,73.4375,76.5625,76.5625,5696
1995-01-11,78.125,78.125,70.3125,73.4375,73.4375,4104
1995-01-12,75.0,75.0,70.3125,73.4375,73.4375,1272
1995-01-13,73.4375,75.0,71.875,75.0,75.0,536
1995-01-16,75.0,76.5625,73.4375,75.0,75.0,1288
1995-01-17,75.0,75.0,74.21875,75.0,75.0,2000
1995-01-18,75.0,75.0,73.4375,75.0,75.0,656
1995-01-19,75.0,75.0,71.875,73.4375,73.4375,776
1995-01-20,75.0,75.0,68.75,68.75,68.75,1944
1995-01-23,70.3125,70.3125,67.1875,67.1875,67.1875,1168
1995-01-24,67.1875,67.1875,65.625,67.1875,67.1875,896
1995-01-25,65.625,67.1875,65.625,65.625,65.625,1384
1995-01-26,65.625,65.625,64.0625,64.0625,64.0625,776
1995-01-27,64.0625,64.0625,64.0625,64.0625,64.0625,1944
1995-01-30,65.625,67.1875,65.625,65.625,65.625,1176
1995-01-31,64.0625,65.625,64.0625,64.0625,64.0625,1144
1995-02-01,65.625,67.1875,64.0625,64.0625,64.0625,1088
1995-02-02,65.625,67.1875,65.625,67.1875,67.1875,1096
1995-02-03,67.1875,67.1875,65.625,67.1875,67.1875,936
1995-02-06,65.625,71.875,65.625,71.875,71.875,1600
1995-02-07,76.5625,79.6875,75.0,79.6875,79.6875,4784
1995-02-08,79.6875,81.25,76.5625,78.125,78.125,2328
1995-02-09,78.125,78.125,75.0,76.5625,76.5625,1256
1995-02-10,75.0,75.0,73.4375,75.0,75.0,1024
1995-02-13,76.5625,78.125,75.0,78.125,78.125,424
1995-02-14,78.125,78.125,73.4375,76.5625,76.5625,840
1995-02-15,75.0,76.5625,73.4375,76.5625,76.5625,1456
1995-02-16,78.125,78.125,75.0,75.0,75.0,752
1995-02-17,75.0,75.0,71.875,75.0,75.0,1592
1995-02-21,75.0,75.0,73.4375,75.0,75.0,176
1995-02-22,75.0,75.0,73.4375,75.0,75.0,1072
1995-02-23,75.0,75.0,73.4375,75.0,75.0,856
1995-02-24,75.0,75.0,71.875,75.0,75.0,1048
1995-02-27,73.4375,75.0,73.4375,75.0,75.0,840
1995-02-28,73.4375,75.0,73.4375,75.0,75.0,480
1995-03-01,75.0,75.0,75.0,75.0,75.0,88
1995-03-02,75.0,75.0,71.875,71.875,71.875,1960
1995-03-03,71.875,73.4375,71.875,73.4375,73.4375,264
1995-03-06,73.4375,73.4375,71.875,71.875,71.875,192
1995-03-07,71.875,71.875,70.3125,70.3125,70.3125,1496
1995-03-08,71.875,71.875,65.625,65.625,65.625,1696
1995-03-09,64.0625,68.75,64.0625,67.1875,67.1875,2000
1995-03-10,67.1875,67.1875,65.625,65.625,65.625,600
1995-03-13,65.625,67.1875,65.625,67.1875,67.1875,1056
1995-03-14,67.1875,67.1875,65.625,67.1875,67.1875,1504
1995-03-15,67.1875,71.875,65.625,71.875,71.875,1016
1995-03-16,71.875,71.875,67.1875,67.1875,67.1875,288
1995-03-17,67.1875,70.3125,64.0625,70.3125,70.3125,2712
1995-03-20,70.3125,71.875,68.75,68.75,68.75,304
1995-03-21,67.1875,67.1875,64.0625,64.0625,64.0625,696
1995-03-22,65.625,67.1875,65.625,65.625,65.625,3256
1995-03-23,67.1875,67.1875,65.625,67.1875,67.1875,736
1995-03-24,65.625,67.1875,65.625,67.1875,67.1875,320
1995-03-27,67.1875,67.1875,62.5,65.625,65.625,944
1995-03-28,64.0625,70.3125,64.0625,68.75,68.75,576
1995-03-29,68.75,68.75,67.1875,67.1875,67.1875,296
1995-03-30,68.75,70.3125,67.1875,70.3125,70.3125,1136
1995-03-31,68.75,70.3125,68.75,70.3125,70.3125,160
1995-04-03,71.875,71.875,67.1875,68.75,68.75,416
1995-04-04,68.75,70.3125,68.75,70.3125,70.3125,136
1995-04-05,68.75,70.3125,68.75,68.75,68.75,824
1995-04-06,67.1875,68.75,67.1875,68.75,68.75,408
1995-04-07,71.875,73.4375,70.3125,71.875,71.875,1400
1995-04-10,71.875,71.875,68.75,68.75,68.75,664
1995-04-11,68.75,68.75,67.1875,67.1875,67.1875,648
1995-04-12,68.75,68.75,64.0625,65.625,65.625,3856
1995-04-13,65.625,67.1875,65.625,67.1875,67.1875,224
1995-04-17,68.75,68.75,67.1875,67.1875,67.1875,520
1995-04-18,65.625,65.625,64.0625,65.625,65.625,1968
1995-04-19,65.625,65.625,63.28125,64.0625,64.0625,1776
1995-04-20,64.84375,64.84375,63.28125,64.84375,64.84375,1584
1995-04-21,64.84375,64.84375,63.28125,64.0625,64.0625,168
1995-04-24,64.84375,66.40625,63.28125,66.40625,66.40625,2392
1995-04-25,65.625,67.96875,65.625,67.96875,67.96875,704
1995-04-26,66.40625,67.96875,66.40625,67.96875,67.96875,256
1995-04-27,70.3125,70.3125,68.75,70.3125,70.3125,656
1995-04-28,70.3125,71.09375,65.625,67.1875,67.1875,1672
1995-05-01,70.3125,70.3125,65.625,65.625,65.625,1648
1995-05-02,67.1875,70.3125,65.625,70.3125,70.3125,1144
1995-05-03,68.75,70.3125,68.75,68.75,68.75,400
1995-05-04,68.75,72.65625,68.75,70.3125,70.3125,3760
1995-05-05,71.875,75.0,70.3125,75.0,75.0,35504
1995-05-08,75.0,85.9375,75.0,84.375,84.375,22712
1995-05-09,84.375,89.0625,84.375,85.15625,85.15625,17216
1995-05-10,86.71875,87.5,84.375,84.375,84.375,4400
1995-05-11,85.9375,85.9375,84.375,85.9375,85.9375,1896
1995-05-12,85.15625,85.15625,82.8125,84.375,84.375,2520
1995-05-15,84.375,84.375,81.25,81.25,81.25,2272
1995-05-16,82.8125,82.8125,80.46875,82.8125,82.8125,3152
1995-05-17,83.59375,83.59375,81.25,82.03125,82.03125,1064
1995-05-18,81.25,82.8125,78.90625,78.90625,78.90625,1520
1995-05-19,78.90625,79.6875,76.5625,78.125,78.125,1904
1995-05-22,78.90625,82.8125,78.90625,82.8125,82.8125,1304
1995-05-23,83.59375,83.59375,82.03125,82.03125,82.03125,1456
1995-05-24,82.8125,83.59375,78.125,78.125,78.125,4160
1995-05-25,78.90625,78.90625,73.4375,73.4375,73.4375,2936
1995-05-26,75.0,75.0,73.4375,73.4375,73.4375,1368
1995-05-30,75.0,76.5625,73.4375,73.4375,73.4375,824
1995-05-31,73.4375,75.0,73.4375,74.21875,74.21875,3800
1995-06-01,73.4375,75.0,72.65625,73.4375,73.4375,7152
1995-06-02,75.0,79.6875,72.65625,78.125,78.125,3736
1995-06-05,80.46875,80.46875,76.5625,76.5625,76.5625,3352
1995-06-06,78.125,78.125,75.0,75.78125,75.78125,2240
1995-06-07,76.5625,78.125,75.78125,75.78125,75.78125,1328
1995-06-08,76.5625,76.5625,73.4375,75.0,75.0,8368
1995-06-09,74.21875,74.21875,72.65625,73.4375,73.4375,29712
1995-06-12,73.4375,80.46875,73.4375,76.5625,76.5625,6512
1995-06-13,76.5625,82.03125,76.5625,82.03125,82.03125,11448
1995-06-14,81.25,81.25,78.125,79.6875,79.6875,1352
1995-06-15,78.90625,81.25,78.90625,80.46875,80.46875,816
1995-06-16,80.46875,80.46875,78.90625,79.6875,79.6875,1872
1995-06-19,80.46875,80.46875,78.125,78.125,78.125,768
1995-06-20,77.34375,78.90625,73.4375,74.21875,74.21875,2752
1995-06-21,73.4375,75.0,73.4375,73.4375,73.4375,1056
1995-06-22,73.4375,74.21875,71.875,72.65625,72.65625,2992
1995-06-23,71.875,71.875,71.09375,71.09375,71.09375,1488
1995-06-26,71.875,71.875,70.3125,70.3125,70.3125,3976
1995-06-27,70.3125,71.875,70.3125,70.3125,70.3125,7112
1995-06-28,70.3125,74.21875,70.3125,74.21875,74.21875,1584
1995-06-29,75.0,75.0,74.21875,75.0,75.0,1488
1995-06-30,75.0,75.0,71.875,72.65625,72.65625,1688
1995-07-03,72.65625,73.4375,72.65625,73.4375,73.4375,272
1995-07-05,73.4375,74.21875,68.75,68.75,68.75,3456
1995-07-06,70.3125,76.5625,70.3125,75.78125,75.78125,6688
1995-07-07,75.0,78.125,75.0,78.125,78.125,3544
1995-07-10,79.6875,83.59375,79.6875,81.25,81.25,8792
1995-07-11,81.25,81.25,79.6875,80.46875,80.46875,1720
1995-07-12,80.46875,81.25,78.125,78.90625,78.90625,2256
1995-07-13,78.125,79.6875,77.34375,78.125,78.125,1056
1995-07-14,76.5625,78.125,75.78125,78.125,78.125,3032
1995-07-17,77.34375,78.90625,76.5625,76.5625,76.5625,1392
1995-07-18,76.5625,78.125,71.875,72.65625,72.65625,4104
1995-07-19,71.875,72.65625,70.3125,70.3125,70.3125,1656
1995-07-20,71.875,75.0,71.875,72.65625,72.65625,1144
1995-07-21,67.1875,70.3125,65.625,70.3125,70.3125,3928
1995-07-24,68.75,72.65625,68.75,72.65625,72.65625,2696
1995-07-25,71.875,71.875,70.3125,71.875,71.875,512
1995-07-26,71.875,73.4375,70.3125,70.3125,70.3125,4296
1995-07-27,71.875,71.875,68.75,68.75,68.75,1808
1995-07-28,67.96875,69.53125,67.1875,67.1875,67.1875,1568
1995-07-31,67.1875,68.75,67.1875,68.75,68.75,896
1995-08-01,68.75,68.75,67.1875,68.75,68.75,712
1995-08-02,67.96875,68.75,67.1875,67.1875,67.1875,2880
1995-08-03,68.75,68.75,67.1875,68.75,68.75,1144
1995-08-04,69.53125,71.875,69.53125,70.3125,70.3125,3224
1995-08-07,71.09375,71.09375,70.3125,71.09375,71.09375,1600
1995-08-08,69.53125,71.09375,69.53125,69.53125,69.53125,296
1995-08-09,71.09375,71.09375,68.75,68.75,68.75,816
1995-08-10,67.96875,69.53125,67.96875,68.75,68.75,528
1995-08-11,68.75,68.75,67.1875,67.1875,67.1875,1024
1995-08-14,67.1875,68.75,67.1875,68.75,68.75,440
1995-08-15,68.75,70.3125,66.40625,68.75,68.75,4168
1995-08-16,68.75,73.4375,68.75,72.65625,72.65625,3160
1995-08-17,73.4375,74.21875,71.875,74.21875,74.21875,4856
1995-08-18,75.0,77.34375,75.0,76.5625,76.5625,3280
1995-08-21,77.34375,79.6875,77.34375,79.6875,79.6875,5416
1995-08-22,79.6875,80.46875,75.0,75.0,75.0,2344
1995-08-23,75.0,78.125,75.0,78.125,78.125,936
1995-08-24,76.5625,77.34375,74.21875,75.78125,75.78125,1520
1995-08-25,75.0,78.90625,71.875,78.90625,78.90625,2904
1995-08-28,77.34375,79.6875,75.0,78.125,78.125,2696
1995-08-29,75.78125,77.34375,75.0,75.78125,75.78125,2512
1995-08-30,76.5625,76.5625,75.0,75.78125,75.78125,2304
1995-08-31,75.0,77.34375,75.0,76.5625,76.5625,2104
1995-09-01,77.34375,78.90625,77.34375,78.90625,78.90625,1080
1995-09-05,78.90625,80.46875,77.34375,80.46875,80.46875,1552
1995-09-06,79.6875,84.375,77.34375,84.375,84.375,8864
1995-09-07,85.9375,100.0,84.375,96.875,96.875,28256
1995-09-08,99.21875,103.125,96.875,98.4375,98.4375,16360
1995-09-11,96.875,98.4375,91.40625,95.3125,95.3125,5008
1995-09-12,94.53125,96.875,91.40625,91.40625,91.40625,2864
1995-09-13,90.625,93.75,88.28125,93.75,93.75,4536
1995-09-14,94.53125,95.3125,92.1875,92.1875,92.1875,992
1995-09-15,90.625,95.3125,90.625,91.40625,91.40625,1568
1995-09-18,92.96875,93.75,91.40625,93.75,93.75,1272
1995-09-19,96.875,96.875,94.53125,96.09375,96.09375,1712
1995-09-20,95.3125,96.09375,91.40625,92.1875,92.1875,1568
1995-09-21,90.625,92.1875,89.84375,90.625,90.625,1488
1995-09-22,90.625,92.1875,89.0625,92.1875,92.1875,1040
1995-09-25,91.40625,92.1875,90.625,90.625,90.625,264
1995-09-26,89.84375,93.75,89.0625,89.0625,89.0625,1344
1995-09-27,88.28125,90.625,87.5,87.5,87.5,1016
1995-09-28,87.5,90.625,87.5,90.625,90.625,800
1995-09-29,89.84375,92.96875,89.0625,92.1875,92.1875,920
1995-10-02,90.625,90.625,87.5,87.5,87.5,1368
1995-10-03,90.625,90.625,86.71875,86.71875,86.71875,1584
1995-10-04,86.71875,86.71875,82.8125,84.375,84.375,3576
1995-10-05,83.59375,86.71875,82.8125,82.8125,82.8125,1216
1995-10-06,82.8125,89.0625,82.8125,89.0625,89.0625,1872
1995-10-09,87.5,87.5,83.59375,85.15625,85.15625,688
1995-10-10,83.59375,85.9375,81.25,82.8125,82.8125,2040
1995-10-11,82.03125,89.0625,82.03125,89.0625,89.0625,1504
1995-10-12,90.625,90.625,87.5,89.0625,89.0625,3736
1995-10-13,87.5,93.75,87.5,93.75,93.75,2560
1995-10-16,91.40625,92.1875,87.5,89.0625,89.0625,1344
1995-10-17,87.5,89.0625,86.71875,89.0625,89.0625,672
1995-10-18,89.84375,89.84375,88.28125,88.28125,88.28125,784
1995-10-19,89.0625,89.0625,87.5,87.5,87.5,1384
1995-10-20,87.5,89.0625,85.9375,89.0625,89.0625,1392
1995-10-23,89.0625,89.0625,85.9375,87.5,87.5,1184
1995-10-24,87.5,88.28125,85.9375,88.28125,88.28125,768
1995-10-25,86.71875,89.0625,86.71875,88.28125,88.28125,928
1995-10-26,87.5,87.5,86.71875,87.5,87.5,1448
1995-10-27,87.5,87.5,85.15625,87.5,87.5,2152
1995-10-30,87.5,89.84375,87.5,89.84375,89.84375,1120
1995-10-31,88.28125,89.0625,85.9375,89.0625,89.0625,1152
1995-11-01,87.5,88.28125,86.71875,88.28125,88.28125,1144
1995-11-02,86.71875,88.28125,85.15625,85.15625,85.15625,488
1995-11-03,85.15625,86.71875,85.15625,85.9375,85.9375,496
1995-11-06,87.5,87.5,85.9375,87.5,87.5,344
1995-11-07,85.9375,85.9375,84.375,84.375,84.375,584
1995-11-08,83.59375,85.9375,81.25,84.375,84.375,2528
1995-11-09,86.71875,86.71875,85.9375,86.71875,86.71875,360
1995-11-10,85.15625,85.9375,82.8125,85.9375,85.9375,424
1995-11-13,84.375,84.375,81.25,82.8125,82.8125,9056
1995-11-14,82.03125,82.03125,78.90625,80.46875,80.46875,1408
1995-11-15,81.25,81.25,81.25,81.25,81.25,272
1995-11-16,83.59375,85.15625,82.8125,83.59375,83.59375,10296
1995-11-17,83.59375,85.15625,83.59375,84.375,84.375,320
1995-11-20,84.375,87.5,84.375,87.5,87.5,1800
1995-11-21,87.5,87.5,84.375,85.9375,85.9375,1408
1995-11-22,85.9375,89.0625,85.9375,85.9375,85.9375,2448
1995-11-24,84.375,85.9375,84.375,85.9375,85.9375,416
1995-11-27,87.5,87.5,82.8125,82.8125,82.8125,1216
1995-11-28,81.25,81.25,78.125,79.6875,79.6875,2048
1995-11-29,78.90625,80.46875,78.90625,79.6875,79.6875,664
1995-11-30,81.25,84.375,81.25,84.375,84.375,4232
1995-12-01,82.8125,82.8125,79.6875,79.6875,79.6875,616
1995-12-04,79.6875,85.15625,79.6875,85.15625,85.15625,1960
1995-12-05,84.375,89.0625,84.375,87.5,87.5,2920
1995-12-06,89.0625,90.625,87.5,90.625,90.625,3784
1995-12-07,91.40625,94.53125,91.40625,93.75,93.75,6712
1995-12-08,93.75,95.3125,89.0625,89.0625,89.0625,2328
1995-12-11,87.5,87.5,85.9375,85.9375,85.9375,1168
1995-12-12,84.375,84.375,82.8125,82.8125,82.8125,2296
1995-12-13,82.03125,84.375,82.03125,83.59375,83.59375,2288
1995-12-14,82.8125,84.375,82.8125,83.59375,83.59375,1080
1995-12-15,85.15625,85.15625,82.03125,82.8125,82.8125,1120
1995-12-18,83.59375,83.59375,79.6875,79.6875,79.6875,2040
1995-12-19,78.90625,82.8125,78.90625,81.25,81.25,1792
1995-12-20,82.8125,91.40625,81.25,89.0625,89.0625,11856
1995-12-21,87.5,89.0625,82.8125,88.28125,88.28125,6168
1995-12-22,89.0625,99.21875,89.0625,94.53125,94.53125,4664
1995-12-26,93.75,94.53125,92.96875,93.75,93.75,6584
1995-12-27,93.75,94.53125,89.84375,89.84375,89.84375,1472
1995-12-28,89.0625,90.625,85.9375,89.84375,89.84375,1672
1995-12-29,88.28125,93.75,86.71875,93.75,93.75,2128
1996-01-02,93.75,96.875,93.75,95.3125,95.3125,4584
1996-01-03,96.09375,96.09375,93.75,94.53125,94.53125,1568
1996-01-04,95.3125,95.3125,89.84375,89.84375,89.84375,1360
1996-01-05,89.0625,92.1875,89.0625,91.40625,91.40625,1656
1996-01-08,93.75,95.3125,93.75,95.3125,95.3125,1256
1996-01-09,93.75,95.3125,91.40625,91.40625,91.40625,1816
1996-01-10,89.0625,89.0625,87.5,87.5,87.5,3600
1996-01-11,89.0625,90.625,87.5,90.625,90.625,1408
1996-01-12,90.625,90.625,89.0625,90.625,90.625,1088
1996-01-15,87.5,92.96875,87.5,91.40625,91.40625,1520
1996-01-16,90.625,94.53125,90.625,93.75,93.75,7040
1996-01-17,92.1875,92.96875,90.625,92.1875,92.1875,912
1996-01-18,92.1875,92.1875,89.0625,90.625,90.625,1008
1996-01-19,92.1875,92.96875,89.0625,91.40625,91.40625,944
1996-01-22,92.1875,93.75,89.84375,92.96875,92.96875,2944
1996-01-23,93.75,93.75,89.0625,90.625,90.625,1520
1996-01-24,89.0625,89.0625,87.5,87.5,87.5,1392
1996-01-25,89.0625,89.0625,87.5,88.28125,88.28125,824
1996-01-26,87.5,89.0625,87.5,89.0625,89.0625,496
1996-01-29,88.28125,90.625,87.5,88.28125,88.28125,1424
1996-01-30,88.28125,90.625,88.28125,90.625,90.625,1672
1996-01-31,89.0625,89.84375,89.0625,89.84375,89.84375,824
1996-02-01,89.0625,93.75,89.0625,92.1875,92.1875,2136
1996-02-02,91.40625,91.40625,89.84375,89.84375,89.84375,736
1996-02-05,91.40625,92.96875,89.84375,91.40625,91.40625,3000
1996-02-06,89.84375,89.84375,88.28125,89.84375,89.84375,2840
1996-02-07,90.625,93.75,89.0625,91.40625,91.40625,2624
1996-02-08,91.40625,91.40625,88.28125,88.28125,88.28125,2032
1996-02-09,88.28125,89.84375,88.28125,89.84375,89.84375,1152
1996-02-12,89.0625,90.625,88.28125,90.625,90.625,2856
1996-02-13,89.0625,89.0625,87.5,88.28125,88.28125,1488
1996-02-14,89.84375,89.84375,88.28125,89.84375,89.84375,1208
1996-02-15,90.625,90.625,88.28125,88.28125,88.28125,1736
1996-02-16,89.0625,89.84375,88.28125,89.0625,89.0625,848
1996-02-20,88.28125,88.28125,82.8125,84.375,84.375,3464
1996-02-21,82.8125,86.71875,82.03125,85.9375,85.9375,1272
1996-02-22,87.5,89.0625,86.71875,89.0625,89.0625,1304
1996-02-23,87.5,87.5,85.9375,85.9375,85.9375,400
1996-02-26,85.9375,87.5,85.9375,87.5,87.5,432
1996-02-27,85.9375,88.28125,84.375,85.9375,85.9375,1184
1996-02-28,86.71875,87.5,85.9375,86.71875,86.71875,1520
1996-02-29,85.9375,86.71875,85.9375,86.71875,86.71875,840
1996-03-01,88.28125,92.1875,87.5,87.5,87.5,1488
1996-03-04,88.28125,89.0625,86.71875,87.5,87.5,864
1996-03-05,87.5,90.625,87.5,89.84375,89.84375,1856
1996-03-06,89.0625,91.40625,88.28125,90.625,90.625,1848
1996-03-07,90.625,103.125,90.625,95.3125,95.3125,16360
1996-03-08,89.0625,92.1875,87.5,89.0625,89.0625,3200
1996-03-11,88.28125,95.3125,88.28125,93.75,93.75,2032
1996-03-12,92.1875,92.1875,87.5,89.0625,89.0625,1920
1996-03-13,89.0625,89.84375,86.71875,87.5,87.5,1208
1996-03-14,88.28125,90.625,87.5,88.28125,88.28125,1152
1996-03-15,87.5,87.5,85.9375,86.71875,86.71875,536
1996-03-18,85.9375,89.84375,85.9375,89.84375,89.84375,776
1996-03-19,90.625,91.40625,89.0625,91.40625,91.40625,1120
1996-03-20,91.40625,92.1875,89.0625,89.0625,89.0625,1128
1996-03-21,90.625,90.625,89.0625,89.84375,89.84375,1808
1996-03-22,89.0625,90.625,89.0625,89.0625,89.0625,688
1996-03-25,90.625,91.40625,89.0625,89.84375,89.84375,1184
1996-03-26,90.625,92.1875,89.84375,90.625,90.625,928
1996-03-27,89.84375,89.84375,89.0625,89.0625,89.0625,944
1996-03-28,89.0625,89.0625,88.28125,88.28125,88.28125,816
1996-03-29,87.5,89.84375,87.5,88.28125,88.28125,2072
1996-04-01,89.84375,89.84375,85.9375,85.9375,85.9375,800
1996-04-02,85.9375,85.9375,82.8125,84.375,84.375,2696
1996-04-03,84.375,85.9375,80.46875,85.9375,85.9375,7432
1996-04-04,85.15625,86.71875,85.15625,85.9375,85.9375,312
1996-04-08,84.375,84.375,82.03125,84.375,84.375,1416
1996-04-09,82.8125,83.59375,82.03125,83.59375,83.59375,728
1996-04-10,82.8125,82.8125,79.6875,79.6875,79.6875,1840
1996-04-11,78.125,79.6875,78.125,78.125,78.125,1536
1996-04-12,79.6875,82.03125,79.6875,81.25,81.25,4512
1996-04-15,81.25,82.03125,79.6875,82.03125,82.03125,2280
1996-04-16,81.25,81.25,78.90625,81.25,81.25,720
1996-04-17,79.6875,81.25,78.90625,78.90625,78.90625,312
1996-04-18,78.90625,81.25,78.90625,81.25,81.25,1320
1996-04-19,82.03125,82.03125,79.6875,82.03125,82.03125,976
1996-04-22,82.8125,84.375,82.8125,84.375,84.375,1840
1996-04-23,83.59375,90.625,83.59375,89.0625,89.0625,2680
1996-04-24,87.5,89.0625,85.15625,89.0625,89.0625,1368
1996-04-25,86.71875,88.28125,84.375,88.28125,88.28125,976
1996-04-26,88.28125,88.28125,85.15625,86.71875,86.71875,600
1996-04-29,87.5,87.5,85.15625,86.71875,86.71875,1592
1996-04-30,83.59375,85.9375,81.25,85.9375,85.9375,1176
1996-05-01,84.375,86.71875,84.375,84.375,84.375,1712
1996-05-02,84.375,84.375,82.03125,82.8125,82.8125,3560
1996-05-03,84.375,84.375,83.59375,83.59375,83.59375,368
1996-05-06,83.59375,85.15625,83.59375,85.15625,85.15625,200
1996-05-07,84.375,85.9375,84.375,84.375,84.375,1576
1996-05-08,83.59375,85.15625,83.59375,85.15625,85.15625,320
1996-05-09,83.59375,88.28125,83.59375,88.28125,88.28125,3144
1996-05-10,86.71875,88.28125,86.71875,87.5,87.5,544
1996-05-13,85.9375,87.5,85.9375,85.9375,85.9375,1176
1996-05-14,87.5,89.0625,87.5,89.0625,89.0625,1640
1996-05-15,89.84375,90.625,87.5,87.5,87.5,2576
1996-05-16,87.5,89.0625,87.5,87.5,87.5,888
1996-05-17,87.5,89.84375,87.5,89.84375,89.84375,1256
1996-05-20,87.5,89.84375,87.5,87.5,87.5,3256
1996-05-21,88.28125,89.84375,88.28125,88.28125,88.28125,440
1996-05-22,88.28125,89.0625,87.5,89.0625,89.0625,3992
1996-05-23,89.84375,90.625,87.5,87.5,87.5,1912
1996-05-24,87.5,88.28125,87.5,87.5,87.5,5448
1996-05-28,87.5,88.28125,87.5,87.5,87.5,544
1996-05-29,87.5,88.28125,87.5,87.5,87.5,1256
1996-05-30,87.5,89.0625,87.5,89.0625,89.0625,368
1996-05-31,88.28125,88.28125,85.9375,87.5,87.5,4016
1996-06-03,85.9375,87.5,85.9375,87.5,87.5,432
1996-06-04,87.5,87.5,85.15625,85.15625,85.15625,2896
1996-06-05,84.375,84.375,81.25,84.375,84.375,4288
1996-06-06,82.8125,83.59375,81.25,81.25,81.25,704
1996-06-07,82.8125,82.8125,80.46875,81.25,81.25,648
1996-06-10,81.25,83.59375,81.25,83.59375,83.59375,512
1996-06-11,84.375,84.375,83.59375,83.59375,83.59375,408
1996-06-12,82.03125,82.8125,79.6875,79.6875,79.6875,1032
1996-06-13,81.25,81.25,79.6875,80.46875,80.46875,2456
1996-06-14,78.90625,80.46875,78.90625,79.6875,79.6875,2432
1996-06-17,78.90625,79.6875,78.125,78.90625,78.90625,1720
1996-06-18,77.34375,77.34375,73.4375,73.4375,73.4375,3240
1996-06-19,73.4375,75.78125,71.875,72.65625,72.65625,3064
1996-06-20,72.65625,72.65625,64.0625,67.96875,67.96875,12152
1996-06-21,67.1875,71.875,67.1875,69.53125,69.53125,2560
1996-06-24,71.09375,73.4375,69.53125,71.875,71.875,1024
1996-06-25,73.4375,74.21875,64.0625,67.1875,67.1875,6520
1996-06-26,67.1875,69.53125,66.40625,68.75,68.75,2192
1996-06-27,68.75,68.75,64.84375,64.84375,64.84375,4392
1996-06-28,66.40625,74.21875,66.40625,74.21875,74.21875,8632
1996-07-01,75.0,75.0,73.4375,74.21875,74.21875,1888
1996-07-02,72.65625,75.0,71.875,75.0,75.0,712
1996-07-03,75.0,75.0,71.875,71.875,71.875,1704
1996-07-05,71.875,71.875,71.875,71.875,71.875,16
1996-07-08,71.875,71.875,70.3125,70.3125,70.3125,368
1996-07-09,68.75,69.53125,67.96875,69.53125,69.53125,496
1996-07-10,69.53125,71.09375,65.625,71.09375,71.09375,10040
1996-07-11,69.53125,69.53125,64.84375,67.1875,67.1875,3528
1996-07-12,67.1875,67.96875,67.1875,67.1875,67.1875,976
1996-07-15,66.40625,67.1875,65.625,66.40625,66.40625,680
1996-07-16,64.84375,65.625,63.28125,64.0625,64.0625,1400
1996-07-17,65.625,69.53125,65.625,67.1875,67.1875,968
1996-07-18,67.1875,73.4375,65.625,73.4375,73.4375,784
1996-07-19,71.875,71.875,69.53125,69.53125,69.53125,208
1996-07-22,68.75,71.875,68.75,70.3125,70.3125,680
1996-07-23,70.3125,70.3125,67.1875,68.75,68.75,1400
1996-07-24,68.75,68.75,65.625,66.40625,66.40625,2856
1996-07-25,67.1875,67.1875,65.625,65.625,65.625,1096
1996-07-26,67.1875,67.1875,67.1875,67.1875,67.1875,72
1996-07-29,66.40625,66.40625,66.40625,66.40625,66.40625,40
1996-07-30,67.1875,67.96875,66.40625,67.1875,67.1875,2568
1996-07-31,66.40625,70.3125,66.40625,70.3125,70.3125,816
1996-08-01,68.75,71.875,68.75,71.875,71.875,1048
1996-08-02,73.4375,75.0,73.4375,74.21875,74.21875,1584
1996-08-05,79.6875,82.03125,79.6875,81.25,81.25,6792
1996-08-06,81.25,82.8125,79.6875,80.46875,80.46875,1848
1996-08-07,81.25,82.8125,77.34375,77.34375,77.34375,1536
1996-08-08,76.5625,78.125,75.78125,78.125,78.125,936
1996-08-09,79.6875,81.25,78.125,78.125,78.125,200
1996-08-12,78.90625,78.90625,78.90625,78.90625,78.90625,48
1996-08-13,77.34375,78.90625,77.34375,78.90625,78.90625,312
1996-08-14,77.34375,77.34375,77.34375,77.34375,77.34375,128
1996-08-15,76.5625,76.5625,76.5625,76.5625,76.5625,160
1996-08-16,75.0,75.78125,71.875,75.78125,75.78125,2152
1996-08-19,76.5625,76.5625,73.4375,75.0,75.0,656
1996-08-20,75.0,76.5625,74.21875,76.5625,76.5625,488
1996-08-21,76.5625,76.5625,76.5625,76.5625,76.5625,144
1996-08-22,75.0,76.5625,75.0,75.78125,75.78125,248
1996-08-23,75.0,76.5625,75.0,75.78125,75.78125,216
1996-08-26,75.78125,75.78125,75.0,75.0,75.0,520
1996-08-27,75.78125,75.78125,75.0,75.0,75.0,432
1996-08-28,75.78125,75.78125,74.21875,74.21875,74.21875,672
1996-08-29,73.4375,75.0,73.4375,73.4375,73.4375,192
1996-08-30,77.34375,79.6875,76.5625,78.90625,78.90625,5096
1996-09-03,79.6875,79.6875,76.5625,78.125,78.125,2544
1996-09-04,76.5625,78.125,75.78125,77.34375,77.34375,1048
1996-09-05,76.5625,76.5625,74.21875,74.21875,74.21875,1576
1996-09-06,75.0,75.0,72.65625,72.65625,72.65625,912
1996-09-09,74.21875,75.0,73.4375,73.4375,73.4375,1472
1996-09-10,73.4375,74.21875,70.3125,74.21875,74.21875,3488
1996-09-11,75.0,75.0,74.21875,75.0,75.0,1248
1996-09-12,75.0,75.78125,75.0,75.0,75.0,2208
1996-09-13,75.78125,76.5625,73.4375,74.21875,74.21875,1984
1996-09-16,75.0,75.0,73.4375,75.0,75.0,1736
1996-09-17,73.4375,74.21875,72.65625,72.65625,72.65625,600
1996-09-18,73.4375,73.4375,71.875,71.875,71.875,1136
1996-09-19,71.875,73.4375,70.3125,73.4375,73.4375,2576
1996-09-20,73.4375,73.4375,70.3125,73.4375,73.4375,1840
1996-09-23,73.4375,73.4375,71.875,72.65625,72.65625,808
1996-09-24,73.4375,73.4375,71.875,71.875,71.875,176
1996-09-25,73.4375,73.4375,71.875,73.4375,73.4375,4584
1996-09-26,73.4375,74.21875,71.875,74.21875,74.21875,1592
1996-09-27,73.4375,74.21875,72.65625,74.21875,74.21875,1232
1996-09-30,73.4375,75.0,73.4375,75.0,75.0,1528
1996-10-01,75.0,76.5625,75.0,75.0,75.0,1048
1996-10-02,75.78125,76.5625,75.0,76.5625,76.5625,1160
1996-10-03,75.0,77.34375,75.0,75.0,75.0,632
1996-10-04,73.4375,75.0,73.4375,75.0,75.0,1688
1996-10-07,74.21875,75.78125,74.21875,75.78125,75.78125,1752
1996-10-08,75.0,76.5625,75.0,76.5625,76.5625,440
1996-10-09,75.0,77.34375,75.0,77.34375,77.34375,1072
1996-10-10,75.78125,77.34375,75.78125,76.5625,76.5625,304
1996-10-11,75.78125,76.5625,75.78125,75.78125,75.78125,1512
1996-10-14,75.0,76.5625,75.0,75.78125,75.78125,1512
1996-10-15,75.0,76.5625,74.21875,76.5625,76.5625,1888
1996-10-16,75.78125,76.5625,75.0,76.5625,76.5625,1256
1996-10-17,75.0,77.34375,75.0,77.34375,77.34375,792
1996-10-18,76.5625,76.5625,75.78125,76.5625,76.5625,656
1996-10-21,75.78125,76.5625,75.0,75.0,75.0,1576
1996-10-22,76.5625,76.5625,75.0,75.0,75.0,3224
1996-10-23,74.21875,75.78125,73.4375,74.21875,74.21875,1352
1996-10-24,75.78125,75.78125,74.21875,75.0,75.0,952
1996-10-25,74.21875,75.78125,73.4375,75.78125,75.78125,960
1996-10-28,75.78125,76.5625,75.0,75.0,75.0,1048
1996-10-29,75.0,75.78125,75.0,75.78125,75.78125,600
1996-10-30,75.0,75.78125,75.0,75.78125,75.78125,2136
1996-10-31,74.21875,75.78125,74.21875,75.0,75.0,2896
1996-11-01,75.0,75.78125,75.0,75.0,75.0,432
1996-11-04,74.21875,75.78125,74.21875,75.78125,75.78125,984
1996-11-05,75.0,75.78125,74.21875,75.0,75.0,1184
1996-11-06,74.21875,77.34375,74.21875,77.34375,77.34375,1024
1996-11-07,77.34375,77.34375,75.78125,76.5625,76.5625,656
1996-11-08,75.0,76.5625,75.0,75.0,75.0,968
1996-11-11,76.5625,76.5625,75.0,75.78125,75.78125,2296
1996-11-12,75.78125,76.5625,75.0,75.78125,75.78125,2888
1996-11-13,76.5625,76.5625,75.0,75.78125,75.78125,2248
1996-11-14,75.78125,76.5625,75.0,75.0,75.0,6408
1996-11-15,75.0,75.78125,75.0,75.78125,75.78125,768
1996-11-18,75.0,76.5625,75.0,76.5625,76.5625,1944
1996-11-19,75.78125,75.78125,75.0,75.0,75.0,736
1996-11-20,75.0,75.78125,73.4375,73.4375,73.4375,2448
1996-11-21,73.4375,75.0,73.4375,73.4375,73.4375,6040
1996-11-22,72.65625,75.0,71.875,75.0,75.0,1800
1996-11-25,73.4375,76.5625,72.65625,76.5625,76.5625,1568
1996-11-26,75.0,76.5625,73.4375,73.4375,73.4375,1896
1996-11-27,74.21875,74.21875,72.65625,73.4375,73.4375,544
1996-11-29,74.21875,74.21875,73.4375,73.4375,73.4375,408
1996-12-02,75.0,75.0,73.4375,74.21875,74.21875,1016
1996-12-03,73.4375,76.5625,73.4375,75.0,75.0,1352
1996-12-04,75.0,76.5625,74.21875,75.0,75.0,1424
1996-12-05,75.0,76.5625,74.21875,75.78125,75.78125,824
1996-12-06,76.5625,76.5625,75.0,76.5625,76.5625,2320
1996-12-09,75.0,76.5625,75.0,76.5625,76.5625,1288
1996-12-10,75.78125,78.125,75.0,77.34375,77.34375,3048
1996-12-11,75.78125,75.78125,74.21875,74.21875,74.21875,600
1996-12-12,75.0,76.5625,73.4375,73.4375,73.4375,1032
1996-12-13,72.65625,73.4375,70.3125,73.4375,73.4375,1856
1996-12-16,72.65625,74.21875,71.875,71.875,71.875,1432
1996-12-17,70.3125,74.21875,70.3125,73.4375,73.4375,960
1996-12-18,74.21875,75.0,73.4375,75.0,75.0,360
1996-12-19,73.4375,75.0,71.875,73.4375,73.4375,11672
1996-12-20,78.125,79.6875,76.5625,79.6875,79.6875,6008
1996-12-23,80.46875,84.375,80.46875,82.03125,82.03125,3736
1996-12-24,82.8125,89.0625,82.8125,87.5,87.5,9648
1996-12-26,89.0625,90.625,87.5,89.0625,89.0625,3912
1996-12-27,90.625,92.96875,89.84375,92.96875,92.96875,4104
1996-12-30,92.1875,93.75,90.625,92.1875,92.1875,7128
1996-12-31,92.1875,93.75,92.1875,93.75,93.75,5784
1997-01-02,94.53125,94.53125,90.625,90.625,90.625,3048
1997-01-03,90.625,93.75,89.84375,93.75,93.75,2336
1997-01-06,95.3125,95.3125,93.75,93.75,93.75,5152
1997-01-07,94.53125,94.53125,90.625,94.53125,94.53125,1592
1997-01-08,92.96875,95.3125,92.96875,93.75,93.75,2064
1997-01-09,93.75,94.53125,92.96875,94.53125,94.53125,1456
1997-01-10,92.1875,92.1875,90.625,90.625,90.625,440
1997-01-13,89.0625,90.625,88.28125,88.28125,88.28125,832
1997-01-14,88.28125,89.84375,88.28125,89.0625,89.0625,1208
1997-01-15,89.0625,89.0625,87.5,88.28125,88.28125,560
1997-01-16,86.71875,86.71875,85.9375,86.71875,86.71875,232
1997-01-17,85.15625,91.40625,85.15625,91.40625,91.40625,1560
1997-01-20,89.84375,89.84375,88.28125,89.84375,89.84375,472
1997-01-21,88.28125,88.28125,85.9375,85.9375,85.9375,936
1997-01-22,86.71875,86.71875,85.15625,85.15625,85.15625,232
1997-01-23,85.9375,88.28125,85.9375,85.9375,85.9375,4776
1997-01-24,84.375,85.9375,83.59375,84.375,84.375,1304
1997-01-27,83.59375,83.59375,82.03125,82.03125,82.03125,472
1997-01-28,82.03125,83.59375,81.25,83.59375,83.59375,376
1997-01-29,82.8125,82.8125,81.25,81.25,81.25,3272
1997-01-30,82.8125,82.8125,81.25,81.25,81.25,968
1997-01-31,82.8125,82.8125,82.8125,82.8125,82.8125,256
1997-02-03,81.25,82.8125,81.25,82.8125,82.8125,928
1997-02-04,82.8125,82.8125,81.25,82.8125,82.8125,824
1997-02-05,82.03125,82.03125,78.125,79.6875,79.6875,41656
1997-02-06,79.6875,79.6875,78.90625,79.6875,79.6875,424
1997-02-07,80.46875,81.25,79.6875,80.46875,80.46875,576
1997-02-10,79.6875,79.6875,78.125,78.90625,78.90625,896
1997-02-11,79.6875,79.6875,79.6875,79.6875,79.6875,544
1997-02-12,80.46875,81.25,80.46875,81.25,81.25,624
1997-02-13,81.25,84.375,81.25,82.8125,82.8125,5440
1997-02-14,84.375,85.15625,83.59375,83.59375,83.59375,968
1997-02-18,82.8125,84.375,82.8125,84.375,84.375,464
1997-02-19,82.8125,84.375,81.25,84.375,84.375,3264
1997-02-20,85.15625,85.15625,84.375,84.375,84.375,832
1997-02-21,84.375,85.9375,84.375,85.9375,85.9375,336
1997-02-24,85.15625,85.15625,84.375,85.15625,85.15625,80
1997-02-25,84.375,87.5,84.375,87.5,87.5,944
1997-02-26,86.71875,86.71875,84.375,84.375,84.375,864
1997-02-27,82.8125,82.8125,80.46875,82.03125,82.03125,4192
1997-02-28,81.25,81.25,79.6875,79.6875,79.6875,664
1997-03-03,81.25,82.8125,79.6875,82.03125,82.03125,600
1997-03-04,81.25,82.03125,81.25,81.25,81.25,528
1997-03-05,80.46875,85.15625,80.46875,85.15625,85.15625,15400
1997-03-06,85.15625,85.15625,81.25,81.25,81.25,1296
1997-03-07,81.25,83.59375,81.25,81.25,81.25,1448
1997-03-10,82.8125,83.59375,82.03125,82.03125,82.03125,464
1997-03-11,82.03125,82.03125,81.25,81.25,81.25,3616
1997-03-12,79.6875,81.25,79.6875,81.25,81.25,1128
1997-03-13,79.6875,82.8125,79.6875,80.46875,80.46875,5616
1997-03-14,80.46875,84.375,80.46875,81.25,81.25,2888
1997-03-17,82.03125,82.8125,82.03125,82.8125,82.8125,2032
1997-03-18,82.8125,84.375,82.8125,82.8125,82.8125,600
1997-03-19,81.25,82.8125,81.25,81.25,81.25,1608
1997-03-20,81.25,82.8125,81.25,82.8125,82.8125,600
1997-03-21,82.03125,84.375,82.03125,84.375,84.375,1192
1997-03-24,82.8125,84.375,82.8125,82.8125,82.8125,1312
1997-03-25,82.03125,82.03125,81.25,81.25,81.25,896
1997-03-26,81.25,82.03125,81.25,82.03125,82.03125,1144
1997-03-27,82.03125,84.375,82.03125,82.8125,82.8125,1056
1997-03-31,81.25,81.25,80.46875,81.25,81.25,2608
1997-04-01,81.25,81.25,80.46875,80.46875,80.46875,1960
1997-04-02,81.25,82.03125,80.46875,81.25,81.25,3040
1997-04-03,80.46875,81.25,80.46875,80.46875,80.46875,256
1997-04-04,80.46875,80.46875,79.6875,79.6875,79.6875,1064
1997-04-07,79.6875,81.25,79.6875,79.6875,79.6875,1496
1997-04-08,80.46875,80.46875,80.46875,80.46875,80.46875,128
1997-04-09,81.25,81.25,81.25,81.25,81.25,920
1997-04-10,81.25,81.25,80.46875,80.46875,80.46875,720
1997-04-11,81.25,81.25,81.25,81.25,81.25,1200
1997-04-14,81.25,81.25,80.46875,80.46875,80.46875,1616
1997-04-15,80.46875,82.03125,80.46875,80.46875,80.46875,888
1997-04-16,80.46875,81.25,80.46875,81.25,81.25,1488
1997-04-17,81.25,81.25,80.46875,81.25,81.25,992
1997-04-18,82.8125,82.8125,81.25,82.03125,82.03125,1512
1997-04-21,80.46875,81.25,80.46875,80.46875,80.46875,2432
1997-04-22,80.46875,80.46875,80.46875,80.46875,80.46875,160
1997-04-23,80.46875,80.46875,80.46875,80.46875,80.46875,192
1997-04-24,80.46875,82.03125,80.46875,82.03125,82.03125,160
1997-04-25,80.46875,81.25,80.46875,81.25,81.25,632
1997-04-28,81.25,81.25,80.46875,80.46875,80.46875,1616
1997-04-29,80.46875,81.25,80.46875,81.25,81.25,336
1997-04-30,80.46875,82.8125,80.46875,82.03125,82.03125,1816
1997-05-01,81.25,82.8125,81.25,81.25,81.25,2752
1997-05-02,81.25,86.71875,81.25,85.9375,85.9375,2232
1997-05-05,84.375,86.71875,81.25,81.25,81.25,1256
1997-05-06,82.8125,84.375,82.8125,82.8125,82.8125,264
1997-05-07,82.03125,83.59375,82.03125,83.59375,83.59375,1256
1997-05-08,82.03125,84.375,81.25,81.25,81.25,1448
1997-05-09,81.25,82.8125,80.46875,82.8125,82.8125,1176
1997-05-12,84.375,84.375,81.25,81.25,81.25,472
1997-05-13,81.25,82.8125,80.46875,82.03125,82.03125,416
1997-05-14,82.8125,82.8125,80.46875,80.46875,80.46875,632
1997-05-15,80.46875,81.25,80.46875,80.46875,80.46875,392
1997-05-16,80.46875,81.25,71.09375,72.65625,72.65625,10024
1997-05-19,73.4375,75.0,73.4375,73.4375,73.4375,17528
1997-05-20,72.65625,75.0,71.875,75.0,75.0,19376
1997-05-21,74.21875,74.21875,73.4375,74.21875,74.21875,520
1997-05-22,75.0,75.0,74.21875,74.21875,74.21875,552
1997-05-23,75.0,75.0,74.21875,75.0,75.0,264
1997-05-27,75.0,75.78125,74.21875,75.78125,75.78125,736
1997-05-28,77.34375,77.34375,75.0,75.0,75.0,2152
1997-05-29,75.0,75.78125,75.0,75.0,75.0,592
1997-05-30,74.21875,75.0,74.21875,74.21875,74.21875,288
1997-06-02,75.78125,75.78125,75.0,75.78125,75.78125,200
1997-06-03,75.0,75.78125,75.0,75.0,75.0,1336
1997-06-04,75.0,76.5625,75.0,76.5625,76.5625,400
1997-06-05,76.5625,76.5625,75.78125,76.5625,76.5625,448
1997-06-06,75.78125,78.90625,75.78125,78.90625,78.90625,3728
1997-06-09,79.6875,80.46875,77.34375,78.90625,78.90625,1888
1997-06-10,79.6875,81.25,79.6875,80.46875,80.46875,1000
1997-06-11,79.6875,81.25,79.6875,81.25,81.25,1848
1997-06-12,81.25,82.8125,81.25,81.25,81.25,496
1997-06-13,83.59375,84.375,81.25,81.25,81.25,2544
1997-06-16,81.25,81.25,78.90625,78.90625,78.90625,728
1997-06-17,78.125,78.90625,77.34375,78.90625,78.90625,808
1997-06-18,78.90625,78.90625,76.5625,76.5625,76.5625,224
1997-06-19,76.5625,78.125,76.5625,78.125,78.125,1520
1997-06-20,76.5625,78.90625,74.21875,75.0,75.0,2352
1997-06-23,73.4375,74.21875,72.65625,74.21875,74.21875,1232
1997-06-24,74.21875,75.78125,74.21875,75.0,75.0,344
1997-06-25,75.0,76.5625,75.0,76.5625,76.5625,344
1997-06-26,75.78125,78.125,75.78125,78.125,78.125,808
1997-06-27,76.5625,78.125,76.5625,76.5625,76.5625,240
1997-06-30,78.90625,80.46875,78.90625,79.6875,79.6875,2072
1997-07-01,79.6875,84.375,79.6875,84.375,84.375,1912
1997-07-02,84.375,85.9375,84.375,84.375,84.375,984
1997-07-03,85.9375,85.9375,84.375,84.375,84.375,288
1997-07-07,82.8125,85.9375,82.8125,85.9375,85.9375,1520
1997-07-08,85.9375,85.9375,84.375,85.9375,85.9375,976
1997-07-09,85.9375,85.9375,83.59375,84.375,84.375,960
1997-07-10,82.8125,85.9375,82.8125,84.375,84.375,1184
1997-07-11,85.9375,85.9375,85.15625,85.9375,85.9375,760
1997-07-14,86.71875,86.71875,84.375,84.375,84.375,1592
1997-07-15,83.59375,84.375,82.8125,84.375,84.375,704
1997-07-16,82.8125,84.375,82.03125,84.375,84.375,1472
1997-07-17,84.375,84.375,81.25,83.59375,83.59375,1088
1997-07-18,82.03125,83.59375,79.6875,82.03125,82.03125,1000
1997-07-21,80.46875,80.46875,78.125,78.90625,78.90625,720
1997-07-22,79.6875,80.46875,79.6875,80.46875,80.46875,304
1997-07-23,78.90625,82.8125,78.90625,82.03125,82.03125,1112
1997-07-24,85.15625,85.15625,83.59375,84.375,84.375,2376
1997-07-25,83.59375,84.375,83.59375,84.375,84.375,872
1997-07-28,85.9375,86.71875,85.9375,85.9375,85.9375,2336
1997-07-29,85.9375,86.71875,85.9375,85.9375,85.9375,1776
1997-07-30,86.71875,86.71875,85.9375,86.71875,86.71875,760
1997-07-31,86.71875,89.0625,86.71875,87.5,87.5,4664
1997-08-01,87.5,87.5,86.71875,87.5,87.5,2016
1997-08-04,85.9375,90.625,85.9375,90.625,90.625,1728
1997-08-05,89.84375,91.40625,88.28125,91.40625,91.40625,1352
1997-08-06,92.1875,92.1875,89.84375,92.1875,92.1875,1760
1997-08-07,92.1875,92.1875,89.84375,89.84375,89.84375,1160
1997-08-08,90.625,90.625,86.71875,86.71875,86.71875,1632
1997-08-11,85.9375,89.0625,85.9375,87.5,87.5,1064
1997-08-12,85.9375,85.9375,85.15625,85.15625,85.15625,96
1997-08-13,85.9375,87.5,85.15625,87.5,87.5,2440
1997-08-14,87.5,92.1875,87.5,89.84375,89.84375,688
1997-08-15,89.0625,89.84375,89.0625,89.0625,89.0625,408
1997-08-18,89.0625,91.40625,89.0625,90.625,90.625,1080
1997-08-19,91.40625,91.40625,89.0625,89.0625,89.0625,1336
1997-08-20,88.28125,91.40625,88.28125,90.625,90.625,1416
1997-08-21,90.625,90.625,88.28125,88.28125,88.28125,240
1997-08-22,89.84375,90.625,85.15625,85.9375,85.9375,1168
1997-08-25,85.15625,86.71875,85.15625,85.15625,85.15625,488
1997-08-26,85.15625,85.9375,85.15625,85.15625,85.15625,496
1997-08-27,85.15625,86.71875,85.15625,85.15625,85.15625,264
1997-08-28,85.15625,85.15625,84.375,84.375,84.375,784
1997-08-29,84.375,85.15625,84.375,84.375,84.375,224
1997-09-02,85.9375,87.5,85.9375,87.5,87.5,168
1997-09-03,86.71875,86.71875,85.15625,85.15625,85.15625,888
1997-09-04,84.375,86.71875,84.375,86.71875,86.71875,336
1997-09-05,86.71875,86.71875,85.15625,85.15625,85.15625,608
1997-09-08,88.28125,92.96875,88.28125,91.40625,91.40625,3736
1997-09-09,92.1875,95.3125,92.1875,93.75,93.75,5320
1997-09-10,92.96875,95.3125,92.96875,93.75,93.75,9568
1997-09-11,92.96875,96.875,92.96875,93.75,93.75,10000
1997-09-12,93.75,96.875,93.75,96.875,96.875,11072
1997-09-15,96.875,101.5625,96.875,99.21875,99.21875,5440
1997-09-16,99.21875,100.78125,99.21875,99.21875,99.21875,1776
1997-09-17,97.65625,98.4375,95.3125,96.875,96.875,1752
1997-09-18,98.4375,98.4375,98.4375,98.4375,98.4375,488
1997-09-19,96.875,100.0,94.53125,94.53125,94.53125,1592
1997-09-22,96.09375,100.0,95.3125,99.21875,99.21875,1792
1997-09-23,100.0,100.0,97.65625,98.4375,98.4375,928
1997-09-24,100.0,100.0,97.65625,98.4375,98.4375,632
1997-09-25,99.21875,99.21875,94.53125,96.09375,96.09375,2176
1997-09-26,97.65625,97.65625,96.09375,97.65625,97.65625,216
1997-09-29,97.65625,100.0,97.65625,98.4375,98.4375,1712
1997-09-30,99.21875,99.21875,96.875,97.65625,97.65625,1208
1997-10-01,98.4375,100.0,98.4375,98.4375,98.4375,12760
1997-10-02,98.4375,99.21875,96.875,98.4375,98.4375,6136
1997-10-03,98.4375,100.0,96.09375,96.875,96.875,3656
1997-10-06,98.4375,99.21875,96.875,97.65625,97.65625,1032
1997-10-07,99.21875,100.0,97.65625,97.65625,97.65625,4448
1997-10-08,98.4375,99.21875,96.875,97.65625,97.65625,320
1997-10-09,96.875,96.875,94.53125,95.3125,95.3125,2264
1997-10-10,95.3125,95.3125,92.96875,93.75,93.75,1848
1997-10-13,95.3125,95.3125,93.75,93.75,93.75,1216
1997-10-14,92.96875,96.09375,92.96875,96.09375,96.09375,936
1997-10-15,96.09375,96.09375,93.75,96.09375,96.09375,272
1997-10-16,95.3125,95.3125,93.75,93.75,93.75,552
1997-10-17,92.1875,92.1875,89.0625,90.625,90.625,1624
1997-10-20,92.96875,93.75,90.625,93.75,93.75,3544
1997-10-21,92.96875,93.75,92.96875,93.75,93.75,192
1997-10-22,93.75,95.3125,93.75,95.3125,95.3125,584
1997-10-23,93.75,93.75,92.1875,92.1875,92.1875,736
1997-10-24,93.75,93.75,92.1875,92.1875,92.1875,984
1997-10-27,91.40625,92.1875,87.5,89.0625,89.0625,5384
1997-10-28,87.5,87.5,86.71875,87.5,87.5,1120
1997-10-29,89.0625,90.625,88.28125,89.84375,89.84375,1336
1997-10-30,87.5,93.75,87.5,92.96875,92.96875,1528
1997-10-31,93.75,94.53125,92.1875,92.96875,92.96875,856
1997-11-03,92.1875,94.53125,92.1875,92.1875,92.1875,616
1997-11-04,92.1875,92.1875,89.0625,89.0625,89.0625,336
1997-11-05,90.625,90.625,88.28125,89.0625,89.0625,592
1997-11-06,88.28125,88.28125,87.5,88.28125,88.28125,336
1997-11-07,87.5,89.84375,87.5,88.28125,88.28125,360
1997-11-10,89.0625,89.0625,84.375,85.9375,85.9375,264
1997-11-11,85.9375,86.71875,83.59375,84.375,84.375,488
1997-11-12,82.8125,84.375,82.8125,84.375,84.375,176
1997-11-13,85.15625,85.15625,81.25,81.25,81.25,144
1997-11-14,82.03125,82.8125,82.03125,82.03125,82.03125,480
1997-11-17,81.25,88.28125,81.25,87.5,87.5,784
1997-11-18,88.28125,90.625,87.5,90.625,90.625,1160
1997-11-19,89.84375,94.53125,88.28125,92.1875,92.1875,1520
1997-11-20,93.75,95.3125,90.625,93.75,93.75,528
1997-11-21,89.0625,92.1875,89.0625,90.625,90.625,792
1997-11-24,93.75,93.75,91.40625,92.1875,92.1875,1104
1997-11-25,93.75,93.75,90.625,91.40625,91.40625,1520
1997-11-26,89.84375,89.84375,87.5,89.0625,89.0625,744
1997-11-28,89.0625,91.40625,88.28125,91.40625,91.40625,416
1997-12-01,89.84375,93.75,89.84375,92.1875,92.1875,1464
1997-12-02,91.40625,96.09375,90.625,96.09375,96.09375,1336
1997-12-03,96.875,97.65625,93.75,94.53125,94.53125,1664
1997-12-04,96.875,96.875,94.53125,94.53125,94.53125,1176
1997-12-05,95.3125,96.09375,95.3125,95.3125,95.3125,1680
1997-12-08,95.3125,98.4375,94.53125,94.53125,94.53125,3256
1997-12-09,95.3125,95.3125,90.625,92.96875,92.96875,2520
1997-12-10,92.1875,94.53125,90.625,90.625,90.625,1136
1997-12-11,89.0625,93.75,89.0625,92.1875,92.1875,1000
1997-12-12,92.1875,93.75,87.5,88.28125,88.28125,1208
1997-12-15,89.0625,90.625,89.0625,90.625,90.625,1304
1997-12-16,89.0625,91.40625,87.5,91.40625,91.40625,488
1997-12-17,92.1875,95.3125,89.84375,89.84375,89.84375,2712
1997-12-18,89.84375,93.75,89.0625,90.625,90.625,1344
1997-12-19,91.40625,91.40625,89.0625,89.0625,89.0625,616
1997-12-22,89.84375,92.96875,89.84375,90.625,90.625,1416
1997-12-23,90.625,93.75,89.84375,92.1875,92.1875,1328
1997-12-24,91.40625,92.1875,90.625,92.1875,92.1875,88
1997-12-26,91.40625,91.40625,90.625,90.625,90.625,256
1997-12-29,90.625,92.1875,90.625,90.625,90.625,2688
1997-12-30,90.625,92.1875,90.625,91.40625,91.40625,1392
1997-12-31,91.40625,92.1875,91.40625,91.40625,91.40625,776
1998-01-02,90.625,95.3125,90.625,93.75,93.75,4008
1998-01-05,95.3125,95.3125,90.625,92.1875,92.1875,2168
1998-01-06,92.1875,93.75,92.1875,92.96875,92.96875,680
1998-01-07,92.96875,96.875,92.96875,95.3125,95.3125,808
1998-01-08,92.1875,94.53125,92.1875,92.96875,92.96875,1864
1998-01-09,92.96875,93.75,92.1875,92.1875,92.1875,1432
1998-01-12,93.75,93.75,90.625,92.1875,92.1875,392
1998-01-13,92.96875,93.75,92.96875,93.75,93.75,152
1998-01-14,95.3125,95.3125,93.75,94.53125,94.53125,336
1998-01-15,95.3125,95.3125,93.75,95.3125,95.3125,872
1998-01-16,96.875,105.46875,96.875,104.6875,104.6875,5600
1998-01-20,106.25,107.03125,103.125,106.25,106.25,3880
1998-01-21,107.03125,107.03125,105.46875,106.25,106.25,928
1998-01-22,104.6875,109.375,103.90625,107.03125,107.03125,2272
1998-01-23,106.25,106.25,104.6875,104.6875,104.6875,1296
1998-01-26,105.46875,105.46875,103.125,103.125,103.125,1320
1998-01-27,103.125,107.03125,103.125,106.25,106.25,600
1998-01-28,107.03125,111.71875,106.25,110.15625,110.15625,2760
1998-01-29,110.9375,111.71875,108.59375,108.59375,108.59375,1496
1998-01-30,112.5,115.625,110.9375,111.71875,111.71875,5048
1998-02-02,112.5,114.0625,108.59375,108.59375,108.59375,1624
1998-02-03,107.8125,108.59375,107.03125,107.03125,107.03125,520
1998-02-04,108.59375,111.71875,107.8125,109.375,109.375,704
1998-02-05,110.9375,111.71875,110.9375,111.71875,111.71875,920
1998-02-06,112.5,115.625,112.5,115.625,115.625,1848
1998-02-09,115.625,125.0,114.0625,124.21875,124.21875,7128
1998-02-10,125.0,126.5625,123.4375,126.5625,126.5625,2240
1998-02-11,125.0,129.6875,121.875,123.4375,123.4375,3544
1998-02-12,121.875,121.875,117.1875,120.3125,120.3125,1832
1998-02-13,121.875,121.875,120.3125,120.3125,120.3125,1248
1998-02-17,120.3125,125.0,120.3125,125.0,125.0,3736
1998-02-18,125.0,125.0,123.4375,125.0,125.0,1936
1998-02-19,125.0,125.0,120.3125,121.875,121.875,704
1998-02-20,121.875,121.875,120.3125,121.875,121.875,1568
1998-02-23,120.3125,121.875,120.3125,121.875,121.875,320
1998-02-24,121.875,121.875,120.3125,120.3125,120.3125,1056
1998-02-25,120.3125,120.3125,113.28125,116.40625,116.40625,2488
1998-02-26,117.1875,119.53125,117.1875,117.96875,117.96875,1400
1998-02-27,119.53125,120.3125,117.96875,118.75,118.75,2040
1998-03-02,116.40625,119.53125,116.40625,118.75,118.75,3016
1998-03-03,118.75,118.75,118.75,118.75,118.75,528
1998-03-04,117.96875,121.875,117.96875,121.875,121.875,2040
1998-03-05,118.75,119.53125,117.96875,117.96875,117.96875,896
1998-03-06,124.21875,129.6875,123.4375,129.6875,129.6875,11520
1998-03-09,129.6875,129.6875,125.78125,126.5625,126.5625,2320
1998-03-10,125.0,127.34375,125.0,125.78125,125.78125,3592
1998-03-11,125.78125,125.78125,123.4375,125.78125,125.78125,1664
1998-03-12,125.78125,128.125,125.0,126.5625,126.5625,1264
1998-03-13,125.78125,125.78125,125.0,125.0,125.0,1040
1998-03-16,125.0,125.0,124.21875,125.0,125.0,1264
1998-03-17,125.0,125.78125,123.4375,125.0,125.0,3200
1998-03-18,125.0,126.7578125,125.0,126.7578125,126.7578125,9072
1998-03-19,125.78125,127.34375,125.78125,126.5625,126.5625,8688
1998-03-20,127.34375,127.34375,125.78125,125.78125,125.78125,2600
1998-03-23,125.78125,125.78125,125.78125,125.78125,125.78125,2264
1998-03-24,125.78125,134.375,125.78125,133.59375,133.59375,5784
1998-03-25,135.9375,135.9375,130.46875,130.46875,130.46875,3136
1998-03-26,129.6875,129.6875,127.34375,127.34375,127.34375,2840
1998-03-27,127.34375,128.125,126.5625,126.5625,126.5625,2464
1998-03-30,128.125,132.8125,127.34375,128.125,128.125,5976
1998-03-31,129.6875,132.8125,129.6875,132.03125,132.03125,3304
1998-04-01,133.59375,133.59375,128.90625,129.6875,129.6875,1080
1998-04-02,128.90625,129.6875,127.34375,128.125,128.125,1400
1998-04-03,127.34375,132.8125,127.34375,131.25,131.25,2792
1998-04-06,131.25,133.59375,129.6875,129.6875,129.6875,1936
1998-04-07,128.125,129.6875,126.5625,127.34375,127.34375,1736
1998-04-08,127.34375,128.90625,126.5625,128.90625,128.90625,2464
1998-04-09,128.125,134.375,128.125,130.46875,130.46875,1848
1998-04-13,133.59375,133.59375,131.25,132.8125,132.8125,2168
1998-04-14,132.8125,143.75,132.8125,142.1875,142.1875,7528
1998-04-15,142.1875,142.1875,138.28125,140.625,140.625,1616
1998-04-16,139.0625,139.0625,135.9375,135.9375,135.9375,2000
1998-04-17,137.5,137.5,135.15625,135.9375,135.9375,1248
1998-04-20,137.5,138.28125,136.71875,137.5,137.5,2744
1998-04-21,136.71875,140.625,136.71875,140.625,140.625,5848
1998-04-22,142.1875,142.1875,139.0625,139.0625,139.0625,2136
1998-04-23,139.0625,142.1875,136.71875,140.625,140.625,3944
1998-04-24,142.1875,142.1875,137.5,137.5,137.5,1912
1998-04-27,139.0625,139.0625,129.6875,129.6875,129.6875,6480
1998-04-28,128.125,135.15625,128.125,131.25,131.25,5480
1998-04-29,132.8125,133.59375,129.6875,132.03125,132.03125,2688
1998-04-30,133.59375,137.5,131.25,132.8125,132.8125,3944
1998-05-01,132.8125,134.375,131.25,134.375,134.375,2104
1998-05-04,132.8125,137.5,132.8125,135.9375,135.9375,2432
1998-05-05,134.375,137.5,134.375,135.15625,135.15625,2160
1998-05-06,132.8125,132.8125,126.5625,126.5625,126.5625,2520
1998-05-07,129.6875,129.6875,125.0,125.0,125.0,768
1998-05-08,126.5625,128.125,124.21875,124.21875,124.21875,1520
1998-05-11,125.78125,125.78125,121.875,121.875,121.875,1112
1998-05-12,121.875,123.4375,121.875,121.875,121.875,272
1998-05-13,120.3125,121.875,114.0625,114.0625,114.0625,1008
1998-05-14,109.375,111.71875,106.25,111.71875,111.71875,13408
1998-05-15,112.5,117.96875,112.5,117.1875,117.1875,2624
1998-05-18,117.96875,117.96875,115.625,116.40625,116.40625,1728
1998-05-19,117.1875,117.1875,115.625,117.1875,117.1875,1104
1998-05-20,115.625,120.3125,114.0625,115.625,115.625,848
1998-05-21,114.0625,115.625,114.0625,114.84375,114.84375,512
1998-05-22,117.1875,117.1875,114.0625,117.1875,117.1875,1096
1998-05-26,115.625,115.625,110.9375,111.71875,111.71875,2648
1998-05-27,110.9375,112.5,109.375,112.5,112.5,1144
1998-05-28,112.5,114.0625,112.5,114.0625,114.0625,424
1998-05-29,120.3125,125.0,120.3125,124.21875,124.21875,5952
1998-06-01,123.4375,123.4375,114.0625,114.0625,114.0625,1560
1998-06-02,114.0625,117.1875,109.375,112.5,112.5,3344
1998-06-03,111.71875,112.5,109.375,110.9375,110.9375,2088
1998-06-04,109.375,114.0625,109.375,114.0625,114.0625,2744
1998-06-05,114.0625,115.625,112.5,115.625,115.625,2136
1998-06-08,114.84375,117.1875,114.84375,114.84375,114.84375,288
1998-06-09,117.1875,117.1875,112.5,115.625,115.625,720
1998-06-10,114.0625,121.09375,113.28125,117.1875,117.1875,3480
1998-06-11,115.625,117.1875,114.0625,116.40625,116.40625,1648
1998-06-12,117.1875,121.875,115.625,121.875,121.875,1240
1998-06-15,120.3125,120.3125,117.96875,120.3125,120.3125,3936
1998-06-16,120.3125,125.0,120.3125,121.875,121.875,1848
1998-06-17,123.4375,125.78125,120.3125,121.09375,121.09375,3224
1998-06-18,123.4375,123.4375,121.875,121.875,121.875,1176
1998-06-19,123.4375,125.0,120.3125,120.3125,120.3125,808
1998-06-22,118.75,121.875,118.75,121.875,121.875,672
1998-06-23,120.3125,125.78125,120.3125,125.78125,125.78125,1312
1998-06-24,126.5625,129.6875,125.0,129.6875,129.6875,2576
1998-06-25,131.25,131.25,128.125,130.46875,130.46875,2192
1998-06-26,128.90625,130.46875,128.90625,130.46875,130.46875,480
1998-06-29,128.90625,129.6875,128.125,128.125,128.125,536
1998-06-30,128.90625,130.46875,128.90625,129.6875,129.6875,312
1998-07-01,131.25,132.8125,131.25,132.8125,132.8125,1240
1998-07-02,132.8125,138.28125,132.8125,138.28125,138.28125,3568
1998-07-06,137.5,137.5,135.9375,137.5,137.5,1080
1998-07-07,137.5,139.84375,137.5,137.5,137.5,1576
1998-07-08,137.5,139.84375,137.5,137.5,137.5,424
1998-07-09,135.9375,137.5,134.375,135.9375,135.9375,1464
1998-07-10,134.375,135.9375,134.375,135.9375,135.9375,2160
1998-07-13,134.375,134.375,131.25,134.375,134.375,2248
1998-07-14,135.9375,135.9375,133.59375,135.9375,135.9375,1616
1998-07-15,135.9375,135.9375,133.59375,135.9375,135.9375,2040
1998-07-16,134.375,134.375,132.8125,133.59375,133.59375,600
1998-07-17,132.8125,135.15625,129.6875,132.8125,132.8125,1616
1998-07-20,135.9375,135.9375,131.25,132.8125,132.8125,1328
1998-07-21,131.25,132.8125,130.46875,131.25,131.25,552
1998-07-22,131.25,131.25,126.5625,126.5625,126.5625,504
1998-07-23,128.125,128.125,125.78125,128.125,128.125,864
1998-07-24,126.5625,126.5625,124.21875,125.0,125.0,344
1998-07-27,121.875,123.4375,121.875,121.875,121.875,920
1998-07-28,123.4375,124.21875,120.3125,121.875,121.875,1136
1998-07-29,120.3125,124.21875,120.3125,123.4375,123.4375,856
1998-07-30,121.875,123.4375,121.875,123.4375,123.4375,920
1998-07-31,121.875,123.4375,121.875,121.875,121.875,64
1998-08-03,120.3125,120.3125,117.1875,118.75,118.75,552
1998-08-04,117.1875,117.1875,106.25,108.59375,108.59375,2472
1998-08-05,107.8125,109.375,107.8125,109.375,109.375,880
1998-08-06,108.59375,114.0625,108.59375,114.0625,114.0625,736
1998-08-07,112.5,117.1875,112.5,114.0625,114.0625,984
1998-08-10,115.625,117.1875,114.0625,115.625,115.625,496
1998-08-11,114.0625,116.40625,114.0625,114.0625,114.0625,856
1998-08-12,114.0625,116.40625,114.0625,116.40625,116.40625,464
1998-08-13,117.1875,117.96875,117.1875,117.1875,117.1875,328
1998-08-14,117.96875,118.75,115.625,115.625,115.625,560
1998-08-17,116.40625,116.40625,112.5,115.625,115.625,296
1998-08-18,114.0625,115.625,114.0625,115.625,115.625,248
1998-08-19,115.625,115.625,115.625,115.625,115.625,408
1998-08-20,114.0625,115.625,114.0625,114.0625,114.0625,152
1998-08-21,115.625,117.1875,115.625,117.1875,117.1875,112
1998-08-24,116.40625,118.75,116.40625,117.96875,117.96875,672
1998-08-25,119.53125,121.09375,119.53125,121.09375,121.09375,160
1998-08-26,120.3125,123.4375,120.3125,121.875,121.875,1056
1998-08-27,120.3125,120.3125,114.0625,115.625,115.625,872
1998-08-28,114.0625,115.625,113.28125,115.625,115.625,2136
1998-08-31,115.625,115.625,101.5625,109.375,109.375,4312
1998-09-01,109.375,109.375,106.25,108.59375,108.59375,5440
1998-09-02,107.8125,110.15625,107.8125,107.8125,107.8125,320
1998-09-03,106.25,106.25,103.125,103.90625,103.90625,520
1998-09-04,103.125,107.8125,103.125,107.8125,107.8125,2720
1998-09-08,109.375,110.9375,107.03125,110.15625,110.15625,1736
1998-09-09,112.5,116.40625,112.5,112.5,112.5,1512
1998-09-10,112.5,115.625,110.15625,112.5,112.5,2848
1998-09-11,109.375,114.0625,107.03125,114.0625,114.0625,2888
1998-09-14,116.40625,116.40625,113.28125,114.0625,114.0625,2648
1998-09-15,114.84375,114.84375,114.0625,114.0625,114.0625,1256
1998-09-16,113.28125,115.625,112.5,114.84375,114.84375,816
1998-09-17,112.5,114.0625,111.71875,114.0625,114.0625,368
1998-09-18,114.0625,117.1875,112.5,114.84375,114.84375,2248
1998-09-21,112.5,122.65625,111.71875,122.65625,122.65625,2192
1998-09-22,123.4375,123.4375,114.0625,114.0625,114.0625,1352
1998-09-23,114.0625,115.625,110.9375,110.9375,110.9375,752
1998-09-24,110.15625,110.9375,109.375,110.9375,110.9375,464
1998-09-25,112.5,117.1875,112.5,114.0625,114.0625,848
1998-09-28,116.40625,121.09375,116.40625,121.09375,121.09375,808
1998-09-29,119.53125,119.53125,117.1875,117.1875,117.1875,64
1998-09-30,118.75,118.75,114.0625,117.1875,117.1875,216
1998-10-01,114.84375,114.84375,108.59375,108.59375,108.59375,376
1998-10-02,109.375,112.5,107.8125,110.9375,110.9375,1136
1998-10-05,108.59375,108.59375,107.03125,107.8125,107.8125,664
1998-10-06,109.375,109.375,106.25,106.25,106.25,1080
1998-10-07,106.25,108.59375,106.25,106.25,106.25,2768
1998-10-08,101.5625,103.90625,81.25,82.8125,82.8125,3256
1998-10-09,84.375,84.375,75.0,80.46875,80.46875,2504
1998-10-12,80.46875,82.8125,78.125,80.46875,80.46875,2112
1998-10-13,79.6875,82.8125,79.6875,79.6875,79.6875,1864
1998-10-14,82.03125,84.375,81.25,81.25,81.25,584
1998-10-15,81.25,109.375,79.6875,109.375,109.375,5264
1998-10-16,106.25,106.25,104.6875,104.6875,104.6875,968
1998-10-19,103.125,103.125,100.78125,101.5625,101.5625,304
1998-10-20,101.5625,105.46875,101.5625,105.46875,105.46875,376
1998-10-21,103.90625,106.25,103.90625,106.25,106.25,120
1998-10-22,104.6875,104.6875,101.5625,103.125,103.125,336
1998-10-23,102.34375,106.25,98.4375,100.0,100.0,2056
1998-10-26,100.0,106.25,100.0,106.25,106.25,280
1998-10-27,107.8125,108.59375,107.03125,107.03125,107.03125,232
1998-10-28,105.46875,106.25,104.6875,106.25,106.25,96
1998-10-29,106.25,107.8125,106.25,107.8125,107.8125,344
1998-10-30,109.375,109.375,102.34375,106.25,106.25,3184
1998-11-02,107.8125,107.8125,100.0,100.0,100.0,224
1998-11-03,101.5625,103.90625,100.0,100.0,100.0,616
1998-11-04,98.4375,100.78125,96.875,97.65625,97.65625,800
1998-11-05,99.21875,101.5625,97.65625,98.4375,98.4375,960
1998-11-06,98.4375,106.25,97.65625,106.25,106.25,1400
1998-11-09,107.8125,112.5,107.8125,110.15625,110.15625,632
1998-11-10,111.71875,114.0625,110.9375,114.0625,114.0625,472
1998-11-11,115.625,115.625,112.5,114.0625,114.0625,1400
1998-11-12,114.84375,115.625,112.5,115.625,115.625,432
1998-11-13,114.0625,115.625,112.5,114.84375,114.84375,712
1998-11-16,112.5,114.84375,111.71875,112.5,112.5,2024
1998-11-17,114.84375,114.84375,111.71875,112.5,112.5,616
1998-11-18,110.9375,112.5,110.9375,112.5,112.5,336
1998-11-19,112.5,112.5,106.25,107.8125,107.8125,704
1998-11-20,105.46875,111.71875,103.90625,111.71875,111.71875,568
1998-11-23,110.15625,110.15625,107.03125,108.59375,108.59375,392
1998-11-24,107.03125,108.59375,106.25,107.03125,107.03125,208
1998-11-25,104.6875,106.25,103.90625,104.6875,104.6875,1792
1998-11-27,106.25,106.25,103.125,103.125,103.125,424
1998-11-30,102.34375,107.8125,100.0,101.5625,101.5625,1432
1998-12-01,103.125,103.125,101.5625,101.5625,101.5625,4768
1998-12-02,103.125,104.6875,102.34375,102.34375,102.34375,232
1998-12-03,103.90625,105.46875,103.125,104.6875,104.6875,608
1998-12-04,106.25,106.25,104.6875,105.46875,105.46875,288
1998-12-07,104.6875,106.25,104.6875,106.25,106.25,784
1998-12-08,107.8125,110.9375,107.03125,107.8125,107.8125,376
1998-12-09,107.03125,110.9375,106.25,109.375,109.375,528
1998-12-10,107.8125,110.9375,106.25,107.8125,107.8125,592
1998-12-11,106.25,106.25,103.90625,106.25,106.25,928
1998-12-14,103.90625,109.375,103.90625,106.25,106.25,824
1998-12-15,106.25,106.25,105.46875,106.25,106.25,1408
1998-12-16,103.90625,104.6875,100.0,102.34375,102.34375,2536
1998-12-17,100.78125,103.90625,100.78125,101.5625,101.5625,2104
1998-12-18,103.125,103.125,100.78125,102.34375,102.34375,304
1998-12-21,101.5625,102.34375,100.78125,100.78125,100.78125,1392
1998-12-22,101.5625,104.6875,101.5625,103.125,103.125,1688
1998-12-23,102.34375,103.125,100.78125,102.34375,102.34375,1424
1998-12-24,103.125,103.125,101.5625,101.5625,101.5625,40
1998-12-28,101.5625,101.5625,100.78125,100.78125,100.78125,3832
1998-12-29,100.78125,102.34375,100.78125,101.5625,101.5625,944
1998-12-30,101.5625,103.90625,101.5625,103.90625,103.90625,1560
1998-12-31,105.46875,109.375,105.46875,107.8125,107.8125,3856
1999-01-04,107.03125,107.8125,107.03125,107.03125,107.03125,280
1999-01-05,105.46875,107.03125,105.46875,107.03125,107.03125,536
1999-01-06,107.03125,107.8125,105.46875,106.25,106.25,608
1999-01-07,103.125,107.8125,101.5625,104.6875,104.6875,2328
1999-01-08,103.125,108.59375,103.125,106.25,106.25,1160
1999-01-11,107.8125,107.8125,104.6875,104.6875,104.6875,8184
1999-01-12,103.125,104.6875,101.5625,103.125,103.125,2032
1999-01-13,101.5625,101.5625,98.4375,100.78125,100.78125,2720
1999-01-14,100.78125,102.34375,100.0,102.34375,102.34375,904
1999-01-15,101.5625,107.03125,101.5625,104.6875,104.6875,2768
1999-01-19,106.25,107.03125,104.6875,106.25,106.25,736
1999-01-20,106.25,107.8125,105.46875,106.25,106.25,3152
1999-01-21,104.6875,107.03125,103.125,103.125,103.125,1696
1999-01-22,101.5625,104.6875,100.78125,103.125,103.125,4576
1999-01-25,101.5625,103.125,101.5625,102.34375,102.34375,1544
1999-01-26,102.34375,102.34375,102.34375,102.34375,102.34375,1160
1999-01-27,102.34375,106.25,102.34375,105.46875,105.46875,3848
1999-01-28,104.6875,107.8125,103.125,107.8125,107.8125,1464
1999-01-29,107.8125,110.15625,104.6875,110.15625,110.15625,448
1999-02-01,111.71875,111.71875,107.8125,110.9375,110.9375,824
1999-02-02,110.15625,110.15625,106.25,106.25,106.25,856
1999-02-03,106.25,106.25,104.6875,106.25,106.25,352
1999-02-04,107.8125,107.8125,106.25,106.25,106.25,208
1999-02-05,107.03125,107.8125,106.25,106.25,106.25,2080
1999-02-08,105.46875,107.03125,104.6875,105.46875,105.46875,1608
1999-02-09,104.6875,104.6875,103.125,103.125,103.125,2016
1999-02-10,103.125,104.6875,103.125,103.125,103.125,3144
1999-02-11,103.90625,103.90625,99.21875,100.0,100.0,656
1999-02-12,98.4375,100.0,97.65625,97.65625,97.65625,320
1999-02-16,99.21875,100.0,99.21875,100.0,100.0,328
1999-02-17,96.875,98.4375,95.3125,98.4375,98.4375,296
1999-02-18,96.875,96.875,96.875,96.875,96.875,48
1999-02-19,96.875,100.0,96.875,99.21875,99.21875,104
1999-02-22,98.4375,99.21875,98.4375,99.21875,99.21875,656
1999-02-23,98.4375,100.0,98.4375,98.4375,98.4375,456
1999-02-24,98.4375,99.21875,97.65625,97.65625,97.65625,1048
1999-02-25,98.4375,98.4375,89.0625,89.0625,89.0625,2016
1999-02-26,89.0625,89.0625,85.15625,85.15625,85.15625,5360
1999-03-01,85.15625,89.0625,85.15625,87.5,87.5,1824
1999-03-02,87.5,90.625,87.5,90.625,90.625,880
1999-03-03,93.75,93.75,89.0625,89.0625,89.0625,632
1999-03-04,89.0625,90.625,89.0625,89.0625,89.0625,480
1999-03-05,92.1875,99.21875,92.1875,95.3125,95.3125,2352
1999-03-08,96.875,100.0,95.3125,96.875,96.875,1208
1999-03-09,93.75,93.75,89.0625,90.625,90.625,1840
1999-03-10,89.0625,91.40625,89.0625,91.40625,91.40625,576
1999-03-11,89.84375,92.1875,89.84375,89.84375,89.84375,688
1999-03-12,89.84375,93.75,89.84375,93.75,93.75,520
1999-03-15,92.1875,93.75,92.1875,92.96875,92.96875,520
1999-03-16,91.40625,92.578125,88.28125,88.28125,88.28125,2640
1999-03-17,88.28125,92.96875,88.28125,92.96875,92.96875,384
1999-03-18,92.1875,95.3125,92.1875,92.1875,92.1875,2192
1999-03-19,92.96875,95.3125,90.625,92.96875,92.96875,840
1999-03-22,93.75,98.4375,93.75,98.4375,98.4375,2208
1999-03-23,95.3125,95.3125,94.53125,95.3125,95.3125,840
1999-03-24,93.75,93.75,92.1875,92.1875,92.1875,1376
1999-03-25,90.625,94.53125,90.625,93.75,93.75,568
1999-03-26,92.1875,92.96875,91.40625,92.96875,92.96875,848
1999-03-29,92.1875,96.875,92.1875,95.3125,95.3125,1952
1999-03-30,93.75,94.53125,93.75,93.75,93.75,712
1999-03-31,93.75,95.3125,93.75,93.75,93.75,424
1999-04-01,92.1875,95.3125,89.0625,89.0625,89.0625,1352
1999-04-05,90.625,91.40625,89.84375,91.40625,91.40625,1376
1999-04-06,90.625,91.40625,90.625,91.40625,91.40625,776
1999-04-07,90.625,92.96875,90.625,92.1875,92.1875,512
1999-04-08,92.1875,95.3125,92.1875,93.75,93.75,520
1999-04-09,92.96875,96.875,92.96875,93.75,93.75,776
1999-04-12,92.1875,93.75,91.40625,93.75,93.75,416
1999-04-13,92.96875,92.96875,92.96875,92.96875,92.96875,144
1999-04-14,92.96875,102.34375,92.96875,99.21875,99.21875,1712
1999-04-15,98.4375,103.125,96.875,96.875,96.875,2080
1999-04-16,101.5625,104.6875,100.0,101.5625,101.5625,3440
1999-04-19,103.125,104.6875,101.5625,102.34375,102.34375,5160
1999-04-20,103.125,104.6875,102.34375,102.34375,102.34375,792
1999-04-21,102.34375,106.25,101.5625,106.25,106.25,864
1999-04-22,105.46875,105.46875,102.34375,103.125,103.125,1856
1999-04-23,101.5625,103.125,101.5625,102.34375,102.34375,352
1999-04-26,103.125,103.125,101.5625,101.5625,101.5625,1144
1999-04-27,101.5625,102.34375,101.5625,102.34375,102.34375,64
1999-04-28,100.0,103.125,100.0,103.125,103.125,3936
1999-04-29,104.6875,106.25,101.5625,105.46875,105.46875,1384
1999-04-30,104.6875,106.25,104.6875,104.6875,104.6875,328
1999-05-03,103.125,103.125,103.125,103.125,103.125,56
1999-05-04,104.6875,106.25,104.6875,104.6875,104.6875,248
1999-05-05,104.6875,104.6875,103.125,103.125,103.125,128
1999-05-06,104.6875,104.6875,103.125,104.6875,104.6875,232
1999-05-07,104.6875,106.25,104.6875,106.25,106.25,216
1999-05-10,103.90625,105.46875,103.125,103.125,103.125,168
1999-05-11,103.90625,105.46875,103.90625,105.46875,105.46875,24
1999-05-12,104.6875,108.59375,104.6875,108.59375,108.59375,736
1999-05-13,107.8125,107.8125,106.25,107.8125,107.8125,240
1999-05-14,104.6875,105.46875,101.5625,103.90625,103.90625,2112
1999-05-17,102.34375,104.6875,102.34375,104.6875,104.6875,656
1999-05-18,104.6875,105.46875,103.90625,104.6875,104.6875,608
1999-05-19,104.6875,106.25,104.6875,104.6875,104.6875,448
1999-05-20,104.6875,107.8125,104.6875,106.25,106.25,312
1999-05-21,106.25,106.25,106.25,106.25,106.25,0
1999-05-24,106.25,107.8125,106.25,107.8125,107.8125,736
1999-05-25,105.46875,108.59375,102.34375,102.34375,102.34375,16136
1999-05-26,105.46875,105.46875,103.125,104.6875,104.6875,9560
1999-05-27,103.125,106.25,103.125,106.25,106.25,144
1999-05-28,104.6875,104.6875,101.5625,101.5625,101.5625,208
1999-06-01,100.78125,100.78125,100.78125,100.78125,100.78125,784
1999-06-02,100.0,100.0,98.4375,99.21875,99.21875,1552
1999-06-03,99.21875,104.6875,98.4375,104.6875,104.6875,1032
1999-06-04,106.25,106.25,103.125,104.6875,104.6875,3504
1999-06-07,103.90625,104.6875,103.90625,104.6875,104.6875,1336
1999-06-08,115.625,118.75,110.9375,110.9375,110.9375,19008
1999-06-09,111.71875,111.71875,108.59375,108.59375,108.59375,6064
1999-06-10,107.8125,109.375,107.03125,108.59375,108.59375,776
1999-06-11,108.59375,108.59375,104.6875,105.46875,105.46875,2960
1999-06-14,104.6875,105.46875,103.90625,103.90625,103.90625,504
1999-06-15,104.6875,112.5,103.125,111.71875,111.71875,2600
1999-06-16,111.71875,112.5,109.375,110.15625,110.15625,624
1999-06-17,109.375,111.71875,109.375,110.15625,110.15625,920
1999-06-18,110.9375,110.9375,108.59375,109.375,109.375,704
1999-06-21,112.5,112.5,109.375,110.9375,110.9375,576
1999-06-22,110.9375,112.5,110.15625,110.9375,110.9375,360
1999-06-23,109.375,110.9375,107.8125,110.15625,110.15625,696
1999-06-24,109.375,111.71875,109.375,110.9375,110.9375,288
1999-06-25,110.9375,111.71875,110.15625,111.71875,111.71875,1832
1999-06-28,111.71875,111.71875,110.15625,110.15625,110.15625,1344
1999-06-29,108.59375,110.15625,106.25,109.375,109.375,680
1999-06-30,107.8125,110.9375,107.03125,109.375,109.375,736
1999-07-01,110.9375,112.5,107.8125,112.5,112.5,736
1999-07-02,110.9375,112.5,110.9375,110.9375,110.9375,384
1999-07-06,110.9375,112.5,110.9375,111.71875,111.71875,600
1999-07-07,112.5,112.5,111.71875,112.5,112.5,416
1999-07-08,111.71875,113.28125,110.9375,110.9375,110.9375,824
1999-07-09,112.5,112.5,110.9375,111.71875,111.71875,640
1999-07-12,110.9375,112.5,110.9375,112.5,112.5,352
1999-07-13,112.5,114.0625,110.9375,114.0625,114.0625,1472
1999-07-14,114.0625,114.0625,110.9375,110.9375,110.9375,888
1999-07-15,113.28125,113.28125,109.375,111.71875,111.71875,1304
1999-07-16,111.71875,112.5,110.9375,112.5,112.5,352
1999-07-19,112.5,114.0625,110.15625,110.15625,110.15625,3096
1999-07-20,109.375,110.9375,107.8125,109.375,109.375,640
1999-07-21,109.375,112.5,109.375,109.375,109.375,648
1999-07-22,109.375,109.375,108.59375,109.375,109.375,160
1999-07-23,111.71875,111.71875,107.8125,107.8125,107.8125,352
1999-07-26,109.375,109.375,106.25,106.25,106.25,456
1999-07-27,106.25,109.375,104.6875,107.8125,107.8125,616
1999-07-28,107.8125,109.375,103.125,106.25,106.25,800
1999-07-29,106.25,109.375,106.25,107.8125,107.8125,736
1999-07-30,107.8125,107.8125,104.6875,106.25,106.25,2096
1999-08-02,107.8125,107.8125,104.6875,106.25,106.25,128
1999-08-03,106.25,109.375,106.25,107.03125,107.03125,656
1999-08-04,108.59375,108.59375,106.25,106.25,106.25,1344
1999-08-05,106.25,107.8125,104.6875,107.03125,107.03125,1408
1999-08-06,104.6875,106.25,101.5625,106.25,106.25,1000
1999-08-09,106.25,106.25,103.125,103.125,103.125,760
1999-08-10,104.6875,105.46875,100.0,101.5625,101.5625,896
1999-08-11,100.0,106.25,100.0,106.25,106.25,912
1999-08-12,104.6875,106.25,103.125,106.25,106.25,416
1999-08-13,106.25,106.25,104.6875,106.25,106.25,952
1999-08-16,104.6875,107.03125,104.6875,104.6875,104.6875,712
1999-08-17,104.6875,110.9375,104.6875,110.9375,110.9375,6208
1999-08-18,110.9375,110.9375,107.8125,110.9375,110.9375,272
1999-08-19,109.375,110.15625,108.59375,109.375,109.375,464
1999-08-20,109.375,110.9375,108.59375,110.9375,110.9375,112
1999-08-23,108.59375,109.375,107.8125,107.8125,107.8125,224
1999-08-24,107.8125,110.15625,106.25,106.25,106.25,176
1999-08-25,109.375,110.9375,107.8125,107.8125,107.8125,360
1999-08-26,109.375,110.9375,107.8125,110.9375,110.9375,640
1999-08-27,110.9375,110.9375,107.8125,107.8125,107.8125,488
1999-08-30,109.375,110.9375,107.8125,110.9375,110.9375,576
1999-08-31,109.375,110.9375,107.8125,107.8125,107.8125,2360
1999-09-01,107.8125,107.8125,106.25,107.8125,107.8125,536
1999-09-02,107.03125,108.59375,107.03125,107.8125,107.8125,464
1999-09-03,107.03125,109.375,107.03125,107.8125,107.8125,720
1999-09-07,110.9375,112.5,109.375,110.9375,110.9375,1792
1999-09-08,109.375,110.9375,107.8125,107.8125,107.8125,672
1999-09-09,109.375,109.375,106.25,108.59375,108.59375,624
1999-09-10,107.8125,107.8125,106.25,106.25,106.25,752
1999-09-13,107.8125,108.59375,107.03125,107.03125,107.03125,216
1999-09-14,106.25,107.8125,106.25,107.8125,107.8125,384
1999-09-15,109.375,109.375,107.03125,108.59375,108.59375,280
1999-09-16,107.8125,107.8125,107.8125,107.8125,107.8125,200
1999-09-17,109.375,109.375,107.8125,107.8125,107.8125,392
1999-09-20,107.03125,109.375,107.03125,109.375,109.375,336
1999-09-21,107.8125,109.375,107.8125,109.375,109.375,272
1999-09-22,107.8125,109.375,107.8125,109.375,109.375,504
1999-09-23,107.8125,110.15625,107.03125,109.375,109.375,624
1999-09-24,107.8125,107.8125,106.25,106.25,106.25,13192
1999-09-27,106.25,106.25,103.90625,103.90625,103.90625,1216
1999-09-28,105.46875,105.46875,101.5625,101.5625,101.5625,328
1999-09-29,100.0,100.0,98.4375,98.4375,98.4375,664
1999-09-30,100.0,100.0,96.875,96.875,96.875,296
1999-10-01,96.875,97.65625,96.875,97.65625,97.65625,1144
1999-10-04,96.09375,101.5625,96.09375,98.4375,98.4375,928
1999-10-05,100.0,100.0,100.0,100.0,100.0,64
1999-10-06,96.875,98.4375,96.875,98.4375,98.4375,48
1999-10-07,98.4375,98.4375,95.3125,96.875,96.875,424
1999-10-08,96.875,96.875,96.875,96.875,96.875,216
1999-10-11,96.875,96.875,94.53125,94.53125,94.53125,232
1999-10-12,96.875,96.875,89.0625,90.625,90.625,688
1999-10-13,90.625,90.625,88.28125,88.28125,88.28125,688
1999-10-14,89.0625,89.0625,85.9375,85.9375,85.9375,1192
1999-10-15,84.375,84.375,83.59375,83.59375,83.59375,248
1999-10-18,82.8125,82.8125,79.6875,82.8125,82.8125,504
1999-10-19,83.59375,83.59375,82.8125,82.8125,82.8125,288
1999-10-20,82.03125,85.15625,82.03125,85.15625,85.15625,400
1999-10-21,86.71875,86.71875,86.71875,86.71875,86.71875,40
1999-10-22,85.15625,85.15625,82.03125,82.03125,82.03125,232
1999-10-25,83.59375,84.375,82.8125,82.8125,82.8125,352
1999-10-26,83.59375,83.59375,82.03125,82.03125,82.03125,432
1999-10-27,82.03125,82.03125,79.6875,79.6875,79.6875,1512
1999-10-28,78.125,79.6875,74.21875,75.0,75.0,1496
1999-10-29,77.34375,82.03125,77.34375,79.6875,79.6875,4640
1999-11-01,79.6875,79.6875,79.6875,79.6875,79.6875,832
1999-11-02,78.125,79.6875,78.125,79.6875,79.6875,728
1999-11-03,81.25,82.8125,81.25,82.8125,82.8125,728
1999-11-04,82.8125,84.375,82.8125,82.8125,82.8125,584
1999-11-05,82.8125,82.8125,81.25,82.8125,82.8125,1168
1999-11-08,82.8125,84.375,82.8125,83.59375,83.59375,800
1999-11-09,83.59375,85.9375,82.8125,85.15625,85.15625,672
1999-11-10,83.59375,85.9375,83.59375,83.59375,83.59375,568
1999-11-11,82.8125,82.8125,79.6875,79.6875,79.6875,1504
1999-11-12,81.25,81.25,78.125,78.125,78.125,1312
1999-11-15,81.25,81.25,78.125,78.125,78.125,1584
1999-11-16,78.125,80.46875,78.125,78.125,78.125,1560
1999-11-17,77.34375,78.90625,76.5625,78.90625,78.90625,816
1999-11-18,77.34375,79.6875,77.34375,78.125,78.125,424
1999-11-19,77.34375,78.90625,77.34375,77.34375,77.34375,536
1999-11-22,77.34375,77.34375,76.5625,76.5625,76.5625,744
1999-11-23,78.125,78.125,77.34375,77.34375,77.34375,240
1999-11-24,77.34375,78.90625,77.34375,78.125,78.125,2272
1999-11-26,78.125,79.6875,78.125,79.6875,79.6875,112
1999-11-29,78.125,78.125,75.0,75.0,75.0,2320
1999-11-30,76.5625,85.9375,76.5625,79.6875,79.6875,1696
1999-12-01,78.125,79.6875,77.34375,79.6875,79.6875,408
1999-12-02,76.5625,78.125,76.5625,78.125,78.125,1968
1999-12-03,78.90625,79.6875,76.5625,76.5625,76.5625,1744
1999-12-06,76.5625,80.46875,76.5625,78.90625,78.90625,488
1999-12-07,78.125,79.6875,76.5625,78.125,78.125,504
1999-12-08,76.5625,78.125,75.78125,75.78125,75.78125,592
1999-12-09,75.0,77.34375,72.65625,74.21875,74.21875,1624
1999-12-10,75.78125,75.78125,75.0,75.78125,75.78125,288
1999-12-13,74.21875,76.5625,74.21875,75.0,75.0,832
1999-12-14,75.0,75.0,65.625,69.53125,69.53125,3824
1999-12-15,69.53125,71.875,67.1875,71.875,71.875,2424
1999-12-16,69.53125,71.875,69.53125,71.09375,71.09375,1320
1999-12-17,72.65625,73.4375,71.09375,71.09375,71.09375,800
1999-12-20,71.09375,77.34375,71.09375,77.34375,77.34375,1880
1999-12-21,77.34375,77.34375,71.875,71.875,71.875,3512
1999-12-22,70.3125,74.21875,70.3125,70.3125,70.3125,1600
1999-12-23,71.875,75.0,71.875,73.4375,73.4375,1168
1999-12-27,75.0,77.34375,75.0,76.5625,76.5625,2560
1999-12-28,75.78125,77.34375,75.0,76.5625,76.5625,1056
1999-12-29,75.78125,78.125,75.0,77.34375,77.34375,6472
1999-12-30,76.5625,81.25,76.5625,78.90625,78.90625,1448
1999-12-31,79.6875,81.25,79.6875,79.6875,79.6875,1104
2000-01-03,78.90625,80.46875,75.0,76.5625,76.5625,2560
2000-01-04,75.0,76.5625,75.0,76.5625,76.5625,688
2000-01-05,78.125,79.6875,78.125,78.90625,78.90625,360
2000-01-06,79.6875,81.25,78.125,78.125,78.125,912
2000-01-07,78.125,81.25,76.5625,78.125,78.125,784
2000-01-10,77.34375,78.125,77.34375,78.125,78.125,968
2000-01-11,77.34375,77.34375,77.34375,77.34375,77.34375,1000
2000-01-12,77.34375,78.125,77.34375,78.125,78.125,744
2000-01-13,78.90625,79.6875,77.34375,77.34375,77.34375,560
2000-01-14,78.90625,79.6875,78.125,78.125,78.125,2048
2000-01-18,79.6875,81.25,78.90625,78.90625,78.90625,576
2000-01-19,80.46875,81.25,78.90625,79.6875,79.6875,1528
2000-01-20,78.125,79.6875,77.34375,78.125,78.125,608
2000-01-21,76.5625,76.5625,75.0,75.0,75.0,2168
2000-01-24,76.5625,78.125,75.0,75.0,75.0,1456
2000-01-25,76.5625,78.125,76.5625,77.34375,77.34375,4872
2000-01-26,75.0,76.5625,75.0,75.0,75.0,3856
2000-01-27,76.5625,76.5625,75.0,76.5625,76.5625,688
2000-01-28,74.21875,75.78125,73.4375,73.4375,73.4375,592
2000-01-31,75.78125,79.6875,75.0,79.6875,79.6875,3784
2000-02-01,78.125,79.6875,78.125,78.125,78.125,720
2000-02-02,78.125,80.46875,78.125,78.90625,78.90625,832
2000-02-03,77.34375,81.25,77.34375,81.25,81.25,744
2000-02-04,78.125,78.125,76.5625,78.125,78.125,1080
2000-02-07,78.125,81.25,78.125,79.6875,79.6875,664
2000-02-08,78.125,81.25,78.125,78.125,78.125,816
2000-02-09,79.6875,79.6875,78.125,78.125,78.125,664
2000-02-10,77.34375,77.34375,73.4375,75.0,75.0,1528
2000-02-11,75.0,78.125,70.3125,72.65625,72.65625,1784
2000-02-14,73.4375,76.5625,73.4375,75.0,75.0,440
2000-02-15,75.0,75.0,75.0,75.0,75.0,464
2000-02-16,75.0,76.5625,75.0,76.5625,76.5625,168
2000-02-17,75.0,76.5625,74.21875,75.78125,75.78125,592
2000-02-18,75.0,75.0,73.4375,75.0,75.0,944
2000-02-22,75.0,76.5625,75.0,76.5625,76.5625,520
2000-02-23,75.0,78.125,75.0,75.78125,75.78125,1496
2000-02-24,75.0,75.0,71.875,73.4375,73.4375,1248
2000-02-25,74.21875,76.5625,73.4375,73.4375,73.4375,1072
2000-02-28,73.4375,75.78125,73.4375,75.78125,75.78125,1832
2000-02-29,73.4375,75.78125,73.4375,73.4375,73.4375,720
2000-03-01,75.0,75.78125,73.4375,73.4375,73.4375,624
2000-03-02,75.78125,75.78125,73.4375,73.4375,73.4375,448
2000-03-03,73.4375,75.0,73.4375,73.4375,73.4375,1648
2000-03-06,75.0,76.5625,75.0,75.0,75.0,720
2000-03-07,73.4375,76.5625,73.4375,76.5625,76.5625,704
2000-03-08,75.78125,75.78125,73.4375,74.21875,74.21875,1144
2000-03-09,75.78125,75.78125,73.4375,73.4375,73.4375,696
2000-03-10,73.4375,76.5625,73.4375,75.78125,75.78125,984
2000-03-13,75.0,75.78125,71.875,71.875,71.875,2008
2000-03-14,72.65625,72.65625,68.75,69.53125,69.53125,2264
2000-03-15,68.75,73.4375,67.96875,70.3125,70.3125,4552
2000-03-16,71.875,75.78125,70.3125,75.0,75.0,15944
2000-03-17,75.0,78.90625,73.4375,75.78125,75.78125,4080
2000-03-20,75.78125,78.125,75.0,76.5625,76.5625,2752
2000-03-21,76.5625,79.6875,74.21875,74.21875,74.21875,2144
2000-03-22,74.21875,78.125,74.21875,75.78125,75.78125,1184
2000-03-23,77.34375,79.6875,77.34375,79.6875,79.6875,2384
2000-03-24,79.6875,79.6875,78.125,78.125,78.125,368
2000-03-27,78.125,79.6875,78.125,79.6875,79.6875,160
2000-03-28,78.125,79.6875,75.0,76.5625,76.5625,1752
2000-03-29,78.125,78.90625,77.34375,77.34375,77.34375,848
2000-03-30,78.125,79.6875,75.0,75.0,75.0,1872
2000-03-31,76.5625,82.8125,76.5625,76.5625,76.5625,2536
2000-04-03,76.5625,79.6875,76.5625,78.125,78.125,2392
2000-04-04,77.34375,81.25,77.34375,79.6875,79.6875,2072
2000-04-05,76.5625,81.25,76.5625,78.125,78.125,1008
2000-04-06,79.6875,79.6875,78.90625,79.6875,79.6875,192
2000-04-07,79.6875,79.6875,79.6875,79.6875,79.6875,824
2000-04-10,77.34375,78.125,77.34375,78.125,78.125,1416
2000-04-11,76.5625,77.34375,76.5625,77.34375,77.34375,88
2000-04-12,76.5625,78.90625,76.5625,78.125,78.125,424
2000-04-13,79.6875,79.6875,78.125,78.90625,78.90625,888
2000-04-14,79.6875,79.6875,75.0,76.5625,76.5625,880
2000-04-17,75.0,75.0,72.65625,72.65625,72.65625,728
2000-04-18,73.4375,77.34375,73.4375,77.34375,77.34375,368
2000-04-19,79.6875,81.25,78.125,78.90625,78.90625,2384
2000-04-20,80.46875,80.46875,78.90625,78.90625,78.90625,200
2000-04-24,79.6875,79.6875,78.125,78.125,78.125,168
2000-04-25,76.5625,78.125,76.5625,78.125,78.125,200
2000-04-26,76.5625,78.125,76.5625,76.5625,76.5625,696
2000-04-27,75.0,75.0,75.0,75.0,75.0,112
2000-04-28,75.0,75.78125,73.4375,73.4375,73.4375,792
2000-05-01,75.0,79.6875,75.0,78.125,78.125,744
2000-05-02,79.6875,79.6875,78.125,79.6875,79.6875,840
2000-05-03,76.5625,78.125,76.5625,78.125,78.125,520
2000-05-04,76.5625,78.125,76.5625,78.125,78.125,1000
2000-05-05,78.125,79.6875,74.21875,75.78125,75.78125,8344
2000-05-08,75.0,76.5625,75.0,76.5625,76.5625,136
2000-05-09,76.5625,77.34375,75.78125,75.78125,75.78125,664
2000-05-10,75.0,75.0,75.0,75.0,75.0,416
2000-05-11,75.0,78.125,75.0,78.125,78.125,312
2000-05-12,78.125,79.6875,75.0,75.0,75.0,208
2000-05-15,75.0,75.0,73.4375,75.0,75.0,1176
2000-05-16,74.21875,74.21875,73.4375,73.4375,73.4375,168
2000-05-17,75.0,75.0,73.4375,73.4375,73.4375,1920
2000-05-18,71.875,76.5625,71.875,75.0,75.0,264
2000-05-19,76.5625,76.5625,71.875,71.875,71.875,640
2000-05-22,73.4375,73.4375,71.875,71.875,71.875,440
2000-05-23,71.875,71.875,71.875,71.875,71.875,0
2000-05-24,73.4375,73.4375,71.09375,71.09375,71.09375,376
2000-05-25,70.3125,70.3125,70.3125,70.3125,70.3125,160
2000-05-26,70.3125,72.65625,70.3125,70.3125,70.3125,392
2000-05-30,71.09375,73.4375,71.09375,73.4375,73.4375,160
2000-05-31,71.875,71.875,67.1875,68.75,68.75,1200
2000-06-01,69.53125,71.09375,68.75,68.75,68.75,1128
2000-06-02,70.3125,71.09375,68.75,68.75,68.75,528
2000-06-05,68.75,70.3125,67.96875,68.75,68.75,1104
2000-06-06,68.75,70.3125,68.75,69.53125,69.53125,1608
2000-06-07,67.96875,73.4375,67.96875,73.4375,73.4375,1720
2000-06-08,72.65625,76.5625,72.65625,75.0,75.0,1544
2000-06-09,72.65625,75.0,72.65625,72.65625,72.65625,280
2000-06-12,71.09375,72.65625,71.09375,71.875,71.875,1256
2000-06-13,71.875,73.4375,71.875,73.4375,73.4375,112
2000-06-14,73.4375,75.0,73.4375,74.21875,74.21875,216
2000-06-15,72.65625,75.0,71.875,71.875,71.875,720
2000-06-16,71.875,73.4375,71.875,73.4375,73.4375,136
2000-06-19,71.875,71.875,71.875,71.875,71.875,200
2000-06-20,71.875,73.4375,71.875,73.4375,73.4375,736
2000-06-21,72.65625,72.65625,72.65625,72.65625,72.65625,264
2000-06-22,71.875,71.875,71.875,71.875,71.875,584
2000-06-23,71.09375,73.4375,70.3125,72.65625,72.65625,1096
2000-06-26,72.65625,74.21875,71.875,73.4375,73.4375,840
2000-06-27,72.65625,75.0,72.65625,75.0,75.0,368
2000-06-28,75.0,76.5625,74.21875,75.78125,75.78125,1232
2000-06-29,75.78125,77.34375,74.21875,75.78125,75.78125,1216
2000-06-30,75.0,75.0,73.4375,75.0,75.0,336
2000-07-03,73.4375,75.0,73.4375,74.21875,74.21875,192
2000-07-05,73.4375,73.4375,71.875,73.4375,73.4375,1224
2000-07-06,72.65625,76.5625,72.65625,75.78125,75.78125,4792
2000-07-07,75.78125,76.5625,72.65625,72.65625,72.65625,696
2000-07-10,72.65625,74.21875,72.65625,74.21875,74.21875,336
2000-07-11,72.65625,74.21875,72.65625,74.21875,74.21875,960
2000-07-12,73.4375,76.5625,73.4375,76.5625,76.5625,480
2000-07-13,76.5625,76.5625,72.65625,75.0,75.0,7400
2000-07-14,74.21875,74.21875,74.21875,74.21875,74.21875,2432
2000-07-17,72.65625,74.21875,71.875,71.875,71.875,3016
2000-07-18,71.875,73.4375,71.875,71.875,71.875,15528
2000-07-19,73.4375,75.0,72.65625,72.65625,72.65625,4200
2000-07-20,72.65625,72.65625,72.65625,72.65625,72.65625,0
2000-07-21,72.65625,74.21875,71.875,73.4375,73.4375,12016
2000-07-24,72.65625,75.0,72.65625,74.21875,74.21875,200
2000-07-25,74.21875,74.21875,74.21875,74.21875,74.21875,320
2000-07-26,76.5625,76.5625,74.21875,74.21875,74.21875,1160
2000-07-27,74.21875,75.0,74.21875,75.0,75.0,384
2000-07-28,75.0,75.0,75.0,75.0,75.0,216
2000-07-31,76.5625,76.5625,74.21875,75.0,75.0,480
2000-08-01,73.4375,73.4375,73.4375,73.4375,73.4375,232
2000-08-02,75.0,78.90625,75.0,78.125,78.125,1584
2000-08-03,78.90625,79.6875,78.125,78.125,78.125,2296
2000-08-04,76.5625,84.375,76.5625,84.375,84.375,2576
2000-08-07,87.5,95.3125,87.5,91.40625,91.40625,7800
2000-08-08,91.40625,98.4375,91.40625,92.96875,92.96875,5344
2000-08-09,93.75,95.3125,89.84375,92.1875,92.1875,4496
2000-08-10,92.1875,92.1875,90.625,90.625,90.625,248
2000-08-11,89.84375,91.40625,89.84375,91.40625,91.40625,824
2000-08-14,90.625,90.625,87.5,89.0625,89.0625,880
2000-08-15,90.625,93.75,89.0625,89.0625,89.0625,1272
2000-08-16,89.0625,90.625,89.0625,90.625,90.625,280
2000-08-17,87.5,89.84375,87.5,88.28125,88.28125,704
2000-08-18,90.625,90.625,89.0625,89.0625,89.0625,1416
2000-08-21,90.625,90.625,90.625,90.625,90.625,80
2000-08-22,90.625,90.625,90.625,90.625,90.625,8
2000-08-23,89.0625,89.84375,87.5,89.84375,89.84375,344
2000-08-24,88.28125,91.40625,88.28125,89.84375,89.84375,7168
2000-08-25,88.28125,88.28125,88.28125,88.28125,88.28125,440
2000-08-28,87.5,87.5,82.03125,82.03125,82.03125,2432
2000-08-29,83.59375,87.5,82.8125,87.5,87.5,9056
2000-08-30,87.5,90.625,87.5,90.625,90.625,6424
2000-08-31,90.625,90.625,89.0625,89.84375,89.84375,2944
2000-09-01,89.84375,89.84375,87.5,87.5,87.5,1016
2000-09-05,87.5,88.28125,87.5,87.5,87.5,640
2000-09-06,88.28125,88.28125,88.28125,88.28125,88.28125,2232
2000-09-07,88.28125,88.28125,85.9375,88.28125,88.28125,4064
2000-09-08,89.0625,92.1875,89.0625,92.1875,92.1875,3408
2000-09-11,92.96875,98.4375,92.96875,97.65625,97.65625,1936
2000-09-12,97.65625,97.65625,95.3125,95.3125,95.3125,2952
2000-09-13,96.09375,97.65625,95.3125,96.875,96.875,1816
2000-09-14,96.875,96.875,96.09375,96.09375,96.09375,1456
2000-09-15,96.875,97.65625,95.3125,96.875,96.875,2448
2000-09-18,94.53125,94.53125,92.1875,93.75,93.75,1480
2000-09-19,95.3125,95.3125,92.1875,93.75,93.75,1336
2000-09-20,92.1875,93.75,92.1875,93.75,93.75,1536
2000-09-21,92.1875,92.1875,92.1875,92.1875,92.1875,192
2000-09-22,92.1875,92.96875,92.1875,92.96875,92.96875,240
2000-09-25,95.3125,95.3125,92.96875,93.75,93.75,1240
2000-09-26,94.53125,94.53125,92.96875,93.75,93.75,360
2000-09-27,92.1875,93.75,90.625,92.1875,92.1875,1456
2000-09-28,92.1875,95.3125,91.40625,95.3125,95.3125,1280
2000-09-29,93.75,93.75,92.96875,92.96875,92.96875,1096
2000-10-02,93.75,93.75,92.1875,92.1875,92.1875,4552
2000-10-03,92.1875,95.3125,92.1875,92.1875,92.1875,5168
2000-10-04,95.3125,99.21875,95.3125,96.09375,96.09375,6896
2000-10-05,95.3125,95.3125,94.53125,94.53125,94.53125,1120
2000-10-06,93.75,93.75,92.96875,92.96875,92.96875,432
2000-10-09,92.96875,92.96875,92.96875,92.96875,92.96875,0
2000-10-10,92.96875,92.96875,92.96875,92.96875,92.96875,8
2000-10-11,92.1875,92.1875,88.28125,89.0625,89.0625,1352
2000-10-12,90.625,90.625,88.28125,88.28125,88.28125,7768
2000-10-13,87.5,90.625,86.71875,87.5,87.5,5376
2000-10-16,85.9375,87.5,85.15625,87.5,87.5,4312
2000-10-17,87.5,87.5,86.71875,86.71875,86.71875,1144
2000-10-18,85.15625,86.71875,85.15625,85.9375,85.9375,1048
2000-10-19,85.15625,85.9375,84.375,85.9375,85.9375,3472
2000-10-20,87.5,89.84375,87.5,89.84375,89.84375,264
2000-10-23,89.84375,89.84375,88.28125,89.0625,89.0625,752
2000-10-24,89.84375,90.625,89.0625,89.84375,89.84375,280
2000-10-25,89.84375,90.625,89.0625,89.84375,89.84375,2728
2000-10-26,89.0625,90.625,88.28125,89.84375,89.84375,1608
2000-10-27,90.625,91.40625,90.625,91.40625,91.40625,1680
2000-10-30,90.625,90.625,89.84375,89.84375,89.84375,6808
2000-10-31,90.625,90.625,89.84375,90.625,90.625,2440
2000-11-01,90.625,90.625,89.84375,89.84375,89.84375,3328
2000-11-02,90.625,92.1875,89.84375,92.1875,92.1875,9184
2000-11-03,93.75,96.875,93.75,95.3125,95.3125,5232
2000-11-06,95.3125,98.4375,95.3125,98.4375,98.4375,2544
2000-11-07,100.78125,100.78125,99.21875,99.21875,99.21875,3448
2000-11-08,99.21875,99.21875,96.875,98.4375,98.4375,520
2000-11-09,96.875,103.125,96.875,103.125,103.125,4816
2000-11-10,103.125,103.125,101.5625,101.5625,101.5625,912
2000-11-13,100.0,100.78125,96.875,100.78125,100.78125,2064
2000-11-14,101.5625,101.5625,100.0,100.0,100.0,1144
2000-11-15,100.0,100.0,90.625,98.4375,98.4375,10160
2000-11-16,98.4375,98.4375,98.4375,98.4375,98.4375,144
2000-11-17,96.09375,97.65625,96.09375,97.65625,97.65625,6040
2000-11-20,97.65625,97.65625,97.65625,97.65625,97.65625,16
2000-11-21,96.875,96.875,95.3125,96.09375,96.09375,2000
2000-11-22,96.09375,96.09375,92.96875,95.3125,95.3125,3680
2000-11-24,94.53125,95.3125,94.53125,94.53125,94.53125,1560
2000-11-27,95.3125,99.21875,94.53125,99.21875,99.21875,7488
2000-11-28,98.4375,99.21875,96.875,99.21875,99.21875,4032
2000-11-29,99.21875,100.0,98.4375,99.21875,99.21875,3752
2000-11-30,99.21875,99.21875,96.09375,96.09375,96.09375,256
2000-12-01,96.09375,97.65625,94.53125,96.09375,96.09375,4248
2000-12-04,96.09375,96.09375,96.09375,96.09375,96.09375,120
2000-12-05,96.09375,101.5625,96.09375,101.5625,101.5625,10744
2000-12-06,102.34375,102.34375,99.21875,100.0,100.0,1232
2000-12-07,100.0,102.34375,100.0,101.5625,101.5625,5024
2000-12-08,103.125,109.375,103.125,107.03125,107.03125,6736
2000-12-11,108.59375,112.5,108.59375,111.71875,111.71875,8592
2000-12-12,111.71875,118.75,111.71875,115.625,115.625,10408
2000-12-13,115.625,119.53125,113.28125,114.84375,114.84375,4512
2000-12-14,115.625,120.3125,114.0625,114.84375,114.84375,6120
2000-12-15,115.625,115.625,114.0625,115.625,115.625,728
2000-12-18,117.1875,117.96875,114.0625,116.40625,116.40625,5144
2000-12-19,115.625,115.625,113.28125,113.28125,113.28125,6880
2000-12-20,114.0625,114.0625,107.03125,110.9375,110.9375,3064
2000-12-21,107.8125,110.9375,107.03125,108.59375,108.59375,1760
2000-12-22,110.15625,110.15625,107.8125,108.59375,108.59375,3232
2000-12-26,107.8125,111.71875,107.8125,111.71875,111.71875,3320
2000-12-27,111.71875,117.1875,111.71875,117.1875,117.1875,656
2000-12-28,115.625,117.1875,114.0625,114.84375,114.84375,2816
2000-12-29,117.1875,117.1875,115.625,117.1875,117.1875,3472
2001-01-02,116.40625,116.40625,114.84375,116.40625,116.40625,128
2001-01-03,114.84375,117.1875,112.5,116.40625,116.40625,2384
2001-01-04,116.40625,117.96875,113.28125,115.625,115.625,8176
2001-01-05,115.625,115.625,112.5,112.5,112.5,7168
2001-01-08,113.28125,113.28125,106.25,107.03125,107.03125,4632
2001-01-09,107.03125,108.59375,105.46875,108.59375,108.59375,8040
2001-01-10,110.15625,110.9375,107.8125,109.375,109.375,3224
2001-01-11,110.15625,110.15625,108.59375,110.15625,110.15625,4976
2001-01-12,110.9375,110.9375,107.8125,110.15625,110.15625,3120
2001-01-16,111.71875,111.71875,107.8125,110.15625,110.15625,4560
2001-01-17,110.15625,112.5,108.59375,110.9375,110.9375,5744
2001-01-18,112.5,112.5,109.375,109.375,109.375,18384
2001-01-19,110.15625,114.0625,110.15625,112.5,112.5,10968
2001-01-22,112.5,114.0625,110.9375,110.9375,110.9375,10024
2001-01-23,110.9375,112.5,110.9375,112.5,112.5,1168
2001-01-24,107.8125,114.0625,106.25,114.0625,114.0625,25272
2001-01-25,112.5,117.96875,112.5,117.1875,117.1875,14624
2001-01-26,117.96875,119.53125,116.40625,119.53125,119.53125,12208
2001-01-29,120.25,123.375,118.75,121.25,121.25,9264
2001-01-30,121.25,124.875,121.25,121.25,121.25,3200
2001-01-31,121.25,123.125,116.5,121.25,121.25,3832
2001-02-01,121.875,124.25,121.25,121.25,121.25,4536
2001-02-02,119.375,121.25,118.5,118.5,118.5,2768
2001-02-05,118.625,121.875,118.625,118.75,118.75,4520
2001-02-06,121.25,126.5,120.375,124.875,124.875,21832
2001-02-07,125.0,126.875,122.625,126.875,126.875,9640
2001-02-08,126.875,127.5,125.0,125.125,125.125,5048
2001-02-09,125.125,125.625,120.625,121.875,121.875,2848
2001-02-12,120.125,122.5,120.0,121.25,121.25,7240
2001-02-13,121.625,127.25,121.625,126.875,126.875,10160
2001-02-14,126.875,126.875,122.5,123.125,123.125,1576
2001-02-15,125.625,133.75,125.625,132.5,132.5,20544
2001-02-16,132.5,132.5,130.0,131.875,131.875,4464
2001-02-20,135.0,136.0,132.5,134.375,134.375,14240
2001-02-21,135.625,135.625,128.125,128.125,128.125,5240
2001-02-22,128.75,134.375,121.25,121.25,121.25,5576
2001-02-23,120.0,125.0,118.75,121.25,121.25,2824
2001-02-26,121.25,124.75,109.375,124.75,124.75,1968
2001-02-27,124.75,130.25,120.625,130.0,130.0,3416
2001-02-28,130.0,135.875,126.25,135.875,135.875,18232
2001-03-01,135.875,136.0,126.875,133.625,133.625,6536
2001-03-02,135.75,153.125,133.625,147.5,147.5,19984
2001-03-05,150.0,156.25,148.75,155.625,155.625,19968
2001-03-06,156.875,157.5,154.375,156.125,156.125,10000
2001-03-07,156.25,156.875,151.5,154.25,154.25,9872
2001-03-08,154.25,158.75,154.25,155.625,155.625,9624
2001-03-09,155.625,162.375,155.625,161.25,161.25,10784
2001-03-12,163.0,167.5,159.375,159.375,159.375,26224
2001-03-13,164.375,165.0,155.625,158.75,158.75,9144
2001-03-14,156.25,156.25,150.0,151.375,151.375,12256
2001-03-15,151.375,153.625,150.0,152.25,152.25,6640
2001-03-16,152.25,160.0,150.75,151.0,151.0,6880
2001-03-19,152.5,158.125,151.875,155.625,155.625,9864
2001-03-20,156.0,157.25,154.25,155.0,155.0,7184
2001-03-21,150.0,159.75,149.875,156.875,156.875,12560
2001-03-22,157.5,160.0,141.875,151.25,151.25,9352
2001-03-23,152.5,159.375,147.5,157.375,157.375,15816
2001-03-26,165.625,174.625,162.75,173.125,173.125,54352
2001-03-27,173.75,174.125,166.75,171.25,171.25,28552
2001-03-28,168.125,171.875,163.25,167.5,167.5,7440
2001-03-29,167.5,171.25,163.75,166.25,166.25,12864
2001-03-30,167.5,181.25,163.75,179.625,179.625,28952
2001-04-02,196.25,200.0,186.25,187.625,187.625,43520
2001-04-03,187.625,193.75,176.25,177.5,177.5,12992
2001-04-04,177.5,179.375,157.5,161.25,161.25,17496
2001-04-05,162.5,166.25,159.625,162.5,162.5,19384
2001-04-06,162.5,163.125,156.0,162.5,162.5,17144
2001-04-09,168.75,174.375,167.0,174.125,174.125,24224
2001-04-10,175.0,188.625,175.0,185.125,185.125,23200
2001-04-11,192.5,195.0,183.75,186.875,186.875,24984
2001-04-12,186.875,195.0,186.875,193.875,193.875,17232
2001-04-16,196.875,198.5,194.0,195.5,195.5,22088
2001-04-17,198.625,198.625,193.875,196.25,196.25,8960
2001-04-18,199.375,199.875,185.625,189.375,189.375,14120
2001-04-19,196.875,198.75,189.375,198.125,198.125,13136
2001-04-20,199.375,200.0,195.625,198.875,198.875,14664
2001-04-23,202.0,206.125,199.375,201.5,201.5,21176
2001-04-24,206.25,213.375,205.0,210.0,210.0,23160
2001-04-25,213.75,221.875,211.25,221.875,221.875,21712
2001-04-26,225.0,230.5,220.25,223.125,223.125,25560
2001-04-27,223.125,225.625,221.875,223.75,223.75,16480
2001-04-30,234.375,234.375,224.5,231.125,231.125,38400
2001-05-01,237.5,237.5,224.75,225.0,225.0,25016
2001-05-02,221.875,222.75,162.5,188.5,188.5,98400
2001-05-03,187.5,195.0,187.5,194.375,194.375,15712
2001-05-04,197.5,217.5,196.25,217.375,217.375,27128
2001-05-07,220.0,234.25,218.75,231.375,231.375,57744
2001-05-08,234.5,240.0,225.375,236.25,236.25,31408
2001-05-09,236.375,240.0,231.375,238.625,238.625,17208
2001-05-10,240.5,240.625,234.375,237.5,237.5,11600
2001-05-11,238.375,238.5,233.75,234.5,234.5,10264
2001-05-14,234.5,235.875,222.5,233.125,233.125,15520
2001-05-15,237.375,241.75,231.875,240.0,240.0,10136
2001-05-16,233.125,233.25,218.125,222.375,222.375,28616
2001-05-17,205.0,211.25,188.25,207.25,207.25,37544
2001-05-18,202.5,219.875,202.5,217.875,217.875,17304
2001-05-21,216.25,224.625,202.5,207.5,207.5,29960
2001-05-22,205.0,228.125,190.0,217.375,217.375,42744
2001-05-23,213.75,215.0,212.625,215.0,215.0,7800
2001-05-24,214.875,224.375,204.875,214.375,214.375,22088
2001-05-25,212.5,215.25,197.0,202.5,202.5,18088
2001-05-29,198.125,199.75,191.375,198.5,198.5,20912
2001-05-30,194.375,214.75,191.875,214.75,214.75,17080
2001-05-31,217.875,227.375,207.5,212.375,212.375,22624
2001-06-01,212.375,222.5,206.5,222.5,222.5,20552
2001-06-04,223.75,228.125,213.75,217.5,217.5,36960
2001-06-05,219.375,219.375,206.25,210.875,210.875,16704
2001-06-06,211.75,211.75,201.25,209.625,209.625,10688
2001-06-07,208.75,209.875,201.875,203.125,203.125,7080
2001-06-08,202.5,202.5,188.875,200.5,200.5,17232
2001-06-11,193.75,194.875,168.75,187.5,187.5,26056
2001-06-12,184.375,192.75,183.375,192.5,192.5,11784
2001-06-13,192.5,193.75,187.5,189.375,189.375,4648
2001-06-14,187.5,187.5,183.25,186.875,186.875,7080
2001-06-15,185.625,186.75,176.875,183.125,183.125,21480
2001-06-18,181.875,185.875,175.0,177.125,177.125,22992
2001-06-19,175.875,176.5,166.75,172.375,172.375,28896
2001-06-20,171.875,186.875,171.0,182.5,182.5,25600
2001-06-21,183.625,188.75,179.375,188.125,188.125,16064
2001-06-22,188.125,190.0,185.625,188.0,188.0,14024
2001-06-25,182.5,193.0,182.5,185.625,185.625,18008
2001-06-26,185.0,188.75,183.25,186.25,186.25,8048
2001-06-27,187.5,188.25,182.5,188.125,188.125,19008
2001-06-28,187.5,190.5,185.625,187.375,187.375,8960
2001-06-29,186.25,186.75,172.5,181.375,181.375,52272
2001-07-02,171.25,180.0,167.0,180.0,180.0,42216
2001-07-03,175.625,175.875,170.625,171.875,171.875,17960
2001-07-05,172.0,181.125,172.0,178.0,178.0,7440
2001-07-06,178.75,180.875,173.875,175.5,175.5,12248
2001-07-09,172.5,175.75,172.5,173.125,173.125,23928
2001-07-10,171.875,184.25,171.875,184.25,184.25,14888
2001-07-11,181.25,182.5,177.5,179.375,179.375,11048
2001-07-12,178.75,185.875,177.75,185.125,185.125,10152
2001-07-13,184.375,185.0,175.0,178.0,178.0,18720
2001-07-16,178.0,180.5,175.0,175.25,175.25,14184
2001-07-17,176.25,177.5,173.125,176.125,176.125,24176
2001-07-18,175.0,184.375,175.0,183.125,183.125,11440
2001-07-19,184.375,192.375,184.375,188.375,188.375,12920
2001-07-20,187.5,190.5,186.875,186.875,186.875,11520
2001-07-23,188.0,190.0,180.625,183.125,183.125,7288
2001-07-24,183.125,184.25,177.0,179.25,179.25,11272
2001-07-25,178.75,182.5,176.25,182.5,182.5,11536
2001-07-26,183.125,186.125,181.875,185.625,185.625,8288
2001-07-27,185.0,186.875,178.75,182.75,182.75,7184
2001-07-30,182.5,182.5,175.125,176.0,176.0,11104
2001-07-31,176.875,187.125,176.375,184.375,184.375,9200
2001-08-01,187.375,187.375,182.5,185.0,185.0,6040
2001-08-02,186.25,187.5,180.625,180.625,180.625,6640
2001-08-03,180.625,180.625,176.375,178.0,178.0,5568
2001-08-06,178.75,178.75,170.0,170.0,170.0,11328
2001-08-07,168.75,172.625,168.25,170.375,170.375,9240
2001-08-08,170.375,174.875,168.75,169.25,169.25,5608
2001-08-09,166.25,173.125,166.25,169.75,169.75,11216
2001-08-10,169.625,172.375,168.625,171.25,171.25,3064
2001-08-13,172.5,173.625,153.125,161.25,161.25,28368
2001-08-14,158.75,163.5,156.5,163.5,163.5,14744
2001-08-15,162.5,163.625,161.0,163.375,163.375,2320
2001-08-16,163.375,171.25,163.375,169.75,169.75,5688
2001-08-17,169.875,170.125,165.0,167.75,167.75,5976
2001-08-20,166.625,170.625,166.5,168.5,168.5,3064
2001-08-21,168.25,174.125,168.0,168.0,168.0,3240
2001-08-22,169.0,169.875,166.375,167.0,167.0,2120
2001-08-23,167.0,171.875,167.0,170.0,170.0,6416
2001-08-24,171.25,174.75,170.625,174.375,174.375,6392
2001-08-27,173.125,173.75,168.75,170.875,170.875,4104
2001-08-28,171.875,180.0,171.875,179.25,179.25,7784
2001-08-29,179.5,182.5,179.5,179.75,179.75,19648
2001-08-30,180.0,181.125,176.25,176.25,176.25,9216
2001-08-31,176.375,179.25,175.0,177.5,177.5,8680
2001-09-04,173.75,178.0,172.5,177.5,177.5,7952
2001-09-05,176.25,179.75,175.0,175.375,175.375,7168
2001-09-06,177.375,177.375,172.5,175.875,175.875,7128
2001-09-07,174.875,175.0,161.625,165.0,165.0,12240
2001-09-10,163.75,169.875,160.0,168.75,168.75,12320
2001-09-17,159.375,161.25,155.625,158.125,158.125,8976
2001-09-18,157.5,161.375,157.5,161.25,161.25,4200
2001-09-19,160.625,161.0,149.125,152.25,152.25,5656
2001-09-20,151.625,151.625,136.5,137.375,137.375,12608
2001-09-21,134.875,134.875,121.375,126.875,126.875,13056
2001-09-24,128.0,136.875,128.0,136.25,136.25,9896
2001-09-25,136.875,143.125,136.875,140.625,140.625,4504
2001-09-26,141.875,141.875,137.5,139.375,139.375,7008
2001-09-27,137.5,141.875,136.5,140.5,140.5,2304
2001-09-28,140.0,145.5,140.0,144.125,144.125,9424
2001-10-01,145.25,153.0,145.25,149.875,149.875,5664
2001-10-02,150.0,156.25,150.0,154.875,154.875,3704
2001-10-03,155.0,161.875,152.5,161.875,161.875,4744
2001-10-04,163.0,166.125,159.375,161.125,161.125,3976
2001-10-05,161.125,162.0,153.375,154.75,154.75,2744
2001-10-08,151.25,152.875,150.125,151.25,151.25,3296
2001-10-09,150.625,150.625,142.5,147.5,147.5,8176
2001-10-10,147.5,154.375,147.5,154.0,154.0,9144
2001-10-11,154.0,163.625,153.875,162.0,162.0,4904
2001-10-12,160.125,161.875,158.125,158.125,158.125,4272
2001-10-15,156.875,157.875,153.75,154.5,154.5,4800
2001-10-16,153.75,156.25,150.625,152.5,152.5,5008
2001-10-17,152.625,155.0,148.125,150.0,150.0,4200
2001-10-18,150.125,150.125,145.25,145.25,145.25,3376
2001-10-19,145.5,148.75,140.0,148.125,148.125,10976
2001-10-22,146.875,146.875,141.25,143.125,143.125,8224
2001-10-23,142.5,148.125,139.375,139.375,139.375,4120
2001-10-24,140.0,143.75,138.375,141.25,141.25,3232
2001-10-25,140.625,144.25,139.375,144.125,144.125,4704
2001-10-26,142.5,149.375,140.0,148.75,148.75,4288
2001-10-29,146.25,148.0,145.0,146.0,146.0,3224
2001-10-30,146.625,146.625,141.875,142.5,142.5,1640
2001-10-31,140.625,146.25,140.625,146.25,146.25,4320
2001-11-01,146.875,149.625,146.25,148.75,148.75,5856
2001-11-02,148.625,149.375,145.625,146.25,146.25,4832
2001-11-05,145.125,148.625,139.5,141.875,141.875,4624
2001-11-06,140.625,140.875,125.0,139.375,139.375,27816
2001-11-07,140.625,151.25,140.0,150.0,150.0,11056
2001-11-08,150.625,161.25,150.625,158.0,158.0,11368
2001-11-09,157.5,158.125,151.875,152.0,152.0,3408
2001-11-12,151.25,156.25,151.25,155.0,155.0,2512
2001-11-13,155.0,161.875,155.0,161.25,161.25,5800
2001-11-14,162.5,173.0,162.5,171.375,171.375,6216
2001-11-15,171.375,171.375,162.0,163.125,163.125,5496
2001-11-16,162.5,162.5,158.625,162.5,162.5,3504
2001-11-19,162.875,162.875,153.125,161.0,161.0,4600
2001-11-20,160.0,160.5,156.0,157.375,157.375,2680
2001-11-21,157.375,157.875,154.875,155.5,155.5,3344
2001-11-23,153.0,156.875,153.0,156.625,156.625,3760
2001-11-26,157.125,157.5,153.125,157.5,157.5,3728
2001-11-27,157.5,158.5,156.25,157.375,157.375,2464
2001-11-28,157.375,158.375,156.375,156.75,156.75,2976
2001-11-29,156.75,160.5,155.5,160.5,160.5,7112
2001-11-30,165.625,174.875,165.0,172.625,172.625,28120
2001-12-03,173.875,178.125,173.75,176.25,176.25,6896
2001-12-04,176.375,183.125,176.375,181.25,181.25,9800
2001-12-05,181.875,200.0,181.875,197.0,197.0,29136
2001-12-06,197.125,199.875,191.25,197.25,197.25,15792
2001-12-07,193.75,200.625,192.5,200.375,200.375,8760
2001-12-10,200.5,201.25,191.25,192.25,192.25,9152
2001-12-11,191.625,196.25,191.625,193.75,193.75,7424
2001-12-12,198.75,205.625,196.5,202.375,202.375,17296
2001-12-13,202.375,205.625,197.75,200.0,200.0,11424
2001-12-14,199.375,201.25,197.5,198.75,198.75,8160
2001-12-17,202.5,205.625,197.5,200.0,200.0,7616
2001-12-18,201.875,208.125,201.875,208.125,208.125,23400
2001-12-19,209.375,234.375,209.375,232.375,232.375,40920
2001-12-20,233.125,239.375,225.0,226.625,226.625,17848
2001-12-21,229.75,233.5,219.375,230.5,230.5,18576
2001-12-24,233.625,246.875,231.875,244.0,244.0,13568
2001-12-26,244.0,262.5,244.0,257.0,257.0,31688
2001-12-27,259.375,261.875,251.75,253.375,253.375,15128
2001-12-28,253.375,271.25,251.625,268.125,268.125,30720
2001-12-31,265.0,275.375,262.5,266.0,266.0,34696
2002-01-02,269.125,273.125,252.0,258.0,258.0,28608
2002-01-03,257.5,275.0,255.0,256.25,256.25,37056
2002-01-04,258.75,261.25,248.75,255.625,255.625,24288
2002-01-07,265.625,265.625,255.875,258.0,258.0,26320
2002-01-08,258.75,262.125,256.375,258.25,258.25,9824
2002-01-09,262.5,264.375,257.5,259.375,259.375,30760
2002-01-10,264.375,264.875,251.875,252.5,252.5,18408
2002-01-11,253.75,258.125,241.875,243.75,243.75,17432
2002-01-14,245.0,256.25,235.0,256.125,256.125,23264
2002-01-15,256.125,260.5,253.625,255.25,255.25,8712
2002-01-16,255.25,255.5,248.125,251.25,251.25,11744
2002-01-17,252.5,258.25,246.875,251.875,251.875,9856
2002-01-18,250.0,252.5,246.875,249.375,249.375,10392
2002-01-22,250.0,262.5,249.5,254.5,254.5,15384
2002-01-23,257.625,260.0,249.875,249.875,249.875,18304
2002-01-24,258.75,259.125,253.375,255.0,255.0,28048
2002-01-25,255.625,262.375,255.0,259.25,259.25,28784
2002-01-28,259.375,268.5,259.375,268.5,268.5,26648
2002-01-29,270.625,274.375,262.875,264.625,264.625,22136
2002-01-30,265.0,269.375,242.5,267.5,267.5,28624
2002-01-31,274.375,280.0,263.75,265.5,265.5,23000
2002-02-01,268.625,270.0,261.25,266.25,266.25,12384
2002-02-04,265.625,268.0,261.25,266.125,266.125,14736
2002-02-05,265.0,268.5,256.25,261.875,261.875,14752
2002-02-06,257.5,262.375,256.375,259.25,259.25,12904
2002-02-07,253.0,256.125,248.75,251.0,251.0,14136
2002-02-08,248.75,258.75,248.125,256.375,256.375,13864
2002-02-11,262.5,265.375,259.5,265.0,265.0,13800
2002-02-12,265.375,267.25,263.375,266.125,266.125,13768
2002-02-13,263.75,268.0,263.75,264.625,264.625,12296
2002-02-14,265.625,267.5,263.125,265.0,265.0,15824
2002-02-15,265.125,271.25,262.0,262.5,262.5,18488
2002-02-19,262.625,266.875,256.25,257.375,257.375,8568
2002-02-20,259.375,261.125,238.375,255.5,255.5,16768
2002-02-21,255.5,265.0,251.875,262.125,262.125,8944
2002-02-22,259.5,265.25,255.5,265.0,265.0,6368
2002-02-25,271.25,279.375,270.0,278.875,278.875,16424
2002-02-26,296.25,312.125,290.0,310.625,310.625,47152
2002-02-27,311.875,321.25,301.125,316.875,316.875,75392
2002-02-28,320.625,334.25,317.25,328.75,328.75,47288
2002-03-01,332.5,332.5,323.125,328.0,328.0,40928
2002-03-04,338.75,340.0,318.75,324.375,324.375,40168
2002-03-05,312.5,323.0,303.125,322.75,322.75,35624
2002-03-06,323.125,340.0,323.125,338.75,338.75,22016
2002-03-07,349.375,349.875,325.125,327.625,327.625,19736
2002-03-08,330.75,335.0,315.625,319.375,319.375,21992
2002-03-11,317.5,336.25,306.875,325.125,325.125,25056
2002-03-12,321.875,331.875,320.625,326.125,326.125,18448
2002-03-13,329.25,333.125,321.25,326.375,326.375,14616
2002-03-14,326.375,326.875,307.5,312.5,312.5,13624
2002-03-15,310.625,311.25,291.25,309.375,309.375,29680
2002-03-18,315.0,318.625,296.875,303.25,303.25,27488
2002-03-19,303.375,316.875,295.125,315.375,315.375,18856
2002-03-20,321.625,324.375,304.75,305.0,305.0,18200
2002-03-21,306.875,311.875,293.375,307.75,307.75,16008
2002-03-22,310.875,317.375,303.125,312.625,312.625,20368
2002-03-25,321.875,323.625,303.875,308.625,308.625,26744
2002-03-26,311.25,339.375,311.25,337.875,337.875,54328
2002-03-27,337.5,346.875,329.375,338.25,338.25,37568
2002-03-28,341.375,346.25,325.0,332.375,332.375,22816
2002-04-01,335.0,335.625,323.75,325.0,325.0,22672
2002-04-02,325.125,325.125,313.125,322.5,322.5,22264
2002-04-03,322.5,327.75,316.875,320.875,320.875,15224
2002-04-04,322.5,330.25,321.375,328.25,328.25,13576
2002-04-05,330.0,339.0,330.0,335.75,335.75,11984
2002-04-08,332.625,372.375,330.375,371.25,371.25,45536
2002-04-09,376.75,381.75,361.25,371.125,371.125,44744
2002-04-10,363.75,371.0,343.875,345.0,345.0,30320
2002-04-11,350.0,362.25,347.0,355.625,355.625,31704
2002-04-12,360.0,364.375,348.75,358.75,358.75,45160
2002-04-15,360.0,371.875,353.25,361.75,361.75,22144
2002-04-16,351.875,364.0,338.75,360.0,360.0,22696
2002-04-17,360.125,374.75,353.75,368.75,368.75,26400
2002-04-18,368.875,369.625,361.625,366.875,366.875,11920
2002-04-19,369.875,376.875,366.875,374.5,374.5,20416
2002-04-22,375.25,393.75,375.25,389.125,389.125,30056
2002-04-23,392.5,405.0,388.75,398.875,398.875,39568
2002-04-24,403.75,403.75,383.75,386.625,386.625,28536
2002-04-25,386.75,386.75,375.625,381.25,381.25,15696
2002-04-26,381.375,382.5,368.125,371.25,371.25,16112
2002-04-29,370.0,387.25,369.0,383.125,383.125,19856
2002-04-30,384.375,393.75,376.25,380.5,380.5,16096
2002-05-01,383.625,396.25,373.75,395.125,395.125,23712
2002-05-02,395.125,405.625,383.75,402.5,402.5,29104
2002-05-03,408.75,408.75,399.5,400.625,400.625,20376
2002-05-06,405.625,409.25,384.375,386.25,386.25,23840
2002-05-07,389.375,404.625,389.375,404.625,404.625,16688
2002-05-08,410.0,411.25,385.625,398.125,398.125,20936
2002-05-09,399.375,406.125,388.625,402.5,402.5,13896
2002-05-10,407.5,407.5,358.75,360.625,360.625,38712
2002-05-13,360.625,360.625,337.5,354.375,354.375,52896
2002-05-14,354.375,373.0,346.375,365.625,365.625,25672
2002-05-15,366.875,369.625,361.625,363.5,363.5,16760
2002-05-16,360.0,360.125,309.5,312.75,312.75,73520
2002-05-17,312.75,343.75,306.25,338.0,338.0,76632
2002-05-20,348.0,363.75,343.875,358.75,358.75,59872
2002-05-21,356.25,356.375,331.375,340.0,340.0,35344
2002-05-22,335.0,351.125,331.875,342.75,342.75,25544
2002-05-23,343.125,355.0,332.625,352.0,352.0,25856
2002-05-24,355.125,360.375,347.0,354.0,354.0,21344
2002-05-28,359.375,364.375,341.375,343.75,343.75,33776
2002-05-29,363.75,372.5,353.875,368.125,368.125,69928
2002-05-30,370.625,387.5,366.875,382.25,382.25,74504
2002-05-31,387.5,399.875,384.375,399.875,399.875,62848
2002-06-03,395.0,398.75,364.125,375.0,375.0,66984
2002-06-04,375.0,376.25,350.25,358.125,358.125,42648
2002-06-05,364.375,389.375,364.375,387.625,387.625,36728
2002-06-06,396.875,418.875,396.25,414.625,414.625,73688
2002-06-07,412.5,434.25,397.5,434.125,434.125,53272
2002-06-10,437.375,439.75,411.25,412.5,412.5,58712
2002-06-11,412.5,427.5,406.375,408.375,408.375,24240
2002-06-12,408.0,425.0,404.375,423.125,423.125,29104
2002-06-13,423.25,424.75,392.625,396.75,396.75,28296
2002-06-14,389.375,410.0,384.375,407.5,407.5,33440
2002-06-17,415.0,433.75,414.375,427.5,427.5,41744
2002-06-18,436.25,446.875,434.0,441.0,441.0,57504
2002-06-19,430.0,462.375,430.0,461.25,461.25,62568
2002-06-20,467.375,484.375,457.5,463.25,463.25,64736
2002-06-21,475.75,476.875,437.5,453.125,453.125,53992
2002-06-24,451.875,455.125,431.25,447.625,447.625,35776
2002-06-25,456.25,463.75,437.0,440.5,440.5,34920
2002-06-26,425.0,457.5,423.125,456.875,456.875,45360
2002-06-27,472.5,472.5,444.375,448.5,448.5,33736
2002-06-28,455.0,463.125,447.75,448.5,448.5,40720
2002-07-01,458.5,471.875,452.0,471.375,471.375,41392
2002-07-02,473.875,473.875,426.875,438.875,438.875,49176
2002-07-03,428.125,440.625,403.875,426.75,426.75,55928
2002-07-05,426.875,443.75,426.75,437.5,437.5,29968
2002-07-08,437.5,448.125,431.5,434.375,434.375,36120
2002-07-09,434.375,435.0,417.75,418.75,418.75,31288
2002-07-10,422.0,426.875,412.625,416.125,416.125,28504
2002-07-11,409.375,414.375,371.25,400.375,400.375,62424
2002-07-12,399.875,411.25,381.75,386.875,386.875,32352
2002-07-15,371.875,390.0,354.375,388.0,388.0,51392
2002-07-16,384.875,384.875,348.75,351.875,351.875,45376
2002-07-17,355.0,374.625,325.625,345.5,345.5,67832
2002-07-18,345.5,366.875,341.25,350.25,350.25,45952
2002-07-19,345.875,353.375,323.875,325.625,325.625,37288
2002-07-22,310.0,335.0,303.875,313.875,313.875,44840
2002-07-23,320.0,330.25,312.625,323.0,323.0,30400
2002-07-24,319.875,343.75,308.0,342.5,342.5,41240
2002-07-25,345.625,368.75,322.125,333.875,333.875,52952
2002-07-26,337.0,348.75,333.75,346.875,346.875,19232
2002-07-29,356.25,384.375,354.75,381.125,381.125,32736
2002-07-30,381.25,387.75,363.125,372.625,372.625,42056
2002-07-31,372.375,381.375,354.375,356.75,356.75,27960
2002-08-01,356.875,364.375,334.625,339.125,339.125,41112
2002-08-02,329.375,331.875,308.75,314.75,314.75,28904
2002-08-05,321.875,332.875,311.0,315.5,315.5,53136
2002-08-06,331.25,346.875,330.0,341.875,341.875,37888
2002-08-07,351.875,359.25,328.75,343.75,343.75,40616
2002-08-08,334.375,356.625,326.375,350.0,350.0,29704
2002-08-09,346.875,363.5,343.125,355.125,355.125,19880
2002-08-12,355.125,355.125,343.75,349.75,349.75,13120
2002-08-13,348.125,358.125,343.125,343.125,343.125,10064
2002-08-14,343.5,356.875,334.125,356.0,356.0,17760
2002-08-15,356.875,374.625,351.5,374.375,374.375,30536
2002-08-16,373.125,376.0,363.125,365.75,365.75,26504
2002-08-19,373.75,385.875,370.25,385.875,385.875,37688
2002-08-20,385.875,386.0,372.5,377.625,377.625,15680
2002-08-21,379.5,386.375,363.125,373.625,373.625,29648
2002-08-22,374.375,387.25,368.125,385.375,385.375,19152
2002-08-23,388.5,396.25,385.125,389.0,389.0,24720
2002-08-26,400.0,406.125,389.375,405.625,405.625,38376
2002-08-27,411.25,418.25,393.75,407.5,407.5,41648
2002-08-28,405.625,411.75,385.125,387.625,387.625,30464
2002-08-29,378.125,390.0,376.0,381.625,381.625,27264
2002-08-30,383.75,400.625,383.125,389.0,389.0,26248
2002-09-03,389.125,391.875,368.75,374.25,374.25,40656
2002-09-04,401.25,423.75,387.5,421.5,421.5,135416
2002-09-05,428.125,452.875,425.125,443.125,443.125,123352
2002-09-06,461.25,464.875,447.75,462.0,462.0,79992
2002-09-09,470.0,490.0,461.25,488.125,488.125,132928
2002-09-10,488.125,490.5,475.0,488.125,488.125,123112
2002-09-11,495.625,497.5,482.0,484.875,484.875,71136
2002-09-12,484.875,487.5,470.625,472.75,472.75,86328
2002-09-13,468.25,490.0,466.875,489.375,489.375,66704
2002-09-16,494.875,502.5,488.875,496.125,496.125,77256
2002-09-17,500.0,507.0,493.75,500.0,500.0,103688
2002-09-18,500.0,502.5,485.0,488.125,488.125,97688
2002-09-19,488.125,488.125,426.5,436.25,436.25,214008
2002-09-20,433.75,446.75,430.25,433.125,433.125,49832
2002-09-23,427.5,445.0,427.5,434.5,434.5,45536
2002-09-24,434.625,434.625,410.0,413.125,413.125,56888
2002-09-25,415.0,431.625,401.875,420.75,420.75,73392
2002-09-26,423.5,446.25,421.375,433.875,433.875,62864
2002-09-27,434.0,448.25,422.125,426.375,426.375,48392
2002-09-30,426.5,431.25,406.625,422.5,422.5,42104
2002-10-01,431.875,451.0,408.125,446.25,446.25,51568
2002-10-02,443.125,468.625,435.5,449.75,449.75,68480
2002-10-03,449.75,465.0,423.625,427.625,427.625,91144
2002-10-04,429.375,434.375,401.625,413.0,413.0,63296
2002-10-07,405.375,415.0,393.25,394.125,394.125,65896
2002-10-08,396.25,414.625,392.5,401.25,401.25,77472
2002-10-09,401.375,401.375,378.625,379.875,379.875,53288
2002-10-10,381.25,403.5,363.875,394.375,394.375,69544
2002-10-11,406.875,421.5,405.625,411.25,411.25,55912
2002-10-14,410.125,416.25,406.25,408.5,408.5,20704
2002-10-15,439.375,439.375,421.25,437.0,437.0,57568
2002-10-16,437.0,437.0,423.125,430.625,430.625,37232
2002-10-17,467.5,470.0,453.875,466.875,466.875,74760
2002-10-18,466.875,467.875,453.875,458.25,458.25,41640
2002-10-21,456.875,492.5,452.5,492.5,492.5,72208
2002-10-22,488.125,491.25,469.625,478.125,478.125,67880
2002-10-23,478.125,481.875,472.5,481.75,481.75,34648
2002-10-24,483.75,488.75,473.5,475.0,475.0,62416
2002-10-25,472.5,480.625,447.625,468.5,468.5,69648
2002-10-28,474.25,474.25,449.125,453.5,453.5,37128
2002-10-29,450.625,468.75,441.875,465.625,465.625,42432
2002-10-30,464.375,470.625,457.5,465.375,465.375,53016
2002-10-31,467.5,481.25,463.25,472.75,472.75,39400
2002-11-01,479.0,479.75,465.875,478.5,478.5,36656
2002-11-04,486.875,502.375,482.375,485.0,485.0,67296
2002-11-05,485.125,485.625,471.75,474.125,474.125,42936
2002-11-06,481.25,486.125,470.0,481.25,481.25,64512
2002-11-07,481.375,481.375,423.75,423.75,423.75,133128
2002-11-08,423.75,426.75,407.5,408.75,408.75,72032
2002-11-11,408.875,416.25,395.625,400.625,400.625,52544
2002-11-12,403.75,406.125,390.75,393.125,393.125,49976
2002-11-13,391.5,406.125,387.5,397.5,397.5,50096
2002-11-14,406.25,423.25,402.875,423.25,423.25,34824
2002-11-15,423.25,429.5,420.75,425.0,425.0,27832
2002-11-18,425.0,429.0,403.75,408.125,408.125,36760
2002-11-19,408.125,409.375,394.375,396.25,396.25,40776
2002-11-20,397.5,408.125,393.75,404.375,404.375,82312
2002-11-21,407.5,425.875,407.5,421.25,421.25,46464
2002-11-22,421.25,425.0,412.625,415.625,415.625,30960
2002-11-25,411.25,428.75,410.125,419.875,419.875,40840
2002-11-26,418.75,424.25,404.0,406.25,406.25,35088
2002-11-27,411.25,425.0,409.125,424.625,424.625,22016
2002-11-29,425.625,427.25,416.625,417.5,417.5,6032
2002-12-02,413.75,423.75,408.75,412.25,412.25,26888
2002-12-03,407.5,409.25,388.125,392.5,392.5,56136
2002-12-04,392.5,405.625,387.5,397.625,397.625,63616
2002-12-05,398.625,402.0,393.75,397.5,397.5,22632
2002-12-06,389.375,411.125,388.75,408.75,408.75,41704
2002-12-09,425.0,433.75,409.0,409.75,409.75,131832
2002-12-10,412.875,414.375,383.625,388.75,388.75,108232
2002-12-11,388.75,390.625,374.5,382.5,382.5,69128
2002-12-12,384.375,400.0,381.375,396.75,396.75,45472
2002-12-13,393.75,403.125,388.5,398.5,398.5,52848
2002-12-16,401.125,415.25,401.125,415.0,415.0,40248
2002-12-17,415.125,423.625,412.375,418.375,418.375,34760
2002-12-18,418.375,426.125,406.25,422.5,422.5,58296
2002-12-19,422.25,429.875,418.375,425.625,425.625,23832
2002-12-20,427.5,427.5,418.75,421.25,421.25,44168
2002-12-23,419.375,428.375,415.75,424.375,424.375,26096
2002-12-24,425.625,425.625,417.25,422.125,422.125,7584
2002-12-26,421.875,424.875,419.375,419.375,419.375,8600
2002-12-27,416.25,421.0,408.875,410.0,410.0,27192
2002-12-30,407.75,407.75,387.75,397.25,397.25,35088
2002-12-31,384.75,399.375,384.75,396.25,396.25,35424
2003-01-02,396.25,426.75,391.25,422.25,422.25,47552
2003-01-03,422.25,423.625,407.5,410.75,410.75,29160
2003-01-06,405.0,411.875,403.875,405.0,405.0,39464
2003-01-07,403.125,415.0,403.125,413.25,413.25,23504
2003-01-08,413.25,421.875,413.25,416.25,416.25,23120
2003-01-09,416.5,424.875,416.5,418.0,418.0,25496
2003-01-10,417.125,421.25,407.5,418.25,418.25,29584
2003-01-13,419.375,423.75,415.125,419.25,419.25,27896
2003-01-14,419.375,419.375,411.25,413.125,413.125,13960
2003-01-15,412.5,415.0,408.5,410.0,410.0,14280
2003-01-16,411.25,430.125,410.625,428.75,428.75,38352
2003-01-17,426.25,426.875,416.125,416.125,416.125,19024
2003-01-21,421.0,425.625,411.5,412.75,412.75,22136
2003-01-22,412.625,416.75,408.25,408.375,408.375,34440
2003-01-23,410.25,415.625,394.0,398.75,398.75,95824
2003-01-24,398.75,400.75,392.5,400.625,400.625,52488
2003-01-27,393.75,395.625,375.0,379.875,379.875,58384
2003-01-28,383.75,385.625,376.25,384.25,384.25,25872
2003-01-29,381.125,386.75,375.25,386.375,386.375,29496
2003-01-30,386.875,387.375,370.625,372.75,372.75,29952
2003-01-31,372.875,372.875,351.875,364.125,364.125,118984
2003-02-03,365.0,377.375,365.0,370.625,370.625,43912
2003-02-04,370.625,370.625,363.625,368.625,368.625,33256
2003-02-05,379.75,387.5,376.25,380.375,380.375,43680
2003-02-06,380.625,384.25,365.0,368.125,368.125,35888
2003-02-07,370.75,374.5,359.0,359.0,359.0,36824
2003-02-10,358.75,376.0,358.75,373.75,373.75,49280
2003-02-11,376.875,383.125,372.5,377.5,377.5,24872
2003-02-12,377.625,381.125,374.75,376.375,376.375,25848
2003-02-13,376.375,376.375,363.375,365.75,365.75,39784
2003-02-14,366.125,384.0,365.0,383.25,383.25,33904
2003-02-18,386.375,403.375,386.375,403.125,403.125,40688
2003-02-19,403.125,405.625,396.375,398.0,398.0,35096
2003-02-20,398.625,399.875,390.625,393.875,393.875,17328
2003-02-21,395.375,405.25,394.375,404.25,404.25,17856
2003-02-24,404.375,406.25,394.0,395.625,395.625,28032
2003-02-25,395.625,412.25,394.375,411.625,411.625,61208
2003-02-26,418.75,424.125,412.5,412.625,412.625,61544
2003-02-27,413.625,418.75,401.25,409.5,409.5,58416
2003-02-28,410.0,415.5,403.125,410.375,410.375,30760
2003-03-03,413.625,424.0,412.5,414.375,414.375,31112
2003-03-04,405.5,405.625,391.25,392.75,392.75,66744
2003-03-05,392.875,396.5,381.25,383.125,383.125,65648
2003-03-06,381.125,389.5,380.0,387.5,387.5,43272
2003-03-07,384.375,402.875,381.25,394.875,394.875,40352
2003-03-10,395.0,395.0,386.625,387.125,387.125,30072
2003-03-11,387.5,397.5,387.5,390.0,390.0,38968
2003-03-12,386.875,394.625,386.875,393.0,393.0,22672
2003-03-13,398.75,410.125,395.0,409.75,409.75,37448
2003-03-14,415.5,416.25,406.375,408.125,408.125,27976
2003-03-17,408.125,423.625,404.0,423.375,423.375,34976
2003-03-18,421.875,421.875,411.0,421.375,421.375,33016
2003-03-19,421.375,430.75,421.25,430.375,430.375,26240
2003-03-20,428.125,442.5,421.25,434.125,434.125,37424
2003-03-21,436.0,454.25,433.75,453.125,453.125,57888
2003-03-24,444.375,444.375,433.125,441.875,441.875,46432
2003-03-25,436.0,452.375,433.125,445.875,445.875,51176
2003-03-26,445.875,446.25,435.625,439.375,439.375,30176
2003-03-27,439.375,445.625,430.625,437.5,437.5,38048
2003-03-28,436.25,443.25,434.375,440.625,440.625,28224
2003-03-31,437.5,440.75,427.5,431.875,431.875,23760
2003-04-01,439.375,445.375,428.125,444.75,444.75,26840
2003-04-02,450.625,468.0,450.625,461.25,461.25,37368
2003-04-03,465.625,469.625,460.0,466.0,466.0,31880
2003-04-04,466.0,466.0,451.75,456.875,456.875,27288
2003-04-07,473.125,474.75,466.25,468.375,468.375,35944
2003-04-08,467.5,472.5,462.5,468.75,468.75,28320
2003-04-09,468.75,479.375,467.5,471.25,471.25,35440
2003-04-10,468.75,474.0,465.375,474.0,474.0,23544
2003-04-11,475.375,476.25,459.0,460.75,460.75,38912
2003-04-14,461.25,474.25,458.875,473.25,473.25,29936
2003-04-15,472.5,481.25,470.25,478.875,478.875,30832
2003-04-16,480.0,486.25,473.0,473.0,473.0,32872
2003-04-17,476.125,486.625,473.625,485.0,485.0,16920
2003-04-21,487.125,490.625,480.75,484.375,484.375,41912
2003-04-22,482.5,499.875,481.25,498.625,498.625,57416
2003-04-23,497.5,510.0,494.25,502.5,502.5,63872
2003-04-24,500.0,502.375,493.5,500.125,500.125,36944
2003-04-25,500.125,500.125,481.25,483.875,483.875,28352
2003-04-28,484.0,496.875,483.5,493.375,493.375,31976
2003-04-29,495.0,503.5,489.0,492.75,492.75,29632
2003-04-30,492.875,504.375,488.75,497.5,497.5,23168
2003-05-01,498.75,498.75,486.5,490.25,490.25,23088
2003-05-02,490.625,502.375,487.25,498.875,498.875,26232
2003-05-05,500.0,506.875,498.5,500.875,500.875,33248
2003-05-06,500.875,503.5,487.375,490.125,490.125,56248
2003-05-07,490.125,524.5,482.125,522.125,522.125,91776
2003-05-08,524.375,534.375,517.5,520.375,520.375,75504
2003-05-09,525.375,543.75,522.0,541.375,541.375,62352
2003-05-12,544.5,583.125,543.125,572.875,572.875,115872
2003-05-13,571.875,593.5,568.125,584.125,584.125,89280
2003-05-14,578.75,578.875,563.125,573.125,573.125,100608
2003-05-15,573.875,576.25,565.75,575.875,575.875,55232
2003-05-16,575.875,576.0,551.25,564.25,564.25,63848
2003-05-19,555.0,558.75,542.375,543.125,543.125,46064
2003-05-20,545.0,563.75,545.0,563.125,563.125,46488
2003-05-21,565.125,570.0,555.125,564.125,564.125,37120
2003-05-22,567.25,599.625,566.25,598.875,598.875,64488
2003-05-23,598.875,630.625,598.875,619.375,619.375,89768
2003-05-27,619.375,633.125,613.375,629.0,629.0,82456
2003-05-28,637.5,655.625,634.375,653.875,653.875,86632
2003-05-29,706.25,722.125,682.0,693.125,693.125,278544
2003-05-30,693.25,724.375,690.0,724.375,724.375,116000
2003-06-02,732.5,748.125,717.5,722.625,722.625,125904
2003-06-03,725.0,738.125,720.0,725.625,725.625,66728
2003-06-04,737.25,755.625,733.875,752.375,752.375,91320
2003-06-05,750.0,799.875,740.625,798.75,798.75,109368
2003-06-06,810.75,826.25,756.375,765.5,765.5,154440
2003-06-09,765.5,765.5,727.125,731.625,731.625,129280
2003-06-10,737.5,775.0,737.5,772.375,772.375,88944
2003-06-11,781.25,818.625,778.75,817.25,817.25,134904
2003-06-12,793.75,839.0,793.75,832.625,832.625,173120
2003-06-13,832.75,850.25,821.875,829.375,829.375,84680
2003-06-16,831.25,865.0,829.5,864.625,864.625,81616
2003-06-17,881.25,881.25,850.375,859.0,859.0,82712
2003-06-18,859.0,859.0,822.5,831.375,831.375,85040
2003-06-19,831.375,843.625,806.25,816.25,816.25,91520
2003-06-20,816.25,818.75,772.125,776.5,776.5,126672
2003-06-23,775.0,802.125,765.625,787.5,787.5,111456
2003-06-24,787.5,808.875,783.125,801.0,801.0,107352
2003-06-25,800.0,806.25,773.625,775.125,775.125,98168
2003-06-26,783.75,792.5,766.75,787.0,787.0,97560
2003-06-27,787.0,799.375,769.0,771.125,771.125,49696
2003-06-30,775.0,778.75,734.5,736.875,736.875,125888
2003-07-01,731.25,746.125,709.625,745.875,745.875,122352
2003-07-02,749.0,770.125,730.0,770.125,770.125,93040
2003-07-03,761.25,767.0,752.125,759.5,759.5,42888
2003-07-07,764.5,777.375,756.25,776.25,776.25,75064
2003-07-08,776.125,791.875,768.125,778.875,778.875,78784
2003-07-09,778.875,778.875,763.125,771.75,771.75,48608
2003-07-10,761.25,763.875,737.625,740.25,740.25,53768
2003-07-11,742.375,747.5,728.125,729.75,729.75,46304
2003-07-14,740.75,755.625,735.625,743.75,743.75,42336
2003-07-15,754.375,754.375,701.75,704.875,704.875,93760
2003-07-16,704.5,712.5,669.0,678.125,678.125,178440
2003-07-17,678.125,688.25,663.0,671.875,671.875,73280
2003-07-18,679.375,679.375,650.375,658.125,658.125,67816
2003-07-21,645.25,667.875,632.5,632.75,632.75,73392
2003-07-22,641.25,656.125,626.875,651.25,651.25,78888
2003-07-23,658.125,664.375,640.375,644.875,644.875,47936
2003-07-24,646.875,664.625,645.875,647.625,647.625,52936
2003-07-25,647.5,658.75,633.0,647.875,647.875,45424
2003-07-28,644.75,647.875,630.625,634.5,634.5,47256
2003-07-29,634.625,653.125,626.25,637.5,637.5,36920
2003-07-30,637.5,643.75,631.25,639.125,639.125,39936
2003-07-31,639.875,643.125,616.375,616.875,616.875,50976
2003-08-01,617.5,626.375,593.875,599.0,599.0,74384
2003-08-04,590.0,613.5,589.375,609.25,609.25,67016
2003-08-05,615.5,626.25,602.5,605.0,605.0,74440
2003-08-06,618.75,644.625,612.5,638.5,638.5,77288
2003-08-07,642.5,650.0,636.25,643.75,643.75,85952
2003-08-08,653.75,660.0,651.875,657.5,657.5,48136
2003-08-11,656.25,662.375,643.75,659.125,659.125,68344
2003-08-12,661.125,674.125,647.75,672.75,672.75,52496
2003-08-13,672.75,672.75,637.5,638.5,638.5,70864
2003-08-14,646.25,657.75,641.25,656.25,656.25,129936
2003-08-15,656.25,678.125,651.25,666.875,666.875,63488
2003-08-18,673.125,685.625,666.0,684.375,684.375,236904
2003-08-19,694.375,737.0,691.875,737.0,737.0,133392
2003-08-20,737.5,737.5,713.125,728.25,728.25,99352
2003-08-21,736.125,754.25,729.375,753.375,753.375,92200
2003-08-22,753.375,760.625,739.625,744.25,744.25,54912
2003-08-25,744.25,760.25,738.625,749.5,749.5,55056
2003-08-26,751.875,753.75,726.25,749.375,749.375,78024
2003-08-27,746.875,756.0,738.875,750.875,750.875,56752
2003-08-28,752.375,775.75,752.375,774.375,774.375,56152
2003-08-29,776.875,778.625,762.625,770.875,770.875,33200
2003-09-02,771.0,787.875,766.25,787.125,787.125,50832
2003-09-03,791.875,818.75,787.0,815.625,815.625,77552
2003-09-04,828.875,843.75,812.5,826.375,826.375,112184
2003-09-05,826.375,827.5,802.0,805.625,805.625,55624
2003-09-08,808.75,812.375,800.0,810.625,810.625,54176
2003-09-09,810.5,810.5,785.25,791.5,791.5,64008
2003-09-10,783.125,783.25,751.25,756.125,756.125,83776
2003-09-11,759.25,772.375,755.625,762.0,762.0,43648
2003-09-12,762.5,792.5,757.5,785.0,785.0,55976
2003-09-15,787.5,808.125,787.5,803.75,803.75,44328
2003-09-16,803.75,830.625,801.25,825.0,825.0,62224
2003-09-17,825.0,828.25,803.75,816.125,816.125,73192
2003-09-18,813.625,820.875,806.375,818.75,818.75,42912
2003-09-19,823.75,823.75,806.875,812.625,812.625,30048
2003-09-22,809.0,809.125,793.75,795.875,795.875,43952
2003-09-23,800.0,804.0,789.625,799.25,799.25,23704
2003-09-24,815.25,827.75,805.0,807.0,807.0,53576
2003-09-25,810.125,818.75,798.75,799.625,799.625,56112
2003-09-26,801.25,810.75,787.75,792.375,792.375,45296
2003-09-29,789.375,804.875,786.375,802.625,802.625,42224
2003-09-30,796.375,816.375,791.125,804.625,804.625,61648
2003-10-01,807.75,868.75,798.75,864.375,864.375,119600
2003-10-02,861.25,880.0,855.0,880.0,880.0,91744
2003-10-03,880.0,900.0,848.125,879.875,879.875,139976
2003-10-06,880.625,925.0,878.0,918.75,918.75,81096
2003-10-07,915.625,927.5,905.625,922.625,922.625,53192
2003-10-08,924.875,955.0,918.75,948.25,948.25,104344
2003-10-09,948.25,958.75,935.875,954.5,954.5,58920
2003-10-10,954.625,971.25,950.0,965.375,965.375,59664
2003-10-13,971.875,992.625,971.875,991.375,991.375,45016
2003-10-14,988.125,996.25,980.125,993.125,993.125,47144
2003-10-15,993.25,993.25,952.875,958.125,958.125,83952
2003-10-16,946.875,972.5,946.875,958.875,958.875,62416
2003-10-17,960.125,962.5,934.375,940.75,940.75,61824
2003-10-20,937.625,958.75,937.5,951.0,951.0,44488
2003-10-21,957.5,965.0,938.875,960.875,960.875,54696
2003-10-22,960.875,966.125,925.125,946.375,946.375,51136
2003-10-23,934.25,991.75,934.25,985.75,985.75,84016
2003-10-24,975.0,979.25,952.25,962.375,962.375,51888
2003-10-27,962.5,998.875,962.5,988.75,988.75,60696
2003-10-28,992.5,1015.125,988.125,1011.25,1011.25,73192
2003-10-29,1011.25,1035.75,1006.875,1032.125,1032.125,67848
2003-10-30,1032.25,1033.5,1012.5,1015.5,1015.5,50680
2003-10-31,1012.5,1022.25,1009.375,1016.0,1016.0,33064
2003-11-03,1028.5,1037.875,1021.875,1035.125,1035.125,45800
2003-11-04,1035.125,1049.375,1028.375,1035.625,1035.625,31416
2003-11-05,1035.625,1081.875,1035.625,1079.75,1079.75,81456
2003-11-06,1079.75,1091.125,1069.375,1085.125,1085.125,66576
2003-11-07,1068.875,1072.5,1022.5,1032.75,1032.75,109552
2003-11-10,1032.875,1032.875,990.0,998.125,998.125,81056
2003-11-11,998.125,1035.5,975.0,1022.75,1022.75,62720
2003-11-12,1022.75,1056.875,1022.5,1052.5,1052.5,52048
2003-11-13,1052.5,1068.5,1044.5,1063.875,1063.875,43048
2003-11-14,1063.875,1068.625,1034.5,1039.75,1039.75,45104
2003-11-17,1031.0,1037.5,1013.0,1036.625,1036.625,34952
2003-11-18,1046.625,1067.375,1041.875,1044.25,1044.25,60616
2003-11-19,1054.0,1063.75,1028.75,1037.375,1037.375,59088
2003-11-20,1031.125,1067.5,1030.0,1056.375,1056.375,51016
2003-11-21,1059.5,1087.5,1056.5,1081.25,1081.25,60600
2003-11-24,1100.0,1137.25,1097.625,1136.25,1136.25,71232
2003-11-25,1136.375,1152.375,1113.75,1139.5,1139.5,66520
2003-11-26,1142.625,1145.75,1120.0,1133.25,1133.25,42272
2003-11-28,1133.25,1155.0,1128.75,1153.125,1153.125,21496
2003-12-01,1166.75,1197.625,1161.5,1195.0,1195.0,75160
2003-12-02,1195.0,1197.375,1185.125,1194.375,1194.375,55584
2003-12-03,1194.375,1194.75,1168.625,1173.0,1173.0,54520
2003-12-04,1174.75,1202.5,1163.75,1186.375,1186.375,67352
2003-12-05,1186.375,1199.375,1177.0,1189.5,1189.5,39024
2003-12-08,1189.5,1212.125,1175.0,1207.625,1207.625,77552
2003-12-09,1204.875,1206.25,1112.5,1112.5,1112.5,173104
2003-12-10,1100.0,1100.0,1034.375,1041.875,1041.875,160312
2003-12-11,1050.0,1091.125,1050.0,1083.25,1083.25,115136
2003-12-12,1095.0,1114.875,1083.125,1104.25,1104.25,71032
2003-12-15,1118.125,1118.125,1056.5,1058.75,1058.75,91328
2003-12-16,1070.25,1096.375,1032.625,1093.625,1093.625,125608
2003-12-17,1093.625,1106.875,1073.0,1103.25,1103.25,75344
2003-12-18,1106.25,1116.125,1096.25,1105.0,1105.0,65608
2003-12-19,1104.375,1112.375,1090.0,1103.125,1103.125,48248
2003-12-22,1100.125,1113.75,1098.75,1112.375,1112.375,51456
2003-12-23,1112.5,1127.125,1107.25,1123.75,1123.75,38664
2003-12-24,1121.25,1121.375,1090.625,1111.0,1111.0,33080
2003-12-26,1111.0,1127.875,1109.875,1111.5,1111.5,25928
2003-12-29,1119.75,1130.875,1112.75,1125.0,1125.0,29704
2003-12-30,1125.0,1125.0,1092.375,1102.5,1102.5,51072
2003-12-31,1102.5,1103.125,1070.25,1088.25,1088.25,56176
2004-01-02,1088.375,1090.0,1029.375,1036.25,1036.25,97464
2004-01-05,1036.375,1040.0,959.5,998.125,998.125,214840
2004-01-06,1000.125,1033.5,1000.0,1019.5,1019.5,99528
2004-01-07,1019.5,1021.375,987.5,1003.75,1003.75,76824
2004-01-08,993.75,993.75,933.125,955.0,955.0,141960
2004-01-09,967.5,990.875,961.875,972.5,972.5,86120
2004-01-12,974.875,978.625,942.625,950.25,950.25,64752
2004-01-13,950.375,958.875,905.875,923.25,923.25,137704
2004-01-14,932.375,939.375,907.5,932.125,932.125,116824
2004-01-15,936.25,943.75,916.0,936.125,936.125,67384
2004-01-16,941.25,943.125,930.375,935.875,935.875,53152
2004-01-20,935.875,935.875,900.125,912.625,912.625,94376
2004-01-21,946.875,989.875,939.5,985.625,985.625,163440
2004-01-22,1006.25,1008.625,966.875,980.625,980.625,87104
2004-01-23,983.125,1004.375,973.125,983.375,983.375,89896
2004-01-26,989.375,996.25,973.875,982.5,982.5,59032
2004-01-27,984.25,1002.625,977.125,980.0,980.0,41192
2004-01-28,983.125,984.375,913.0,914.875,914.875,120752
2004-01-29,914.875,930.0,884.75,917.875,917.875,106248
2004-01-30,918.125,935.875,907.375,922.25,922.25,49552
2004-02-02,921.0,927.875,896.5,911.375,911.375,67368
2004-02-03,911.375,932.75,907.0,927.375,927.375,64816
2004-02-04,920.0,923.625,896.875,902.125,902.125,77256
2004-02-05,899.75,918.5,888.375,906.25,906.25,63744
2004-02-06,920.0,946.875,917.625,942.25,942.25,68776
2004-02-09,942.875,963.5,937.5,940.75,940.75,49232
2004-02-10,940.875,946.125,931.25,936.625,936.625,32656
2004-02-11,933.25,979.75,928.0,973.5,973.5,82056
2004-02-12,971.875,986.875,963.875,967.125,967.125,48168
2004-02-13,975.0,982.5,959.0,959.5,959.5,37936
2004-02-17,967.5,987.0,966.5,976.125,976.125,45024
2004-02-18,963.75,973.625,955.25,964.75,964.75,51072
2004-02-19,975.0,978.125,952.5,952.5,952.5,35528
2004-02-20,953.75,955.625,933.5,937.375,937.375,69368
2004-02-23,937.75,941.25,917.5,921.5,921.5,54048
2004-02-24,921.5,941.375,921.5,932.375,932.375,41528
2004-02-25,932.5,938.75,913.5,930.75,930.75,54400
2004-02-26,930.75,982.875,915.625,980.25,980.25,81272
2004-02-27,980.75,1015.0,979.375,1008.625,1008.625,72552
2004-03-01,1033.125,1049.875,1030.125,1046.875,1046.875,99512
2004-03-02,1046.875,1084.125,1033.875,1055.375,1055.375,153288
2004-03-03,1055.375,1062.0,1040.625,1058.75,1058.75,58512
2004-03-04,1059.5,1095.875,1053.875,1086.375,1086.375,70016
2004-03-05,1100.0,1131.125,1098.875,1125.0,1125.0,117920
2004-03-08,1125.25,1157.5,1119.5,1129.125,1129.125,115480
2004-03-09,1127.25,1132.5,1108.375,1113.625,1113.625,70616
2004-03-10,1116.25,1134.625,1077.75,1087.5,1087.5,65096
2004-03-11,1087.5,1110.375,1083.75,1094.5,1094.5,58976
2004-03-12,1100.0,1112.25,1073.375,1106.25,1106.25,58624
2004-03-15,1106.25,1125.0,1091.0,1096.25,1096.25,61792
2004-03-16,1096.25,1106.25,1076.375,1094.375,1094.375,61280
2004-03-17,1137.375,1137.375,1069.875,1078.625,1078.625,64496
2004-03-18,1077.5,1090.0,1070.0,1081.375,1081.375,58968
2004-03-19,1081.375,1087.625,1069.875,1074.25,1074.25,38440
2004-03-22,1073.75,1076.25,1047.75,1067.625,1067.625,67376
2004-03-23,1065.625,1077.75,1053.125,1062.75,1062.75,56080
2004-03-24,1062.875,1090.625,1061.875,1072.125,1072.125,61400
2004-03-25,1081.25,1102.625,1069.625,1082.375,1082.375,70760
2004-03-26,1085.0,1088.125,1069.375,1082.0,1082.0,36088
2004-03-29,1082.0,1100.5,1063.5,1080.5,1080.5,38652
2004-03-30,1080.5,1101.25,1077.25,1094.0,1094.0,42628
2004-03-31,1097.75,1110.0,1074.0,1078.75,1078.75,29260
2004-04-01,1082.5,1093.0,1059.0,1068.5,1068.5,43024
2004-04-02,1038.0,1038.0,998.25,1000.0,1000.0,80612
2004-04-05,1006.25,1020.0,973.25,997.75,997.75,77240
2004-04-06,1001.25,1015.5,995.5,998.5,998.5,30668
2004-04-07,1001.0,1008.75,984.0,996.25,996.25,23816
2004-04-08,1000.25,1007.25,973.0,976.5,976.5,30208
2004-04-12,977.5,985.75,962.75,967.75,967.75,31492
2004-04-13,967.0,976.75,947.5,966.0,966.0,49880
2004-04-14,955.0,981.25,941.75,975.75,975.75,64608
2004-04-15,988.75,990.0,960.0,971.0,971.0,31692
2004-04-16,997.5,997.5,972.5,981.25,981.25,34192
2004-04-19,981.25,981.25,942.5,944.5,944.5,41928
2004-04-20,948.75,948.75,920.0,923.75,923.75,30804
2004-04-21,923.75,943.75,915.0,935.0,935.0,34700
2004-04-22,955.0,992.5,953.75,974.5,974.5,39628
2004-04-23,970.0,971.25,946.25,957.0,957.0,21576
2004-04-26,958.5,982.0,949.75,953.0,953.0,22704
2004-04-27,975.0,987.5,964.25,967.5,967.5,31436
2004-04-28,964.25,967.0,930.5,935.75,935.75,26152
2004-04-29,935.75,950.0,876.5,899.25,899.25,53292
2004-04-30,901.25,911.25,891.5,899.25,899.25,31112
2004-05-03,899.25,915.0,883.0,906.0,906.0,26116
2004-05-04,905.0,915.0,888.0,897.0,897.0,33480
2004-05-05,904.5,925.0,900.0,921.0,921.0,27492
2004-05-06,903.75,915.75,882.25,886.0,886.0,36072
2004-05-07,855.0,863.75,802.5,803.5,803.5,82080
2004-05-10,797.5,815.25,782.75,798.75,798.75,54004
2004-05-11,805.0,815.5,790.5,806.0,806.0,35540
2004-05-12,801.5,805.5,769.25,803.25,803.25,52864
2004-05-13,803.25,825.0,788.75,814.5,814.5,36768
2004-05-14,835.0,839.5,817.5,827.5,827.5,34712
2004-05-17,827.5,831.75,809.25,814.75,814.75,28436
2004-05-18,815.0,823.75,800.75,823.5,823.5,24236
2004-05-19,837.5,837.5,805.0,808.0,808.0,44600
2004-05-20,812.5,814.25,792.0,805.5,805.5,33480
2004-05-21,805.5,831.25,803.75,820.5,820.5,34016
2004-05-24,836.25,853.5,822.75,850.0,850.0,30740
2004-05-25,844.0,907.0,835.25,905.0,905.0,62828
2004-05-26,901.25,915.0,871.25,874.75,874.75,75904
2004-05-27,876.25,895.0,871.5,881.0,881.0,39996
2004-05-28,885.0,890.5,875.25,882.5,882.5,17096
2004-06-01,882.5,903.25,861.75,876.75,876.75,44128
2004-06-02,880.0,894.25,872.5,892.25,892.25,36644
2004-06-03,886.0,894.25,868.5,873.0,873.0,40276
2004-06-04,885.0,885.0,859.0,875.0,875.0,27772
2004-06-07,881.5,919.75,871.75,917.25,917.25,29740
2004-06-08,897.5,898.75,874.5,891.75,891.75,53536
2004-06-09,887.5,894.0,866.25,870.25,870.25,55232
2004-06-10,870.0,880.25,856.25,865.25,865.25,28436
2004-06-14,853.75,865.25,835.25,835.25,835.25,43156
2004-06-15,856.0,863.0,845.75,851.25,851.25,27652
2004-06-16,855.75,879.5,832.25,839.5,839.5,45432
2004-06-17,847.5,865.0,832.25,846.75,846.75,48420
2004-06-18,840.75,858.0,840.0,846.0,846.0,26604
2004-06-21,845.5,856.0,836.0,839.75,839.75,20588
2004-06-22,842.5,851.25,834.0,845.25,845.25,18580
2004-06-23,843.75,871.75,843.75,868.0,868.0,35140
2004-06-24,870.25,931.25,870.25,895.0,895.0,66856
2004-06-25,898.75,908.25,880.0,891.25,891.25,25292
2004-06-28,891.5,897.5,857.5,858.75,858.75,27912
2004-06-29,850.0,866.25,840.0,851.75,851.75,28148
2004-06-30,850.75,870.0,845.0,867.75,867.75,39824
2004-07-01,870.0,875.0,852.5,859.0,859.0,22352
2004-07-02,875.25,889.75,871.75,875.25,875.25,20340
2004-07-06,873.5,876.25,829.25,836.0,836.0,36656
2004-07-07,837.5,866.25,827.25,829.25,829.25,29176
2004-07-08,817.5,817.75,765.0,765.5,765.5,80536
2004-07-09,780.0,780.0,758.75,765.25,765.25,33568
2004-07-12,765.25,770.75,753.0,765.5,765.5,21400
2004-07-13,771.25,790.0,764.0,783.5,783.5,27776
2004-07-14,776.5,790.0,762.5,766.25,766.25,27720
2004-07-15,769.0,774.5,761.25,761.25,761.25,18896
2004-07-16,771.5,783.0,767.5,772.75,772.75,18952
2004-07-19,772.75,776.25,757.5,763.0,763.0,29128
2004-07-20,763.25,763.25,725.5,751.5,751.5,41064
2004-07-21,751.5,762.5,733.25,733.25,733.25,24648
2004-07-22,736.75,753.0,733.75,748.0,748.0,26380
2004-07-23,748.0,759.75,740.0,743.0,743.0,22356
2004-07-26,743.0,749.75,730.0,739.75,739.75,29564
2004-07-27,743.75,755.75,725.25,745.0,745.0,29968
2004-07-28,745.25,762.5,739.25,757.5,757.5,24024
2004-07-29,763.75,777.5,748.0,775.25,775.25,23852
2004-07-30,774.5,780.5,766.25,775.75,775.75,15648
2004-08-02,777.25,795.75,775.0,794.5,794.5,25792
2004-08-03,790.0,790.5,777.75,782.0,782.0,24456
2004-08-04,775.0,797.25,770.5,787.25,787.25,25268
2004-08-05,811.25,827.5,787.25,789.5,789.5,35696
2004-08-06,807.25,815.0,791.75,800.0,800.0,28620
2004-08-09,800.75,812.5,787.5,795.0,795.0,30384
2004-08-10,800.0,813.0,797.75,811.0,811.0,27348
2004-08-11,802.5,806.5,788.5,796.5,796.5,19628
2004-08-12,792.5,796.0,774.75,780.0,780.0,23132
2004-08-13,780.0,792.5,776.5,783.75,783.75,14304
2004-08-16,781.5,805.25,781.5,804.5,804.5,19680
2004-08-17,821.25,848.0,821.25,831.25,831.25,39020
2004-08-18,829.25,848.25,824.5,842.25,842.25,22508
2004-08-19,840.0,843.25,825.0,827.75,827.75,13516
2004-08-20,827.75,843.75,825.75,843.75,843.75,12620
2004-08-23,843.75,858.5,837.5,850.75,850.75,17976
2004-08-24,850.75,860.0,840.25,852.0,852.0,26308
2004-08-25,860.0,860.5,831.0,840.5,840.5,39384
2004-08-26,843.75,853.25,837.25,849.0,849.0,17820
2004-08-27,847.5,851.25,839.75,848.75,848.75,18120
2004-08-30,847.5,855.5,839.5,840.5,840.5,18760
2004-08-31,841.25,864.0,841.25,860.5,860.5,22240
2004-09-01,856.25,880.0,856.25,874.5,874.5,17256
2004-09-02,871.0,882.75,867.25,876.25,876.25,15172
2004-09-03,873.75,884.75,866.75,880.75,880.75,13240
2004-09-07,928.75,965.0,913.0,962.5,962.5,96228
2004-09-08,962.5,973.0,952.25,952.25,952.25,41244
2004-09-09,962.75,985.5,962.75,984.5,984.5,37048
2004-09-10,984.5,986.0,961.5,963.75,963.75,30172
2004-09-13,966.25,981.5,966.25,977.75,977.75,23816
2004-09-14,978.0,999.0,965.5,990.75,990.75,27236
2004-09-15,990.75,999.5,983.0,987.0,987.0,21748
2004-09-16,992.0,1012.0,990.5,1007.5,1007.5,21708
2004-09-17,1022.25,1022.25,1008.75,1013.25,1013.25,27292
2004-09-20,1013.25,1013.25,983.0,984.5,984.5,36736
2004-09-21,998.75,1044.5,991.0,1040.0,1040.0,51572
2004-09-22,1035.0,1054.25,1028.75,1036.5,1036.5,27852
2004-09-23,1036.75,1039.0,1016.5,1027.5,1027.5,22192
2004-09-24,1027.75,1028.0,1002.75,1013.75,1013.75,19272
2004-09-27,1007.5,1046.25,991.75,1033.75,1033.75,27140
2004-09-28,1025.0,1032.5,1006.75,1014.75,1014.75,19068
2004-09-29,1010.0,1020.25,991.5,993.25,993.25,33304
2004-09-30,989.5,1008.25,981.75,1002.5,1002.5,34776
2004-10-01,1003.75,1015.25,985.5,1015.25,1015.25,26600
2004-10-04,1016.75,1022.5,944.0,946.75,946.75,63176
2004-10-05,921.25,955.75,909.25,941.5,941.5,66744
2004-10-06,941.5,966.0,929.75,947.25,947.25,32876
2004-10-07,943.75,943.75,900.25,903.25,903.25,44228
2004-10-08,918.75,922.75,903.75,915.25,915.25,31440
2004-10-11,921.25,926.25,901.5,904.25,904.25,19088
2004-10-12,902.5,921.75,895.5,921.25,921.25,31164
2004-10-13,902.5,916.0,884.25,890.25,890.25,36424
2004-10-14,890.25,902.0,881.75,890.75,890.75,12036
2004-10-15,891.0,900.5,882.5,888.75,888.75,19308
2004-10-18,875.75,879.75,854.5,878.5,878.5,36704
2004-10-19,878.5,892.5,863.25,867.0,867.0,19240
2004-10-20,857.5,866.25,844.5,854.75,854.75,30832
2004-10-21,865.75,872.75,849.5,867.25,867.25,35364
2004-10-22,863.0,873.5,855.0,864.25,864.25,18424
2004-10-25,858.25,907.0,858.25,898.25,898.25,35096
2004-10-26,908.5,946.0,899.75,943.5,943.5,51540
2004-10-27,943.5,949.5,912.25,943.0,943.0,32200
2004-10-28,943.0,957.5,936.25,946.25,946.25,25656
2004-10-29,946.25,952.25,925.5,938.5,938.5,14672
2004-11-01,938.75,954.5,937.5,950.0,950.0,15940
2004-11-02,950.25,976.5,943.75,966.75,966.75,26780
2004-11-03,966.75,978.0,932.5,967.25,967.25,36616
2004-11-04,937.5,977.75,931.5,975.25,975.25,38220
2004-11-05,975.0,981.75,950.0,960.0,960.0,37088
2004-11-08,960.25,981.0,955.75,978.75,978.75,21188
2004-11-09,979.0,1018.75,979.0,998.5,998.5,45700
2004-11-10,1000.0,1003.5,984.25,993.75,993.75,28484
2004-11-11,992.5,1001.75,982.25,991.25,991.25,20412
2004-11-12,993.75,1027.0,990.0,1020.25,1020.25,48080
2004-11-15,1022.75,1052.0,1009.5,1038.25,1038.25,44820
2004-11-16,1030.5,1031.25,1008.75,1011.5,1011.5,21404
2004-11-17,1027.5,1047.25,1018.75,1038.5,1038.5,26704
2004-11-18,1044.75,1055.75,1035.25,1045.0,1045.0,20840
2004-11-19,1048.75,1048.75,1002.0,1012.5,1012.5,27920
2004-11-22,1021.25,1025.5,1007.5,1025.0,1025.0,20364
2004-11-23,1025.25,1040.5,1002.75,1028.25,1028.25,26080
2004-11-24,1020.75,1053.0,1020.75,1048.75,1048.75,23468
2004-11-26,1049.0,1059.5,1033.75,1048.5,1048.5,8260
2004-11-29,1048.75,1048.75,1002.5,1008.0,1008.0,34908
2004-11-30,1008.0,1022.0,998.5,1006.75,1006.75,25088
2004-12-01,1025.0,1040.5,1021.75,1038.25,1038.25,21460
2004-12-02,1031.25,1037.5,1003.75,1010.0,1010.0,33264
2004-12-03,1008.75,1039.75,998.75,1030.0,1030.0,47368
2004-12-06,1030.25,1049.75,1028.75,1039.75,1039.75,26044
2004-12-07,1044.75,1045.5,1023.75,1031.5,1031.5,26376
2004-12-08,1039.75,1043.75,995.25,997.0,997.0,58620
2004-12-09,1012.5,1056.0,1001.25,1052.5,1052.5,63848
2004-12-10,1081.25,1180.0,1076.25,1158.75,1158.75,131280
2004-12-13,1158.75,1171.25,1150.25,1156.75,1156.75,43360
2004-12-14,1157.0,1178.0,1150.0,1173.75,1173.75,40488
2004-12-15,1186.5,1221.75,1186.5,1215.0,1215.0,59088
2004-12-16,1205.25,1205.25,1167.5,1196.0,1196.0,54840
2004-12-17,1205.25,1206.25,1169.25,1195.0,1195.0,37032
2004-12-20,1196.25,1215.0,1190.25,1193.0,1193.0,30336
2004-12-21,1205.0,1209.25,1193.0,1198.75,1198.75,25852
2004-12-22,1198.0,1234.75,1196.75,1226.25,1226.25,28868
2004-12-23,1220.0,1228.5,1194.0,1207.75,1207.75,30764
2004-12-27,1207.75,1216.25,1170.25,1182.0,1182.0,26332
2004-12-28,1194.5,1224.25,1184.75,1221.5,1221.5,27720
2004-12-29,1208.75,1240.0,1202.5,1218.0,1218.0,19200
2004-12-30,1216.25,1235.0,1209.5,1235.0,1235.0,11908
2004-12-31,1235.0,1256.0,1234.0,1238.0,1238.0,18152
2005-01-03,1238.0,1240.0,1211.0,1211.25,1211.25,28464
2005-01-04,1212.5,1217.5,1123.75,1146.75,1146.75,75324
2005-01-05,1160.5,1183.25,1136.5,1137.75,1137.75,57960
2005-01-06,1142.75,1168.75,1142.75,1161.25,1161.25,39300
2005-01-07,1157.5,1175.0,1150.25,1152.25,1152.25,36340
2005-01-10,1172.25,1236.0,1170.0,1219.0,1219.0,58752
2005-01-11,1219.0,1230.0,1196.0,1210.5,1210.5,35328
2005-01-12,1200.0,1207.5,1177.5,1202.5,1202.5,43120
2005-01-13,1215.0,1278.25,1212.0,1253.5,1253.5,59600
2005-01-14,1260.0,1300.0,1234.25,1288.5,1288.5,51480
2005-01-18,1287.5,1304.25,1267.5,1292.0,1292.0,37768
2005-01-19,1303.0,1322.5,1290.5,1305.25,1305.25,52412
2005-01-20,1290.25,1301.25,1255.5,1256.75,1256.75,46864
2005-01-21,1269.25,1274.25,1248.0,1250.0,1250.0,33624
2005-01-24,1250.25,1266.0,1231.25,1234.5,1234.5,36408
2005-01-25,1236.25,1252.75,1223.75,1242.5,1242.5,28284
2005-01-26,1242.5,1280.75,1237.5,1278.5,1278.5,32544
2005-01-27,1265.0,1267.75,1241.25,1245.5,1245.5,38008
2005-01-28,1251.75,1290.0,1247.75,1280.0,1280.0,33752
2005-01-31,1280.0,1311.25,1246.0,1306.0,1306.0,49884
2005-02-01,1311.25,1352.25,1308.75,1341.5,1341.5,33208
2005-02-02,1341.5,1349.5,1321.75,1345.75,1345.75,31852
2005-02-03,1339.5,1375.0,1325.0,1335.5,1335.5,50948
2005-02-04,1348.75,1416.0,1347.5,1412.5,1412.5,45176
2005-02-07,1406.5,1432.0,1400.5,1417.75,1417.75,27160
2005-02-08,1432.75,1452.5,1412.5,1450.0,1450.0,41968
2005-02-09,1450.0,1458.25,1400.75,1405.5,1405.5,38528
2005-02-10,1405.5,1419.0,1381.5,1412.5,1412.5,42800
2005-02-11,1318.75,1356.0,1310.25,1340.0,1340.0,99784
2005-02-14,1340.0,1349.25,1315.5,1326.25,1326.25,37448
2005-02-15,1322.5,1326.25,1261.0,1279.5,1279.5,100548
2005-02-16,1307.5,1316.0,1269.5,1316.0,1316.0,91064
2005-02-17,1315.5,1336.25,1297.5,1318.25,1318.25,55376
2005-02-18,1318.25,1318.5,1289.75,1309.0,1309.0,39728
2005-02-22,1309.0,1313.0,1242.75,1247.5,1247.5,45620
2005-02-23,1270.0,1296.0,1245.25,1278.25,1278.25,62772
2005-02-24,1281.25,1349.5,1276.25,1347.0,1347.0,51688
2005-02-25,1350.0,1421.25,1344.75,1419.5,1419.5,68808
2005-02-28,1425.25,1427.5,1350.5,1375.0,1375.0,55588
2005-03-01,1400.0,1411.0,1376.25,1402.25,1402.25,42808
2005-03-02,1385.75,1408.0,1378.25,1386.75,1386.75,50244
2005-03-03,1433.5,1450.25,1386.25,1414.25,1414.25,107148
2005-03-04,1437.0,1480.25,1430.0,1471.75,1471.75,80432
2005-03-07,1485.0,1488.75,1455.0,1477.5,1477.5,38336
2005-03-08,1450.0,1451.25,1412.5,1412.75,1412.75,68296
2005-03-09,1393.5,1393.5,1345.75,1360.25,1360.25,76744
2005-03-10,1366.5,1384.5,1315.0,1332.5,1332.5,70908
2005-03-11,1326.25,1350.0,1306.25,1330.5,1330.5,76076
2005-03-14,1332.5,1337.0,1280.0,1301.5,1301.5,67320
2005-03-15,1329.5,1347.5,1295.0,1306.25,1306.25,65032
2005-03-16,1325.0,1333.75,1297.75,1309.75,1309.75,39780
2005-03-17,1311.25,1318.5,1267.5,1280.75,1280.75,49864
2005-03-18,1287.75,1310.75,1275.0,1280.5,1280.5,58148
2005-03-21,1255.0,1300.0,1250.0,1285.75,1285.75,42412
2005-03-22,1337.5,1345.75,1295.0,1299.5,1299.5,61508
2005-03-23,1296.75,1296.75,1267.5,1284.25,1284.25,38312
2005-03-24,1290.0,1328.75,1290.0,1300.75,1300.75,33072
2005-03-28,1302.25,1318.25,1272.25,1284.0,1284.0,32888
2005-03-29,1286.5,1299.0,1256.25,1261.0,1261.0,43128
2005-03-30,1261.0,1276.75,1238.75,1257.75,1257.75,41796
2005-03-31,1275.0,1294.5,1268.0,1275.0,1275.0,32460
2005-04-01,1293.75,1320.0,1265.25,1289.25,1289.25,58036
2005-04-04,1289.25,1306.0,1265.0,1292.75,1292.75,31888
2005-04-05,1297.0,1305.75,1280.5,1292.25,1292.25,51648
2005-04-06,1297.25,1297.5,1266.75,1270.5,1270.5,45360
2005-04-07,1277.5,1309.25,1273.75,1297.25,1297.25,32240
2005-04-08,1305.0,1307.5,1281.25,1282.5,1282.5,28516
2005-04-11,1287.5,1296.5,1265.0,1283.75,1283.75,23980
2005-04-12,1269.5,1317.5,1246.25,1307.25,1307.25,74536
2005-04-13,1312.75,1312.75,1268.75,1281.25,1281.25,41272
2005-04-14,1281.5,1284.25,1224.5,1235.0,1235.0,74868
2005-04-15,1252.5,1252.5,1196.0,1200.0,1200.0,82116
2005-04-18,1206.25,1230.5,1200.25,1225.5,1225.5,44492
2005-04-19,1222.5,1247.5,1206.25,1234.0,1234.0,52868
2005-04-20,1234.0,1237.5,1185.0,1194.0,1194.0,60740
2005-04-21,1202.5,1236.5,1197.75,1228.75,1228.75,34920
2005-04-22,1229.0,1231.25,1199.5,1204.75,1204.75,30548
2005-04-25,1204.75,1262.5,1204.75,1250.5,1250.5,37368
2005-04-26,1246.25,1328.75,1240.0,1272.5,1272.5,83656
2005-04-27,1272.75,1301.75,1262.0,1290.75,1290.75,42480
2005-04-28,1290.75,1302.25,1245.0,1253.5,1253.5,68288
2005-04-29,1259.75,1286.5,1246.0,1269.25,1269.25,44488
2005-05-02,1269.5,1281.25,1250.5,1277.75,1277.75,33088
2005-05-03,1278.0,1292.0,1267.25,1278.75,1278.75,33976
2005-05-04,1270.5,1301.25,1262.5,1297.0,1297.0,52576
2005-05-05,1297.0,1347.5,1295.0,1334.25,1334.25,53748
2005-05-06,1334.25,1358.75,1312.0,1347.25,1347.25,35940
2005-05-09,1348.75,1360.75,1337.75,1355.25,1355.25,29748
2005-05-10,1354.5,1360.0,1331.5,1335.5,1335.5,24840
2005-05-11,1341.25,1357.5,1320.0,1349.5,1349.5,26120
2005-05-12,1349.75,1350.0,1302.5,1305.0,1305.0,27700
2005-05-13,1321.0,1321.0,1281.5,1297.5,1297.5,34804
2005-05-16,1302.5,1343.25,1300.0,1341.25,1341.25,44096
2005-05-17,1341.25,1358.75,1312.0,1354.5,1354.5,35852
2005-05-18,1373.25,1417.25,1372.0,1411.25,1411.25,45400
2005-05-19,1411.5,1437.75,1400.0,1427.25,1427.25,38368
2005-05-20,1429.75,1432.0,1414.25,1420.5,1420.5,29160
2005-05-23,1424.25,1483.0,1424.25,1463.25,1463.25,62276
2005-05-24,1463.5,1484.75,1440.0,1480.0,1480.0,51048
2005-05-25,1479.25,1480.0,1455.25,1458.75,1458.75,34008
2005-05-26,1484.0,1538.0,1484.0,1534.5,1534.5,68684
2005-05-27,1534.5,1537.5,1512.5,1526.75,1526.75,32496
2005-05-31,1559.25,1568.25,1545.0,1552.5,1552.5,74652
2005-06-01,1500.0,1545.0,1491.5,1519.25,1519.25,137340
2005-06-02,1523.0,1557.0,1519.25,1555.25,1555.25,60924
2005-06-03,1563.0,1563.0,1515.0,1515.0,1515.0,64960
2005-06-06,1521.25,1542.0,1497.25,1536.5,1536.5,53956
2005-06-07,1552.5,1575.75,1542.5,1548.0,1548.0,41912
2005-06-08,1550.0,1550.0,1500.75,1501.5,1501.5,51980
2005-06-09,1505.0,1544.75,1478.25,1535.0,1535.0,64800
2005-06-10,1531.25,1548.25,1498.25,1509.0,1509.0,32912
2005-06-13,1505.5,1508.75,1480.75,1502.0,1502.0,35580
2005-06-14,1502.0,1545.25,1499.0,1543.25,1543.25,31908
2005-06-15,1550.0,1568.25,1537.0,1568.25,1568.25,47180
2005-06-16,1562.5,1604.5,1546.0,1601.75,1601.75,41064
2005-06-17,1722.5,1742.5,1634.75,1655.5,1655.5,121864
2005-06-20,1655.75,1656.25,1630.0,1641.5,1641.5,50856
2005-06-21,1650.0,1662.5,1609.25,1630.25,1630.25,42044
2005-06-22,1638.75,1641.5,1613.75,1629.5,1629.5,25140
2005-06-23,1629.5,1645.0,1585.0,1591.75,1591.75,32644
2005-06-24,1598.0,1598.0,1545.0,1556.5,1556.5,49536
2005-06-27,1560.25,1602.25,1542.5,1592.0,1592.0,38876
2005-06-28,1615.0,1652.5,1613.75,1649.25,1649.25,42716
2005-06-29,1650.0,1650.75,1620.5,1627.5,1627.5,29252
2005-06-30,1645.0,1649.5,1623.75,1630.0,1630.0,43344
2005-07-01,1637.5,1643.75,1608.0,1627.5,1627.5,29080
2005-07-05,1600.0,1647.0,1590.0,1647.0,1647.0,29348
2005-07-06,1647.0,1667.5,1632.75,1635.5,1635.5,46984
2005-07-07,1612.5,1697.0,1602.5,1687.75,1687.75,57644
2005-07-08,1688.0,1711.25,1675.75,1706.25,1706.25,36648
2005-07-11,1719.0,1761.25,1706.25,1760.0,1760.0,40832
2005-07-12,1750.0,1762.5,1739.0,1758.0,1758.0,35540
2005-07-13,1758.25,1758.75,1740.0,1752.75,1752.75,26568
2005-07-14,1770.5,1790.0,1717.5,1728.75,1728.75,42000
2005-07-15,1740.0,1774.75,1735.25,1773.0,1773.0,32064
2005-07-18,1775.25,1785.0,1753.75,1772.0,1772.0,25720
2005-07-19,1772.0,1810.75,1753.75,1801.5,1801.5,29116
2005-07-20,1810.75,1835.0,1790.5,1829.75,1829.75,32580
2005-07-21,1822.5,1822.75,1753.75,1779.0,1779.0,45332
2005-07-22,1779.0,1807.5,1777.5,1807.5,1807.5,29980
2005-07-25,1802.5,1816.75,1737.75,1741.0,1741.0,34812
2005-07-26,1743.0,1765.0,1713.25,1750.0,1750.0,37572
2005-07-27,1749.25,1759.25,1704.5,1758.0,1758.0,36952
2005-07-28,1778.75,1818.25,1771.25,1808.75,1808.75,35140
2005-07-29,1808.75,1812.25,1761.75,1767.0,1767.0,28080
2005-08-01,1767.0,1780.5,1734.25,1775.5,1775.5,36668
2005-08-02,1775.5,1793.5,1763.25,1782.0,1782.0,23736
2005-08-03,1782.25,1782.25,1729.5,1735.25,1735.25,38032
2005-08-04,1735.25,1759.0,1711.0,1738.5,1738.5,28888
2005-08-05,1713.5,1713.75,1611.0,1639.5,1639.5,101416
2005-08-08,1630.0,1639.5,1539.0,1550.0,1550.0,105188
2005-08-09,1555.0,1569.25,1521.75,1550.75,1550.75,107344
2005-08-10,1570.0,1572.0,1510.25,1524.25,1524.25,62680
2005-08-11,1524.25,1547.25,1512.5,1537.75,1537.75,35208
2005-08-12,1515.25,1543.5,1511.5,1542.0,1542.0,34968
2005-08-15,1542.0,1549.0,1516.75,1525.0,1525.0,35664
2005-08-16,1525.0,1541.0,1495.75,1502.25,1502.25,42476
2005-08-17,1496.0,1508.75,1465.0,1489.0,1489.0,46784
2005-08-18,1483.75,1498.0,1465.25,1479.75,1479.75,52796
2005-08-19,1493.5,1493.5,1471.75,1481.25,1481.25,34124
2005-08-22,1481.25,1485.75,1450.0,1466.0,1466.0,50016
2005-08-23,1462.5,1474.25,1426.75,1446.5,1446.5,66116
2005-08-24,1441.25,1489.5,1429.5,1448.75,1448.75,85564
2005-08-25,1463.0,1475.0,1430.25,1434.25,1434.25,42072
2005-08-26,1428.75,1432.25,1397.5,1418.75,1418.75,46696
2005-08-29,1400.0,1438.75,1398.5,1420.0,1420.0,41044
2005-08-30,1405.5,1446.75,1405.5,1437.5,1437.5,46548
2005-08-31,1433.0,1503.75,1432.5,1503.75,1503.75,51460
2005-09-01,1491.25,1520.0,1480.0,1499.75,1499.75,51528
2005-09-02,1504.5,1521.0,1478.0,1487.5,1487.5,28252
2005-09-06,1500.0,1517.5,1486.5,1509.75,1509.75,44984
2005-09-07,1528.5,1542.75,1508.25,1539.75,1539.75,66036
2005-09-08,1440.25,1457.5,1424.0,1437.25,1437.25,190116
2005-09-09,1438.75,1462.0,1433.25,1455.25,1455.25,66464
2005-09-12,1450.0,1470.5,1445.25,1446.75,1446.75,57700
2005-09-13,1435.0,1444.25,1417.0,1417.0,1417.0,76092
2005-09-14,1417.25,1443.5,1412.75,1422.75,1422.75,49440
2005-09-15,1420.75,1446.0,1420.5,1425.75,1425.75,34284
2005-09-16,1442.25,1445.0,1361.75,1364.25,1364.25,133584
2005-09-19,1364.25,1371.25,1288.75,1321.75,1321.75,114568
2005-09-20,1321.75,1332.5,1279.5,1279.75,1279.75,103264
2005-09-21,1289.5,1307.5,1257.5,1259.5,1259.5,68372
2005-09-22,1271.25,1306.0,1259.25,1283.0,1283.0,62632
2005-09-23,1283.25,1296.0,1260.0,1280.75,1280.75,31240
2005-09-26,1275.0,1315.0,1272.0,1277.5,1277.5,42084
2005-09-27,1282.75,1295.25,1255.0,1267.75,1267.75,49464
2005-09-28,1267.75,1280.0,1222.5,1247.5,1247.5,56872
2005-09-29,1250.25,1268.5,1239.25,1268.5,1268.5,37764
2005-09-30,1265.0,1298.75,1265.0,1280.0,1280.0,40708
2005-10-03,1277.25,1300.0,1277.25,1291.75,1291.75,43404
2005-10-04,1282.75,1287.5,1228.5,1232.0,1232.0,68156
2005-10-05,1248.0,1248.0,1193.0,1205.75,1205.75,83700
2005-10-06,1208.75,1221.25,1167.5,1187.75,1187.75,78540
2005-10-07,1187.75,1211.25,1170.25,1203.75,1203.75,43256
2005-10-10,1197.5,1201.75,1150.0,1152.25,1152.25,63300
2005-10-11,1174.25,1190.0,1150.0,1157.5,1157.5,56724
2005-10-12,1153.75,1162.5,1124.25,1131.75,1131.75,66536
2005-10-13,1132.0,1153.75,1106.25,1153.0,1153.0,65300
2005-10-14,1165.75,1186.5,1142.75,1156.25,1156.25,54832
2005-10-17,1156.25,1180.5,1144.0,1162.75,1162.75,33132
2005-10-18,1162.75,1163.0,1109.5,1120.25,1120.25,64164
2005-10-19,1095.5,1166.75,1080.75,1166.25,1166.25,114116
2005-10-20,1152.25,1168.5,1115.5,1121.5,1121.5,79084
2005-10-21,1133.75,1143.0,1106.5,1120.75,1120.75,58308
2005-10-24,1137.5,1147.75,1116.75,1147.75,1147.75,58428
2005-10-25,1147.75,1154.75,1118.75,1132.5,1132.5,47856
2005-10-26,1131.25,1144.75,1115.25,1120.25,1120.25,43612
2005-10-27,1115.5,1122.0,1062.5,1064.5,1064.5,75964
2005-10-28,1084.0,1102.5,1063.75,1100.0,1100.0,46788
2005-10-31,1105.0,1141.25,1100.0,1124.75,1124.75,43860
2005-11-01,1124.75,1137.25,1106.75,1133.0,1133.0,43160
2005-11-02,1145.0,1190.0,1133.25,1175.0,1175.0,72000
2005-11-03,1185.0,1202.0,1160.25,1172.75,1172.75,82068
2005-11-04,1172.75,1181.0,1138.0,1159.25,1159.25,51908
2005-11-07,1171.75,1210.0,1154.5,1208.75,1208.75,56792
2005-11-08,1132.75,1157.5,1118.75,1123.5,1123.5,99724
2005-11-09,1123.5,1137.0,1090.5,1105.75,1105.75,70964
2005-11-10,1105.75,1158.5,1105.75,1153.0,1153.0,49456
2005-11-11,1153.0,1178.0,1150.25,1159.25,1159.25,32116
2005-11-14,1159.5,1165.0,1144.75,1150.5,1150.5,26756
2005-11-15,1144.25,1158.0,1130.25,1133.0,1133.0,43408
2005-11-16,1145.5,1150.0,1117.0,1148.5,1148.5,41092
2005-11-17,1133.25,1205.0,1133.25,1200.25,1200.25,65868
2005-11-18,1221.0,1228.0,1197.0,1209.0,1209.0,48736
2005-11-21,1215.0,1250.5,1207.25,1250.0,1250.0,38208
2005-11-22,1247.5,1277.5,1229.0,1276.25,1276.25,49892
2005-11-23,1270.5,1286.75,1260.5,1276.75,1276.75,35176
2005-11-25,1279.0,1286.75,1275.75,1283.75,1283.75,7772
2005-11-28,1283.75,1283.75,1234.25,1234.25,1234.25,39944
2005-11-29,1234.5,1274.75,1228.75,1232.75,1232.75,46044
2005-11-30,1233.75,1262.5,1229.75,1246.0,1246.0,31948
2005-12-01,1257.5,1262.25,1242.0,1252.25,1252.25,28940
2005-12-02,1252.25,1271.5,1243.75,1267.5,1267.5,20812
2005-12-05,1260.0,1268.0,1250.25,1267.75,1267.75,28620
2005-12-06,1272.5,1274.5,1253.25,1263.25,1263.25,31428
2005-12-07,1263.5,1263.5,1208.75,1218.25,1218.25,55488
2005-12-08,1220.5,1237.25,1174.5,1219.25,1219.25,99608
2005-12-09,1207.5,1235.5,1200.0,1230.0,1230.0,48452
2005-12-12,1232.25,1242.25,1227.5,1239.5,1239.5,25600
2005-12-13,1237.0,1263.25,1226.5,1261.0,1261.0,46260
2005-12-14,1261.0,1297.5,1256.5,1291.25,1291.25,50028
2005-12-15,1303.0,1311.25,1266.75,1273.25,1273.25,55660
2005-12-16,1287.5,1287.5,1254.25,1256.5,1256.5,33932
2005-12-19,1259.25,1265.0,1231.75,1235.25,1235.25,31348
2005-12-20,1243.75,1245.25,1219.25,1237.5,1237.5,40248
2005-12-21,1240.25,1245.75,1226.0,1232.5,1232.5,25208
2005-12-22,1233.25,1251.0,1229.0,1247.25,1247.25,26828
2005-12-23,1247.25,1262.5,1234.25,1257.5,1257.5,31948
2005-12-27,1261.25,1277.5,1258.5,1263.75,1263.75,33068
2005-12-28,1262.5,1264.75,1246.75,1249.5,1249.5,22208
2005-12-29,1249.5,1262.5,1233.25,1253.5,1253.5,25504
2005-12-30,1253.5,1253.5,1233.0,1241.0,1241.0,23504
2006-01-03,1244.5,1280.5,1226.25,1273.0,1273.0,57132
2006-01-04,1261.25,1267.0,1250.5,1256.75,1256.75,29416
2006-01-05,1267.5,1306.0,1252.75,1290.25,1290.25,46072
2006-01-06,1275.0,1297.5,1264.0,1293.5,1293.5,39476
2006-01-09,1293.75,1359.5,1289.25,1349.5,1349.5,69836
2006-01-10,1339.75,1364.75,1337.5,1357.25,1357.25,34464
2006-01-11,1357.5,1360.0,1341.25,1348.75,1348.75,23300
2006-01-12,1348.75,1348.75,1320.75,1324.75,1324.75,28588
2006-01-13,1320.5,1332.25,1313.75,1320.5,1320.5,17116
2006-01-17,1310.5,1315.5,1294.0,1298.0,1298.0,31216
2006-01-18,1298.0,1305.0,1274.5,1280.75,1280.75,46660
2006-01-19,1286.25,1286.25,1265.75,1272.75,1272.75,29464
2006-01-20,1300.0,1300.0,1247.25,1266.75,1266.75,43392
2006-01-23,1265.5,1265.75,1231.75,1243.25,1243.25,36856
2006-01-24,1247.5,1265.5,1243.5,1250.75,1250.75,26236
2006-01-25,1250.75,1251.25,1201.25,1208.25,1208.25,53436
2006-01-26,1211.25,1225.0,1203.75,1217.25,1217.25,34148
2006-01-27,1219.25,1236.5,1205.25,1222.0,1222.0,48296
2006-01-30,1221.75,1234.0,1210.75,1229.75,1229.75,19544
2006-01-31,1220.75,1226.5,1204.5,1210.5,1210.5,35616
2006-02-01,1210.75,1212.0,1189.75,1198.25,1198.25,42040
2006-02-02,1201.25,1202.75,1173.5,1178.75,1178.75,49064
2006-02-03,1178.75,1210.0,1154.25,1194.25,1194.25,48480
2006-02-06,1192.5,1197.0,1160.75,1169.5,1169.5,28112
2006-02-07,1151.0,1156.25,1126.25,1132.0,1132.0,46256
2006-02-08,1137.5,1142.75,1118.25,1140.25,1140.25,40952
2006-02-09,1150.0,1155.0,1133.5,1140.25,1140.25,24560
2006-02-10,1140.25,1140.25,1108.0,1115.5,1115.5,44044
2006-02-13,1115.5,1118.25,1102.5,1111.5,1111.5,38064
2006-02-14,1106.25,1138.75,1094.5,1135.25,1135.25,39932
2006-02-15,1146.0,1167.0,1134.75,1145.0,1145.0,36364
2006-02-16,1168.75,1171.0,1152.25,1168.25,1168.25,40836
2006-02-17,1175.0,1177.5,1142.0,1145.75,1145.75,35296
2006-02-21,1155.0,1161.0,1138.5,1151.25,1151.25,31324
2006-02-22,1162.25,1224.5,1146.75,1220.75,1220.75,65752
2006-02-23,1212.25,1212.25,1180.25,1190.0,1190.0,68632
2006-02-24,1190.0,1193.0,1176.25,1188.75,1188.75,26556
2006-02-27,1186.5,1198.75,1168.75,1184.0,1184.0,41372
2006-02-28,1180.0,1180.0,1148.5,1152.75,1152.75,46808
2006-03-01,1150.0,1162.5,1142.5,1153.25,1153.25,51432
2006-03-02,1150.25,1180.75,1147.5,1161.0,1161.0,56640
2006-03-03,1150.0,1155.25,1121.25,1121.25,1121.25,89688
2006-03-06,1121.25,1125.0,1100.5,1107.0,1107.0,60348
2006-03-07,1107.0,1107.25,1068.0,1080.25,1080.25,61204
2006-03-08,1080.0,1080.0,1052.75,1062.75,1062.75,66412
2006-03-09,1067.5,1077.5,1043.0,1047.25,1047.25,41400
2006-03-10,1047.25,1072.5,1041.25,1070.0,1070.0,61376
2006-03-13,1072.5,1094.5,1070.0,1073.5,1073.5,35120
2006-03-14,1077.5,1127.0,1077.25,1126.25,1126.25,62580
2006-03-15,1125.75,1130.25,1102.75,1113.5,1113.5,42004
2006-03-16,1129.0,1146.5,1124.25,1141.75,1141.75,47176
2006-03-17,1158.75,1195.0,1154.5,1172.5,1172.5,79388
2006-03-20,1177.5,1179.0,1141.5,1147.75,1147.75,45868
2006-03-21,1142.5,1149.25,1121.5,1126.0,1126.0,53704
2006-03-22,1131.25,1142.5,1121.0,1121.5,1121.5,37664
2006-03-23,1127.5,1166.0,1121.25,1155.75,1155.75,58120
2006-03-24,1150.0,1157.25,1126.25,1146.0,1146.0,60656
2006-03-27,1146.25,1159.25,1143.5,1143.5,1143.5,38792
2006-03-28,1152.25,1161.0,1122.75,1132.0,1132.0,37740
2006-03-29,1137.75,1141.75,1119.25,1127.25,1127.25,37552
2006-03-30,1127.25,1130.5,1083.25,1101.25,1101.25,50324
2006-03-31,1101.25,1104.0,1089.25,1098.25,1098.25,28724
2006-04-03,1095.0,1098.0,1076.25,1079.5,1079.5,47636
2006-04-04,1080.5,1087.5,1076.25,1082.75,1082.75,23696
2006-04-05,1085.75,1132.5,1085.75,1128.25,1128.25,43936
2006-04-06,1116.0,1120.0,1090.0,1101.75,1101.75,44940
2006-04-07,1102.0,1117.75,1094.0,1106.5,1106.5,33580
2006-04-10,1107.5,1111.0,1091.5,1094.0,1094.0,24788
2006-04-11,1103.5,1114.75,1064.5,1074.0,1074.0,44592
2006-04-12,1068.75,1073.25,1051.75,1058.25,1058.25,25096
2006-04-13,1053.75,1054.0,1029.75,1034.75,1034.75,45340
2006-04-17,1038.25,1039.75,1012.75,1020.0,1020.0,40952
2006-04-18,1020.0,1072.75,1000.25,1067.0,1067.0,89012
2006-04-19,1067.0,1067.0,1036.0,1044.75,1044.75,59444
2006-04-20,1038.75,1054.25,1025.5,1051.75,1051.75,36664
2006-04-21,1062.0,1062.5,1033.25,1037.25,1037.25,22376
2006-04-24,1037.25,1037.25,1008.25,1011.0,1011.0,30436
2006-04-25,1011.75,1019.5,988.75,992.75,992.75,45924
2006-04-26,1001.25,1035.75,992.75,1015.75,1015.75,51872
2006-04-27,1000.0,1008.25,978.25,1008.0,1008.0,87284
2006-04-28,1006.5,1019.75,983.75,994.25,994.25,54340
2006-05-01,994.5,996.0,965.5,969.5,969.5,38940
2006-05-02,916.75,936.25,885.0,909.75,909.75,165840
2006-05-03,899.75,918.25,892.5,898.75,898.75,61400
2006-05-04,898.75,908.75,880.5,883.25,883.25,41900
2006-05-05,902.5,927.25,884.0,919.0,919.0,90000
2006-05-08,901.0,921.25,895.0,897.0,897.0,42500
2006-05-09,896.25,898.5,873.75,876.75,876.75,47148
2006-05-10,871.75,894.5,871.75,879.75,879.75,55360
2006-05-11,879.75,879.75,851.25,851.25,851.25,42324
2006-05-12,845.0,845.25,830.0,841.75,841.75,61132
2006-05-15,858.5,858.5,815.0,829.75,829.75,60792
2006-05-16,830.0,842.75,820.75,828.0,828.0,57760
2006-05-17,822.0,827.0,800.0,800.75,800.75,62712
2006-05-18,807.25,835.0,805.0,809.25,809.25,65512
2006-05-19,806.25,818.75,792.5,808.25,808.25,53576
2006-05-22,802.0,805.75,782.25,794.0,794.0,75536
2006-05-23,807.5,829.5,805.0,805.25,805.25,90564
2006-05-24,807.75,825.0,785.25,811.5,811.5,90016
2006-05-25,815.0,822.5,800.0,820.25,820.25,54016
2006-05-26,822.0,828.75,815.75,822.25,822.25,49320
2006-05-30,817.5,817.5,794.0,799.0,799.0,55076
2006-05-31,799.0,800.75,781.75,795.75,795.75,75340
2006-06-01,813.0,835.75,799.75,831.75,831.75,130780
2006-06-02,832.0,837.5,800.75,809.0,809.0,85304
2006-06-05,763.25,792.75,756.5,767.75,767.75,117324
2006-06-06,766.75,767.0,726.25,743.75,743.75,168892
2006-06-07,746.0,759.0,730.75,736.25,736.25,93788
2006-06-08,736.25,743.5,711.75,740.25,740.25,89420
2006-06-09,748.25,762.5,739.5,752.25,752.25,70356
2006-06-12,752.25,753.0,727.75,731.25,731.25,72552
2006-06-13,729.5,743.0,701.5,704.75,704.75,107696
2006-06-14,704.75,716.25,693.75,711.0,711.0,98284
2006-06-15,711.0,752.5,709.75,745.5,745.5,87560
2006-06-16,745.75,755.5,729.25,733.75,733.75,76616
2006-06-19,733.75,744.5,720.5,724.75,724.75,62332
2006-06-20,729.0,737.5,715.75,716.25,716.25,53720
2006-06-21,717.5,743.0,716.5,740.75,740.75,62680
2006-06-22,740.5,740.75,721.75,728.25,728.25,51284
2006-06-23,728.25,745.25,722.0,734.0,734.0,45184
2006-06-26,740.25,768.5,732.5,759.5,759.5,110644
2006-06-27,759.5,759.5,743.75,752.75,752.75,92800
2006-06-28,758.0,758.0,732.75,742.0,742.0,57512
2006-06-29,745.0,771.0,732.0,769.5,769.5,70456
2006-06-30,774.25,774.25,752.0,752.0,752.0,128956
2006-07-03,752.25,759.75,743.5,754.5,754.5,29516
2006-07-05,750.0,750.0,723.75,729.5,729.5,65440
2006-07-06,729.5,747.25,728.0,733.0,733.0,40020
2006-07-07,728.0,747.5,725.5,727.0,727.0,45292
2006-07-10,727.0,732.0,714.75,718.25,718.25,32572
2006-07-11,714.75,714.75,697.75,710.25,710.25,51496
2006-07-12,710.25,720.0,694.25,698.5,698.5,52784
2006-07-13,693.75,706.25,683.75,685.0,685.0,58448
2006-07-14,672.75,672.75,646.75,664.75,664.75,101084
2006-07-17,665.0,674.5,653.75,656.75,656.75,48224
2006-07-18,660.5,665.0,630.75,649.75,649.75,58668
2006-07-19,654.5,686.75,653.0,683.5,683.5,71380
2006-07-20,683.5,687.0,636.25,641.0,641.0,81332
2006-07-21,641.0,646.5,619.75,636.0,636.0,78264
2006-07-24,644.25,660.5,639.0,659.25,659.25,49044
2006-07-25,655.5,690.75,651.25,674.5,674.5,62196
2006-07-26,671.25,680.5,653.25,675.25,675.25,56900
2006-07-27,675.25,693.5,660.0,666.75,666.75,68116
2006-07-28,677.5,694.5,674.5,683.25,683.25,44328
2006-07-31,683.25,686.0,669.0,684.75,684.75,56268
2006-08-01,678.5,696.5,672.25,691.25,691.25,69784
2006-08-02,691.5,710.0,686.75,704.5,704.5,48304
2006-08-03,703.5,747.75,694.25,738.0,738.0,89324
2006-08-04,738.0,771.75,707.75,727.5,727.5,214056
2006-08-07,725.0,732.25,713.5,723.25,723.25,60556
2006-08-08,723.25,731.75,683.5,688.5,688.5,85920
2006-08-09,681.25,681.5,639.5,643.0,643.0,106744
2006-08-10,643.0,648.5,628.75,641.25,641.25,82560
2006-08-11,636.25,637.5,625.5,629.0,629.0,46920
2006-08-14,636.75,644.75,620.75,626.0,626.0,42664
2006-08-15,640.5,649.5,629.0,647.25,647.25,78948
2006-08-16,653.0,678.75,640.0,675.5,675.5,77600
2006-08-17,676.0,694.0,666.5,679.75,679.75,51152
2006-08-18,683.5,687.5,664.25,685.75,685.75,32172
2006-08-21,680.0,680.25,656.25,660.75,660.75,35712
2006-08-22,666.5,672.75,656.5,662.75,662.75,36696
2006-08-23,660.5,661.75,641.75,642.5,642.5,57676
2006-08-24,645.5,657.0,634.5,652.5,652.5,55956
2006-08-25,648.25,659.25,640.0,657.25,657.25,25992
2006-08-28,660.25,677.5,659.0,673.25,673.25,37024
2006-08-29,676.5,680.0,656.75,679.5,679.5,41280
2006-08-30,667.5,673.75,655.0,661.25,661.25,51712
2006-08-31,663.0,673.0,656.25,662.25,662.25,41284
2006-09-01,665.0,672.75,652.25,666.25,666.25,40404
2006-09-05,663.75,671.25,658.75,666.75,666.75,45192
2006-09-06,667.0,667.0,632.25,636.75,636.75,73816
2006-09-07,637.5,683.0,632.5,677.25,677.25,210388
2006-09-08,670.25,684.0,648.25,654.25,654.25,107548
2006-09-11,649.5,684.75,640.0,671.0,671.0,95120
2006-09-12,669.5,719.5,665.0,716.75,716.75,126308
2006-09-13,711.25,720.5,704.0,710.5,710.5,77356
2006-09-14,705.25,712.5,694.25,705.5,705.5,57404
2006-09-15,712.5,738.0,709.75,732.5,732.5,124788
2006-09-18,732.5,749.75,725.0,732.5,732.5,65516
2006-09-19,732.75,739.5,704.0,722.0,722.0,58992
2006-09-20,730.0,733.75,702.5,720.75,720.75,51828
2006-09-21,720.5,736.0,698.75,702.75,702.75,72912
2006-09-22,702.75,735.0,689.5,732.0,732.0,105208
2006-09-25,732.25,759.0,716.5,755.0,755.0,110896
2006-09-26,750.5,790.25,747.0,782.75,782.75,116540
2006-09-27,778.25,797.5,753.0,758.25,758.25,89748
2006-09-28,761.25,768.75,738.25,752.5,752.5,63692
2006-09-29,754.25,764.25,733.5,733.5,733.5,52988
2006-10-02,727.75,750.75,713.0,740.25,740.25,68124
2006-10-03,735.5,737.0,720.5,722.0,722.0,110144
2006-10-04,719.75,761.25,716.0,758.5,758.5,80092
2006-10-05,756.0,766.5,730.0,747.0,747.0,57260
2006-10-06,743.25,744.5,733.25,739.75,739.75,39832
2006-10-09,739.75,775.25,733.0,765.5,765.5,53424
2006-10-10,773.25,807.5,773.25,793.5,793.5,84428
2006-10-11,791.5,799.0,768.75,781.25,781.25,60192
2006-10-12,790.0,839.25,789.25,814.0,814.0,63568
2006-10-13,796.75,807.75,783.75,789.5,789.5,55976
2006-10-16,787.5,803.5,785.75,789.0,789.0,46128
2006-10-17,781.5,787.0,770.0,774.0,774.0,41256
2006-10-18,784.0,795.25,772.0,774.75,774.75,42456
2006-10-19,785.25,794.5,768.5,782.0,782.0,34988
2006-10-20,787.5,787.5,770.5,778.0,778.0,26988
2006-10-23,771.0,780.75,750.75,754.0,754.0,58428
2006-10-24,751.75,776.5,748.5,773.75,773.75,44820
2006-10-25,775.0,801.5,767.75,794.5,794.5,53716
2006-10-26,797.5,811.0,790.0,801.5,801.5,50284
2006-10-27,795.25,801.0,771.75,772.5,772.5,38496
2006-10-30,766.25,784.0,764.0,778.75,778.75,34424
2006-10-31,778.75,783.75,760.75,771.25,771.25,46996
2006-11-01,778.75,784.75,746.5,747.5,747.5,44484
2006-11-02,742.5,757.25,737.5,741.75,741.75,56192
2006-11-03,743.0,750.0,721.25,737.25,737.25,46148
2006-11-06,739.25,747.5,734.5,740.25,740.25,40280
2006-11-07,737.0,741.5,725.0,726.0,726.0,45960
2006-11-08,720.5,720.5,690.75,710.0,710.0,109952
2006-11-09,709.25,709.5,693.0,695.25,695.25,55556
2006-11-10,698.75,731.75,694.25,730.75,730.75,67876
2006-11-13,729.25,744.5,722.25,727.75,727.75,52720
2006-11-14,746.25,782.75,742.25,774.75,774.75,93532
2006-11-15,774.75,796.25,766.75,784.5,784.5,75320
2006-11-16,791.75,811.0,784.75,798.0,798.0,86408
2006-11-17,797.25,804.75,780.0,800.0,800.0,48508
2006-11-20,800.0,805.0,787.75,797.5,797.5,41768
2006-11-21,794.0,816.25,793.25,808.0,808.0,39856
2006-11-22,811.25,828.25,811.25,824.25,824.25,52680
2006-11-24,824.25,841.5,812.5,829.5,829.5,26368
2006-11-27,829.5,835.0,806.5,814.5,814.5,49984
2006-11-28,813.5,831.25,806.25,813.75,813.75,74660
2006-11-29,816.25,837.25,811.0,829.5,829.5,46000
2006-11-30,845.0,901.75,841.0,887.75,887.75,111976
2006-12-01,891.25,921.0,877.5,907.0,907.0,126200
2006-12-04,910.75,925.0,894.25,903.75,903.75,50040
2006-12-05,909.5,943.75,907.5,934.75,934.75,87912
2006-12-06,943.5,966.5,941.75,950.25,950.25,88824
2006-12-07,947.25,947.25,907.5,918.75,918.75,105492
2006-12-08,918.75,925.0,887.25,892.75,892.75,97140
2006-12-11,891.75,907.25,887.5,897.25,897.25,51880
2006-12-12,897.5,900.0,881.25,890.0,890.0,41296
2006-12-13,894.5,908.0,887.25,889.25,889.25,52072
2006-12-14,891.25,916.25,883.5,892.75,892.75,42580
2006-12-15,906.25,915.25,889.0,897.25,897.25,52328
2006-12-18,899.5,909.75,880.25,881.25,881.25,64884
2006-12-19,853.25,874.75,841.0,864.0,864.0,98232
2006-12-20,862.5,877.5,854.5,856.5,856.5,43672
2006-12-21,860.0,860.25,833.25,839.25,839.25,50652
2006-12-22,838.0,842.5,824.25,827.75,827.75,48080
2006-12-26,827.75,835.75,825.0,831.0,831.0,33156
2006-12-27,836.5,848.25,835.75,842.5,842.5,48656
2006-12-28,845.0,856.75,833.75,844.75,844.75,46424
2006-12-29,842.5,854.0,842.0,847.5,847.5,41268
2007-01-03,843.5,848.25,795.0,800.5,800.5,101740
2007-01-04,820.0,820.0,787.0,795.0,795.0,63404
2007-01-05,792.75,796.5,782.75,785.25,785.25,41100
2007-01-08,778.25,784.0,755.75,768.0,768.0,75472
2007-01-09,770.5,781.25,767.0,775.5,775.5,58760
2007-01-10,772.25,778.0,763.0,770.0,770.0,63956
2007-01-11,772.5,795.0,770.0,792.25,792.25,57292
2007-01-12,792.25,810.5,789.75,804.75,804.75,60664
2007-01-16,804.75,810.0,778.75,785.5,785.5,63896
2007-01-17,791.25,807.75,790.5,798.25,798.25,46520
2007-01-18,803.75,807.25,783.5,787.0,787.0,37912
2007-01-19,790.0,803.25,779.75,796.5,796.5,38612
2007-01-22,800.25,801.75,786.0,788.25,788.25,34792
2007-01-23,788.25,832.5,788.25,819.0,819.0,106688
2007-01-24,819.0,834.25,802.25,827.75,827.75,67336
2007-01-25,826.5,826.5,788.0,795.25,795.25,63164
2007-01-26,800.0,803.25,771.75,781.0,781.0,60976
2007-01-29,786.0,796.5,774.5,788.0,788.0,29172
2007-01-30,790.0,795.0,784.5,788.5,788.5,22716
2007-01-31,788.5,836.75,788.5,832.25,832.25,67264
2007-02-01,873.5,887.25,857.5,879.25,879.25,132840
2007-02-02,879.75,939.5,878.0,924.5,924.5,148412
2007-02-05,924.75,924.75,898.25,904.0,904.0,66136
2007-02-06,904.0,914.25,890.0,905.0,905.0,62260
2007-02-07,905.25,919.75,898.0,907.25,907.25,38448
2007-02-08,904.75,905.25,860.0,868.5,868.5,99440
2007-02-09,862.5,871.25,848.5,854.5,854.5,70948
2007-02-12,853.5,857.0,835.0,842.75,842.75,53436
2007-02-13,844.25,863.5,842.75,858.5,858.5,51692
2007-02-14,867.25,877.0,853.75,866.0,866.0,44384
2007-02-15,866.0,889.75,866.0,879.75,879.75,47372
2007-02-16,874.5,881.5,852.75,876.25,876.25,69012
2007-02-20,876.25,886.75,871.75,879.25,879.25,32632
2007-02-21,872.5,872.75,856.25,863.0,863.0,48268
2007-02-22,869.0,874.5,835.75,843.75,843.75,59060
2007-02-23,844.5,844.5,821.5,827.25,827.25,59056
2007-02-26,827.5,833.0,814.0,820.75,820.75,47256
2007-02-27,803.0,813.5,792.25,799.25,799.25,89204
2007-02-28,801.25,803.5,773.25,779.0,779.0,107492
2007-03-01,766.25,797.75,751.0,789.0,789.0,102200
2007-03-02,789.0,793.5,768.75,768.75,768.75,59476
2007-03-05,754.0,765.5,737.5,738.25,738.25,72472
2007-03-06,751.25,765.5,744.0,754.0,754.0,65900
2007-03-07,759.75,775.0,750.5,760.0,760.0,61900
2007-03-08,769.0,781.0,757.0,765.0,765.0,61120
2007-03-09,757.5,761.75,713.0,733.5,733.5,166948
2007-03-12,733.5,733.5,685.5,689.75,689.75,147460
2007-03-13,680.0,687.5,628.5,642.75,642.75,199388
2007-03-14,639.0,676.0,632.0,668.25,668.25,194352
2007-03-15,662.5,686.0,660.0,674.75,674.75,138512
2007-03-16,675.0,684.5,662.5,665.0,665.0,97768
2007-03-19,668.5,680.0,660.75,662.75,662.75,82180
2007-03-20,670.25,678.0,652.0,665.25,665.25,79420
2007-03-21,665.25,694.25,662.5,692.25,692.25,107996
2007-03-22,698.75,705.0,682.5,688.5,688.5,106604
2007-03-23,688.5,706.75,679.25,684.5,684.5,69032
2007-03-26,683.0,685.5,662.5,683.5,683.5,104132
2007-03-27,667.75,674.25,651.25,666.0,666.0,108364
2007-03-28,655.75,655.75,638.75,638.75,638.75,140608
2007-03-29,646.75,653.75,628.25,638.0,638.0,80140
2007-03-30,635.25,646.25,627.5,629.0,629.0,65200
2007-04-02,629.0,631.5,605.0,609.25,609.25,117660
2007-04-03,614.25,624.75,608.5,613.25,613.25,112380
2007-04-04,611.0,611.5,598.0,599.0,599.0,75584
2007-04-05,599.0,618.0,594.75,612.25,612.25,70780
2007-04-09,612.25,616.0,592.75,596.25,596.25,91808
2007-04-10,596.25,600.5,586.25,589.0,589.0,73948
2007-04-11,587.5,587.5,565.75,571.25,571.25,99296
2007-04-12,568.75,599.0,565.25,597.5,597.5,134932
2007-04-13,597.5,598.75,584.25,592.25,592.25,97752
2007-04-16,594.0,599.25,575.0,590.75,590.75,115896
2007-04-17,601.75,617.0,600.25,611.0,611.0,106364
2007-04-18,605.75,630.25,589.75,623.5,623.5,126728
2007-04-19,612.5,635.25,611.0,617.0,617.0,106088
2007-04-20,628.75,637.5,621.0,630.0,630.0,82872
2007-04-23,632.5,636.5,618.75,623.75,623.75,65492
2007-04-24,627.0,629.25,604.0,618.0,618.0,166380
2007-04-25,618.0,622.0,600.25,606.0,606.0,105924
2007-04-26,606.25,645.75,605.5,644.5,644.5,131528
2007-04-27,640.0,640.25,621.25,624.0,624.0,78292
2007-04-30,625.0,627.75,599.75,599.75,599.75,66956
2007-05-01,597.75,608.75,581.75,598.0,598.0,107472
2007-05-02,594.75,613.5,594.75,607.5,607.5,64936
2007-05-03,610.5,620.75,603.5,614.25,614.25,63712
2007-05-04,614.25,614.25,586.5,589.5,589.5,103008
2007-05-07,594.0,596.5,582.75,584.5,584.5,50380
2007-05-08,580.5,603.0,575.0,603.0,603.0,102116
2007-05-09,599.25,608.5,591.0,604.0,604.0,54064
2007-05-10,600.25,601.0,575.5,577.75,577.75,74652
2007-05-11,585.0,590.5,575.0,580.0,580.0,55916
2007-05-14,586.25,586.5,572.25,575.0,575.0,51664
2007-05-15,577.25,585.75,568.75,574.5,574.5,62244
2007-05-16,578.75,585.25,570.75,582.75,582.75,48148
2007-05-17,580.5,599.75,577.25,594.75,594.75,74452
2007-05-18,588.5,600.0,588.5,597.75,597.75,60864
2007-05-21,601.25,622.5,597.25,611.25,611.25,76052
2007-05-22,614.75,643.75,613.0,640.75,640.75,90036
2007-05-23,645.0,662.25,637.75,640.5,640.5,95436
2007-05-24,643.75,676.0,636.25,645.25,645.25,128036
2007-05-25,647.75,657.5,628.5,639.75,639.75,61632
2007-05-29,639.75,647.5,631.25,639.5,639.5,51756
2007-05-30,634.0,650.0,627.0,648.75,648.75,41480
2007-05-31,652.5,657.25,630.5,631.5,631.5,82080
2007-06-01,620.0,627.25,598.0,602.75,602.75,135308
2007-06-04,601.25,612.5,589.0,600.25,600.25,93388
2007-06-05,597.75,600.0,575.5,578.75,578.75,96012
2007-06-06,577.0,577.0,560.0,564.75,564.75,104288
2007-06-07,562.5,562.5,528.0,531.0,531.0,181316
2007-06-08,531.0,547.0,525.5,545.0,545.0,99460
2007-06-11,541.5,542.5,523.75,529.25,529.25,72600
2007-06-12,525.0,525.0,507.5,507.75,507.75,121740
2007-06-13,513.25,517.0,494.0,498.25,498.25,132616
2007-06-14,498.25,510.75,496.75,507.5,507.5,118876
2007-06-15,517.25,522.0,505.25,508.5,508.5,121304
2007-06-18,510.25,511.5,495.75,498.25,498.25,77360
2007-06-19,497.5,501.25,488.25,492.25,492.25,130504
2007-06-20,492.5,496.5,476.25,477.0,477.0,130220
2007-06-21,474.25,476.0,462.5,468.5,468.5,115000
2007-06-22,468.75,468.75,453.25,455.0,455.0,138264
2007-06-25,455.0,458.5,434.0,435.0,435.0,145256
2007-06-26,435.25,439.75,416.25,417.0,417.0,205296
2007-06-27,417.25,439.0,414.5,437.0,437.0,158824
2007-06-28,428.75,437.0,425.0,426.75,426.75,111424
2007-06-29,427.5,436.0,411.25,413.25,413.25,123824
2007-07-02,412.25,417.5,400.75,405.25,405.25,100160
2007-07-03,407.75,412.5,390.75,390.75,390.75,80616
2007-07-05,396.0,398.5,388.25,391.0,391.0,85932
2007-07-06,388.0,413.0,387.5,406.75,406.75,134192
2007-07-09,406.75,412.0,402.5,406.25,406.25,99184
2007-07-10,402.5,404.0,391.0,391.75,391.75,90368
2007-07-11,392.5,398.5,383.0,395.75,395.75,100920
2007-07-12,399.75,415.75,398.25,413.75,413.75,142684
2007-07-13,415.0,473.0,415.0,463.25,463.25,412736
2007-07-16,475.0,480.0,437.5,446.0,446.0,227156
2007-07-17,447.25,455.0,438.75,439.5,439.5,101216
2007-07-18,432.25,436.25,417.75,427.75,427.75,161936
2007-07-19,433.5,443.5,423.0,427.0,427.0,90884
2007-07-20,423.75,430.25,400.0,410.75,410.75,145500
2007-07-23,410.75,412.25,380.75,381.25,381.25,146624
2007-07-24,375.0,381.25,359.0,362.5,362.5,239892
2007-07-25,364.5,376.25,345.0,355.75,355.75,190132
2007-07-26,346.5,352.75,325.5,334.0,334.0,221684
2007-07-27,334.25,344.75,325.5,332.0,332.0,195768
2007-07-30,333.0,340.0,325.0,336.5,336.5,158936
2007-07-31,340.5,346.25,328.5,331.0,331.0,155796
2007-08-01,328.75,330.0,270.75,298.75,298.75,428944
2007-08-02,302.0,331.5,301.0,331.5,331.5,234084
2007-08-03,327.5,333.75,299.75,300.5,300.5,172816
2007-08-06,305.75,310.0,275.0,285.75,285.75,265648
2007-08-07,286.25,306.5,280.25,306.25,306.25,238912
2007-08-08,312.5,386.25,309.5,367.5,367.5,326940
2007-08-09,360.5,425.0,347.5,405.5,405.5,368712
2007-08-10,392.25,422.25,367.5,367.5,367.5,239300
2007-08-13,386.25,390.0,337.75,351.25,351.25,131128
2007-08-14,349.75,355.75,324.5,328.25,328.25,91692
2007-08-15,327.0,332.75,309.25,320.0,320.0,130532
2007-08-16,300.0,337.5,275.0,314.25,314.25,213256
2007-08-17,337.25,346.25,299.0,314.25,314.25,115872
2007-08-20,321.25,323.25,295.0,307.5,307.5,73680
2007-08-21,300.0,311.25,295.0,298.75,298.75,79116
2007-08-22,312.0,315.0,294.25,298.75,298.75,77624
2007-08-23,306.0,308.75,290.0,296.25,296.25,121120
2007-08-24,295.0,301.75,292.5,299.5,299.5,53340
2007-08-27,299.5,300.0,279.25,281.5,281.5,76800
2007-08-28,277.75,279.75,260.0,261.5,261.5,90440
2007-08-29,271.0,281.25,258.75,274.25,274.25,83884
2007-08-30,269.25,285.5,266.5,282.5,282.5,92940
2007-08-31,299.5,303.5,275.25,296.75,296.75,124688
2007-09-04,298.5,319.75,291.5,315.0,315.0,98660
2007-09-05,311.75,311.75,295.0,295.25,295.25,76760
2007-09-06,298.25,300.75,280.0,284.25,284.25,73472
2007-09-07,279.0,281.25,262.5,264.0,264.0,135684
2007-09-10,265.25,268.25,248.25,249.75,249.75,112944
2007-09-11,250.75,258.25,248.25,257.25,257.25,118404
2007-09-12,256.25,263.0,250.0,250.0,250.0,80624
2007-09-13,254.75,256.0,247.75,250.75,250.75,87268
2007-09-14,248.75,280.75,244.0,275.0,275.0,214736
2007-09-17,273.75,290.0,272.5,283.25,283.25,181804
2007-09-18,287.5,384.5,281.25,363.75,363.75,452368
2007-09-19,376.25,389.75,322.75,324.0,324.0,521216
2007-09-20,321.25,335.75,302.5,307.25,307.25,181208
2007-09-21,315.5,317.75,304.25,307.5,307.5,137072
2007-09-24,310.0,312.5,272.75,275.0,275.0,187632
2007-09-25,267.75,279.75,254.5,270.25,270.25,188428
2007-09-26,274.75,280.75,269.0,271.5,271.5,113124
2007-09-27,276.5,284.25,267.5,271.75,271.75,131800
2007-09-28,271.75,277.25,270.0,277.25,277.25,86804
2007-10-01,283.25,300.0,282.75,290.25,290.25,119236
2007-10-02,294.5,316.25,290.5,312.5,312.5,161084
2007-10-03,312.5,330.75,304.75,321.5,321.5,170200
2007-10-04,325.0,326.5,301.0,301.5,301.5,82856
2007-10-05,308.75,313.0,300.75,311.5,311.5,72572
2007-10-08,311.75,317.25,295.75,296.25,296.25,48816
2007-10-09,296.25,310.0,292.25,301.5,301.5,75868
2007-10-10,300.0,321.5,297.75,315.75,315.75,114944
2007-10-11,319.75,325.0,304.25,310.25,310.25,88448
2007-10-12,317.5,318.75,299.25,301.75,301.75,55144
2007-10-15,299.25,305.75,284.5,291.0,291.0,95256
2007-10-16,289.0,289.0,274.75,276.25,276.25,89868
2007-10-17,278.0,290.5,259.75,264.0,264.0,113276
2007-10-18,256.5,264.25,252.75,257.0,257.0,105184
2007-10-19,255.0,269.25,252.5,263.75,263.75,133152
2007-10-22,253.5,289.75,253.5,286.0,286.0,139616
2007-10-23,294.5,294.5,277.25,281.0,281.0,77544
2007-10-24,276.0,291.25,265.75,291.0,291.0,91524
2007-10-25,291.0,300.0,277.75,290.75,290.75,112156
2007-10-26,300.5,311.25,288.75,296.5,296.5,216696
2007-10-29,296.75,296.75,281.25,284.75,284.75,107920
2007-10-30,281.75,306.75,277.5,306.75,306.75,121204
2007-10-31,305.0,316.75,279.25,284.25,284.25,183676
2007-11-01,271.5,278.25,256.25,261.25,261.25,125764
2007-11-02,261.25,269.5,254.0,258.5,258.5,90864
2007-11-05,255.5,264.5,250.25,252.75,252.75,80936
2007-11-06,262.0,262.0,242.5,251.0,251.0,141508
2007-11-07,243.25,250.0,235.25,237.0,237.0,76060
2007-11-08,241.5,241.5,223.75,229.75,229.75,104076
2007-11-09,220.5,235.25,218.75,226.5,226.5,111796
2007-11-12,222.0,243.5,222.0,231.75,231.75,102220
2007-11-13,232.75,249.75,232.75,246.75,246.75,104504
2007-11-14,259.0,259.0,241.75,244.75,244.75,87164
2007-11-15,240.25,246.25,231.75,234.75,234.75,53140
2007-11-16,235.0,237.5,224.25,228.0,228.0,71992
2007-11-19,229.25,231.25,210.5,212.5,212.5,89884
2007-11-20,211.25,231.25,175.0,194.5,194.5,268320
2007-11-21,187.0,190.0,174.0,178.0,178.0,155768
2007-11-23,181.0,185.0,179.75,181.25,181.25,44608
2007-11-26,181.75,186.0,173.0,173.25,173.25,148668
2007-11-27,177.5,182.0,168.75,175.25,175.25,122720
2007-11-28,178.75,191.25,178.75,190.5,190.5,162380
2007-11-29,187.25,194.25,179.75,181.75,181.75,94704
2007-11-30,188.25,201.5,185.5,189.0,189.0,159168
2007-12-03,192.5,193.5,182.75,185.75,185.75,80700
2007-12-04,184.5,188.0,179.25,181.0,181.0,50324
2007-12-05,185.5,191.75,183.0,191.5,191.5,86536
2007-12-06,191.5,228.25,187.5,225.25,225.25,256228
2007-12-07,225.25,235.5,214.25,234.75,234.75,143004
2007-12-10,237.5,243.5,227.75,239.75,239.75,119124
2007-12-11,243.25,251.5,206.5,212.0,212.0,176272
2007-12-12,223.75,243.75,202.5,209.5,209.5,126660
2007-12-13,208.25,216.5,201.25,214.25,214.25,74336
2007-12-14,209.25,220.25,205.0,205.75,205.75,54080
2007-12-17,204.25,214.0,194.25,198.75,198.75,72924
2007-12-18,200.0,212.0,194.0,210.0,210.0,85108
2007-12-19,194.25,199.75,173.0,186.0,186.0,290200
2007-12-20,187.0,187.0,165.0,173.0,173.0,180228
2007-12-21,175.0,179.5,168.75,176.25,176.25,198600
2007-12-24,178.75,181.25,176.25,177.75,177.75,66844
2007-12-26,175.25,177.5,170.25,175.5,175.5,96048
2007-12-27,170.0,174.75,170.0,173.5,173.5,79924
2007-12-28,172.25,177.25,169.0,170.25,170.25,78632
2007-12-31,170.0,185.0,166.0,179.25,179.25,129540
2008-01-02,179.0,182.5,170.0,171.5,171.5,67144
2008-01-03,172.25,174.75,159.25,161.25,161.25,82052
2008-01-04,159.25,159.25,142.5,146.5,146.5,160132
2008-01-07,146.75,147.5,135.25,141.0,141.0,155852
2008-01-08,141.75,148.0,126.5,127.25,127.25,125140
2008-01-09,126.75,129.25,106.25,120.0,120.0,173528
2008-01-10,118.75,150.0,117.25,142.5,142.5,199636
2008-01-11,146.0,149.25,135.0,147.5,147.5,129012
2008-01-14,152.75,152.75,138.0,149.75,149.75,83320
2008-01-15,147.25,151.5,139.0,148.25,148.25,104984
2008-01-16,147.25,178.0,145.75,165.75,165.75,220640
2008-01-17,163.5,173.75,150.25,163.75,163.75,197112
2008-01-18,164.0,171.0,150.5,151.0,151.0,160524
2008-01-22,145.25,168.75,137.5,163.5,163.5,167056
2008-01-23,158.75,206.5,152.0,202.5,202.5,339392
2008-01-24,204.5,213.25,177.0,182.75,182.75,293548
2008-01-25,190.5,200.75,179.5,182.25,182.25,145376
2008-01-28,182.0,225.0,168.75,219.5,219.5,196048
2008-01-29,225.0,230.75,205.25,229.75,229.75,212364
2008-01-30,226.0,243.75,218.75,218.75,218.75,232820
2008-01-31,205.5,256.0,201.25,249.75,249.75,282452
2008-02-01,254.5,312.25,240.5,302.25,302.25,252576
2008-02-04,304.75,304.75,253.5,259.75,259.75,200660
2008-02-05,263.0,287.5,258.25,261.25,261.25,199200
2008-02-06,263.75,274.25,238.0,246.5,246.5,129584
2008-02-07,238.0,251.75,221.0,225.0,225.0,178300
2008-02-08,221.75,241.25,213.75,222.5,222.5,98500
2008-02-11,220.25,236.75,215.5,230.25,230.25,121312
2008-02-12,232.5,245.5,221.25,225.75,225.75,99080
2008-02-13,232.5,237.25,218.25,233.25,233.25,110036
2008-02-14,238.0,239.75,218.0,224.25,224.25,98384
2008-02-15,219.5,227.75,204.5,208.5,208.5,104972
2008-02-19,212.25,217.0,209.5,214.25,214.25,90380
2008-02-20,208.75,222.75,199.25,216.25,216.25,98800
2008-02-21,228.5,235.75,215.0,217.75,217.75,131988
2008-02-22,224.5,235.5,212.5,235.25,235.25,81808
2008-02-25,235.5,254.0,228.75,247.5,247.5,125732
2008-02-26,247.25,278.75,244.0,270.5,270.5,162992
2008-02-27,265.5,292.75,258.0,270.75,270.75,185148
2008-02-28,268.75,270.75,244.5,248.5,248.5,101972
2008-02-29,241.5,244.75,227.75,227.75,227.75,85388
2008-03-03,227.25,227.25,203.0,210.75,210.75,134476
2008-03-04,208.25,232.5,202.5,227.75,227.75,137876
2008-03-05,233.25,242.0,219.5,227.0,227.0,97020
2008-03-06,225.25,226.25,200.25,202.25,202.25,117500
2008-03-07,198.75,223.75,190.25,212.5,212.5,140072
2008-03-10,213.5,227.75,207.5,214.75,214.75,163516
2008-03-11,229.5,255.0,222.0,250.0,250.0,209564
2008-03-12,247.5,249.75,225.25,226.0,226.0,135048
2008-03-13,222.75,254.5,212.5,251.75,251.75,201668
2008-03-14,260.0,262.5,225.75,229.25,229.25,208996
2008-03-17,218.5,229.25,205.5,214.75,214.75,155008
2008-03-18,237.5,262.5,231.25,254.25,254.25,259040
2008-03-19,262.25,268.5,243.75,244.75,244.75,168376
2008-03-20,249.5,299.0,245.0,286.0,286.0,453640
2008-03-24,295.0,337.5,288.0,305.75,305.75,357624
2008-03-25,301.25,319.75,301.25,304.75,304.75,180596
2008-03-26,300.25,308.0,272.75,276.25,276.25,157628
2008-03-27,281.75,296.5,274.0,282.5,282.5,125696
2008-03-28,280.75,281.25,246.0,249.75,249.75,166104
2008-03-31,244.25,271.75,244.25,265.0,265.0,107112
2008-04-01,281.0,301.25,268.75,301.0,301.0,154284
2008-04-02,302.5,312.5,289.75,294.25,294.25,184332
2008-04-03,300.5,313.5,287.75,310.25,310.25,147524
2008-04-04,306.0,319.25,298.0,308.25,308.25,154480
2008-04-07,316.5,325.5,303.0,305.5,305.5,110964
2008-04-08,308.25,308.25,291.25,299.0,299.0,86744
2008-04-09,300.25,304.0,271.0,274.0,274.0,152260
2008-04-10,274.25,288.25,271.0,283.5,283.5,177008
2008-04-11,277.25,287.5,270.25,277.25,277.25,83824
2008-04-14,276.75,279.75,262.75,263.0,263.0,69492
2008-04-15,273.5,282.25,262.5,275.25,275.25,81876
2008-04-16,284.0,296.5,278.75,296.5,296.5,118080
2008-04-17,290.0,298.75,283.25,296.25,296.25,64712
2008-04-18,309.75,309.75,292.25,295.25,295.25,95780
2008-04-21,294.5,295.25,277.25,290.5,290.5,84072
2008-04-22,292.25,292.25,280.0,289.25,289.25,97788
2008-04-23,292.0,293.5,276.0,281.0,281.0,77624
2008-04-24,281.0,295.0,271.25,289.0,289.0,117456
2008-04-25,287.0,305.0,280.0,296.25,296.25,91736
2008-04-28,297.5,310.75,290.0,301.0,301.0,83144
2008-04-29,306.0,308.5,294.75,304.75,304.75,60444
2008-04-30,309.75,309.75,293.0,295.5,295.5,135572
2008-05-01,284.75,305.75,282.75,296.25,296.25,142136
2008-05-02,303.25,306.25,282.75,291.75,291.75,118508
2008-05-05,290.0,310.75,288.25,296.25,296.25,148824
2008-05-06,298.75,301.0,285.0,296.75,296.75,100800
2008-05-07,296.75,303.25,275.5,278.25,278.25,118832
2008-05-08,268.5,276.5,237.5,240.0,240.0,384004
2008-05-09,234.75,239.75,224.25,225.0,225.0,636608
2008-05-12,227.25,229.75,225.0,225.0,225.0,211612
2008-05-13,225.75,226.75,218.75,218.75,218.75,376980
2008-05-14,221.25,227.5,218.75,219.75,219.75,188172
2008-05-15,221.25,236.25,219.25,234.25,234.25,205848
2008-05-16,246.25,249.25,230.75,236.25,236.25,264712
2008-05-19,236.25,239.0,225.25,228.0,228.0,139200
2008-05-20,226.75,230.0,219.0,222.0,222.0,247156
2008-05-21,222.0,224.5,205.5,207.25,207.25,221260
2008-05-22,207.25,209.5,195.75,199.75,199.75,157060
2008-05-23,199.5,199.5,187.5,192.25,192.25,108564
2008-05-27,192.25,205.5,192.25,199.75,199.75,110216
2008-05-28,205.25,205.75,192.75,199.25,199.25,77552
2008-05-29,198.75,207.0,195.0,202.5,202.5,72780
2008-05-30,207.0,207.0,195.5,196.5,196.5,85808
2008-06-02,196.25,199.5,192.0,196.75,196.75,73012
2008-06-03,200.0,208.5,197.75,208.5,208.5,138980
2008-06-04,193.0,203.75,187.5,187.5,187.5,229312
2008-06-05,190.0,195.0,179.0,182.75,182.75,157724
2008-06-06,180.0,187.25,175.25,177.25,177.25,132140
2008-06-09,177.5,187.0,164.75,168.25,168.25,171112
2008-06-10,167.5,180.75,162.75,175.5,175.5,123552
2008-06-11,175.75,177.25,157.75,159.0,159.0,166736
2008-06-12,163.25,167.75,158.0,160.25,160.25,97260
2008-06-13,162.75,162.75,153.75,161.5,161.5,94436
2008-06-16,160.5,167.75,158.25,166.75,166.75,86112
2008-06-17,176.25,182.25,163.25,164.0,164.0,131004
2008-06-18,162.75,166.25,152.0,161.75,161.75,170840
2008-06-19,161.5,168.75,156.0,167.5,167.5,94692
2008-06-20,167.25,169.75,157.5,158.25,158.25,228432
2008-06-23,163.0,163.0,146.5,151.0,151.0,101604
2008-06-24,148.75,159.0,134.0,152.0,152.0,144248
2008-06-25,158.5,164.75,152.5,156.75,156.75,103472
2008-06-26,153.75,158.75,144.25,148.5,148.5,98728
2008-06-27,148.0,152.25,143.5,149.5,149.5,89068
2008-06-30,152.0,152.25,136.0,137.0,137.0,102308
2008-07-01,134.5,143.25,131.5,140.75,140.75,141784
2008-07-02,142.75,144.25,131.25,131.75,131.75,108240
2008-07-03,131.25,145.0,123.0,124.5,124.5,95236
2008-07-07,125.5,128.25,112.75,116.0,116.0,146492
2008-07-08,119.25,146.5,114.25,141.0,141.0,209908
2008-07-09,143.0,153.5,124.0,125.0,125.0,163428
2008-07-10,128.0,132.0,118.25,123.25,123.25,135272
2008-07-11,119.25,129.5,112.75,120.25,120.25,210772
2008-07-14,130.0,130.0,121.5,123.75,123.75,131480
2008-07-15,119.75,129.75,110.25,123.75,123.75,159256
2008-07-16,123.25,143.75,121.5,141.75,141.75,147124
2008-07-17,156.5,183.0,150.5,171.0,171.0,320100
2008-07-18,171.25,173.25,157.5,164.5,164.5,175596
2008-07-21,167.0,180.0,160.5,163.25,163.25,129740
2008-07-22,159.25,178.5,154.0,177.25,177.25,128700
2008-07-23,179.75,199.5,177.0,195.25,195.25,236156
2008-07-24,200.0,200.0,174.0,178.25,178.25,185448
2008-07-25,177.75,184.75,165.0,171.25,171.25,139168
2008-07-28,175.25,180.25,156.25,157.0,157.0,90120
2008-07-29,156.0,185.25,156.0,179.75,179.75,133392
2008-07-30,186.25,187.5,166.25,177.0,177.0,107660
2008-07-31,172.25,181.5,167.0,175.75,175.75,128584
2008-08-01,177.0,177.0,162.5,170.5,170.5,110516
2008-08-04,169.25,169.25,158.5,165.25,165.25,124664
2008-08-05,170.0,176.0,164.25,173.25,173.25,111400
2008-08-06,173.0,183.75,169.0,177.0,177.0,110280
2008-08-07,174.5,190.0,165.0,180.25,180.25,166416
2008-08-08,185.25,195.0,177.0,191.5,191.5,120676
2008-08-11,187.5,214.75,181.75,188.0,188.0,243324
2008-08-12,187.5,201.25,174.25,177.5,177.5,120268
2008-08-13,181.0,181.25,167.0,173.5,173.5,144152
2008-08-14,175.75,187.75,174.75,179.25,179.25,167088
2008-08-15,186.75,199.75,181.25,184.0,184.0,132620
2008-08-18,187.25,187.25,165.25,166.5,166.5,139992
2008-08-19,164.5,165.25,157.5,159.5,159.5,81044
2008-08-20,161.5,163.5,156.25,161.0,161.0,63492
2008-08-21,156.25,168.75,156.25,168.5,168.5,77656
2008-08-22,172.75,174.0,159.5,172.5,172.5,84232
2008-08-25,169.25,180.0,160.75,163.25,163.25,79420
2008-08-26,164.75,171.0,157.5,160.0,160.0,74516
2008-08-27,162.5,174.75,160.5,172.75,172.75,87760
2008-08-28,177.5,181.25,170.75,181.25,181.25,75492
2008-08-29,176.25,189.25,175.25,178.5,178.5,111636
2008-09-02,186.5,191.75,180.75,184.75,184.75,92448
2008-09-03,185.0,193.75,182.75,193.75,193.75,161128
2008-09-04,182.5,183.75,158.0,160.0,160.0,277396
2008-09-05,152.75,165.75,148.25,164.75,164.75,201572
2008-09-08,191.75,193.25,171.0,181.5,181.5,323936
2008-09-09,176.5,178.75,153.5,160.75,160.75,239104
2008-09-10,165.75,182.5,160.5,176.25,176.25,169552
2008-09-11,167.75,186.0,165.5,184.0,184.0,204068
2008-09-12,178.5,190.75,175.0,189.25,189.25,144736
2008-09-15,176.25,200.0,172.75,179.5,179.5,186704
2008-09-16,170.0,196.25,170.0,190.0,190.0,203916
2008-09-17,187.0,200.0,171.25,178.5,178.5,201436
2008-09-18,181.0,229.0,168.75,213.25,213.25,352544
2008-09-19,238.75,241.75,212.25,226.25,226.25,258116
2008-09-22,224.25,229.5,201.75,211.5,211.5,114344
2008-09-23,207.25,218.5,193.5,203.0,203.0,99712
2008-09-24,208.25,214.75,196.25,203.25,203.25,92144
2008-09-25,206.75,218.5,202.5,216.75,216.75,114588
2008-09-26,200.75,218.25,200.25,214.75,214.75,100336
2008-09-29,201.25,210.5,175.0,190.5,190.5,130444
2008-09-30,196.25,201.25,184.75,199.75,199.75,79572
2008-10-01,197.0,206.5,189.0,201.5,201.5,88720
2008-10-02,198.75,203.0,178.75,181.25,181.25,82668
2008-10-03,185.0,200.25,168.75,187.5,187.5,165628
2008-10-06,175.0,180.0,145.0,154.75,154.75,167652
2008-10-07,160.75,161.25,135.75,136.75,136.75,119108
2008-10-08,136.75,161.0,130.25,138.0,138.0,211560
2008-10-09,147.0,147.25,113.0,117.75,117.75,171868
2008-10-10,107.75,136.5,101.5,130.0,130.0,201312
2008-10-13,147.0,152.5,126.5,139.75,139.75,91288
2008-10-14,149.5,149.5,125.0,129.75,129.75,120020
2008-10-15,126.0,128.5,112.5,118.75,118.75,108724
2008-10-16,120.5,126.75,108.75,119.25,119.25,95416
2008-10-17,112.5,128.0,110.0,121.0,121.0,126484
2008-10-20,122.75,130.0,117.0,127.0,127.0,98188
2008-10-21,122.75,127.25,121.5,122.0,122.0,59072
2008-10-22,117.0,125.5,109.25,111.0,111.0,95360
2008-10-23,114.25,114.5,84.5,94.0,94.0,175920
2008-10-24,75.0,104.75,70.0,97.5,97.5,148800
2008-10-27,94.5,104.5,84.25,84.5,84.5,81444
2008-10-28,91.75,94.75,70.25,90.25,90.25,302276
2008-10-29,87.75,96.25,84.5,86.75,86.75,140932
2008-10-30,93.5,98.25,88.0,98.25,98.25,97056
2008-10-31,97.25,110.5,92.75,107.25,107.25,189904
2008-11-03,106.25,119.5,104.25,108.5,108.5,114712
2008-11-04,116.25,127.0,112.5,124.75,124.75,126812
2008-11-05,122.25,127.75,105.5,107.0,107.0,106748
2008-11-06,105.0,107.25,81.25,99.75,99.75,140172
2008-11-07,101.5,101.5,94.5,100.25,100.25,51964
2008-11-10,104.25,104.5,80.0,84.0,84.0,85168
2008-11-11,81.25,85.0,77.25,81.5,81.5,63636
2008-11-12,78.75,80.25,65.5,69.5,69.5,97944
2008-11-13,70.5,78.75,62.0,77.75,77.75,117896
2008-11-14,75.75,88.75,71.25,74.5,74.5,77676
2008-11-17,73.0,78.5,70.5,70.5,70.5,44052
2008-11-18,71.25,73.25,64.0,68.75,68.75,59752
2008-11-19,68.0,68.0,55.5,55.5,55.5,96648
2008-11-20,56.25,65.0,50.5,51.25,51.25,94840
2008-11-21,56.25,56.25,42.5,53.75,53.75,131520
2008-11-24,53.75,56.25,45.5,50.75,50.75,123400
2008-11-25,56.25,61.25,50.75,58.25,58.25,189588
2008-11-26,54.5,65.0,54.5,62.0,62.0,154796
2008-11-28,62.0,64.0,54.0,54.75,54.75,61928
2008-12-01,54.75,54.75,44.5,44.5,44.5,74144
2008-12-02,46.0,52.5,43.75,46.0,46.0,136812
2008-12-03,45.25,56.75,44.0,54.0,54.0,156584
2008-12-04,56.0,67.5,54.5,57.25,57.25,249532
2008-12-05,57.0,61.25,52.75,58.5,58.5,126576
2008-12-08,64.25,66.5,60.25,64.0,64.0,116852
2008-12-09,61.5,67.5,57.0,58.75,58.75,103000
2008-12-10,60.0,65.0,59.0,64.25,64.25,70864
2008-12-11,63.0,64.75,53.75,56.0,56.0,63932
2008-12-12,53.0,58.75,51.25,54.0,54.0,81760
2008-12-15,56.0,56.0,49.0,51.25,51.25,85128
2008-12-16,51.25,68.75,51.25,66.25,66.25,206360
2008-12-17,60.25,68.0,56.0,56.75,56.75,223508
2008-12-18,61.75,61.75,53.0,53.75,53.75,128992
2008-12-19,56.25,57.5,44.0,44.0,44.0,406368
2008-12-22,47.75,48.0,44.0,46.75,46.75,136956
2008-12-23,47.25,47.75,43.75,45.0,45.0,87320
2008-12-24,45.75,46.0,43.75,43.75,43.75,28784
2008-12-26,45.25,45.75,42.5,44.25,44.25,29116
2008-12-29,44.25,46.25,42.5,42.5,42.5,51952
2008-12-30,42.75,43.5,39.0,41.0,41.0,117648
2008-12-31,41.0,43.25,39.25,43.0,43.0,117260
2009-01-02,41.25,42.5,39.0,40.75,40.75,92604
2009-01-05,40.25,49.75,40.25,47.0,47.0,177668
2009-01-06,50.0,56.75,48.75,54.75,54.75,286028
2009-01-07,51.25,52.5,49.5,52.5,52.5,139920
2009-01-08,52.75,62.0,51.5,60.25,60.25,229696
2009-01-09,62.25,62.5,53.25,58.5,58.5,130032
2009-01-12,58.75,58.75,51.25,52.75,52.75,137700
2009-01-13,52.25,56.25,51.5,54.0,54.0,74904
2009-01-14,52.5,54.0,45.5,47.25,47.25,108076
2009-01-15,47.25,47.5,42.5,43.5,43.5,151856
2009-01-16,46.0,47.5,42.0,47.5,47.5,130896
2009-01-20,48.0,48.0,40.0,40.25,40.25,130596
2009-01-21,43.5,44.25,40.0,41.75,41.75,115064
2009-01-22,40.75,42.5,40.25,41.25,41.25,62108
2009-01-23,40.0,42.5,40.0,41.0,41.0,52088
2009-01-26,42.5,47.0,40.75,46.0,46.0,154292
2009-01-27,47.25,47.25,42.0,42.75,42.75,66780
2009-01-28,46.0,52.5,43.75,47.75,47.75,195332
2009-01-29,46.25,47.5,42.75,42.75,42.75,75960
2009-01-30,45.75,45.75,40.5,42.25,42.25,84244
2009-02-02,42.5,42.5,40.25,41.0,41.0,103716
2009-02-03,42.5,43.5,40.75,42.25,42.25,118444
2009-02-04,42.5,44.0,41.25,41.5,41.5,94448
2009-02-05,40.5,42.75,40.5,42.0,42.0,109936
2009-02-06,42.25,49.0,41.75,46.5,46.5,235160
2009-02-09,47.0,48.75,45.75,46.75,46.75,71004
2009-02-10,46.0,49.25,41.75,42.75,42.75,107680
2009-02-11,43.0,45.0,41.0,41.75,41.75,81436
2009-02-12,41.75,41.75,37.0,37.75,37.75,174140
2009-02-13,39.25,40.0,37.0,37.75,37.75,77216
2009-02-17,35.0,37.0,31.5,32.5,32.5,112824
2009-02-18,35.75,35.75,26.75,30.5,30.5,140700
2009-02-19,31.0,32.5,27.25,27.25,27.25,86808
2009-02-20,25.75,27.0,18.75,22.0,22.0,166964
2009-02-23,24.0,24.0,20.25,20.25,20.25,71360
2009-02-24,21.25,25.0,20.75,24.0,24.0,66456
2009-02-25,22.5,24.0,20.75,22.25,22.25,71144
2009-02-26,23.25,25.5,22.25,23.0,23.0,82480
2009-02-27,23.0,23.5,21.25,21.25,21.25,45476
2009-03-02,21.25,22.5,21.0,21.75,21.75,67932
2009-03-03,22.5,22.5,18.0,18.0,18.0,349484
2009-03-04,19.25,19.75,18.0,18.75,18.75,85396
2009-03-05,18.75,18.75,13.75,15.25,15.25,79940
2009-03-06,16.25,17.75,13.0,14.5,14.5,65032
2009-03-09,16.5,16.5,13.75,15.0,15.0,40600
2009-03-10,17.25,17.25,14.5,15.5,15.5,69840
2009-03-11,16.75,19.75,15.5,16.75,16.75,89376
2009-03-12,16.75,20.0,16.75,20.0,20.0,55476
2009-03-13,20.75,28.25,20.75,27.5,27.5,94352
2009-03-16,27.75,29.25,22.5,22.75,22.75,89004
2009-03-17,25.75,26.5,20.25,24.0,24.0,88036
2009-03-18,25.25,37.5,25.0,36.0,36.0,190488
2009-03-19,43.0,50.0,34.25,34.75,34.75,203468
2009-03-20,33.25,35.25,26.5,29.5,29.5,166928
2009-03-23,36.0,41.5,32.75,37.0,37.0,243612
2009-03-24,37.25,41.0,32.5,38.0,38.0,127972
2009-03-25,42.0,48.25,38.5,42.5,42.5,265628
2009-03-26,47.25,49.75,46.5,48.5,48.5,154124
2009-03-27,47.5,48.0,42.25,46.75,46.75,124280
2009-03-30,41.5,42.5,37.5,38.25,38.25,92156
2009-03-31,42.5,42.5,38.75,39.0,39.0,57656
2009-04-01,40.25,42.25,36.25,40.0,40.0,80868
2009-04-02,41.25,47.5,41.25,43.5,43.5,116692
2009-04-03,45.75,48.0,41.75,43.25,43.25,76732
2009-04-06,42.0,42.75,40.25,40.5,40.5,67588
2009-04-07,40.0,40.25,38.0,38.5,38.5,49856
2009-04-08,42.5,44.0,39.75,40.5,40.5,79904
2009-04-09,41.75,44.75,39.75,44.75,44.75,109604
2009-04-13,43.25,45.5,42.25,44.25,44.25,54952
2009-04-14,42.0,48.5,42.0,46.75,46.75,146668
2009-04-15,48.5,57.5,45.0,56.75,56.75,245812
2009-04-16,59.5,59.5,50.75,54.25,54.25,166288
2009-04-17,54.5,59.75,51.25,54.5,54.5,135568
2009-04-20,52.5,52.5,46.0,46.25,46.25,121556
2009-04-21,44.0,51.5,43.5,50.5,50.5,77216
2009-04-22,50.0,54.75,47.5,51.25,51.25,76136
2009-04-23,54.25,57.25,50.0,53.5,53.5,114020
2009-04-24,55.25,63.5,54.0,59.25,59.25,194856
2009-04-27,56.75,73.5,55.25,67.25,67.25,279608
2009-04-28,68.5,81.0,66.5,73.25,73.25,260532
2009-04-29,77.0,77.5,72.5,73.25,73.25,152272
2009-04-30,74.25,76.75,67.75,69.25,69.25,154472
2009-05-01,68.5,71.25,66.25,67.25,67.25,69316
2009-05-04,71.75,76.5,69.0,75.0,75.0,149584
2009-05-05,78.0,81.75,75.75,81.25,81.25,199316
2009-05-06,86.75,88.5,75.5,77.5,77.5,202008
2009-05-07,79.25,81.0,68.75,69.75,69.75,186012
2009-05-08,75.25,78.75,70.25,77.75,77.75,124732
2009-05-11,73.0,80.0,72.25,74.25,74.25,91192
2009-05-12,75.0,76.5,66.25,72.0,72.0,120468
2009-05-13,66.0,70.5,62.5,63.25,63.25,108792
2009-05-14,62.25,67.5,58.75,65.5,65.5,93968
2009-05-15,65.0,69.75,62.75,65.25,65.25,81948
2009-05-18,71.0,72.25,68.75,71.0,71.0,122924
2009-05-19,71.75,75.0,68.5,69.0,69.0,103812
2009-05-20,69.75,74.0,69.5,72.5,72.5,98364
2009-05-21,70.75,72.25,65.5,66.75,66.75,67100
2009-05-22,67.75,68.75,63.5,63.75,63.75,44588
2009-05-26,63.25,69.5,62.5,69.5,69.5,64548
2009-05-27,71.0,74.0,69.75,71.75,71.75,115936
2009-05-28,71.75,71.75,65.0,67.25,67.25,86132
2009-05-29,68.25,70.0,65.75,67.0,67.0,70880
2009-06-01,68.75,70.0,66.75,69.5,69.5,77116
2009-06-02,69.75,77.75,67.5,75.5,75.5,240048
2009-06-03,72.25,75.5,65.25,70.5,70.5,255728
2009-06-04,71.25,72.25,65.5,67.25,67.25,102384
2009-06-05,69.25,70.0,66.0,67.5,67.5,74912
2009-06-08,66.0,66.0,63.5,64.5,64.5,88260
2009-06-09,64.5,68.25,64.0,67.25,67.25,77952
2009-06-10,68.0,68.75,64.5,65.5,65.5,65028
2009-06-11,65.5,66.0,63.25,64.25,64.25,62172
2009-06-12,63.0,64.0,62.5,63.75,63.75,42444
2009-06-15,63.75,63.75,59.0,60.0,60.0,73940
2009-06-16,64.0,65.25,59.25,59.5,59.5,92284
2009-06-17,60.5,60.5,53.25,56.0,56.0,99008
2009-06-18,55.75,56.5,53.25,54.75,54.75,57472
2009-06-19,56.25,59.5,53.5,58.25,58.25,86344
2009-06-22,56.75,57.5,52.75,55.25,55.25,63760
2009-06-23,54.5,59.5,52.5,55.0,55.0,63268
2009-06-24,55.75,59.0,53.25,54.75,54.75,68172
2009-06-25,54.75,58.5,53.75,58.5,58.5,57792
2009-06-26,58.5,60.0,57.5,60.0,60.0,87272
2009-06-29,62.0,62.0,56.75,61.25,61.25,42808
2009-06-30,61.0,63.0,58.25,59.0,59.0,53784
2009-07-01,60.5,61.5,58.75,60.25,60.25,24360
2009-07-02,58.75,59.75,57.25,57.5,57.5,30108
2009-07-06,57.0,57.0,53.0,54.25,54.25,65144
2009-07-07,54.25,54.25,50.5,50.75,50.75,45484
2009-07-08,50.75,51.25,44.75,45.25,45.25,97352
2009-07-09,45.5,49.75,44.75,47.0,47.0,53600
2009-07-10,46.75,49.0,45.0,47.75,47.75,31904
2009-07-13,51.5,52.25,48.75,51.75,51.75,74500
2009-07-14,52.5,55.0,52.25,55.0,55.0,39276
2009-07-15,57.5,60.5,56.25,59.75,59.75,68280
2009-07-16,58.0,61.25,57.75,61.25,61.25,47560
2009-07-17,63.75,65.0,62.0,63.25,63.25,76632
2009-07-20,64.5,67.25,64.0,67.0,67.0,65512
2009-07-21,68.5,68.5,63.0,65.0,65.0,57424
2009-07-22,62.75,68.75,62.5,67.25,67.25,79692
2009-07-23,67.75,72.5,67.5,71.75,71.75,139760
2009-07-24,70.0,72.25,69.0,71.25,71.25,57172
2009-07-27,72.75,80.5,70.5,77.75,77.75,220688
2009-07-28,76.25,79.25,74.25,78.75,78.75,120824
2009-07-29,78.25,78.5,74.5,76.75,76.75,70432
2009-07-30,78.0,80.75,77.0,80.75,80.75,138856
2009-07-31,79.0,83.25,79.0,80.0,80.0,110716
2009-08-03,81.75,87.5,81.5,85.5,85.5,127672
2009-08-04,85.0,101.0,83.25,95.25,95.25,243584
2009-08-05,96.25,108.5,95.5,105.5,105.5,294288
2009-08-06,111.5,112.0,95.5,100.75,100.75,242296
2009-08-07,103.75,112.5,102.75,110.5,110.5,192068
2009-08-10,110.0,110.0,99.5,100.75,100.75,167872
2009-08-11,99.25,99.5,94.75,98.0,98.0,115736
2009-08-12,101.75,105.0,101.0,101.25,101.25,136968
2009-08-13,101.75,105.0,100.5,103.5,103.5,103124
2009-08-14,102.25,103.0,97.75,101.5,101.5,91940
2009-08-17,95.0,97.25,89.0,92.5,92.5,130032
2009-08-18,94.5,99.5,94.0,98.5,98.5,92908
2009-08-19,94.25,100.0,94.25,98.75,98.75,60588
2009-08-20,98.75,104.0,98.75,101.0,101.0,89708
2009-08-21,105.0,107.5,103.25,104.75,104.75,116324
2009-08-24,106.75,112.25,104.25,107.25,107.25,133332
2009-08-25,109.75,116.25,109.75,114.25,114.25,159992
2009-08-26,117.5,129.75,115.5,125.0,125.0,420856
2009-08-27,125.25,128.75,118.75,128.0,128.0,199548
2009-08-28,131.25,141.0,128.25,140.25,140.25,279064
2009-08-31,134.25,137.0,128.25,134.25,134.25,179544
2009-09-01,131.5,143.75,122.75,125.5,125.5,297108
2009-09-02,121.75,124.25,110.0,116.25,116.25,385768
2009-09-03,106.25,106.25,94.75,101.25,101.25,630148
2009-09-04,101.0,105.0,98.25,98.5,98.5,264096
2009-09-08,101.0,104.5,98.0,100.75,100.75,222228
2009-09-09,101.5,106.25,98.75,103.0,103.0,200956
2009-09-10,103.5,104.5,101.75,102.75,102.75,99104
2009-09-11,103.75,103.75,99.25,99.75,99.75,113020
2009-09-14,98.5,99.0,95.0,99.0,99.0,109848
2009-09-15,99.25,101.25,99.0,100.0,100.0,129408
2009-09-16,103.0,110.75,102.0,110.25,110.25,291768
2009-09-17,115.75,129.75,112.25,116.25,116.25,520400
2009-09-18,119.5,122.0,115.0,115.25,115.25,210064
2009-09-21,113.75,113.75,107.5,112.75,112.75,166020
2009-09-22,117.0,118.75,114.0,116.0,116.0,191780
2009-09-23,118.0,119.5,111.75,111.75,111.75,164412
2009-09-24,116.25,117.0,101.25,104.25,104.25,271608
2009-09-25,103.5,105.75,99.25,100.5,100.5,156264
2009-09-28,100.75,102.0,97.5,100.5,100.5,135332
2009-09-29,101.25,104.75,100.25,100.25,100.25,103424
2009-09-30,100.5,101.25,95.25,96.0,96.0,207228
2009-10-01,95.5,96.0,84.0,85.5,85.5,292988
2009-10-02,82.0,91.5,80.0,87.5,87.5,169224
2009-10-05,93.25,94.75,88.75,93.75,93.75,178744
2009-10-06,95.0,102.75,95.0,102.75,102.75,271124
2009-10-07,102.75,104.25,98.75,99.25,99.25,92516
2009-10-08,103.25,110.25,101.25,107.5,107.5,207916
2009-10-09,106.5,109.75,104.0,105.75,105.75,92840
2009-10-12,106.0,108.25,103.75,104.0,104.0,55924
2009-10-13,104.5,108.75,103.25,105.0,105.0,102440
2009-10-14,108.5,109.25,107.0,108.25,108.25,106364
2009-10-15,106.25,108.25,105.5,105.75,105.75,55196
2009-10-16,104.75,106.0,103.25,103.5,103.5,72540
2009-10-19,104.25,105.5,95.25,98.5,98.5,155772
2009-10-20,98.5,98.75,93.5,94.0,94.0,136716
2009-10-21,93.25,98.5,93.25,93.5,93.5,119060
2009-10-22,94.25,106.25,93.0,103.5,103.5,193120
2009-10-23,107.5,110.5,104.75,107.5,107.5,238588
2009-10-26,107.5,109.75,101.5,101.75,101.75,189832
2009-10-27,103.0,110.25,101.5,107.5,107.5,242864
2009-10-28,106.0,106.25,96.5,97.25,97.25,181924
2009-10-29,103.0,107.0,100.0,102.25,102.25,163340
2009-10-30,102.5,103.5,97.75,97.75,97.75,166540
2009-11-02,98.25,105.0,92.5,97.5,97.5,247036
2009-11-03,96.25,106.25,95.0,105.5,105.5,184612
2009-11-04,106.75,109.25,102.0,105.25,105.25,171676
2009-11-05,109.5,112.25,102.5,105.0,105.0,234196
2009-11-06,104.0,108.75,101.25,104.0,104.0,105724
2009-11-09,105.75,105.75,100.0,104.75,104.75,178980
2009-11-10,105.25,111.5,100.25,101.0,101.0,354916
2009-11-11,106.25,111.25,103.75,110.0,110.0,309016
2009-11-12,108.5,112.25,104.75,106.25,106.25,141144
2009-11-13,107.25,108.5,105.25,106.75,106.75,81860
2009-11-16,109.25,110.75,107.25,109.0,109.0,108136
2009-11-17,108.75,109.0,106.0,106.25,106.25,92600
2009-11-18,105.0,108.25,103.75,106.75,106.75,124272
2009-11-19,106.25,106.25,101.5,102.0,102.0,106396
2009-11-20,101.25,102.0,98.75,101.5,101.5,95916
2009-11-23,102.75,106.0,100.25,101.5,101.5,126200
2009-11-24,101.0,103.25,99.5,101.75,101.75,66296
2009-11-25,104.5,105.5,102.5,103.0,103.0,53916
2009-11-27,98.0,103.0,97.75,99.75,99.75,51712
2009-11-30,100.0,101.25,97.5,98.25,98.25,79008
2009-12-01,101.0,102.0,98.0,100.5,100.5,79596
2009-12-02,100.5,102.0,100.0,100.75,100.75,54764
2009-12-03,101.0,101.25,97.25,97.5,97.5,64552
2009-12-04,100.25,100.25,96.75,98.75,98.75,67764
2009-12-07,98.75,101.5,97.5,98.0,98.0,51752
2009-12-08,97.5,97.5,93.75,93.75,93.75,82640
2009-12-09,95.0,95.75,91.25,91.75,91.75,71040
2009-12-10,93.75,93.75,89.75,91.25,91.25,54576
2009-12-11,91.5,92.75,88.0,90.0,90.0,95956
2009-12-14,92.25,92.5,89.0,92.5,92.5,81980
2009-12-15,91.75,96.5,89.5,95.0,95.0,140500
2009-12-16,97.0,107.25,96.0,105.75,105.75,323740
2009-12-17,97.25,104.25,94.75,99.0,99.0,198964
2009-12-18,98.75,101.5,97.25,101.5,101.5,115744
2009-12-21,102.25,103.25,99.25,102.5,102.5,71960
2009-12-22,102.5,104.5,99.75,103.25,103.25,129992
2009-12-23,104.0,106.0,101.25,103.25,103.25,63096
2009-12-24,104.25,104.25,101.5,102.25,102.25,18420
2009-12-28,102.5,103.75,99.0,101.5,101.5,57292
2009-12-29,101.5,102.25,98.5,99.25,99.25,45712
2009-12-30,98.25,99.5,95.5,96.75,96.75,74892
2009-12-31,96.25,98.25,95.75,96.0,96.0,52120
2010-01-04,97.0,99.5,97.0,99.5,99.5,96964
2010-01-05,99.5,100.5,96.25,100.0,100.0,123072
2010-01-06,98.5,100.25,97.5,99.5,99.5,83764
2010-01-07,102.5,107.75,100.5,107.75,107.75,247292
2010-01-08,107.0,108.25,103.25,106.0,106.0,125064
2010-01-11,108.5,109.0,102.75,104.75,104.75,77320
2010-01-12,103.0,104.0,99.5,100.0,100.0,100240
2010-01-13,100.75,106.0,99.5,105.5,105.5,118360
2010-01-14,105.75,106.75,102.0,103.25,103.25,149880
2010-01-15,103.25,103.75,97.75,100.25,100.25,93844
2010-01-19,101.0,101.0,98.25,100.0,100.0,48360
2010-01-20,99.5,99.75,97.0,97.0,97.0,61964
2010-01-21,97.75,98.75,93.0,94.25,94.25,101108
2010-01-22,94.0,96.75,91.75,92.5,92.5,85716
2010-01-25,93.25,94.75,88.0,88.5,88.5,128736
2010-01-26,88.5,92.0,88.25,89.5,89.5,82312
2010-01-27,91.5,91.5,87.5,89.75,89.75,84892
2010-01-28,93.75,97.0,91.25,92.25,92.25,105340
2010-01-29,93.5,97.75,90.75,91.0,91.0,72404
2010-02-01,91.5,93.75,90.5,93.75,93.75,53620
2010-02-02,97.0,101.0,95.75,99.5,99.5,193904
2010-02-03,99.0,99.25,94.25,95.75,95.75,108304
2010-02-04,93.75,93.75,90.0,90.5,90.5,102844
2010-02-05,90.75,91.75,86.5,88.75,88.75,109612
2010-02-08,89.75,94.0,87.0,91.0,91.0,68504
2010-02-09,93.25,93.5,89.25,92.5,92.5,53812
2010-02-10,91.75,93.0,89.75,92.0,92.0,27964
2010-02-11,92.0,95.75,90.75,95.5,95.5,146220
2010-02-12,93.25,97.75,92.75,97.0,97.0,47984
2010-02-16,97.25,100.75,95.5,99.0,99.0,133360
2010-02-17,102.5,105.0,101.25,104.5,104.5,162288
2010-02-18,103.75,105.0,100.75,103.75,103.75,69908
2010-02-19,103.5,106.25,103.0,103.25,103.25,54240
2010-02-22,104.0,105.25,101.0,102.0,102.0,55504
2010-02-23,102.0,102.75,97.5,97.75,97.75,77408
2010-02-24,99.75,100.75,97.5,98.0,98.0,44800
2010-02-25,95.75,99.5,94.25,99.25,99.25,59352
2010-02-26,98.0,99.75,96.75,97.25,97.25,50328
2010-03-01,97.25,99.5,95.25,99.0,99.0,61304
2010-03-02,99.75,100.25,98.0,99.25,99.25,81448
2010-03-03,103.75,106.25,102.0,103.5,103.5,239040
2010-03-04,104.25,104.75,100.5,102.25,102.25,110588
2010-03-05,103.0,105.5,102.75,105.0,105.0,96860
2010-03-08,105.25,106.75,104.0,104.75,104.75,79804
2010-03-09,104.75,108.25,104.5,107.25,107.25,96900
2010-03-10,107.25,113.5,106.5,111.75,111.75,131664
2010-03-11,112.25,112.5,109.0,110.25,110.25,65036
2010-03-12,112.0,112.25,107.25,109.5,109.5,55792
2010-03-15,110.5,111.0,108.0,108.0,108.0,45196
2010-03-16,110.25,113.75,108.0,113.75,113.75,131680
2010-03-17,113.75,118.75,112.5,114.25,114.25,111592
2010-03-18,113.25,118.75,112.5,117.0,117.0,84232
2010-03-19,111.75,118.75,111.75,111.75,111.75,111476
2010-03-22,111.0,115.5,108.75,114.25,114.25,68848
2010-03-23,117.0,117.25,114.5,116.75,116.75,61192
2010-03-24,118.25,122.75,115.75,122.0,122.0,118212
2010-03-25,123.0,124.0,118.75,118.75,118.75,82808
2010-03-26,119.0,122.25,119.0,120.0,120.0,61068
2010-03-29,120.5,122.0,117.5,117.75,117.75,55420
2010-03-30,117.25,118.5,112.75,113.0,113.0,93268
2010-03-31,112.75,113.5,108.75,108.75,108.75,95864
2010-04-01,110.25,115.0,110.25,111.75,111.75,86492
2010-04-05,113.75,117.0,112.0,116.0,116.0,74004
2010-04-06,117.25,118.25,115.5,116.0,116.0,56924
2010-04-07,114.75,118.0,112.75,114.25,114.25,65524
2010-04-08,113.25,113.75,111.0,112.0,112.0,55308
2010-04-09,115.5,120.75,114.0,120.25,120.25,127620
2010-04-12,121.0,121.5,118.25,118.75,118.75,65504
2010-04-13,118.25,119.0,115.75,115.75,115.75,60428
2010-04-14,117.25,133.0,116.5,132.0,132.0,219564
2010-04-15,131.5,143.5,130.0,136.0,136.0,247296
2010-04-16,137.75,139.25,128.0,134.75,134.75,177556
2010-04-19,132.25,140.0,131.5,134.5,134.5,131776
2010-04-20,136.75,143.75,135.0,141.25,141.25,120680
2010-04-21,143.0,161.5,142.0,158.0,158.0,347008
2010-04-22,155.25,170.25,150.5,164.25,164.25,355360
2010-04-23,167.0,182.75,166.75,178.5,178.5,413388
2010-04-26,180.5,191.25,177.75,180.75,180.75,310820
2010-04-27,177.25,181.0,162.75,165.0,165.0,307120
2010-04-28,170.0,174.5,162.0,163.5,163.5,253956
2010-04-29,164.75,181.25,163.75,179.0,179.0,226404
2010-04-30,184.0,192.0,170.25,177.75,177.75,318964
2010-05-03,181.25,201.25,180.0,199.75,199.75,382944
2010-05-04,195.25,196.0,171.25,174.5,174.5,438548
2010-05-05,174.75,186.25,163.5,175.5,175.5,305048
2010-05-06,176.25,180.75,131.25,160.25,160.25,404848
2010-05-07,164.0,166.25,146.5,148.75,148.75,256820
2010-05-10,163.5,175.0,160.5,174.75,174.75,298288
2010-05-11,169.75,188.75,168.25,181.75,181.75,310592
2010-05-12,187.25,193.5,185.0,186.5,186.5,235748
2010-05-13,188.5,189.75,172.75,174.5,174.5,283944
2010-05-14,169.0,174.25,163.75,172.5,172.5,206244
2010-05-17,169.75,173.75,153.75,161.5,161.5,298852
2010-05-18,169.25,170.5,158.75,161.25,161.25,216280
2010-05-19,156.5,164.25,150.75,154.25,154.25,209852
2010-05-20,148.0,161.0,142.75,151.25,151.25,356780
2010-05-21,146.25,160.5,141.75,151.75,151.75,231656
2010-05-24,153.25,162.25,147.75,148.5,148.5,220808
2010-05-25,142.0,148.75,138.25,148.75,148.75,232108
2010-05-26,158.5,163.0,150.0,151.0,151.0,226712
2010-05-27,160.0,160.0,152.0,158.75,158.75,121476
2010-05-28,158.75,161.75,152.5,154.75,154.75,125316
2010-06-01,150.5,157.5,148.5,149.25,149.25,149424
2010-06-02,151.25,155.5,149.5,153.75,153.75,157592
2010-06-03,153.5,154.75,131.25,131.75,131.75,451136
2010-06-04,129.25,132.25,120.75,122.5,122.5,314244
2010-06-07,123.75,125.25,114.0,114.5,114.5,168960
2010-06-08,115.75,122.0,109.5,118.5,118.5,238288
2010-06-09,120.25,124.5,114.5,116.0,116.0,169708
2010-06-10,120.0,123.5,115.75,122.25,122.25,160828
2010-06-11,120.0,121.5,115.25,118.25,118.25,129784
2010-06-14,120.5,123.0,117.5,118.0,118.0,102828
2010-06-15,118.5,122.0,116.5,121.75,121.75,92448
2010-06-16,118.25,122.25,116.75,118.75,118.75,119256
2010-06-17,119.5,119.5,111.25,112.25,112.25,131316
2010-06-18,111.5,113.25,102.75,105.0,105.0,207936
2010-06-21,108.5,108.5,99.75,101.0,101.0,132196
2010-06-22,100.75,102.75,96.75,97.5,97.5,130192
2010-06-23,98.75,102.75,94.5,102.25,102.25,168964
2010-06-24,101.0,106.25,100.5,104.75,104.75,123996
2010-06-25,104.75,110.0,102.5,109.0,109.0,164984
2010-06-28,107.0,108.75,100.25,100.5,100.5,106012
2010-06-29,100.0,100.0,94.0,94.5,94.5,173940
2010-06-30,97.0,97.25,91.5,92.0,92.0,144640
2010-07-01,90.75,94.25,85.25,92.75,92.75,133096
2010-07-02,95.5,95.5,87.5,89.75,89.75,57372
2010-07-06,90.75,94.0,85.5,86.75,86.75,97412
2010-07-07,86.5,92.5,86.5,92.5,92.5,81812
2010-07-08,95.0,96.25,91.25,93.25,93.25,70880
2010-07-09,93.5,97.25,92.5,97.25,97.25,61976
2010-07-12,98.0,99.5,93.5,95.75,95.75,58348
2010-07-13,96.25,108.5,96.25,106.5,106.5,150128
2010-07-14,104.75,107.25,100.25,104.5,104.5,96568
2010-07-15,105.0,107.0,99.0,107.0,107.0,100196
2010-07-16,105.25,106.0,100.25,100.75,100.75,57860
2010-07-19,100.75,102.75,92.25,96.0,96.0,91808
2010-07-20,93.5,102.75,91.25,101.0,101.0,139928
2010-07-21,102.0,103.5,96.75,98.0,98.0,102784
2010-07-22,100.25,104.5,97.0,101.75,101.75,151252
2010-07-23,100.75,107.25,100.25,107.25,107.25,78356
2010-07-26,108.5,117.25,106.25,114.25,114.25,162240
2010-07-27,115.25,117.25,112.0,113.0,113.0,113792
2010-07-28,112.5,113.25,105.0,105.75,105.75,84600
2010-07-29,107.75,110.0,102.0,107.75,107.75,77048
2010-07-30,106.25,111.0,104.25,109.25,109.25,65716
2010-08-02,112.5,118.75,110.0,116.25,116.25,110068
2010-08-03,115.75,117.25,109.75,110.75,110.75,67868
2010-08-04,112.5,115.75,112.5,113.75,113.75,51060
2010-08-05,112.5,112.5,109.0,111.0,111.0,52984
2010-08-06,109.75,111.0,106.75,110.5,110.5,68700
2010-08-09,111.0,113.25,109.25,112.5,112.5,60020
2010-08-10,109.75,111.25,107.5,108.25,108.25,70280
2010-08-11,105.5,105.75,101.75,102.75,102.75,75808
2010-08-12,100.0,102.75,98.75,99.0,99.0,69848
2010-08-13,99.0,102.5,98.0,98.0,98.0,77208
2010-08-16,98.0,99.5,95.25,96.5,96.5,78808
2010-08-17,98.75,101.5,97.5,99.75,99.75,63988
2010-08-18,99.5,103.0,98.75,102.25,102.25,78248
2010-08-19,102.5,102.5,96.75,97.25,97.25,63580
2010-08-20,95.5,98.0,94.25,97.0,97.0,49932
2010-08-23,97.5,100.0,95.25,95.25,95.25,41720
2010-08-24,93.5,96.25,91.25,93.5,93.5,72112
2010-08-25,93.25,96.25,92.0,95.75,95.75,83848
2010-08-26,96.5,98.0,90.5,90.5,90.5,107908
2010-08-27,92.75,93.5,90.0,91.5,91.5,72888
2010-08-30,91.5,92.5,87.5,87.5,87.5,61020
2010-08-31,87.0,88.75,85.0,85.5,85.5,127236
2010-09-01,88.75,92.5,86.5,92.0,92.0,91772
2010-09-02,92.0,99.0,92.0,97.0,97.0,146564
2010-09-03,101.0,103.0,97.75,100.75,100.75,98380
2010-09-07,100.0,102.0,95.75,96.5,96.5,71628
2010-09-08,97.25,98.25,94.75,95.25,95.25,58536
2010-09-09,98.0,98.75,94.75,95.5,95.5,66116
2010-09-10,96.25,98.25,95.25,96.0,96.0,42228
2010-09-13,98.0,100.5,97.5,100.25,100.25,67748
2010-09-14,99.5,100.5,97.5,98.5,98.5,84524
2010-09-15,97.5,97.5,95.25,96.5,96.5,61552
2010-09-16,96.25,96.75,94.0,94.75,94.75,51336
2010-09-17,96.75,97.0,94.5,95.5,95.5,55496
2010-09-20,97.0,105.0,96.0,104.25,104.25,135696
2010-09-21,108.0,109.25,101.25,101.75,101.75,179780
2010-09-22,101.0,104.5,99.5,101.25,101.25,88996
2010-09-23,99.5,101.0,93.75,95.0,95.0,129136
2010-09-24,97.25,98.0,95.5,96.25,96.25,130672
2010-09-27,97.25,97.5,94.5,95.5,95.5,57484
2010-09-28,96.25,97.5,94.25,97.5,97.5,51012
2010-09-29,95.5,97.5,95.5,97.5,97.5,42112
2010-09-30,97.5,100.75,95.5,98.25,98.25,83132
2010-10-01,99.5,99.5,96.25,97.25,97.25,47304
2010-10-04,96.75,98.25,94.75,98.0,98.0,54724
2010-10-05,98.0,99.0,96.5,97.5,97.5,48544
2010-10-06,96.75,98.0,96.0,97.0,97.0,35568
2010-10-07,97.25,97.25,95.25,95.25,95.25,43300
2010-10-08,95.25,97.75,95.0,97.5,97.5,71652
2010-10-11,97.75,97.75,95.5,95.5,95.5,41564
2010-10-12,95.5,96.75,95.0,96.0,96.0,36364
2010-10-13,97.25,97.25,95.75,96.25,96.25,54484
2010-10-14,96.25,96.25,93.75,95.0,95.0,70096
2010-10-15,96.25,96.25,93.0,93.0,93.0,39748
2010-10-18,93.5,93.75,92.5,92.75,92.75,29780
2010-10-19,93.75,95.75,92.5,92.5,92.5,61440
2010-10-20,93.0,93.75,90.25,92.25,92.25,36292
2010-10-21,92.75,94.5,91.0,91.25,91.25,43904
2010-10-22,91.5,93.0,91.0,92.25,92.25,19684
2010-10-25,93.25,95.0,90.5,91.0,91.0,57500
2010-10-26,90.25,91.75,90.0,91.25,91.25,39568
2010-10-27,91.0,91.5,89.0,89.25,89.25,43256
2010-10-28,90.5,90.75,88.75,89.25,89.25,30684
2010-10-29,88.75,90.25,88.75,89.0,89.0,36996
2010-11-01,89.75,91.0,88.0,88.5,88.5,39700
2010-11-02,90.0,92.75,88.5,92.5,92.5,63008
2010-11-03,92.5,93.25,89.75,91.5,91.5,33396
2010-11-04,93.75,98.0,92.25,98.0,98.0,114780
2010-11-05,99.25,104.75,97.25,101.0,101.0,107040
2010-11-08,100.25,105.0,100.25,105.0,105.0,77896
2010-11-09,105.5,106.25,100.25,100.75,100.75,86536
2010-11-10,101.25,103.75,100.0,103.25,103.25,34948
2010-11-11,102.0,103.25,101.25,102.0,102.0,37748
2010-11-12,101.0,102.5,96.5,99.0,99.0,60812
2010-11-15,100.25,100.75,96.75,96.75,96.75,35228
2010-11-16,97.25,98.75,94.5,95.0,95.0,78152
2010-11-17,96.0,96.0,92.75,92.75,92.75,34156
2010-11-18,94.5,95.75,94.0,94.25,94.25,29388
2010-11-19,93.5,94.5,93.0,93.25,93.25,31388
2010-11-22,93.25,93.75,91.25,92.5,92.5,51872
2010-11-23,91.5,95.25,91.25,95.0,95.0,39004
2010-11-24,95.25,96.25,93.75,94.75,94.75,39668
2010-11-26,93.75,93.75,92.25,92.25,92.25,16832
2010-11-29,92.75,95.0,91.75,94.25,94.25,33416
2010-11-30,92.5,94.5,92.5,92.75,92.75,44712
2010-12-01,94.5,95.75,93.5,95.0,95.0,41692
2010-12-02,95.0,105.0,94.5,100.5,100.5,201288
2010-12-03,97.75,102.0,97.75,101.5,101.5,70752
2010-12-06,101.0,104.5,100.0,104.0,104.0,52188
2010-12-07,105.0,108.5,104.0,105.0,105.0,86076
2010-12-08,105.0,108.25,103.5,107.5,107.5,56884
2010-12-09,108.5,110.75,106.5,109.0,109.0,72160
2010-12-10,108.25,111.25,107.75,109.5,109.5,35540
2010-12-13,110.5,110.75,107.5,108.5,108.5,35488
2010-12-14,107.75,110.25,103.0,103.0,103.0,80388
2010-12-15,103.0,105.75,101.0,101.5,101.5,55984
2010-12-16,102.25,103.75,101.75,102.0,102.0,34972
2010-12-17,101.75,105.25,101.25,105.25,105.25,67472
2010-12-20,106.25,110.75,106.25,110.25,110.25,85812
2010-12-21,111.5,112.25,107.5,109.0,109.0,96860
2010-12-22,105.5,107.25,102.0,106.25,106.25,172068
2010-12-23,103.0,104.5,100.75,100.75,100.75,134180
2010-12-27,100.0,100.5,97.5,100.25,100.25,70140
2010-12-28,99.5,101.0,98.0,98.0,98.0,53032
2010-12-29,97.5,98.75,96.75,96.75,96.75,61444
2010-12-30,96.25,99.0,96.25,98.25,98.25,61976
2010-12-31,98.25,104.75,98.0,102.25,102.25,126580
2011-01-03,104.0,106.75,103.25,106.0,106.0,98412
2011-01-04,106.75,106.75,102.0,104.0,104.0,80128
2011-01-05,103.25,106.75,103.0,106.25,106.25,49964
2011-01-06,106.75,112.5,105.5,111.75,111.75,181168
2011-01-07,115.25,116.25,108.25,111.25,111.25,141592
2011-01-10,112.0,112.5,108.25,109.5,109.5,69880
2011-01-11,112.75,114.75,111.25,113.0,113.0,88120
2011-01-12,114.75,116.0,113.25,114.25,114.25,72492
2011-01-13,113.75,116.0,113.25,114.5,114.5,64296
2011-01-14,113.25,124.5,113.25,124.0,124.0,163380
2011-01-18,123.0,125.0,120.25,123.0,123.0,143404
2011-01-19,121.75,122.75,115.0,116.5,116.5,95020
2011-01-20,115.75,119.25,112.5,112.75,112.75,142580
2011-01-21,114.0,116.0,110.25,111.0,111.0,64512
2011-01-24,110.5,115.25,110.5,115.0,115.0,58628
2011-01-25,113.75,117.5,107.75,111.5,111.5,79212
2011-01-26,111.5,120.25,110.25,120.0,120.0,147852
2011-01-27,120.25,125.0,117.5,118.25,118.25,102748
2011-01-28,122.0,122.0,113.0,114.0,114.0,65916
2011-01-31,114.25,115.25,110.25,110.5,110.5,53696
2011-02-01,110.5,122.5,106.25,116.75,116.75,224024
2011-02-02,116.0,119.75,112.5,113.0,113.0,69236
2011-02-03,111.75,117.5,111.0,112.25,112.25,114756
2011-02-04,111.75,113.75,105.0,106.5,106.5,538832
2011-02-07,107.0,111.5,106.5,108.0,108.0,106616
2011-02-08,109.75,112.5,108.25,111.25,111.25,159676
2011-02-09,110.25,117.25,110.25,116.75,116.75,237120
2011-02-10,114.25,115.75,110.75,110.75,110.75,110980
2011-02-11,112.0,113.0,109.25,112.0,112.0,70376
2011-02-14,112.0,112.5,108.0,109.0,109.0,94588
2011-02-15,108.0,111.5,107.75,109.0,109.0,80708
2011-02-16,110.25,112.5,109.25,111.0,111.0,143276
2011-02-17,111.0,113.0,110.5,112.5,112.5,107280
2011-02-18,113.5,113.5,111.5,112.25,112.25,100912
2011-02-22,109.5,110.5,101.5,102.5,102.5,264304
2011-02-23,102.75,105.0,100.0,101.0,101.0,151252
2011-02-24,100.5,104.25,100.0,100.5,100.5,130616
2011-02-25,102.0,105.0,101.5,103.5,103.5,89468
2011-02-28,105.25,106.0,101.5,102.0,102.0,118600
2011-03-01,102.0,104.0,95.5,97.25,97.25,229656
2011-03-02,97.5,99.5,96.25,98.0,98.0,103492
2011-03-03,100.25,100.5,96.5,97.75,97.75,81820
2011-03-04,97.75,98.75,95.25,96.75,96.75,74752
2011-03-07,96.5,97.5,93.25,93.75,93.75,90332
2011-03-08,93.75,98.0,93.75,96.5,96.5,153184
2011-03-09,96.75,97.5,95.5,97.5,97.5,61012
2011-03-10,96.0,96.25,93.75,93.75,93.75,75832
2011-03-11,94.0,96.25,93.25,95.75,95.75,53124
2011-03-14,95.5,96.25,92.0,92.0,92.0,107268
2011-03-15,89.5,94.5,88.25,94.0,94.0,106200
2011-03-16,93.5,93.75,89.0,90.0,90.0,164316
2011-03-17,91.75,92.25,89.75,90.25,90.25,68104
2011-03-18,92.0,94.0,90.75,92.0,92.0,97456
2011-03-21,94.75,94.75,92.5,94.25,94.25,57276
2011-03-22,94.25,94.5,92.75,93.5,93.5,41208
2011-03-23,93.5,94.0,91.75,93.5,93.5,56220
2011-03-24,94.0,94.5,92.0,93.75,93.75,35104
2011-03-25,93.25,94.0,90.5,90.5,90.5,134272
2011-03-28,91.25,92.25,90.25,90.25,90.25,57712
2011-03-29,91.0,91.0,88.0,89.5,89.5,75044
2011-03-30,89.25,90.5,88.5,89.5,89.5,61948
2011-03-31,89.25,89.5,86.75,88.25,88.25,103072
2011-04-01,88.75,89.5,86.25,87.0,87.0,82628
2011-04-04,87.5,87.5,83.25,84.5,84.5,81356
2011-04-05,82.75,85.0,81.5,82.5,82.5,105536
2011-04-06,83.75,84.75,82.5,83.0,83.0,60452
2011-04-07,83.75,85.0,81.75,81.75,81.75,109056
2011-04-08,82.0,84.25,80.5,81.5,81.5,142436
2011-04-11,81.25,83.5,80.5,82.75,82.75,53584
2011-04-12,81.75,85.0,81.25,85.0,85.0,91752
2011-04-13,85.5,86.0,82.0,82.25,82.25,53696
2011-04-14,81.75,82.25,81.0,82.0,82.0,42664
2011-04-15,82.0,82.5,81.5,82.25,82.25,29616
2011-04-18,82.0,82.5,80.75,81.75,81.75,39688
2011-04-19,82.75,84.5,81.5,83.5,83.5,61332
2011-04-20,85.25,87.25,84.0,86.75,86.75,83336
2011-04-21,88.0,88.5,85.0,88.5,88.5,62652
2011-04-25,88.75,90.0,87.0,87.75,87.75,51932
2011-04-26,87.75,90.0,87.0,87.75,87.75,60000
2011-04-27,88.0,88.5,84.0,85.0,85.0,66268
2011-04-28,85.0,85.5,83.75,83.75,83.75,42316
2011-04-29,84.25,84.25,80.0,80.25,80.25,108000
2011-05-02,80.25,81.5,74.0,76.0,76.0,164584
2011-05-03,75.75,76.0,73.0,73.5,73.5,92876
2011-05-04,73.25,74.25,71.0,72.0,72.0,69048
2011-05-05,71.5,73.0,70.5,72.5,72.5,71520
2011-05-06,74.0,74.25,71.25,72.0,72.0,42204
2011-05-09,71.5,72.5,70.5,71.5,71.5,41440
2011-05-10,71.25,71.25,69.5,69.75,69.75,54468
2011-05-11,70.25,70.25,64.75,65.0,65.0,114744
2011-05-12,65.0,66.25,59.25,64.5,64.5,224000
2011-05-13,64.75,65.5,61.75,62.0,62.0,52796
2011-05-16,61.75,63.0,60.0,60.0,60.0,67132
2011-05-17,59.0,63.75,57.75,62.75,62.75,164764
2011-05-18,62.75,66.0,62.25,63.25,63.25,79024
2011-05-19,64.25,64.75,63.25,64.25,64.25,49000
2011-05-20,64.5,66.5,63.75,65.5,65.5,77660
2011-05-23,64.0,65.0,62.25,63.25,63.25,36384
2011-05-24,63.75,66.75,62.5,62.75,62.75,68260
2011-05-25,62.25,64.0,62.25,63.25,63.25,66948
2011-05-26,62.75,64.75,62.75,64.75,64.75,35212
2011-05-27,65.0,68.5,64.75,67.5,67.5,79448
2011-05-31,68.75,69.0,65.25,66.0,66.0,67236
2011-06-01,66.0,66.75,63.25,63.5,63.5,33060
2011-06-02,63.75,63.75,61.75,63.0,63.0,66248
2011-06-03,62.0,63.0,60.75,61.25,61.25,68332
2011-06-06,61.0,61.0,55.25,58.25,58.25,137724
2011-06-07,58.75,60.25,57.0,58.5,58.5,79644
2011-06-08,55.5,58.5,51.5,51.75,51.75,173032
2011-06-09,52.5,52.5,47.75,50.0,50.0,169048
2011-06-10,49.75,51.25,47.75,48.25,48.25,116188
2011-06-13,48.75,49.5,46.5,47.5,47.5,82176
2011-06-14,47.5,49.5,46.0,49.0,49.0,143788
2011-06-15,48.0,49.25,47.0,49.0,49.0,83660
2011-06-16,48.5,54.0,48.0,49.25,49.25,189140
2011-06-17,50.5,51.75,48.75,50.0,50.0,91684
2011-06-20,50.0,50.75,49.5,50.5,50.5,58532
2011-06-21,51.25,52.25,49.75,51.25,51.25,69188
2011-06-22,51.25,54.5,51.0,51.75,51.75,120204
2011-06-23,51.25,52.0,50.0,51.25,51.25,61360
2011-06-24,52.25,52.5,50.0,50.0,50.0,85312
2011-06-27,51.25,52.0,49.75,52.0,52.0,84256
2011-06-28,52.75,53.75,51.5,53.0,53.0,85424
2011-06-29,53.0,55.25,52.75,54.75,54.75,123908
2011-06-30,55.0,62.0,55.0,60.25,60.25,195812
2011-07-01,61.0,66.5,61.0,64.5,64.5,179328
2011-07-05,64.75,65.0,60.0,61.5,61.5,65860
2011-07-06,61.75,64.25,59.25,63.25,63.25,66744
2011-07-07,65.0,66.0,64.5,64.5,64.5,60028
2011-07-08,62.5,63.5,60.75,62.5,62.5,52960
2011-07-11,61.75,62.0,59.5,60.5,60.5,50364
2011-07-12,60.0,62.75,59.75,61.0,61.0,45156
2011-07-13,62.0,63.0,60.5,61.75,61.75,39216
2011-07-14,61.75,62.5,57.25,57.75,57.75,83824
2011-07-15,58.25,58.75,55.75,57.75,57.75,41440
2011-07-18,57.75,58.0,53.25,55.0,55.0,53656
2011-07-19,57.5,58.25,55.25,56.0,56.0,62580
2011-07-20,56.5,57.5,56.25,57.0,57.0,38724
2011-07-21,57.75,59.25,57.25,59.0,59.0,40640
2011-07-22,59.25,59.25,57.25,58.0,58.0,28308
2011-07-25,56.25,59.25,53.5,54.0,54.0,74056
2011-07-26,54.25,55.25,51.25,51.75,51.75,82368
2011-07-27,51.5,51.5,48.75,49.5,49.5,113220
2011-07-28,49.25,51.25,47.0,48.5,48.5,121108
2011-07-29,47.0,48.5,46.5,48.0,48.0,63572
2011-08-01,49.5,51.0,48.0,48.5,48.5,58520
2011-08-02,48.25,49.25,44.25,44.25,44.25,83348
2011-08-03,45.25,45.75,42.0,43.25,43.25,101400
2011-08-04,42.5,42.75,35.0,35.0,35.0,236612
2011-08-05,39.0,39.5,33.0,35.0,35.0,165724
2011-08-08,34.5,39.75,30.0,32.25,32.25,148304
2011-08-09,33.75,34.5,30.5,33.0,33.0,91892
2011-08-10,31.75,33.0,30.75,30.75,30.75,84800
2011-08-11,32.25,32.5,30.0,31.75,31.75,170608
2011-08-12,33.0,35.75,32.5,35.75,35.75,97520
2011-08-15,36.0,45.25,35.5,42.75,42.75,124400
2011-08-16,42.75,47.5,42.5,46.5,46.5,147692
2011-08-17,46.5,48.25,44.5,45.75,45.75,72884
2011-08-18,42.25,43.5,37.75,39.75,39.75,133148
2011-08-19,46.0,51.0,39.0,39.25,39.25,120960
2011-08-22,41.25,41.25,36.5,37.0,37.0,53952
2011-08-23,39.25,39.25,33.5,34.25,34.25,113732
2011-08-24,35.0,36.75,34.5,36.25,36.25,67792
2011-08-25,39.75,41.75,35.25,37.5,37.5,72124
2011-08-26,38.0,39.0,35.5,39.0,39.0,56556
2011-08-29,39.75,43.0,39.5,42.0,42.0,87224
2011-08-30,42.25,44.0,40.0,43.75,43.75,97024
2011-08-31,44.5,45.0,40.75,41.0,41.0,86200
2011-09-01,40.75,42.25,39.75,39.75,39.75,43812
2011-09-02,39.0,39.5,36.75,38.25,38.25,56944
2011-09-06,36.5,37.5,36.25,37.25,37.25,58072
2011-09-07,38.75,41.75,38.0,41.25,41.25,89668
2011-09-08,42.5,44.5,39.75,41.0,41.0,146296
2011-09-09,40.5,40.5,36.75,37.25,37.25,63320
2011-09-12,36.75,37.25,35.5,36.0,36.0,55508
2011-09-13,37.0,37.0,35.25,36.5,36.5,40340
2011-09-14,36.5,38.0,36.0,37.25,37.25,59444
2011-09-15,37.75,38.0,36.5,37.0,37.0,44724
2011-09-16,36.75,37.5,35.75,36.75,36.75,49576
2011-09-19,35.75,36.0,34.0,34.75,34.75,59956
2011-09-20,35.25,36.0,34.5,35.0,35.0,30248
2011-09-21,35.0,36.25,33.75,33.75,33.75,32648
2011-09-22,33.75,34.5,30.25,30.75,30.75,136932
2011-09-23,31.0,32.0,30.5,32.0,32.0,38304
2011-09-26,32.5,33.5,30.75,32.5,32.5,44752
2011-09-27,33.5,35.75,33.0,34.0,34.0,65920
2011-09-28,33.75,34.0,31.5,31.5,31.5,54992
2011-09-29,33.0,33.25,31.25,32.25,32.25,60996
2011-09-30,31.5,32.5,30.25,30.5,30.5,47052
2011-10-03,30.25,31.25,26.75,26.75,26.75,90552
2011-10-04,29.0,29.0,25.0,27.75,27.75,104032
2011-10-05,27.5,28.25,26.0,27.5,27.5,48432
2011-10-06,27.5,27.5,22.25,27.0,27.0,59104
2011-10-07,27.0,27.5,25.5,25.75,25.75,52132
2011-10-10,26.75,28.75,25.75,27.0,27.0,59280
2011-10-11,27.0,27.5,26.25,27.5,27.5,31376
2011-10-12,27.75,30.5,27.5,29.75,29.75,92136
2011-10-13,29.75,32.25,29.5,31.0,31.0,69272
2011-10-14,32.25,32.5,30.0,30.25,30.25,52816
2011-10-17,30.25,31.0,29.25,29.75,29.75,39196
2011-10-18,29.75,33.75,29.25,33.5,33.5,103432
2011-10-19,34.0,36.5,32.0,32.25,32.25,92652
2011-10-20,33.25,33.25,31.0,32.75,32.75,25296
2011-10-21,33.75,35.0,33.75,34.5,34.5,51068
2011-10-24,34.5,36.5,34.25,35.75,35.75,79760
2011-10-25,36.0,36.0,32.0,33.5,33.5,43828
2011-10-26,34.5,36.0,33.75,35.25,35.25,42820
2011-10-27,37.5,38.5,36.25,38.0,38.0,118080
2011-10-28,37.75,37.75,35.75,36.75,36.75,48672
2011-10-31,35.5,36.5,35.25,36.0,36.0,23696
2011-11-01,34.25,36.25,33.0,33.0,33.0,61756
2011-11-02,34.25,36.25,34.0,35.75,35.75,39076
2011-11-03,35.25,35.5,32.0,34.0,34.0,62680
2011-11-04,32.75,35.25,32.5,33.5,33.5,28068
2011-11-07,33.25,34.75,32.5,33.5,33.5,16688
2011-11-08,33.5,36.5,33.5,36.0,36.0,83500
2011-11-09,35.0,35.0,33.75,33.75,33.75,44828
2011-11-10,34.75,36.25,33.25,34.5,34.5,27296
2011-11-11,35.5,35.75,34.0,34.25,34.25,35688
2011-11-14,34.0,34.25,32.5,33.0,33.0,32192
2011-11-15,33.0,34.0,32.0,33.75,33.75,40132
2011-11-16,33.5,34.5,33.5,34.0,34.0,22868
2011-11-17,34.0,35.0,32.75,33.5,33.5,33368
2011-11-18,33.25,33.75,33.25,33.5,33.5,20224
2011-11-21,33.5,34.0,31.25,32.25,32.25,29812
2011-11-22,32.25,33.25,30.75,31.0,31.0,21532
2011-11-23,30.5,30.75,30.0,30.75,30.75,33712
2011-11-25,31.25,33.0,30.75,32.25,32.25,16440
2011-11-28,34.25,34.75,32.5,34.0,34.0,30848
2011-11-29,33.75,34.25,30.75,31.75,31.75,25316
2011-11-30,33.0,35.5,33.0,35.25,35.25,99064
2011-12-01,34.75,36.75,34.25,35.75,35.75,58028
2011-12-02,36.75,37.0,35.25,36.0,36.0,39556
2011-12-05,37.0,38.75,36.5,38.5,38.5,71648
2011-12-06,38.25,39.5,37.25,39.25,39.25,56708
2011-12-07,40.0,40.5,38.25,40.25,40.25,39104
2011-12-08,40.25,40.5,37.25,37.25,37.25,28964
2011-12-09,37.5,39.5,37.25,39.5,39.5,28008
2011-12-12,38.5,41.5,38.5,41.5,41.5,47048
2011-12-13,42.25,42.25,35.0,35.75,35.75,69464
2011-12-14,35.5,35.5,32.0,34.0,34.0,57672
2011-12-15,34.0,34.0,33.0,33.75,33.75,25056
2011-12-16,34.5,34.5,32.0,33.5,33.5,52888
2011-12-19,33.75,33.75,31.75,31.75,31.75,34740
2011-12-20,33.0,37.5,32.75,37.5,37.5,91728
2011-12-21,37.25,37.5,35.0,36.25,36.25,77544
2011-12-22,36.75,37.75,35.75,36.75,36.75,40416
2011-12-23,37.25,37.5,34.5,35.5,35.5,43108
2011-12-27,34.75,35.0,32.75,33.0,33.0,51744
2011-12-28,32.5,35.0,32.25,32.5,32.5,42168
2011-12-29,32.5,35.5,32.5,35.5,35.5,63488
2011-12-30,34.5,37.0,34.5,36.25,36.25,76412
2012-01-03,37.5,39.5,37.5,38.75,38.75,85112
2012-01-04,38.5,39.75,37.0,39.0,39.0,58380
2012-01-05,38.0,40.0,36.25,39.25,39.25,52036
2012-01-06,39.25,44.25,39.0,43.75,43.75,151920
2012-01-09,43.75,49.75,43.25,49.0,49.0,202224
2012-01-10,49.75,53.5,49.5,50.75,50.75,180464
2012-01-11,50.0,60.5,50.0,60.0,60.0,307188
2012-01-12,61.0,65.5,56.0,57.25,57.25,339204
2012-01-13,55.25,60.0,50.5,58.75,58.75,168208
2012-01-17,60.25,62.5,53.25,53.25,53.25,157088
2012-01-18,54.0,60.5,52.5,59.75,59.75,181800
2012-01-19,60.75,63.25,59.5,59.75,59.75,167840
2012-01-20,60.0,61.5,59.0,60.5,60.5,110212
2012-01-23,60.25,62.25,57.25,59.0,59.0,114324
2012-01-24,57.5,60.75,55.0,59.5,59.5,102588
2012-01-25,60.0,66.5,59.5,66.0,66.0,162356
2012-01-26,68.5,72.25,64.5,66.75,66.75,301824
2012-01-27,66.0,68.5,64.5,66.75,66.75,69860
2012-01-30,64.25,64.75,60.75,62.5,62.5,141668
2012-01-31,63.25,64.25,60.0,60.5,60.5,89744
2012-02-01,62.25,63.75,61.25,63.0,63.0,101760
2012-02-02,63.5,65.5,63.25,63.75,63.75,87956
2012-02-03,68.0,71.0,64.5,70.5,70.5,190680
2012-02-06,70.25,72.25,68.75,70.25,70.25,129220
2012-02-07,71.0,74.5,70.0,72.0,72.0,122484
2012-02-08,74.0,78.5,72.75,78.5,78.5,226028
2012-02-09,79.0,82.75,79.0,81.0,81.0,219196
2012-02-10,76.0,78.5,72.75,74.25,74.25,205436
2012-02-13,76.5,78.0,75.25,76.0,76.0,94468
2012-02-14,74.5,75.5,68.75,75.0,75.0,151352
2012-02-15,76.75,79.75,74.75,75.5,75.5,145344
2012-02-16,76.75,77.0,73.75,74.0,74.0,104012
2012-02-17,74.5,76.0,74.25,75.75,75.75,62168
2012-02-21,76.25,76.25,73.75,74.25,74.25,149128
2012-02-22,74.25,74.25,68.75,69.0,69.0,139760
2012-02-23,69.25,74.0,68.75,72.25,72.25,131212
2012-02-24,72.75,75.5,70.25,70.75,70.75,79244
2012-02-27,70.0,74.5,68.75,74.0,74.0,116292
2012-02-28,76.0,77.0,68.75,70.25,70.25,192564
2012-02-29,70.0,72.25,69.25,69.25,69.25,111756
2012-03-01,70.25,72.0,69.0,70.0,70.0,73536
2012-03-02,69.5,71.25,66.75,67.5,67.5,84400
2012-03-05,67.5,68.75,63.0,63.5,63.5,131856
2012-03-06,62.25,62.25,57.5,60.0,60.0,192496
2012-03-07,63.0,64.0,59.25,61.5,61.5,145208
2012-03-08,63.75,70.25,63.25,69.75,69.75,215972
2012-03-09,72.0,74.5,70.5,71.5,71.5,219312
2012-03-12,72.75,73.75,70.75,71.25,71.25,73684
2012-03-13,72.5,73.25,71.25,72.5,72.5,90008
2012-03-14,72.25,75.5,69.75,70.75,70.75,164512
2012-03-15,73.0,75.75,71.25,73.75,73.75,121136
2012-03-16,74.25,75.0,71.75,72.75,72.75,90188
2012-03-19,72.5,74.75,72.5,72.75,72.75,115236
2012-03-20,72.5,73.0,68.0,69.5,69.5,152412
2012-03-21,71.25,72.0,69.75,70.75,70.75,85512
2012-03-22,69.5,71.0,66.25,67.75,67.75,112656
2012-03-23,63.75,69.0,63.0,67.0,67.0,153088
2012-03-26,68.75,68.75,65.5,66.5,66.5,97756
2012-03-27,68.0,69.5,65.0,65.25,65.25,139660
2012-03-28,65.75,66.25,62.75,64.25,64.25,95396
2012-03-29,63.5,63.5,59.5,60.0,60.0,198076
2012-03-30,61.25,62.25,58.0,61.25,61.25,162796
2012-04-02,60.75,61.25,59.0,60.5,60.5,90468
2012-04-03,59.5,60.5,58.75,58.75,58.75,109888
2012-04-04,54.25,57.0,51.75,53.75,53.75,257632
2012-04-05,50.75,51.0,49.0,50.5,50.5,1156080
2012-04-09,49.5,53.5,48.25,49.5,49.5,296244
2012-04-10,50.25,51.25,49.25,49.75,49.75,212424
2012-04-11,51.5,53.0,50.75,50.75,50.75,131616
2012-04-12,51.75,52.75,51.0,52.25,52.25,106536
2012-04-13,51.25,51.25,49.5,50.0,50.0,167452
2012-04-16,51.0,51.25,49.0,49.5,49.5,139820
2012-04-17,50.25,51.5,49.5,51.25,51.25,93568
2012-04-18,50.75,51.75,50.0,51.25,51.25,74712
2012-04-19,51.25,51.75,48.75,49.25,49.25,109740
2012-04-20,50.25,50.75,48.75,49.75,49.75,61348
2012-04-23,48.5,49.0,46.25,47.0,47.0,120116
2012-04-24,47.25,48.25,46.0,47.25,47.25,83600
2012-04-25,48.0,49.5,47.75,48.5,48.5,68472
2012-04-26,49.0,51.25,48.75,50.25,50.25,182412
2012-04-27,50.25,52.0,49.0,52.0,52.0,225932
2012-04-30,51.75,52.25,50.0,50.0,50.0,122588
2012-05-01,49.75,51.75,49.5,49.75,49.75,91668
2012-05-02,49.5,50.5,48.25,48.5,48.5,211812
2012-05-03,48.75,48.75,43.75,44.25,44.25,211428
2012-05-04,44.0,44.25,41.75,42.5,42.5,139208
2012-05-07,42.25,44.75,41.25,44.25,44.25,117648
2012-05-08,43.75,44.5,42.0,44.0,44.0,79440
2012-05-09,42.75,44.25,42.0,43.75,43.75,119296
2012-05-10,45.25,49.0,45.25,46.25,46.25,129116
2012-05-11,47.25,49.0,46.25,47.0,47.0,149136
2012-05-14,46.25,47.25,44.25,44.5,44.5,78020
2012-05-15,44.75,49.25,44.5,49.0,49.0,211056
2012-05-16,50.75,50.75,46.75,47.0,47.0,113812
2012-05-17,48.0,48.0,43.75,44.5,44.5,101428
2012-05-18,44.5,45.75,43.0,43.25,43.25,87488
2012-05-21,43.75,46.0,43.25,44.5,44.5,70232
2012-05-22,45.25,46.5,44.0,44.25,44.25,78740
2012-05-23,46.25,46.25,43.0,45.5,45.5,77004
2012-05-24,46.25,46.75,45.0,46.5,46.5,69864
2012-05-25,48.0,48.5,46.75,47.25,47.25,60876
2012-05-29,48.25,49.5,47.5,49.5,49.5,102224
2012-05-30,47.5,49.0,45.75,46.5,46.5,114216
2012-05-31,46.5,47.25,43.0,46.75,46.75,138892
2012-06-01,44.0,44.25,42.5,43.25,43.25,115424
2012-06-04,43.25,43.75,38.0,40.25,40.25,153100
2012-06-05,40.0,42.5,40.0,42.5,42.5,70944
2012-06-06,50.0,52.5,47.5,50.25,50.25,521632
2012-06-07,50.75,52.5,49.0,52.0,52.0,248260
2012-06-08,51.0,54.5,49.25,54.0,54.0,207280
2012-06-11,55.75,56.0,52.0,52.75,52.75,161640
2012-06-12,53.25,53.75,51.25,53.75,53.75,104608
2012-06-13,53.5,59.25,52.5,55.5,55.5,227940
2012-06-14,55.75,59.0,55.5,57.75,57.75,142256
2012-06-15,59.25,62.75,58.0,62.25,62.25,244288
2012-06-18,61.0,69.25,61.0,65.75,65.75,272696
2012-06-19,69.25,70.0,64.5,65.0,65.0,308540
2012-06-20,65.75,68.75,63.75,66.25,66.25,190784
2012-06-21,66.0,66.75,60.25,62.25,62.25,232460
2012-06-22,62.75,67.0,61.75,67.0,67.0,261308
2012-06-25,65.25,68.75,63.75,66.0,66.0,173480
2012-06-26,66.25,68.5,66.25,67.0,67.0,110656
2012-06-27,68.5,72.5,68.25,70.5,70.5,267876
2012-06-28,70.0,72.25,67.0,70.25,70.25,222932
2012-06-29,73.25,73.75,71.75,72.5,72.5,229016
2012-07-02,73.25,73.75,68.25,70.75,70.75,270328
2012-07-03,71.25,73.0,69.75,71.5,71.5,98644
2012-07-05,71.5,75.0,71.0,73.0,73.0,211176
2012-07-06,71.75,74.0,70.5,73.5,73.5,133576
2012-07-09,73.5,74.25,72.0,73.25,73.25,74952
2012-07-10,73.75,74.25,65.75,67.5,67.5,237700
2012-07-11,67.0,68.0,63.75,65.0,65.0,186164
2012-07-12,63.25,67.25,61.25,64.5,64.5,228236
2012-07-13,69.0,72.0,68.25,69.0,69.0,375192
2012-07-16,69.0,71.0,68.5,69.5,69.5,166544
2012-07-17,71.25,71.25,68.25,69.0,69.0,75820
2012-07-18,69.0,71.0,66.75,66.75,66.75,162104
2012-07-19,68.25,68.25,63.0,65.0,65.0,204016
2012-07-20,64.0,68.75,62.5,66.5,66.5,163000
2012-07-23,63.25,66.25,63.0,65.0,65.0,122556
2012-07-24,65.5,66.0,60.5,61.5,61.5,168760
2012-07-25,63.0,63.75,57.75,58.25,58.25,184592
2012-07-26,60.5,62.25,58.25,62.0,62.0,157528
2012-07-27,62.25,65.0,60.75,62.0,62.0,165508
2012-07-30,62.5,63.5,59.5,59.5,59.5,122828
2012-07-31,58.0,61.0,57.5,58.0,58.0,106236
2012-08-01,58.25,59.75,55.75,57.0,57.0,140652
2012-08-02,55.75,58.75,55.75,56.25,56.25,107784
2012-08-03,58.5,61.25,57.5,58.25,58.25,136636
2012-08-06,58.5,61.0,57.5,61.0,61.0,90656
2012-08-07,61.5,61.5,59.25,59.25,59.25,131176
2012-08-08,59.25,61.5,59.25,60.5,60.5,89548
2012-08-09,61.5,65.75,61.25,64.5,64.5,187120
2012-08-10,64.5,65.25,62.75,63.75,63.75,95248
2012-08-13,62.5,64.5,61.5,63.0,63.0,75596
2012-08-14,63.75,65.75,62.5,63.25,63.25,88972
2012-08-15,62.75,64.25,61.25,62.5,62.5,82700
2012-08-16,62.5,66.25,61.75,66.0,66.0,163884
2012-08-17,66.25,68.75,65.0,66.75,66.75,146912
2012-08-20,66.25,68.25,63.0,65.5,65.5,125872
2012-08-21,65.5,67.0,62.0,62.75,62.75,161628
2012-08-22,64.5,66.25,63.75,65.25,65.25,146568
2012-08-23,64.25,66.5,63.75,66.5,66.5,97736
2012-08-24,65.75,67.25,65.0,66.5,66.5,68860
2012-08-27,67.0,67.0,64.5,65.5,65.5,68196
2012-08-28,66.0,67.0,65.25,66.75,66.75,92752
2012-08-29,66.75,67.75,65.25,67.75,67.75,118840
2012-08-30,66.0,68.75,66.0,68.0,68.0,98412
2012-08-31,69.0,74.25,68.0,73.0,73.0,327948
2012-09-04,74.75,79.0,71.5,78.75,78.75,378888
2012-09-05,78.5,80.75,77.5,80.25,80.25,307124
2012-09-06,84.0,84.0,74.5,77.0,77.0,466768
2012-09-07,78.25,80.5,76.75,78.75,78.75,302384
2012-09-10,79.25,82.75,78.5,82.75,82.75,256960
2012-09-11,82.75,90.0,82.25,90.0,90.0,413876
2012-09-12,93.0,93.0,85.75,91.75,91.75,347608
2012-09-13,91.25,97.5,89.25,94.75,94.75,524324
2012-09-14,98.0,100.75,96.5,97.25,97.25,466652
2012-09-17,98.25,99.5,95.75,97.25,97.25,213300
2012-09-18,96.75,98.75,93.0,94.75,94.75,213192
2012-09-19,96.75,98.5,89.75,96.25,96.25,512824
2012-09-20,95.0,98.0,93.0,96.0,96.0,269316
2012-09-21,97.5,100.0,96.5,97.75,97.75,390912
2012-09-24,98.5,99.75,95.0,95.75,95.75,211616
2012-09-25,95.75,99.0,90.75,90.75,90.75,363908
2012-09-26,90.75,92.75,84.25,85.75,85.75,347308
2012-09-27,88.25,90.0,87.0,89.25,89.25,212608
2012-09-28,86.75,89.0,86.25,86.5,86.5,159140
2012-10-01,87.5,89.0,83.75,84.75,84.75,166712
2012-10-02,85.25,86.25,81.75,85.75,85.75,213020
2012-10-03,85.75,96.25,85.75,96.25,96.25,457952
2012-10-04,97.0,98.75,93.5,97.25,97.25,292900
2012-10-05,98.25,99.25,95.0,96.25,96.25,194944
2012-10-08,95.25,96.0,91.25,93.25,93.25,174336
2012-10-09,92.5,93.75,89.75,91.75,91.75,208872
2012-10-10,90.5,93.25,90.25,92.5,92.5,113536
2012-10-11,94.75,95.5,89.5,90.5,90.5,189584
2012-10-12,90.25,92.0,87.5,89.25,89.25,136828
2012-10-15,89.5,92.5,88.25,92.0,92.0,159944
2012-10-16,93.0,94.75,90.0,94.5,94.5,202608
2012-10-17,97.0,104.75,96.0,103.25,103.25,586252
2012-10-18,103.5,113.75,102.75,107.75,107.75,685968
2012-10-19,107.0,112.25,105.75,109.5,109.5,390740
2012-10-22,110.25,112.5,107.75,110.25,110.25,319536
2012-10-23,108.0,109.5,106.5,108.25,108.25,280080
2012-10-24,109.75,111.5,108.25,111.0,111.0,253856
2012-10-25,114.0,117.5,107.75,110.75,110.75,478428
2012-10-26,109.75,110.5,101.5,106.75,106.75,306520
2012-10-31,109.25,109.75,101.75,107.5,107.5,168528
2012-11-01,108.25,112.5,107.75,112.5,112.5,203940
2012-11-02,114.5,119.25,111.0,118.0,118.0,374916
2012-11-05,118.5,127.5,115.0,126.75,126.75,571616
2012-11-06,128.25,134.0,127.5,132.75,132.75,487128
2012-11-07,130.0,139.75,125.25,137.5,137.5,616748
2012-11-08,142.5,145.0,131.5,135.0,135.0,592308
2012-11-09,133.75,133.75,123.75,129.0,129.0,452044
2012-11-12,131.5,131.5,117.75,118.5,118.5,431544
2012-11-13,114.5,126.5,112.75,122.0,122.0,362472
2012-11-14,124.5,125.75,115.0,115.25,115.25,360608
2012-11-15,114.5,117.25,106.5,110.5,110.5,487468
2012-11-16,111.0,121.25,108.75,117.0,117.0,396420
2012-11-19,122.0,125.25,120.5,123.75,123.75,376592
2012-11-20,127.0,132.25,126.25,131.75,131.75,388868
2012-11-21,133.75,136.75,130.25,132.5,132.5,355676
2012-11-23,133.75,134.75,131.25,132.75,132.75,147388
2012-11-26,132.25,137.5,130.25,137.5,137.5,270524
2012-11-27,139.0,140.5,135.0,137.25,137.25,314872
2012-11-28,135.75,136.75,128.75,134.75,134.75,315940
2012-11-29,136.25,138.75,134.0,135.25,135.25,207964
2012-11-30,135.5,135.5,130.0,130.5,130.5,238028
2012-12-03,130.75,132.25,126.5,129.25,129.25,170960
2012-12-04,130.5,130.75,125.25,127.25,127.25,203508
2012-12-05,127.5,128.0,121.5,122.0,122.0,245204
2012-12-06,122.0,123.0,118.75,122.5,122.5,185816
2012-12-07,124.25,133.0,124.25,131.25,131.25,338628
2012-12-10,131.25,134.5,129.25,134.0,134.0,265968
2012-12-11,135.25,138.0,134.5,136.25,136.25,301852
2012-12-12,137.0,140.0,136.25,137.25,137.25,304520
2012-12-13,133.75,134.5,125.0,130.0,130.0,536532
2012-12-14,130.0,133.25,127.5,132.5,132.5,296900
2012-12-17,133.5,145.0,133.0,145.0,145.0,524744
2012-12-18,148.75,152.5,146.5,151.25,151.25,518476
2012-12-19,152.0,153.5,145.5,153.0,153.0,323248
2012-12-20,151.5,154.5,148.5,153.25,153.25,293256
2012-12-21,147.5,175.0,145.25,175.0,175.0,1757320
2012-12-24,166.75,173.0,163.75,169.0,169.0,454588
2012-12-26,169.0,171.75,165.5,166.75,166.75,301164
2012-12-27,169.25,169.5,160.25,166.5,166.5,374068
2012-12-28,164.5,172.25,163.25,168.0,168.0,284184
2012-12-31,169.75,175.5,167.0,175.0,175.0,349308
2013-01-02,183.25,185.75,168.75,172.75,172.75,631296
2013-01-03,172.0,176.25,169.75,174.0,174.0,362800
2013-01-04,174.0,174.25,170.5,172.75,172.75,215184
2013-01-07,172.0,173.25,160.25,165.25,165.25,529136
2013-01-08,165.0,165.25,155.0,156.5,156.5,442712
2013-01-09,158.5,167.0,158.25,163.5,163.5,325412
2013-01-10,166.5,166.75,158.5,162.25,162.25,217892
2013-01-11,164.5,165.0,158.5,160.0,160.0,222952
2013-01-14,161.75,162.5,157.0,157.75,157.75,142416
2013-01-15,157.5,158.0,152.0,157.25,157.25,253292
2013-01-16,155.25,157.25,150.0,150.0,150.0,342076
2013-01-17,154.75,154.75,142.5,148.75,148.75,2201584
2013-01-18,150.5,158.5,148.75,157.5,157.5,614904
2013-01-22,160.0,160.25,152.75,156.0,156.0,397092
2013-01-23,155.75,164.5,153.0,161.75,161.75,510828
2013-01-24,162.75,164.75,155.25,156.75,156.75,397956
2013-01-25,159.75,159.75,153.25,155.25,155.25,293320
2013-01-28,154.25,156.75,147.5,148.25,148.25,357532
2013-01-29,151.5,154.75,150.0,154.25,154.25,296180
2013-01-30,154.5,155.25,146.75,148.0,148.0,328532
2013-01-31,149.0,149.0,138.75,142.75,142.75,385460
2013-02-01,143.25,149.5,139.25,140.25,140.25,401572
2013-02-04,141.5,141.75,132.5,133.0,133.0,480852
2013-02-05,133.5,134.5,128.75,133.0,133.0,500260
2013-02-06,132.5,134.75,131.5,133.5,133.5,172668
2013-02-07,133.0,133.75,128.25,130.5,130.5,241024
2013-02-08,130.75,133.0,128.0,129.75,129.75,164304
2013-02-11,129.0,134.5,128.0,133.5,133.5,235008
2013-02-12,134.25,149.25,133.75,148.0,148.0,547780
2013-02-13,148.0,149.75,141.75,144.25,144.25,266660
2013-02-14,144.25,147.0,142.0,143.75,143.75,168456
2013-02-15,144.0,156.0,143.75,150.5,150.5,564692
2013-02-19,153.5,153.75,140.75,144.0,144.0,388324
2013-02-20,142.0,142.5,132.0,132.25,132.25,366364
2013-02-21,132.5,137.25,128.5,136.0,136.0,320820
2013-02-22,138.25,139.25,134.25,136.25,136.25,173692
2013-02-25,137.25,138.25,129.0,130.0,130.0,240292
2013-02-26,131.5,147.0,131.5,144.75,144.75,513576
2013-02-27,144.75,153.75,143.75,151.5,151.5,507736
2013-02-28,150.5,154.5,143.5,146.25,146.25,346652
2013-03-01,144.25,149.5,142.5,148.0,148.0,249424
2013-03-04,146.25,150.0,145.25,149.5,149.5,177500
2013-03-05,152.25,154.25,149.5,152.5,152.5,310800
2013-03-06,155.0,155.5,141.75,148.5,148.5,677708
2013-03-07,148.25,150.25,145.5,149.0,149.0,251400
2013-03-08,152.5,153.5,149.5,151.5,151.5,245384
2013-03-11,151.25,152.0,147.5,148.5,148.5,236624
2013-03-12,147.75,148.5,142.75,143.0,143.0,232168
2013-03-13,143.0,147.0,142.0,146.0,146.0,200408
2013-03-14,146.75,148.75,145.25,146.0,146.0,149020
2013-03-15,146.5,151.0,146.0,149.75,149.75,292476
2013-03-18,146.25,151.25,145.75,149.75,149.75,200000
2013-03-19,153.0,160.75,152.0,154.75,154.75,670808
2013-03-20,156.75,159.75,153.5,158.0,158.0,382484
2013-03-21,157.5,159.5,154.25,154.5,154.5,228308
2013-03-22,156.0,156.75,151.5,152.5,152.5,173304
2013-03-25,153.25,156.0,150.75,151.5,151.5,196580
2013-03-26,151.5,154.0,145.75,146.75,146.75,257836
2013-03-27,146.5,148.0,143.75,146.75,146.75,161868
2013-03-28,147.0,147.75,142.75,144.25,144.25,180220
2013-04-01,143.0,145.25,139.0,142.0,142.0,218904
2013-04-02,142.0,144.75,139.25,139.75,139.75,210464
2013-04-03,139.5,140.75,128.75,130.75,130.75,427356
2013-04-04,132.5,135.5,131.75,134.25,134.25,199988
2013-04-05,130.75,134.75,129.5,134.5,134.5,195548
2013-04-08,135.25,142.0,134.5,141.75,141.75,191708
2013-04-09,142.5,143.5,139.0,139.75,139.75,193860
2013-04-10,139.25,141.0,133.5,134.25,134.25,296816
2013-04-11,133.75,135.25,130.75,133.0,133.0,236624
2013-04-12,132.0,136.25,131.75,133.25,133.25,175804
2013-04-15,131.25,131.75,121.5,125.25,125.25,419044
2013-04-16,129.0,130.75,122.5,127.25,127.25,325352
2013-04-17,125.25,126.25,121.5,124.5,124.5,246444
2013-04-18,124.75,125.0,116.25,119.0,119.0,321288
2013-04-19,118.75,123.5,117.5,123.0,123.0,218292
2013-04-22,122.75,129.5,118.75,128.25,128.25,262756
2013-04-23,130.0,138.0,130.0,134.75,134.75,340764
2013-04-24,135.25,138.5,134.75,136.75,136.75,201468
2013-04-25,137.5,142.0,136.75,138.0,138.0,217520
2013-04-26,140.0,142.75,138.0,141.75,141.75,229888
2013-04-29,143.0,145.5,137.5,139.0,139.0,199228
2013-04-30,139.0,142.0,134.5,136.25,136.25,200864
2013-05-01,135.25,136.25,130.0,133.75,133.75,183128
2013-05-02,135.5,142.75,135.0,141.25,141.25,246856
2013-05-03,143.5,147.5,140.75,143.25,143.25,299536
2013-05-06,144.25,148.5,144.0,148.5,148.5,214428
2013-05-07,149.25,152.0,146.25,148.0,148.0,181148
2013-05-08,147.5,148.0,144.25,147.5,147.5,133284
2013-05-09,146.5,151.0,146.0,149.75,149.75,192176
2013-05-10,150.75,154.5,150.25,152.0,152.0,218240
2013-05-13,151.5,153.75,150.0,152.25,152.25,163212
2013-05-14,151.0,154.5,151.0,153.0,153.0,133472
2013-05-15,152.25,153.75,149.0,149.75,149.75,162072
2013-05-16,148.75,151.75,143.75,146.75,146.75,264344
2013-05-17,147.25,152.25,147.25,150.5,150.5,300856
2013-05-20,151.0,153.5,149.25,150.5,150.5,196736
2013-05-21,150.25,152.5,145.75,146.0,146.0,259484
2013-05-22,148.0,153.75,147.0,148.5,148.5,407688
2013-05-23,145.75,153.5,144.5,152.5,152.5,264892
2013-05-24,151.75,152.75,148.0,151.0,151.0,150656
2013-05-28,154.0,158.75,150.5,153.75,153.75,377148
2013-05-29,153.5,154.0,148.75,151.25,151.25,245760
2013-05-30,152.0,155.0,149.5,152.75,152.75,193596
2013-05-31,151.5,156.25,151.5,153.5,153.5,238108
2013-06-03,154.75,156.25,148.75,151.25,151.25,289208
2013-06-04,151.25,154.25,147.5,149.25,149.25,459596
2013-06-05,151.25,160.0,148.25,150.75,150.75,781372
2013-06-06,152.0,153.0,147.75,152.75,152.75,361392
2013-06-07,154.75,156.0,151.75,153.5,153.5,254208
2013-06-10,153.75,154.0,146.75,149.25,149.25,251732
2013-06-11,146.75,149.5,144.75,146.0,146.0,223692
2013-06-12,148.0,151.25,146.25,147.75,147.75,288976
2013-06-13,146.75,155.0,146.75,154.0,154.0,289572
2013-06-14,154.0,158.5,154.0,157.0,157.0,366308
2013-06-17,158.5,161.5,156.5,159.25,159.25,309740
2013-06-18,159.5,161.75,155.0,160.75,160.75,268968
2013-06-19,160.25,161.5,154.75,155.5,155.5,229752
2013-06-20,152.25,152.5,145.25,147.0,147.0,420160
2013-06-21,147.0,149.5,135.5,139.75,139.75,592532
2013-06-24,135.0,137.75,129.5,134.0,134.0,421408
2013-06-25,138.25,141.75,135.0,135.75,135.75,314452
2013-06-26,137.5,142.25,136.25,138.25,138.25,224072
2013-06-27,140.25,143.75,139.5,143.25,143.25,173480
2013-06-28,143.0,143.75,140.25,140.25,140.25,218152
2013-07-01,141.75,144.0,141.0,142.0,142.0,117352
2013-07-02,143.25,144.0,140.5,140.75,140.75,115576
2013-07-03,140.25,140.5,137.75,138.0,138.0,86296
2013-07-05,139.75,140.25,132.5,134.25,134.25,198672
2013-07-08,134.5,136.75,131.5,132.0,132.0,141096
2013-07-09,133.25,139.5,132.75,137.5,137.5,187948
2013-07-10,138.0,139.5,134.5,136.5,136.5,136360
2013-07-11,140.0,145.0,140.0,144.25,144.25,227848
2013-07-12,145.5,148.0,144.0,145.75,145.75,152660
2013-07-15,146.5,147.25,142.5,143.5,143.5,118604
2013-07-16,143.0,147.0,141.25,143.0,143.0,122916
2013-07-17,142.5,146.0,140.5,144.25,144.25,137528
2013-07-18,144.5,145.75,143.0,143.75,143.75,98144
2013-07-19,143.0,145.5,142.5,144.25,144.25,77448
2013-07-22,144.0,145.75,140.25,141.5,141.5,120272
2013-07-23,142.0,144.25,139.25,142.0,142.0,116896
2013-07-24,143.0,143.25,137.75,138.5,138.5,149440
2013-07-25,137.25,137.25,132.25,132.75,132.75,251480
2013-07-26,132.0,136.0,131.5,133.75,133.75,126528
2013-07-29,133.5,135.5,130.0,130.0,130.0,154104
2013-07-30,131.5,132.0,127.75,130.25,130.25,155472
2013-07-31,130.0,136.0,128.75,133.75,133.75,217500
2013-08-01,134.75,136.75,133.25,135.25,135.25,206796
2013-08-02,135.75,138.5,133.75,137.75,137.75,215388
2013-08-05,137.75,137.75,135.25,136.75,136.75,117052
2013-08-06,136.25,136.25,132.0,133.0,133.0,131116
2013-08-07,132.25,132.5,129.25,130.75,130.75,141100
2013-08-08,132.25,133.25,130.0,130.5,130.5,86840
2013-08-09,130.0,132.0,129.5,131.0,131.0,111552
2013-08-12,130.0,133.75,129.75,132.75,132.75,75076
2013-08-13,132.75,133.5,129.25,129.75,129.75,143224
2013-08-14,134.0,134.5,129.0,129.75,129.75,218268
2013-08-15,128.75,135.0,125.0,133.0,133.0,291400
2013-08-16,133.0,137.25,131.25,132.0,132.0,158168
2013-08-19,132.75,134.0,125.25,126.5,126.5,273428
2013-08-20,127.25,132.0,127.0,132.0,132.0,148488
2013-08-21,131.0,134.75,129.75,133.75,133.75,188316
2013-08-22,133.75,137.5,133.75,135.25,135.25,134008
2013-08-23,135.25,135.5,129.75,130.5,130.5,197684
2013-08-26,130.25,134.25,128.75,132.0,132.0,188000
2013-08-27,129.5,131.25,127.0,131.0,131.0,229128
2013-08-28,130.5,130.75,128.0,129.25,129.25,173524
2013-08-29,128.75,132.5,128.75,131.0,131.0,123752
2013-08-30,131.0,131.25,128.0,128.75,128.75,112336
2013-09-03,129.75,131.5,127.25,127.75,127.75,154888
2013-09-04,127.5,129.0,126.0,126.75,126.75,141096
2013-09-05,127.0,127.5,124.0,125.75,125.75,164576
2013-09-06,127.75,128.5,125.0,126.0,126.0,298936
2013-09-09,125.75,131.25,124.75,128.75,128.75,399872
2013-09-10,129.75,130.25,125.25,127.0,127.0,269928
2013-09-11,126.5,130.0,125.75,129.5,129.5,204740
2013-09-12,130.0,133.5,129.5,131.25,131.25,214060
2013-09-13,131.5,134.25,129.0,132.75,132.75,171896
2013-09-16,134.25,136.0,129.5,131.0,131.0,195768
2013-09-17,130.25,132.0,130.0,131.25,131.25,109744
2013-09-18,131.0,138.25,128.25,138.25,138.25,337628
2013-09-19,138.75,139.75,135.25,136.5,136.5,184952
2013-09-20,136.5,136.5,131.25,131.5,131.5,244704
2013-09-23,130.5,131.25,128.0,129.5,129.5,144108
2013-09-24,130.5,134.25,128.75,130.0,130.0,202968
2013-09-25,130.5,135.25,128.5,131.75,131.75,197328
2013-09-26,132.25,133.0,129.5,132.25,132.25,131196
2013-09-27,131.25,133.25,128.75,129.0,129.0,103348
2013-09-30,127.0,132.25,127.0,130.75,130.75,175120
2013-10-01,130.5,132.25,130.25,131.0,131.0,74788
2013-10-02,130.0,133.5,130.0,132.0,132.0,103320
2013-10-03,131.75,133.0,128.75,128.75,128.75,181004
2013-10-04,128.5,129.25,126.25,126.75,126.75,242128
2013-10-07,126.0,128.25,125.5,126.0,126.0,181220
2013-10-08,126.25,127.5,122.75,123.5,123.5,217520
2013-10-09,124.75,125.75,120.75,123.25,123.25,170516
2013-10-10,125.25,126.5,124.0,124.75,124.75,159164
2013-10-11,124.75,128.0,124.5,127.25,127.25,134240
2013-10-14,126.25,127.0,123.75,126.0,126.0,129064
2013-10-15,126.0,126.25,123.75,125.0,125.0,147236
2013-10-16,125.75,127.5,124.25,127.0,127.0,145032
2013-10-17,125.5,131.5,125.5,131.0,131.0,209444
2013-10-18,132.0,132.5,129.5,130.75,130.75,112312
2013-10-21,130.5,132.0,126.25,126.75,126.75,228644
2013-10-22,127.5,130.5,127.0,129.5,129.5,200320
2013-10-23,128.25,132.25,128.25,131.0,131.0,148268
2013-10-24,132.0,136.5,131.5,134.25,134.25,207624
2013-10-25,135.75,136.25,133.75,134.0,134.0,138040
2013-10-28,134.0,135.25,131.25,131.5,131.5,145812
2013-10-29,131.75,133.5,131.0,133.25,133.25,85164
2013-10-30,132.75,133.25,129.5,130.5,130.5,104912
2013-10-31,130.0,130.5,126.5,126.5,126.5,140552
2013-11-01,126.5,127.5,124.75,125.75,125.75,209796
2013-11-04,126.75,128.25,125.5,126.25,126.25,146328
2013-11-05,125.25,126.75,123.5,124.25,124.25,186908
2013-11-06,125.0,126.5,124.0,124.25,124.25,138748
2013-11-07,126.0,127.75,123.75,124.0,124.0,168008
2013-11-08,123.25,124.5,121.75,123.75,123.75,145024
2013-11-11,123.0,123.75,121.5,121.5,121.5,141360
2013-11-12,121.75,123.75,120.25,123.0,123.0,178696
2013-11-13,122.0,124.0,120.5,121.75,121.75,155824
2013-11-14,122.0,125.5,121.5,124.5,124.5,197472
2013-11-15,124.5,125.75,123.25,123.5,123.5,157896
2013-11-18,124.0,125.25,121.25,121.75,121.75,186664
2013-11-19,121.75,122.75,119.75,120.0,120.0,149040
2013-11-20,120.75,123.5,119.5,120.75,120.75,122292
2013-11-21,121.0,126.0,119.25,125.5,125.5,188308
2013-11-22,125.0,125.75,122.5,122.5,122.5,94008
2013-11-25,123.0,123.0,120.25,120.5,120.5,205756
2013-11-26,121.25,125.0,120.75,125.0,125.0,208532
2013-11-27,125.0,127.25,123.25,126.75,126.75,227556
2013-11-29,127.0,128.75,126.25,128.25,128.25,78272
2013-12-02,128.5,129.5,125.5,126.0,126.0,128984
2013-12-03,125.0,126.5,123.25,124.25,124.25,106152
2013-12-04,123.5,126.75,123.0,124.25,124.25,108600
2013-12-05,124.0,125.25,122.75,123.5,123.5,89172
2013-12-06,124.75,125.75,123.75,123.75,123.75,98604
2013-12-09,124.0,128.25,124.0,127.75,127.75,120912
2013-12-10,128.0,130.0,127.5,128.75,128.75,124244
2013-12-11,128.75,129.0,124.0,124.75,124.75,187416
2013-12-12,128.75,132.0,126.75,132.0,132.0,349084
2013-12-13,133.25,135.5,130.5,134.25,134.25,258432
2013-12-16,135.5,138.75,134.75,135.75,135.75,226276
2013-12-17,134.75,138.0,133.0,137.25,137.25,129284
2013-12-18,138.75,144.5,138.0,142.75,142.75,307612
2013-12-19,141.75,143.0,140.0,141.0,141.0,120232
2013-12-20,142.0,146.25,141.5,146.25,146.25,213056
2013-12-23,147.5,154.75,147.25,154.25,154.25,267168
2013-12-24,153.75,160.0,152.0,155.75,155.75,199972
2013-12-26,156.75,160.75,155.5,157.75,157.75,209716
2013-12-27,158.75,160.75,156.5,160.0,160.0,152756
2013-12-30,160.75,161.75,158.75,161.0,161.0,143924
2013-12-31,161.25,166.75,160.0,165.5,165.5,183036
2014-01-02,165.5,165.5,161.5,165.0,165.0,202572
2014-01-03,165.0,170.0,164.5,165.75,165.75,163464
2014-01-06,166.0,167.0,157.25,159.75,159.75,224036
2014-01-07,160.75,161.25,150.25,151.5,151.5,346220
2014-01-08,151.75,156.5,151.5,155.0,155.0,178236
2014-01-09,155.75,157.25,152.75,155.0,155.0,139016
2014-01-10,156.0,158.75,155.5,156.25,156.25,128544
2014-01-13,156.25,156.25,152.5,153.5,153.5,122288
2014-01-14,153.75,156.0,153.5,154.25,154.25,93224
2014-01-15,153.75,155.0,153.0,153.0,153.0,89152
2014-01-16,153.0,154.5,149.25,152.25,152.25,144052
2014-01-17,152.25,152.25,148.5,149.5,149.5,112372
2014-01-21,150.0,151.0,145.25,150.25,150.25,151648
2014-01-22,150.0,154.0,149.25,152.75,152.75,108892
2014-01-23,152.0,154.0,150.5,153.0,153.0,111628
2014-01-24,152.75,152.75,145.5,145.75,145.75,193068
2014-01-27,146.25,148.75,138.5,143.25,143.25,227296
2014-01-28,144.5,149.75,144.0,148.25,148.25,185824
2014-01-29,147.0,152.0,145.0,151.25,151.25,168016
2014-01-30,152.5,153.5,146.75,147.0,147.0,181696
2014-01-31,144.25,153.0,143.0,150.75,150.75,152344
2014-02-03,149.75,150.5,144.25,146.5,146.5,134468
2014-02-04,146.5,149.75,145.0,145.25,145.25,93480
2014-02-05,145.25,147.0,141.75,143.25,143.25,81948
2014-02-06,143.25,147.75,143.25,146.5,146.5,87940
2014-02-07,147.25,148.5,145.5,147.75,147.75,94468
2014-02-10,147.0,148.75,145.5,146.0,146.0,73744
2014-02-11,146.75,146.75,144.0,145.25,145.25,95056
2014-02-12,145.75,146.25,143.0,143.75,143.75,92572
2014-02-13,142.25,146.0,141.25,145.25,145.25,65360
2014-02-14,145.75,147.75,144.0,147.25,147.25,84052
2014-02-18,147.0,147.5,142.5,145.0,145.0,114404
2014-02-19,144.25,146.75,142.75,143.0,143.0,88608
2014-02-20,143.0,145.25,141.5,144.0,144.0,78564
2014-02-21,144.0,148.0,143.75,147.0,147.0,146196
2014-02-24,146.75,148.0,142.5,143.5,143.5,148700
2014-02-25,143.5,146.0,142.5,145.75,145.75,124600
2014-02-26,145.25,154.5,143.25,153.5,153.5,423812
2014-02-27,153.25,154.75,151.25,154.5,154.5,141368
2014-02-28,154.75,155.0,150.75,151.75,151.75,105308
2014-03-03,149.5,151.25,147.25,150.25,150.25,135676
2014-03-04,151.5,153.0,149.25,151.75,151.75,164948
2014-03-05,143.5,147.25,134.5,136.0,136.0,676220
2014-03-06,136.25,136.5,130.0,130.5,130.5,394648
2014-03-07,131.25,131.25,126.25,127.0,127.0,310812
2014-03-10,127.25,128.0,123.25,123.75,123.75,287296
2014-03-11,123.75,127.25,121.5,123.25,123.25,216168
2014-03-12,123.0,124.25,121.0,122.5,122.5,179224
2014-03-13,122.75,123.5,119.0,119.5,119.5,222408
2014-03-14,120.0,121.75,119.0,120.75,120.75,158828
2014-03-17,121.0,123.25,118.0,118.25,118.25,217400
2014-03-18,118.75,124.0,118.75,123.25,123.25,246704
2014-03-19,128.25,128.5,122.75,124.5,124.5,237872
2014-03-20,125.5,126.0,120.5,121.5,121.5,173668
2014-03-21,122.25,122.25,119.0,120.25,120.25,149916
2014-03-24,120.5,121.25,116.75,119.0,119.0,134436
2014-03-25,119.5,121.0,117.5,117.5,117.5,103628
2014-03-26,118.0,119.25,114.25,115.25,115.25,152828
2014-03-27,117.25,118.0,114.0,117.0,117.0,138872
2014-03-28,116.5,120.5,116.5,119.5,119.5,106640
2014-03-31,120.5,121.0,118.0,118.25,118.25,94440
2014-04-01,118.25,121.25,118.0,120.0,120.0,95036
2014-04-02,120.75,121.75,119.25,121.5,121.5,180056
2014-04-03,121.5,122.25,118.25,119.0,119.0,204272
2014-04-04,120.25,123.75,120.0,121.25,121.25,154736
2014-04-07,121.25,121.25,117.0,118.25,118.25,104016
2014-04-08,118.25,121.0,116.5,119.75,119.75,131368
2014-04-09,119.75,121.25,116.5,119.75,119.75,134124
2014-04-10,119.75,122.0,117.75,118.75,118.75,122996
2014-04-11,117.75,119.5,114.25,115.5,115.5,129700
2014-04-14,116.25,118.0,112.5,113.75,113.75,122036
2014-04-15,113.5,115.5,109.0,112.5,112.5,177348
2014-04-16,113.25,114.25,111.25,112.0,112.0,78328
2014-04-17,111.75,112.75,111.0,111.5,111.5,64680
2014-04-21,112.0,114.0,110.75,114.0,114.0,59180
2014-04-22,114.75,115.75,113.75,114.25,114.25,62168
2014-04-23,113.75,114.0,111.25,111.75,111.75,87740
2014-04-24,112.5,114.75,111.0,114.25,114.25,115008
2014-04-25,113.5,114.5,110.5,110.5,110.5,95872
2014-04-28,110.75,114.5,109.5,111.5,111.5,117224
2014-04-29,111.25,112.25,110.5,112.0,112.0,58256
2014-04-30,111.75,112.5,110.5,111.5,111.5,69428
2014-05-01,111.25,113.75,110.25,113.5,113.5,167744
2014-05-02,113.5,116.25,113.0,115.0,115.0,103148
2014-05-05,114.25,116.0,112.75,114.5,114.5,71768
2014-05-06,114.0,114.5,111.75,111.75,111.75,84780
2014-05-07,112.75,112.75,110.0,110.75,110.75,71164
2014-05-08,111.25,113.5,110.0,110.25,110.25,95212
2014-05-09,110.25,112.5,109.75,112.0,112.0,70796
2014-05-12,112.5,116.0,112.5,115.25,115.25,78204
2014-05-13,115.5,117.5,114.75,115.25,115.25,70384
2014-05-14,115.75,116.0,112.25,112.75,112.75,69052
2014-05-15,111.75,112.75,110.0,111.75,111.75,99832
2014-05-16,113.25,113.75,112.0,113.25,113.25,73512
2014-05-19,113.25,113.5,110.25,110.75,110.75,92304
2014-05-20,110.25,111.75,109.25,110.75,110.75,94272
2014-05-21,111.0,112.25,110.0,110.25,110.25,52284
2014-05-22,110.75,114.5,110.25,114.5,114.5,79584
2014-05-23,114.75,118.25,114.25,118.0,118.0,103300
2014-05-27,119.0,120.5,115.75,116.25,116.25,101872
2014-05-28,118.0,119.25,117.5,118.75,118.75,83196
2014-05-29,119.0,120.5,117.75,118.75,118.75,47752
2014-05-30,118.75,119.25,116.75,117.25,117.25,53972
2014-06-02,117.0,117.25,114.25,115.75,115.75,74520
2014-06-03,115.25,116.0,113.75,114.5,114.5,97204
2014-06-04,111.0,115.5,109.75,112.0,112.0,162480
2014-06-05,111.5,113.0,110.25,111.25,111.25,108200
2014-06-06,111.75,114.75,111.25,113.75,113.75,113636
2014-06-09,114.0,115.75,113.5,114.25,114.25,64272
2014-06-10,113.75,114.75,113.25,114.5,114.5,53472
2014-06-11,114.25,114.25,111.0,111.5,111.5,94004
2014-06-12,111.25,112.25,110.25,111.25,111.25,67104
2014-06-13,111.25,111.5,109.75,110.25,110.25,64864
2014-06-16,110.0,112.25,109.75,110.0,110.0,74940
2014-06-17,109.5,112.0,108.75,110.5,110.5,78024
2014-06-18,111.25,111.5,109.25,111.0,111.0,107416
2014-06-19,111.25,112.75,110.25,110.75,110.75,53668
2014-06-20,110.5,111.5,109.5,111.25,111.25,86832
2014-06-23,110.75,113.25,110.5,111.75,111.75,58264
2014-06-24,111.5,116.75,111.5,113.5,113.5,151388
2014-06-25,113.5,123.0,112.0,122.75,122.75,298760
2014-06-26,122.5,128.0,119.75,125.25,125.25,327024
2014-06-27,125.75,132.5,124.25,132.5,132.5,340588
2014-06-30,132.0,132.75,126.25,128.75,128.75,211952
2014-07-01,128.5,130.0,127.25,127.75,127.75,99088
2014-07-02,127.5,128.0,123.5,124.0,124.0,156400
2014-07-03,125.25,125.75,123.0,123.5,123.5,55560
2014-07-07,123.0,123.25,119.0,119.5,119.5,133228
2014-07-08,118.75,120.5,118.0,119.0,119.0,102188
2014-07-09,119.0,120.75,117.5,118.25,118.25,116104
2014-07-10,117.25,118.25,115.5,115.5,115.5,124004
2014-07-11,115.5,116.25,112.75,113.25,113.25,101660
2014-07-14,113.75,114.25,111.75,112.5,112.5,93124
2014-07-15,112.5,114.25,111.25,111.5,111.5,70852
2014-07-16,112.0,115.75,111.5,115.0,115.0,96768
2014-07-17,114.0,114.25,110.25,110.5,110.5,124700
2014-07-18,112.25,112.75,110.5,111.25,111.25,93488
2014-07-21,111.25,112.5,110.25,110.75,110.75,32308
2014-07-22,111.5,115.5,111.25,114.75,114.75,93684
2014-07-23,114.75,118.75,113.75,115.75,115.75,77788
2014-07-24,115.25,117.0,110.5,111.5,111.5,140344
2014-07-25,111.0,111.25,109.75,110.5,110.5,80904
2014-07-28,110.75,111.0,107.0,107.25,107.25,120824
2014-07-29,105.75,107.25,103.0,106.25,106.25,225188
2014-07-30,106.0,106.0,101.0,103.25,103.25,219152
2014-07-31,101.75,102.25,99.0,100.0,100.0,135760
2014-08-01,100.0,101.0,96.25,96.5,96.5,157892
2014-08-04,97.75,99.0,95.75,98.0,98.0,107420
2014-08-05,97.75,98.75,93.75,94.5,94.5,123544
2014-08-06,94.75,99.75,94.5,96.5,96.5,100460
2014-08-07,97.25,97.75,95.0,96.0,96.0,52224
2014-08-08,95.75,98.75,95.0,98.75,98.75,72776
2014-08-11,99.25,101.0,99.0,100.5,100.5,57200
2014-08-12,99.5,101.25,97.5,98.0,98.0,67364
2014-08-13,98.25,99.0,96.5,97.75,97.75,55204
2014-08-14,98.25,99.75,97.75,99.25,99.25,58476
2014-08-15,100.25,101.25,98.25,99.25,99.25,71740
2014-08-18,100.25,105.75,100.0,105.5,105.5,171148
2014-08-19,106.75,110.0,106.75,107.0,107.0,142888
2014-08-20,106.75,109.5,105.5,108.0,108.0,105892
2014-08-21,108.5,109.25,107.0,107.0,107.0,75104
2014-08-22,106.75,107.75,105.5,106.75,106.75,54896
2014-08-25,107.5,108.0,104.75,105.5,105.5,82624
2014-08-26,105.5,105.75,103.25,105.5,105.5,76408
2014-08-27,105.25,106.0,103.75,105.25,105.25,54888
2014-08-28,104.75,105.75,103.5,104.5,104.5,55004
2014-08-29,104.25,106.0,104.25,105.0,105.0,44020
2014-09-02,105.25,107.5,104.5,107.5,107.5,92196
2014-09-03,107.75,107.75,104.0,105.0,105.0,127232
2014-09-04,107.5,108.75,104.25,106.25,106.25,145120
2014-09-05,106.75,108.0,106.25,107.0,107.0,115956
2014-09-08,107.0,109.0,106.75,108.75,108.75,75316
2014-09-09,108.25,108.5,103.75,106.0,106.0,103140
2014-09-10,105.5,107.25,104.25,105.75,105.75,74108
2014-09-11,104.75,106.5,104.5,105.0,105.0,46052
2014-09-12,104.75,105.25,102.25,102.25,102.25,84144
2014-09-15,102.0,102.25,100.0,100.25,100.25,101844
2014-09-16,100.25,100.75,98.0,98.75,98.75,80356
2014-09-17,99.75,104.75,99.5,102.5,102.5,138948
2014-09-18,103.0,103.0,100.5,100.5,100.5,64836
2014-09-19,100.5,101.5,98.25,98.5,98.5,169124
2014-09-22,98.75,98.75,94.75,95.0,95.0,192144
2014-09-23,94.75,97.0,94.0,95.5,95.5,117288
2014-09-24,94.5,96.0,93.75,95.0,95.0,113880
2014-09-25,95.25,97.0,93.25,95.0,95.0,74952
2014-09-26,95.0,97.0,94.25,96.75,96.75,85880
2014-09-29,96.0,97.75,95.25,95.5,95.5,66088
2014-09-30,95.5,95.75,91.75,91.75,91.75,103300
2014-10-01,91.75,92.75,88.75,90.0,90.0,139864
2014-10-02,90.0,93.25,89.5,92.25,92.25,81792
2014-10-03,93.5,96.0,93.25,94.5,94.5,88940
2014-10-06,94.75,96.0,92.5,92.5,92.5,63600
2014-10-07,92.0,93.25,89.75,90.25,90.25,88460
2014-10-08,90.25,91.5,88.75,89.5,89.5,118020
2014-10-09,89.25,90.5,85.75,87.25,87.25,157456
2014-10-10,86.75,90.0,81.5,82.5,82.5,193740
2014-10-13,86.5,87.0,77.25,77.5,77.5,218556
2014-10-14,79.5,82.5,76.5,82.0,82.0,269264
2014-10-15,81.75,86.25,79.5,85.75,85.75,189460
2014-10-16,83.75,88.5,83.5,87.5,87.5,101592
2014-10-17,90.5,94.5,89.0,92.75,92.75,206372
2014-10-20,92.5,96.0,92.5,94.5,94.5,97032
2014-10-21,95.25,96.75,93.75,95.25,95.25,96132
2014-10-22,96.5,97.75,94.5,95.0,95.0,91928
2014-10-23,95.75,97.5,95.0,95.0,95.0,98652
2014-10-24,95.0,96.75,93.5,96.5,96.5,80492
2014-10-27,95.5,96.5,93.75,94.75,94.75,66440
2014-10-28,94.75,98.0,94.25,96.75,96.75,88256
2014-10-29,96.75,97.0,94.0,94.75,94.75,68040
2014-10-30,94.5,95.5,93.25,94.5,94.5,63900
2014-10-31,95.25,96.0,93.5,94.0,94.0,65844
2014-11-03,94.5,95.5,93.5,95.25,95.25,51932
2014-11-04,95.25,95.25,93.5,94.0,94.0,35584
2014-11-05,93.75,94.25,91.25,92.5,92.5,93256
2014-11-06,92.0,94.75,91.5,93.5,93.5,92544
2014-11-07,93.75,95.5,92.5,94.25,94.25,89888
2014-11-10,95.75,102.25,95.75,98.75,98.75,166888
2014-11-11,99.25,106.5,98.5,105.5,105.5,199944
2014-11-12,105.5,107.0,103.0,103.75,103.75,138688
2014-11-13,104.25,106.25,102.75,103.75,103.75,72772
2014-11-14,103.5,105.25,103.0,104.25,104.25,48924
2014-11-17,104.0,105.5,103.25,103.75,103.75,57700
2014-11-18,103.75,106.0,102.75,102.75,102.75,62412
2014-11-19,102.75,105.0,101.75,103.25,103.25,77704
2014-11-20,103.25,107.75,102.25,106.5,106.5,111788
2014-11-21,108.5,108.75,106.0,106.5,106.5,85468
2014-11-24,106.75,108.0,106.5,108.0,108.0,44948
2014-11-25,108.0,110.5,107.75,107.75,107.75,83456
2014-11-26,108.0,109.75,107.0,109.5,109.5,41292
2014-11-28,109.5,109.5,107.5,107.5,107.5,42552
2014-12-01,106.25,106.5,102.5,102.75,102.75,88808
2014-12-02,103.5,105.0,102.5,103.25,103.25,62672
2014-12-03,103.5,105.0,101.75,102.0,102.0,48288
2014-12-04,101.75,102.5,98.5,99.75,99.75,88892
2014-12-05,99.0,102.75,99.0,102.0,102.0,57880
2014-12-08,102.25,102.25,96.75,97.5,97.5,113808
2014-12-09,96.5,98.5,94.25,97.5,97.5,159680
2014-12-10,101.25,107.0,100.0,102.75,102.75,262884
2014-12-11,104.0,107.5,103.0,107.25,107.25,143928
2014-12-12,102.75,108.0,100.75,107.75,107.75,166036
2014-12-15,107.5,107.75,99.5,100.5,100.5,159104
2014-12-16,98.75,99.25,94.0,94.5,94.5,154152
2014-12-17,95.0,99.25,94.0,97.75,97.75,139836
2014-12-18,99.5,102.0,97.75,101.0,101.0,121976
2014-12-19,100.5,103.5,99.5,102.75,102.75,143032
2014-12-22,103.0,105.25,101.25,102.75,102.75,72916
2014-12-23,102.5,104.75,100.5,100.5,100.5,61920
2014-12-24,100.5,102.25,100.0,100.5,100.5,33224
2014-12-26,100.5,101.75,99.75,100.5,100.5,49500
2014-12-29,100.5,102.5,99.0,99.25,99.25,105016
2014-12-30,99.25,101.75,99.0,100.25,100.25,97056
2014-12-31,100.25,105.0,100.0,103.25,103.25,112272
2015-01-02,104.5,106.75,101.25,105.5,105.5,126540
2015-01-05,105.25,106.5,102.0,102.25,102.25,86824
2015-01-06,103.0,104.0,96.25,96.5,96.5,178548
2015-01-07,97.5,101.25,97.5,99.25,99.25,118404
2015-01-08,101.25,103.0,99.75,99.75,99.75,86596
2015-01-09,100.0,102.75,99.25,99.5,99.5,102172
2015-01-12,100.0,104.0,99.25,102.0,102.0,106268
2015-01-13,103.5,105.0,97.0,98.25,98.25,237604
2015-01-14,96.75,99.75,93.75,95.0,95.0,174080
2015-01-15,95.75,95.75,85.0,85.5,85.5,220300
2015-01-16,85.5,90.5,83.75,90.0,90.0,131132
2015-01-20,88.5,88.75,83.25,83.75,83.75,178128
2015-01-21,83.75,86.5,81.25,83.0,83.0,117976
2015-01-22,84.75,86.0,83.0,85.25,85.25,79532
2015-01-23,85.5,86.0,83.0,84.0,84.0,63172
2015-01-26,85.25,87.5,84.0,87.0,87.0,73496
2015-01-27,86.25,87.5,84.5,86.75,86.75,85236
2015-01-28,87.5,87.75,84.0,84.0,84.0,83584
2015-01-29,84.5,86.25,83.5,85.75,85.75,88240
2015-01-30,84.75,86.25,84.0,86.0,86.0,75392
2015-02-02,86.5,86.75,84.25,84.25,84.25,105120
2015-02-03,84.25,86.25,83.5,85.5,85.5,133796
2015-02-04,85.5,88.75,85.0,87.5,87.5,121596
2015-02-05,87.25,89.5,86.25,87.75,87.75,65976
2015-02-06,87.75,90.0,87.75,89.75,89.75,58248
2015-02-09,89.5,92.75,89.5,91.75,91.75,68180
2015-02-10,92.75,93.5,89.0,92.0,92.0,85876
2015-02-11,92.5,92.75,88.75,90.5,90.5,70300
2015-02-12,89.75,92.75,89.75,92.75,92.75,77852
2015-02-13,92.75,94.25,91.5,92.75,92.75,54488
2015-02-17,92.0,93.0,91.25,92.75,92.75,52320
2015-02-18,92.5,92.75,90.5,91.5,91.5,47912
2015-02-19,91.75,92.75,90.5,92.0,92.0,35196
2015-02-20,92.25,92.25,90.5,91.25,91.25,47280
2015-02-23,90.5,91.0,87.75,90.0,90.0,58184
2015-02-24,91.25,93.0,90.25,92.5,92.5,63536
2015-02-25,92.5,93.25,90.75,91.5,91.5,39184
2015-02-26,91.75,92.75,90.5,92.25,92.25,46960
2015-02-27,92.5,94.0,92.0,93.5,93.5,58104
2015-03-02,93.25,97.25,93.0,96.75,96.75,102904
2015-03-03,96.25,96.75,94.25,94.75,94.75,61000
2015-03-04,94.75,94.75,92.5,92.75,92.75,58404
2015-03-05,92.5,93.25,91.75,92.0,92.0,42004
2015-03-06,91.25,92.75,90.25,90.25,90.25,65056
2015-03-09,91.25,91.25,88.25,88.25,88.25,73780
2015-03-10,87.25,88.25,86.0,86.5,86.5,98984
2015-03-11,86.75,87.0,83.25,85.0,85.0,161644
2015-03-12,83.75,89.0,83.5,87.0,87.0,108928
2015-03-13,86.25,86.75,83.5,84.5,84.5,91920
2015-03-16,84.75,85.75,83.25,83.75,83.75,99272
2015-03-17,83.25,83.75,80.25,81.75,81.75,119104
2015-03-18,81.5,85.75,80.25,85.5,85.5,109536
2015-03-19,85.25,86.75,82.75,84.25,84.25,59692
2015-03-20,85.25,88.25,84.75,87.25,87.25,124896
2015-03-23,86.5,89.0,86.25,86.5,86.5,68224
2015-03-24,87.0,91.0,85.75,87.75,87.75,132164
2015-03-25,88.25,90.5,87.5,89.0,89.0,66404
2015-03-26,88.25,90.0,87.25,88.5,88.5,55340
2015-03-27,88.75,89.75,87.75,89.0,89.0,48444
2015-03-30,90.5,92.5,90.0,91.0,91.0,90824
2015-03-31,91.0,92.0,88.75,89.0,89.0,79252
2015-04-01,89.25,90.0,86.75,89.75,89.75,79716
2015-04-02,89.25,92.75,88.75,92.75,92.75,82252
2015-04-06,92.0,94.0,91.5,93.0,93.0,67596
2015-04-07,92.0,93.0,91.75,91.75,91.75,46104
2015-04-08,92.0,93.0,91.75,92.25,92.25,30996
2015-04-09,91.75,93.25,90.5,91.75,91.75,44560
2015-04-10,91.75,92.25,90.5,91.0,91.0,30872
2015-04-13,91.0,91.5,89.25,89.75,89.75,58612
2015-04-14,90.0,91.0,89.25,90.25,90.25,47352
2015-04-15,90.5,93.0,90.5,93.0,93.0,108636
2015-04-16,93.0,93.0,88.25,89.0,89.0,113972
2015-04-17,88.25,88.25,85.75,87.0,87.0,88476
2015-04-20,87.0,87.75,84.25,85.25,85.25,105476
2015-04-21,84.5,86.5,84.25,86.0,86.0,63872
2015-04-22,85.5,87.25,83.5,84.0,84.0,107216
2015-04-23,83.5,84.0,79.25,80.0,80.0,176024
2015-04-24,81.25,82.0,79.0,80.0,80.0,103588
2015-04-27,80.25,81.75,79.0,79.5,79.5,99184
2015-04-28,79.0,82.5,79.0,81.75,81.75,81508
2015-04-29,81.5,82.0,79.25,79.25,79.25,72728
2015-04-30,79.25,79.25,76.75,78.0,78.0,126412
2015-05-01,78.0,79.5,77.25,78.75,78.75,59360
2015-05-04,78.75,80.25,77.5,77.5,77.5,51536
2015-05-05,77.75,78.25,75.5,75.75,75.75,106388
2015-05-06,75.75,76.25,74.0,74.75,74.75,99760
2015-05-07,74.0,76.5,74.0,75.5,75.5,74824
2015-05-08,77.5,78.75,76.5,77.25,77.25,89096
2015-05-11,78.75,78.75,75.5,75.75,75.75,44136
2015-05-12,75.75,76.5,74.0,75.5,75.5,58652
2015-05-13,76.0,77.25,75.25,75.5,75.5,39236
2015-05-14,76.0,76.75,75.25,76.25,76.25,33192
2015-05-15,76.0,78.25,75.25,77.75,77.75,60228
2015-05-18,77.75,79.25,77.25,78.5,78.5,56820
2015-05-19,81.5,81.5,78.75,80.0,80.0,86312
2015-05-20,80.25,80.75,78.5,80.5,80.5,55160
2015-05-21,81.0,81.0,77.5,77.75,77.75,62836
2015-05-22,77.5,78.25,76.75,78.0,78.0,68372
2015-05-26,77.5,79.5,77.5,79.25,79.25,76592
2015-05-27,79.25,80.25,78.0,80.0,80.0,89788
2015-05-28,80.25,84.5,79.25,83.75,83.75,172036
2015-05-29,83.5,84.25,79.25,81.0,81.0,112712
2015-06-01,80.75,82.0,80.25,81.0,81.0,58296
2015-06-02,80.75,81.5,79.75,80.75,80.75,57904
2015-06-03,80.5,81.75,80.0,81.0,81.0,39796
2015-06-04,79.75,80.75,79.25,79.75,79.75,70544
2015-06-05,79.25,79.75,78.25,79.25,79.25,74436
2015-06-08,78.75,79.25,77.0,79.25,79.25,92168
2015-06-09,75.0,75.0,67.75,71.5,71.5,504584
2015-06-10,72.25,72.5,70.75,72.5,72.5,182172
2015-06-11,71.5,72.25,68.0,68.25,68.25,149088
2015-06-12,68.25,68.25,66.75,66.75,66.75,109148
2015-06-15,66.5,68.25,66.25,67.25,67.25,100888
2015-06-16,66.75,68.25,65.75,68.0,68.0,122416
2015-06-17,68.0,68.25,65.0,65.0,65.0,110336
2015-06-18,65.0,67.0,64.75,65.0,65.0,78736
2015-06-19,65.75,69.0,65.5,67.75,67.75,124516
2015-06-22,67.5,68.5,67.0,67.25,67.25,89760
2015-06-23,66.5,68.25,65.5,68.0,68.0,91608
2015-06-24,69.0,70.0,68.5,69.5,69.5,92296
2015-06-25,70.0,72.75,69.75,71.5,71.5,118256
2015-06-26,72.25,72.5,69.75,71.5,71.5,146380
2015-06-29,70.75,71.75,69.0,69.75,69.75,117752
2015-06-30,70.25,70.5,66.25,66.5,66.5,107340
2015-07-01,68.0,68.25,63.75,65.0,65.0,142200
2015-07-02,65.0,66.0,63.75,65.0,65.0,55100
2015-07-06,64.0,65.25,63.0,63.75,63.75,58620
2015-07-07,63.25,64.75,61.25,64.75,64.75,105160
2015-07-08,64.25,65.5,62.5,62.75,62.75,64048
2015-07-09,63.75,64.75,63.0,64.25,64.25,56536
2015-07-10,63.75,65.25,61.75,62.5,62.5,84416
2015-07-13,56.25,63.25,56.0,63.0,63.0,120568
2015-07-14,63.25,63.5,59.0,59.75,59.75,133664
2015-07-15,59.25,59.75,56.75,57.0,57.0,123996
2015-07-16,57.0,60.25,56.5,59.75,59.75,80204
2015-07-17,60.25,60.5,57.0,57.25,57.25,79300
2015-07-20,57.0,57.75,54.75,55.25,55.25,83368
2015-07-21,55.0,56.0,54.25,55.75,55.75,61600
2015-07-22,55.75,58.0,55.0,58.0,58.0,89468
2015-07-23,58.0,59.0,55.5,56.0,56.0,71288
2015-07-24,55.25,56.0,50.5,51.5,51.5,131952
2015-07-27,51.25,52.75,49.0,49.25,49.25,100464
2015-07-28,49.75,51.5,49.0,50.5,50.5,105496
2015-07-29,50.25,51.5,50.0,50.5,50.5,61356
2015-07-30,50.75,51.25,50.25,51.0,51.0,37116
2015-07-31,51.5,51.5,50.25,50.5,50.5,59184
2015-08-03,50.25,50.75,49.75,49.75,49.75,55308
2015-08-04,50.0,50.0,42.5,42.75,42.75,185808
2015-08-05,42.5,45.75,42.5,42.75,42.75,140216
2015-08-06,42.5,43.0,34.25,37.0,37.0,314524
2015-08-07,36.25,38.0,36.25,37.5,37.5,91344
2015-08-10,36.75,45.25,36.75,40.5,40.5,177444
2015-08-11,40.25,41.5,39.5,41.25,41.25,84572
2015-08-12,41.75,41.75,37.5,38.5,38.5,121972
2015-08-13,38.25,39.75,37.75,39.0,39.0,55128
2015-08-14,39.5,40.0,38.5,39.25,39.25,66684
2015-08-17,38.75,40.25,38.25,39.5,39.5,66980
2015-08-18,40.25,48.75,39.75,46.0,46.0,220364
2015-08-19,46.0,47.25,42.5,42.5,42.5,126612
2015-08-20,42.25,44.0,40.0,43.25,43.25,115256
2015-08-21,42.5,43.5,40.0,41.5,41.5,82112
2015-08-24,38.75,41.25,36.25,40.0,40.0,130100
2015-08-25,42.0,42.0,40.0,40.25,40.25,76364
2015-08-26,40.75,41.25,37.75,39.5,39.5,95172
2015-08-27,41.0,45.0,40.25,43.25,43.25,133700
2015-08-28,43.5,46.25,43.0,44.5,44.5,83760
2015-08-31,44.75,47.25,43.75,46.75,46.75,74212
2015-09-01,44.5,46.0,42.5,43.25,43.25,98940
2015-09-02,44.5,44.5,41.0,43.25,43.25,77356
2015-09-03,43.75,45.5,42.5,44.5,44.5,75600
2015-09-04,43.25,44.5,43.0,44.25,44.25,61928
2015-09-08,45.5,49.0,43.75,49.0,49.0,250928
2015-09-09,50.0,52.0,43.75,51.75,51.75,222784
2015-09-10,51.0,51.25,48.5,50.25,50.25,115824
2015-09-11,50.5,52.0,50.0,50.75,50.75,125044
2015-09-14,51.25,51.25,49.0,49.75,49.75,143904
2015-09-15,49.25,50.5,47.75,49.0,49.0,91104
2015-09-16,49.5,49.75,48.25,48.25,48.25,74744
2015-09-17,48.5,52.0,47.5,51.0,51.0,114764
2015-09-18,50.25,51.25,49.5,49.75,49.75,122052
2015-09-21,50.5,52.0,48.75,50.0,50.0,97576
2015-09-22,48.75,49.25,46.75,47.0,47.0,113776
2015-09-23,47.0,48.75,46.25,46.5,46.5,69696
2015-09-24,46.75,48.25,45.25,47.5,47.5,86804
2015-09-25,48.75,50.25,47.25,48.5,48.5,90572
2015-09-28,48.0,48.0,44.25,44.25,44.25,95384
2015-09-29,44.0,44.25,42.5,43.25,43.25,83560
2015-09-30,44.25,45.0,43.0,44.25,44.25,62524
2015-10-01,45.0,45.5,43.25,43.75,43.75,40532
2015-10-02,43.75,46.0,42.75,46.0,46.0,47808
2015-10-05,47.0,51.75,46.25,51.75,51.75,150680
2015-10-06,52.0,53.75,48.75,49.75,49.75,146212
2015-10-07,50.5,53.0,50.5,52.5,52.5,116552
2015-10-08,52.0,60.5,52.0,58.75,58.75,174140
2015-10-09,59.25,59.75,55.75,58.5,58.5,68356
2015-10-12,58.5,58.75,55.75,57.5,57.5,45100
2015-10-13,57.0,58.5,54.75,55.0,55.0,46000
2015-10-14,55.0,55.5,51.5,52.75,52.75,80504
2015-10-15,53.75,55.5,52.5,54.75,54.75,100000
2015-10-16,55.0,55.5,53.25,54.25,54.25,64828
2015-10-19,54.25,57.25,53.75,56.25,56.25,81168
2015-10-20,57.0,58.75,55.5,57.0,57.0,83544
2015-10-21,57.5,58.0,55.75,55.75,55.75,50420
2015-10-22,56.0,57.5,55.0,55.5,55.5,75520
2015-10-23,56.75,57.75,53.0,54.75,54.75,183004
2015-10-26,54.75,56.0,53.0,54.75,54.75,69460
2015-10-27,54.25,54.25,52.0,53.0,53.0,81480
2015-10-28,52.75,56.5,52.25,56.25,56.25,96220
2015-10-29,55.5,55.5,53.25,53.5,53.5,117284
2015-10-30,53.5,54.25,51.5,51.5,51.5,105008
2015-11-02,51.25,52.0,50.25,51.25,51.25,72508
2015-11-03,50.75,52.0,50.5,50.5,50.5,73092
2015-11-04,50.5,52.25,50.5,50.75,50.75,64148
2015-11-05,50.5,50.75,46.75,48.0,48.0,90484
2015-11-06,47.25,48.5,46.75,47.75,47.75,65016
2015-11-09,47.25,48.0,43.0,45.0,45.0,139960
2015-11-10,45.0,46.0,43.25,45.0,45.0,76284
2015-11-11,45.0,47.75,45.0,46.25,46.25,72372
2015-11-12,45.5,46.25,42.25,42.5,42.5,77108
2015-11-13,42.25,42.75,40.25,40.5,40.5,84852
2015-11-16,40.25,41.25,39.75,41.25,41.25,67544
2015-11-17,41.75,44.25,41.5,42.25,42.25,68908
2015-11-18,42.0,42.75,41.5,42.75,42.75,46668
2015-11-19,43.0,43.75,42.0,42.0,42.0,39296
2015-11-20,42.75,42.75,40.0,41.0,41.0,67524
2015-11-23,41.75,42.5,41.25,41.5,41.5,57296
2015-11-24,41.0,42.5,41.0,42.0,42.0,41436
2015-11-25,42.25,44.75,41.75,44.75,44.75,78136
2015-11-27,45.5,46.0,44.75,45.0,45.0,29972
2015-11-30,44.75,46.5,44.0,45.75,45.75,76744
2015-12-01,46.0,47.25,45.0,45.5,45.5,47840
2015-12-02,45.5,46.5,44.0,45.5,45.5,49932
2015-12-03,45.0,45.75,41.5,42.75,42.75,80376
2015-12-04,47.0,47.0,43.25,44.75,44.75,125240
2015-12-07,46.0,46.5,44.0,46.0,46.0,126756
2015-12-08,45.0,45.25,43.25,44.0,44.0,76484
2015-12-09,45.0,45.25,42.5,43.0,43.0,65828
2015-12-10,43.75,43.75,42.5,43.5,43.5,42436
2015-12-11,42.25,43.0,40.75,41.0,41.0,78068
2015-12-14,40.75,41.75,39.0,39.0,39.0,106292
2015-12-15,40.0,43.25,39.75,42.75,42.75,67980
2015-12-16,43.0,45.0,41.75,44.5,44.5,82728
2015-12-17,44.5,46.25,43.75,44.0,44.0,65356
2015-12-18,43.5,44.75,43.0,44.25,44.25,130236
2015-12-21,45.0,46.0,43.25,44.75,44.75,63224
2015-12-22,45.0,46.0,44.0,46.0,46.0,65944
2015-12-23,45.5,49.25,45.0,48.0,48.0,99232
2015-12-24,48.5,51.5,45.75,50.5,50.5,60908
2015-12-28,50.75,51.5,48.5,50.0,50.0,67708
2015-12-29,49.0,50.5,46.25,48.5,48.5,62136
2015-12-30,48.25,49.0,46.5,46.5,46.5,39104
2015-12-31,46.25,47.25,45.0,45.25,45.25,60228
2016-01-04,43.75,44.75,42.75,44.0,44.0,78924
2016-01-05,44.5,45.5,44.0,45.0,45.0,45560
2016-01-06,44.5,45.0,41.25,42.25,42.25,72784
2016-01-07,41.0,42.25,38.25,38.5,38.5,164644
2016-01-08,40.5,41.0,39.0,40.0,40.0,81436
2016-01-11,41.0,41.5,36.5,38.75,38.75,103788
2016-01-12,39.25,41.25,36.75,41.0,41.0,80012
2016-01-13,41.0,42.5,37.0,37.75,37.75,109476
2016-01-14,37.5,39.0,36.25,37.5,37.5,76228
2016-01-15,36.5,37.25,35.0,36.5,36.5,111168
2016-01-19,37.5,38.0,32.0,34.0,34.0,107592
2016-01-20,32.75,34.0,29.75,34.0,34.0,119568
2016-01-21,34.5,37.5,33.75,36.0,36.0,67196
2016-01-22,36.5,40.0,36.5,38.25,38.25,85112
2016-01-25,38.0,38.75,35.5,35.5,35.5,48704
2016-01-26,35.25,38.0,34.5,37.0,37.0,127712
2016-01-27,38.0,39.75,36.75,37.0,37.0,58320
2016-01-28,38.75,39.5,36.75,37.0,37.0,60148
2016-01-29,38.25,39.25,37.75,38.5,38.5,47836
2016-02-01,38.25,39.0,37.0,37.75,37.75,42932
2016-02-02,37.25,37.25,35.25,35.5,35.5,60652
2016-02-03,36.5,36.5,33.0,36.25,36.25,65216
2016-02-04,36.0,39.0,35.5,37.5,37.5,76280
2016-02-05,38.25,38.5,35.5,35.5,35.5,61104
2016-02-08,35.5,35.75,33.0,33.75,33.75,68736
2016-02-09,33.5,35.0,32.25,32.5,32.5,77696
2016-02-10,32.5,36.0,31.5,34.25,34.25,71588
2016-02-11,32.5,34.75,32.25,33.75,33.75,71512
2016-02-12,33.75,35.75,33.5,35.25,35.25,57760
2016-02-16,36.25,36.75,35.0,36.0,36.0,53748
2016-02-17,36.25,39.0,36.0,37.75,37.75,107856
2016-02-18,38.25,38.25,36.25,36.75,36.75,42752
2016-02-19,36.5,37.0,35.25,35.5,35.5,44160
2016-02-22,36.25,37.75,36.0,37.0,37.0,61000
2016-02-23,36.25,38.25,36.25,37.0,37.0,52120
2016-02-24,36.25,38.75,36.0,38.5,38.5,63656
2016-02-25,37.5,40.0,37.5,39.25,39.25,66548
2016-02-26,39.25,41.0,39.0,39.75,39.75,63528
2016-02-29,40.0,41.0,37.5,37.75,37.75,59232
2016-03-01,38.5,39.25,38.5,39.0,39.0,70804
2016-03-02,38.75,40.75,38.75,40.75,40.75,55776
2016-03-03,41.25,43.5,40.25,43.0,43.0,119176
2016-03-04,42.5,44.75,42.0,43.5,43.5,82864
2016-03-07,42.5,45.0,42.5,44.5,44.5,65908
2016-03-08,45.0,45.0,41.75,44.0,44.0,100860
2016-03-09,42.0,43.5,36.5,37.0,37.0,237536
2016-03-10,37.25,38.75,34.5,36.75,36.75,108216
2016-03-11,37.25,37.5,35.0,35.75,35.75,86552
2016-03-14,36.25,37.25,35.0,36.5,36.5,64496
2016-03-15,36.5,36.5,34.5,34.75,34.75,67908
2016-03-16,35.0,36.5,34.5,36.0,36.0,55256
2016-03-17,35.25,39.5,35.25,38.25,38.25,113920
2016-03-18,38.75,40.5,38.5,40.0,40.0,131708
2016-03-21,40.0,41.25,38.5,39.0,39.0,54344
2016-03-22,38.5,39.75,37.5,38.75,38.75,72828
2016-03-23,38.5,38.75,37.5,37.5,37.5,53876
2016-03-24,38.0,38.0,36.25,36.5,36.5,42704
2016-03-28,37.0,37.5,35.25,36.5,36.5,33164
2016-03-29,37.25,37.75,35.5,37.5,37.5,62656
2016-03-30,38.5,38.5,37.25,37.75,37.75,41952
2016-03-31,38.0,39.0,37.5,39.0,39.0,57512
2016-04-01,39.25,39.25,38.0,38.0,38.0,43864
2016-04-04,38.75,39.0,36.75,37.25,37.25,40772
2016-04-05,37.0,37.0,35.75,36.25,36.25,45524
2016-04-06,37.0,37.25,36.0,37.25,37.25,40040
2016-04-07,37.25,38.75,37.25,37.75,37.75,53632
2016-04-08,38.25,38.75,37.75,38.25,38.25,51692
2016-04-11,38.25,40.0,38.0,39.5,39.5,56404
2016-04-12,40.0,41.5,39.5,41.25,41.25,66700
2016-04-13,41.5,43.75,40.75,42.75,42.75,82540
2016-04-14,43.0,43.75,42.25,43.25,43.25,53308
2016-04-15,42.25,43.0,40.25,41.75,41.75,54080
2016-04-18,40.75,43.25,40.75,43.25,43.25,45268
2016-04-19,42.5,44.0,40.25,42.25,42.25,81864
2016-04-20,42.25,43.75,42.0,42.75,42.75,48420
2016-04-21,43.25,43.25,42.5,42.75,42.75,29060
2016-04-22,42.25,43.5,42.25,42.75,42.75,36180
2016-04-25,43.0,43.5,42.25,43.0,43.0,35324
2016-04-26,42.75,44.5,42.5,44.25,44.25,39316
2016-04-27,44.25,45.5,43.5,44.75,44.75,46336
2016-04-28,44.75,44.75,42.5,42.5,42.5,48048
2016-04-29,43.0,43.25,40.25,41.75,41.75,47076
2016-05-02,41.75,42.5,41.0,42.25,42.25,27300
2016-05-03,42.0,42.5,41.0,41.25,41.25,34864
2016-05-04,40.75,41.5,39.75,40.0,40.0,38508
2016-05-05,40.25,40.5,39.25,39.25,39.25,32372
2016-05-06,39.0,40.25,38.5,39.0,39.0,25820
2016-05-09,39.25,41.75,38.75,41.5,41.5,41720
2016-05-10,41.5,43.0,40.5,41.0,41.0,140808
2016-05-11,41.0,42.0,40.75,40.75,40.75,25540
2016-05-12,41.0,41.75,39.0,39.5,39.5,62860
2016-05-13,39.25,40.25,38.0,38.5,38.5,59532
2016-05-16,39.0,40.75,38.5,40.0,40.0,58836
2016-05-17,40.25,41.25,38.75,39.25,39.25,43448
2016-05-18,39.0,40.75,39.0,40.5,40.5,62468
2016-05-19,40.0,40.25,38.25,39.5,39.5,50672
2016-05-20,39.75,41.25,39.0,40.75,40.75,58984
2016-05-23,40.0,42.0,40.0,41.0,41.0,56404
2016-05-24,42.0,45.0,41.0,43.5,43.5,166484
2016-05-25,45.0,45.0,43.0,44.5,44.5,69128
2016-05-26,44.5,46.5,43.75,45.25,45.25,69492
2016-05-27,45.75,47.25,45.25,47.0,47.0,58152
2016-05-31,47.25,48.25,47.0,47.5,47.5,62176
2016-06-01,47.5,48.25,44.25,48.25,48.25,104940
2016-06-02,46.5,46.75,40.5,42.75,42.75,208792
2016-06-03,42.5,42.75,40.0,41.5,41.5,104288
2016-06-06,41.75,42.25,40.25,42.0,42.0,69716
2016-06-07,41.75,44.25,41.25,44.25,44.25,88268
2016-06-08,44.25,45.75,43.75,44.75,44.75,69048
2016-06-09,44.25,45.0,43.25,45.0,45.0,31052
2016-06-10,43.75,44.25,42.5,42.5,42.5,44292
2016-06-13,42.0,44.0,41.0,41.0,41.0,74452
2016-06-14,41.0,41.25,39.0,39.5,39.5,77968
2016-06-15,40.25,41.0,39.25,40.5,40.5,65600
2016-06-16,41.25,41.25,39.5,40.0,40.0,39644
2016-06-17,40.25,42.0,39.75,41.75,41.75,106780
2016-06-20,42.5,43.75,42.25,42.5,42.5,51960
2016-06-21,43.5,43.5,41.0,41.25,41.25,35964
2016-06-22,41.25,42.75,40.5,40.75,40.75,45484
2016-06-23,42.0,42.0,41.0,41.75,41.75,35592
2016-06-24,40.25,41.0,39.0,40.5,40.5,67800
2016-06-27,39.75,40.0,37.75,38.5,38.5,75472
2016-06-28,40.0,40.75,39.25,40.0,40.0,38948
2016-06-29,40.5,41.75,40.0,41.25,41.25,48236
2016-06-30,41.25,42.0,40.5,42.0,42.0,42188
2016-07-01,41.75,43.5,41.75,42.75,42.75,43652
2016-07-05,43.5,43.5,41.0,41.75,41.75,36236
2016-07-06,41.0,43.25,41.0,43.0,43.0,43336
2016-07-07,42.75,43.75,42.5,43.0,43.0,27804
2016-07-08,43.25,44.75,43.0,43.75,43.75,83340
2016-07-11,44.25,46.0,44.0,44.75,44.75,50560
2016-07-12,45.0,46.5,45.0,45.25,45.25,47736
2016-07-13,45.75,45.75,44.0,44.5,44.5,38236
2016-07-14,45.5,45.75,44.25,44.25,44.25,31052
2016-07-15,44.75,44.75,43.5,44.25,44.25,20672
2016-07-18,43.75,46.5,43.75,45.5,45.5,54668
2016-07-19,45.5,45.75,44.0,44.25,44.25,31704
2016-07-20,44.5,45.5,43.75,45.0,45.0,36644
2016-07-21,44.75,45.5,44.5,44.5,44.5,22196
2016-07-22,45.0,45.0,44.25,45.0,45.0,19736
2016-07-25,44.75,45.75,44.5,45.25,45.25,34384
2016-07-26,45.25,46.0,44.75,45.75,45.75,40160
2016-07-27,46.0,47.25,45.75,46.5,46.5,39380
2016-07-28,46.5,46.75,45.5,46.75,46.75,28364
2016-07-29,46.75,46.75,45.5,46.0,46.0,25100
2016-08-01,46.0,46.25,45.0,45.25,45.25,32188
2016-08-02,45.25,45.5,40.5,41.75,41.75,65388
2016-08-03,41.5,43.25,41.0,43.25,43.25,26676
2016-08-04,42.5,43.5,42.0,43.5,43.5,17564
2016-08-05,43.5,44.5,43.25,44.25,44.25,24604
2016-08-08,44.25,45.0,44.0,44.25,44.25,17636
2016-08-09,44.5,44.5,43.25,43.75,43.75,22548
2016-08-10,43.5,44.25,43.5,43.5,43.5,13576
2016-08-11,43.5,44.25,43.25,44.25,44.25,18832
2016-08-12,44.25,45.25,42.0,42.5,42.5,64872
2016-08-15,43.0,46.0,43.0,45.25,45.25,74512
2016-08-16,45.5,46.0,44.0,44.75,44.75,34708
2016-08-17,44.0,45.0,44.0,44.75,44.75,21224
2016-08-18,45.0,45.25,44.25,44.75,44.75,21328
2016-08-19,44.5,44.75,44.0,44.25,44.25,16352
2016-08-22,43.75,44.75,43.0,44.5,44.5,19916
2016-08-23,44.75,46.25,44.75,45.25,45.25,67164
2016-08-24,45.75,45.75,44.25,44.75,44.75,36576
2016-08-25,44.5,45.75,44.5,45.5,45.5,36020
2016-08-26,45.0,46.25,44.75,45.25,45.25,40792
2016-08-29,45.5,46.25,45.5,45.75,45.75,29796
2016-08-30,46.25,46.25,45.75,46.0,46.0,19352
2016-08-31,46.25,46.5,45.0,45.5,45.5,24636
2016-09-01,45.0,46.25,45.0,45.5,45.5,21052
2016-09-02,45.75,47.5,45.5,46.75,46.75,47388
2016-09-06,46.75,47.75,46.0,47.5,47.5,47680
2016-09-07,47.5,49.75,47.5,49.0,49.0,82672
2016-09-08,49.5,50.25,48.5,49.5,49.5,74224
2016-09-09,47.5,47.5,42.75,43.25,43.25,184996
2016-09-12,42.5,43.0,40.75,42.0,42.0,82392
2016-09-13,42.0,44.0,41.25,41.5,41.5,63752
2016-09-14,42.25,42.5,41.25,41.5,41.5,49816
2016-09-15,41.75,41.75,40.5,41.0,41.0,57308
2016-09-16,41.25,41.5,40.5,41.0,41.0,114472
2016-09-19,41.25,42.25,40.75,41.25,41.25,36080
2016-09-20,41.75,42.0,40.5,41.0,41.0,45060
2016-09-21,41.0,41.75,41.0,41.75,41.75,32472
2016-09-22,41.75,44.0,41.75,43.0,43.0,107360
2016-09-23,42.75,43.5,42.75,43.0,43.0,24456
2016-09-26,43.0,43.25,42.25,42.75,42.75,27372
2016-09-27,42.5,43.25,41.5,41.5,41.5,51128
2016-09-28,41.75,42.75,41.75,42.25,42.25,45952
2016-09-29,42.0,42.5,40.75,41.0,41.0,53872
2016-09-30,41.5,42.5,41.0,42.25,42.25,46948
2016-10-03,41.75,42.5,41.25,42.0,42.0,19260
2016-10-04,41.75,42.0,41.5,41.75,41.75,33352
2016-10-05,42.25,42.75,41.5,42.75,42.75,36072
2016-10-06,42.0,43.25,41.75,42.75,42.75,42320
2016-10-07,42.0,42.75,41.5,41.5,41.5,43924
2016-10-10,41.5,42.75,40.75,40.75,40.75,85616
2016-10-11,41.75,42.0,41.0,41.0,41.0,24736
2016-10-12,41.25,41.75,40.5,41.0,41.0,20096
2016-10-13,40.75,41.25,40.25,40.5,40.5,28792
2016-10-14,40.75,41.0,40.25,40.5,40.5,22640
2016-10-17,40.25,40.5,40.0,40.25,40.25,25284
2016-10-18,40.25,40.25,39.25,39.5,39.5,38140
2016-10-19,39.5,41.0,39.5,40.75,40.75,29064
2016-10-20,40.25,41.0,40.25,40.25,40.25,12332
2016-10-21,39.75,40.5,39.5,40.5,40.5,11660
2016-10-24,40.5,41.0,40.5,40.75,40.75,17668
2016-10-25,40.0,40.5,39.5,39.5,39.5,25160
2016-10-26,39.5,39.5,39.0,39.25,39.25,27316
2016-10-27,39.25,39.25,38.0,38.75,38.75,29188
2016-10-28,39.0,39.0,38.5,39.0,39.0,19916
2016-10-31,39.75,39.75,39.0,39.0,39.0,22384
2016-11-01,39.5,39.5,38.25,38.75,38.75,21868
2016-11-02,39.25,39.25,38.0,38.5,38.5,19432
2016-11-03,38.75,38.75,38.25,38.5,38.5,10724
2016-11-04,38.75,40.0,38.5,39.75,39.75,30152
2016-11-07,40.5,40.75,39.5,40.25,40.25,40260
2016-11-08,39.75,40.75,39.25,40.25,40.25,31124
2016-11-09,39.5,40.5,38.5,40.25,40.25,37288
2016-11-10,40.75,41.75,40.0,41.75,41.75,66064
2016-11-11,42.5,44.5,41.75,43.25,43.25,93600
2016-11-14,44.0,44.75,43.25,44.0,44.0,65140
2016-11-15,43.5,44.75,43.5,44.25,44.25,65004
2016-11-16,44.5,45.0,43.5,44.0,44.0,48772
2016-11-17,44.5,45.0,44.0,45.0,45.0,43868
2016-11-18,45.0,45.75,44.5,45.75,45.75,48932
2016-11-21,46.0,47.0,44.5,46.0,46.0,94000
2016-11-22,45.75,46.5,45.0,46.25,46.25,44852
2016-11-23,45.75,48.5,45.5,48.0,48.0,55824
2016-11-25,47.25,50.0,47.25,50.0,50.0,47024
2016-11-28,50.0,50.0,48.25,49.75,49.75,52496
2016-11-29,49.5,50.75,49.25,49.75,49.75,56152
2016-11-30,49.75,50.0,49.25,49.25,49.25,43688
2016-12-01,49.25,50.0,48.25,50.0,50.0,49820
2016-12-02,50.0,55.25,49.25,54.25,54.25,156984
2016-12-05,55.75,58.5,55.25,57.5,57.5,174024
2016-12-06,58.0,61.0,56.5,60.75,60.75,206448
2016-12-07,61.25,63.75,60.25,61.0,61.0,233548
2016-12-08,62.5,63.5,53.75,59.25,59.25,195848
2016-12-09,59.75,62.5,59.25,62.5,62.5,123280
2016-12-12,62.25,63.5,60.25,63.0,63.0,134596
2016-12-13,63.75,67.75,63.5,67.0,67.0,175372
2016-12-14,68.0,69.25,64.5,65.0,65.0,119408
2016-12-15,66.25,68.75,63.0,66.5,66.5,149164
2016-12-16,67.75,70.0,66.5,69.75,69.75,134720
2016-12-19,70.5,73.0,70.25,72.25,72.25,121328
2016-12-20,72.5,74.0,71.25,72.25,72.25,105212
2016-12-21,73.0,73.5,71.0,71.75,71.75,83704
2016-12-22,72.25,72.75,69.0,69.5,69.5,81512
2016-12-23,69.5,72.5,69.0,71.75,71.75,81964
2016-12-27,71.5,72.5,70.5,72.0,72.0,54396
2016-12-28,72.25,73.0,69.75,70.25,70.25,66744
2016-12-29,71.0,71.75,69.5,71.0,71.0,67812
2016-12-30,71.0,71.5,67.25,68.25,68.25,87612
2017-01-03,67.25,67.75,64.0,66.0,66.0,129816
2017-01-04,67.0,69.75,66.75,69.5,69.5,81236
2017-01-05,68.5,70.0,68.0,69.5,69.5,59764
2017-01-06,69.5,70.5,67.75,68.0,68.0,66492
2017-01-09,68.25,69.0,66.5,68.0,68.0,50484
2017-01-10,68.5,70.5,68.0,68.75,68.75,60800
2017-01-11,68.25,68.75,66.5,68.0,68.0,42336
2017-01-12,65.0,65.75,60.25,61.25,61.25,158464
2017-01-13,61.0,62.5,56.5,57.0,57.0,151748
2017-01-17,56.25,56.75,53.25,54.0,54.0,108116
2017-01-18,53.75,56.25,53.0,56.25,56.25,89160
2017-01-19,56.5,57.25,52.0,52.75,52.75,103344
2017-01-20,53.5,54.25,51.0,52.25,52.25,93396
2017-01-23,53.25,56.75,52.75,55.25,55.25,94188
2017-01-24,57.0,60.0,56.25,59.5,59.5,103980
2017-01-25,61.0,62.5,59.75,61.75,61.75,72480
2017-01-26,61.5,63.5,60.75,61.25,61.25,65436
2017-01-27,60.5,60.5,59.0,59.5,59.5,39132
2017-01-30,59.25,59.75,56.75,58.75,58.75,63244
2017-01-31,57.75,59.25,56.75,59.25,59.25,46420
2017-02-01,59.0,60.75,58.25,59.0,59.0,35856
2017-02-02,58.25,59.75,57.75,58.75,58.75,42460
2017-02-03,58.75,60.0,58.0,59.25,59.25,41316
2017-02-06,59.0,59.25,56.75,57.5,57.5,40324
2017-02-07,57.75,59.0,56.75,57.0,57.0,35872
2017-02-08,57.0,57.0,55.0,56.75,56.75,39232
2017-02-09,57.0,57.5,55.75,57.0,57.0,35144
2017-02-10,57.0,59.0,56.25,58.25,58.25,38548
2017-02-13,58.0,59.0,57.25,58.0,58.0,31848
2017-02-14,57.75,59.0,57.25,58.5,58.5,45988
2017-02-15,58.25,59.0,57.25,59.0,59.0,26904
2017-02-16,58.75,59.75,57.0,57.75,57.75,38800
2017-02-17,57.5,57.75,56.5,57.5,57.5,27584
2017-02-21,57.5,59.75,57.5,59.5,59.5,48396
2017-02-22,59.0,60.5,58.25,59.25,59.25,40084
2017-02-23,59.5,61.0,57.75,57.75,57.75,35988
2017-02-24,58.0,59.0,57.0,58.25,58.25,33544
2017-02-27,58.0,60.75,57.75,60.25,60.25,32720
2017-02-28,60.5,61.0,59.25,59.25,59.25,42064
2017-03-01,61.0,63.5,60.5,62.0,62.0,86104
2017-03-02,62.0,62.5,60.5,60.75,60.75,34788
2017-03-03,60.5,61.0,60.0,60.75,60.75,26420
2017-03-06,59.5,61.0,59.0,60.25,60.25,29396
2017-03-07,60.75,61.25,59.75,60.5,60.5,33872
2017-03-08,62.5,63.5,55.5,56.0,56.0,125244
2017-03-09,55.5,56.75,54.0,54.5,54.5,56472
2017-03-10,55.0,56.25,54.0,56.0,56.0,46176
2017-03-13,55.5,56.75,55.5,55.75,55.75,28176
2017-03-14,55.5,56.25,54.0,54.5,54.5,44636
2017-03-15,54.75,56.5,54.25,56.25,56.25,37068
2017-03-16,56.25,61.25,56.25,60.5,60.5,73924
2017-03-17,60.5,60.5,58.5,59.0,59.0,79132
2017-03-20,59.25,60.0,57.75,58.25,58.25,34032
2017-03-21,58.5,59.0,57.0,57.25,57.25,49684
2017-03-22,56.75,57.5,55.75,56.25,56.25,56156
2017-03-23,56.25,58.75,56.0,57.0,57.0,35648
2017-03-24,57.0,58.75,56.0,56.5,56.5,17720
2017-03-27,55.75,56.75,55.0,56.25,56.25,29752
2017-03-28,55.75,57.75,55.5,57.0,57.0,25816
2017-03-29,56.25,58.25,56.0,57.25,57.25,29828
2017-03-30,57.5,58.0,57.0,57.5,57.5,20444
2017-03-31,57.0,57.75,56.5,56.75,56.75,25280
2017-04-03,56.5,57.5,55.75,55.75,55.75,32768
2017-04-04,55.5,55.75,54.75,55.25,55.25,47264
2017-04-05,55.75,56.75,54.5,54.75,54.75,50760
2017-04-06,54.75,56.75,54.5,56.0,56.0,38192
2017-04-07,56.0,57.5,54.75,54.75,54.75,44192
2017-04-10,54.75,56.25,54.0,54.75,54.75,43996
2017-04-11,54.25,55.5,53.75,55.0,55.0,33168
2017-04-12,54.75,55.25,54.0,54.5,54.5,21560
2017-04-13,54.25,55.25,53.75,54.0,54.0,25104
2017-04-17,54.0,56.0,54.0,56.0,56.0,34432
2017-04-18,55.25,57.0,55.0,56.75,56.75,35508
2017-04-19,57.25,58.0,57.25,57.75,57.75,56076
2017-04-20,58.25,59.5,57.5,58.5,58.5,43612
2017-04-21,58.0,59.0,57.25,58.5,58.5,38968
2017-04-24,59.0,59.5,58.75,59.5,59.5,32268
2017-04-25,59.75,59.75,58.0,58.25,58.25,47540
2017-04-26,57.75,59.75,57.75,59.0,59.0,33736
2017-04-27,58.75,61.25,58.75,60.0,60.0,64300
2017-04-28,59.5,59.75,58.25,58.5,58.5,27184
2017-05-01,59.25,59.25,57.75,58.5,58.5,22720
2017-05-02,58.25,58.5,56.5,56.75,56.75,43416
2017-05-03,56.5,57.25,55.0,56.25,56.25,33848
2017-05-04,56.25,56.75,55.25,55.75,55.75,24052
2017-05-05,56.0,56.5,55.5,56.0,56.0,21688
2017-05-08,56.25,57.25,55.75,56.75,56.75,21820
2017-05-09,56.5,59.25,56.25,58.75,58.75,63896
2017-05-10,59.25,59.25,58.0,58.5,58.5,24316
2017-05-11,58.5,59.25,57.5,59.0,59.0,20724
2017-05-12,59.75,59.75,58.0,58.75,58.75,25308
2017-05-15,59.5,60.0,58.5,59.25,59.25,35496
2017-05-16,59.25,59.75,58.25,59.75,59.75,29076
2017-05-17,59.0,59.5,57.5,58.0,58.0,40116
2017-05-18,57.75,59.0,57.5,58.5,58.5,24284
2017-05-19,58.25,60.5,58.25,60.0,60.0,51028
2017-05-22,60.25,63.0,60.0,61.75,61.75,55172
2017-05-23,62.75,63.0,60.75,61.75,61.75,69064
2017-05-24,61.5,63.75,60.75,63.25,63.25,56016
2017-05-25,64.0,67.5,64.0,66.25,66.25,76056
2017-05-26,66.75,67.0,63.0,63.75,63.75,45336
2017-05-30,63.5,64.25,62.5,63.25,63.25,36468
2017-05-31,63.75,63.75,59.25,60.75,60.75,47856
2017-06-01,61.25,62.75,59.5,62.75,62.75,47104
2017-06-02,60.5,60.5,56.25,59.25,59.25,133040
2017-06-05,57.5,58.5,56.25,56.75,56.75,56056
2017-06-06,56.75,56.75,55.0,56.25,56.25,50272
2017-06-07,55.75,59.0,55.75,57.0,57.0,60308
2017-06-08,57.0,58.25,56.75,57.0,57.0,34288
2017-06-09,56.75,57.5,55.75,56.25,56.25,47744
2017-06-12,56.0,56.75,55.5,56.0,56.0,37368
2017-06-13,55.75,57.25,55.75,56.25,56.25,35152
2017-06-14,56.5,58.5,56.0,58.0,58.0,32088
2017-06-15,57.5,58.25,56.75,57.0,57.0,37668
2017-06-16,56.5,58.25,55.75,57.75,57.75,66012
2017-06-19,57.5,59.0,57.0,58.5,58.5,40928
2017-06-20,58.5,62.25,57.75,62.0,62.0,83648
2017-06-21,61.0,64.5,60.5,62.0,62.0,55856
2017-06-22,62.0,62.5,61.0,61.25,61.25,24236
2017-06-23,61.0,62.25,59.75,59.75,59.75,53316
2017-06-26,60.0,61.5,59.75,61.25,61.25,35596
2017-06-27,61.25,65.0,61.25,64.75,64.75,78012
2017-06-28,65.0,70.5,64.75,68.75,68.75,114840
2017-06-29,68.5,68.75,64.0,68.5,68.5,83040
2017-06-30,68.5,70.25,67.75,70.0,70.0,62728
2017-07-03,70.25,73.25,69.5,72.25,72.25,53480
2017-07-05,71.75,71.75,69.0,70.5,70.5,51472
2017-07-06,70.5,71.25,69.75,70.0,70.0,33824
2017-07-07,69.5,72.25,69.25,72.0,72.0,53920
2017-07-10,72.0,74.5,71.75,74.0,74.0,67292
2017-07-11,74.25,74.5,69.5,69.5,69.5,79776
2017-07-12,69.75,72.25,68.25,68.5,68.5,75668
2017-07-13,68.25,70.0,62.0,63.25,63.25,151044
2017-07-14,63.75,63.75,59.75,61.25,61.25,129892
2017-07-17,61.25,64.25,60.5,62.75,62.75,76968
2017-07-18,61.75,62.25,58.75,60.0,60.0,70576
2017-07-19,60.0,62.75,60.0,62.25,62.25,107032
2017-07-20,62.25,62.5,60.25,60.25,60.25,45696
2017-07-21,61.5,61.5,60.0,60.25,60.25,60672
2017-07-24,60.0,60.0,58.0,58.75,58.75,66804
2017-07-25,58.75,60.5,58.75,60.25,60.25,35344
2017-07-26,60.5,60.75,58.0,59.5,59.5,37508
2017-07-27,59.5,59.75,57.0,57.5,57.5,51660
2017-07-28,57.0,58.0,56.25,57.25,57.25,44100
2017-07-31,57.0,57.0,54.25,55.0,55.0,75748
2017-08-01,55.5,58.25,54.25,57.25,57.25,59428
2017-08-02,56.5,58.25,56.0,57.25,57.25,46840
2017-08-03,57.5,57.75,55.0,55.25,55.25,37572
2017-08-04,55.5,57.25,55.5,56.75,56.75,25784
2017-08-07,56.5,57.0,55.5,56.25,56.25,27424
2017-08-08,56.25,59.0,56.25,58.0,58.0,56680
2017-08-09,57.0,57.5,55.5,55.75,55.75,40904
2017-08-10,55.75,56.0,52.5,53.25,53.25,84520
2017-08-11,53.75,55.0,52.5,54.25,54.25,50812
2017-08-14,55.0,56.25,54.0,56.0,56.0,29252
2017-08-15,56.25,56.25,54.25,54.75,54.75,35464
2017-08-16,54.75,55.75,54.0,54.25,54.25,18512
2017-08-17,53.0,54.0,52.0,52.0,52.0,54976
2017-08-18,51.5,51.75,50.25,50.5,50.5,46904
2017-08-21,50.5,51.25,50.25,51.25,51.25,32512
2017-08-22,51.0,51.75,50.0,51.0,51.0,25760
2017-08-23,50.5,51.0,48.0,48.25,48.25,65224
2017-08-24,48.25,51.0,48.25,49.75,49.75,66644
2017-08-25,49.75,49.75,47.75,48.5,48.5,47052
2017-08-28,48.75,49.75,44.75,45.5,45.5,103244
2017-08-29,45.0,45.75,43.25,43.5,43.5,73960
2017-08-30,43.25,46.0,43.25,44.5,44.5,52548
2017-08-31,44.75,47.0,44.75,45.5,45.5,40728
2017-09-01,45.75,47.0,44.5,47.0,47.0,47244
2017-09-05,47.0,47.25,44.25,45.5,45.5,71704
2017-09-06,45.5,47.25,45.5,46.5,46.5,82096
2017-09-07,43.0,46.0,42.5,43.5,43.5,169424
2017-09-08,43.25,44.25,41.5,43.25,43.25,76808
2017-09-11,43.0,44.0,42.25,43.0,43.0,78340
2017-09-12,43.0,43.75,42.5,43.5,43.5,57136
2017-09-13,43.75,43.75,43.0,43.25,43.25,40296
2017-09-14,42.5,46.0,42.0,45.0,45.0,67136
2017-09-15,44.75,45.5,43.25,43.5,43.5,99892
2017-09-18,43.5,44.0,43.0,43.0,43.0,37124
2017-09-19,43.5,44.25,42.5,44.0,44.0,59376
2017-09-20,44.0,44.0,42.25,43.0,43.0,62344
2017-09-21,43.0,43.75,42.25,43.5,43.5,51068
2017-09-22,43.5,44.5,43.0,43.75,43.75,21768
2017-09-25,43.5,45.25,43.5,44.75,44.75,42988
2017-09-26,44.75,46.5,44.5,46.5,46.5,41188
2017-09-27,46.25,47.75,46.0,47.5,47.5,55624
2017-09-28,47.25,48.25,46.5,48.0,48.0,48824
2017-09-29,48.25,49.5,47.75,48.25,48.25,49780
2017-10-02,49.25,49.75,48.25,48.75,48.75,37352
2017-10-03,49.5,51.25,49.0,51.25,51.25,69180
2017-10-04,51.0,54.25,50.5,53.0,53.0,116736
2017-10-05,53.75,56.0,53.25,55.75,55.75,95336
2017-10-06,55.5,57.5,54.5,56.25,56.25,71028
2017-10-09,55.75,56.5,53.0,53.0,53.0,79140
2017-10-10,52.5,56.25,52.25,56.0,56.0,66708
2017-10-11,55.75,57.75,55.25,57.0,57.0,66092
2017-10-12,56.75,57.5,55.5,57.25,57.25,42908
2017-10-13,57.25,57.5,55.25,56.25,56.25,47856
2017-10-16,56.25,57.5,55.75,57.25,57.25,48604
2017-10-17,57.25,57.5,55.25,55.75,55.75,46544
2017-10-18,56.25,58.75,55.5,57.25,57.25,69604
2017-10-19,57.0,57.75,55.75,57.75,57.75,49988
2017-10-20,58.25,59.0,56.0,56.5,56.5,47404
2017-10-23,56.75,57.25,55.5,56.75,56.75,27680
2017-10-24,56.5,57.75,56.0,57.5,57.5,25044
2017-10-25,57.25,58.5,55.25,56.25,56.25,43392
2017-10-26,56.5,57.75,55.75,57.5,57.5,29424
2017-10-27,58.0,58.0,56.75,57.25,57.25,29832
2017-10-30,58.0,58.75,56.5,57.75,57.75,54584
2017-10-31,57.75,60.75,57.75,60.5,60.5,80572
2017-11-01,61.0,62.0,59.75,61.0,61.0,57336
2017-11-02,61.0,61.25,55.5,57.0,57.0,103664
2017-11-03,58.25,59.0,56.75,57.75,57.75,47044
2017-11-06,57.25,59.75,57.0,59.0,59.0,51144
2017-11-07,59.5,60.0,57.75,58.0,58.0,35976
2017-11-08,57.5,59.5,57.0,59.5,59.5,36272
2017-11-09,58.25,59.75,57.75,59.0,59.0,29996
2017-11-10,58.75,59.5,58.0,58.5,58.5,23656
2017-11-13,58.25,59.0,57.5,57.75,57.75,34068
2017-11-14,57.25,58.75,57.25,57.75,57.75,29992
2017-11-15,57.75,58.0,56.75,57.25,57.25,44788
2017-11-16,57.5,60.0,57.25,59.25,59.25,61008
2017-11-17,58.5,64.5,58.5,62.25,62.25,135552
2017-11-20,62.5,65.0,62.5,65.0,65.0,62436
2017-11-21,65.5,69.75,65.0,68.0,68.0,100924
2017-11-22,69.5,70.0,67.5,68.75,68.75,65420
2017-11-24,69.5,70.0,68.5,70.0,70.0,20096
2017-11-27,70.0,70.75,67.25,69.5,69.5,106528
2017-11-28,69.75,72.0,69.25,71.0,71.0,89900
2017-11-29,71.25,72.5,70.25,71.0,71.0,86768
2017-11-30,71.0,72.25,69.75,71.25,71.25,77916
2017-12-01,71.5,71.5,63.75,70.5,70.5,73412
2017-12-04,67.0,70.25,66.75,67.75,67.75,66384
2017-12-05,66.25,66.75,60.0,63.0,63.0,145448
2017-12-06,63.0,64.5,61.5,62.75,62.75,46896
2017-12-07,62.5,62.75,58.5,60.0,60.0,127576
2017-12-08,60.0,63.5,59.75,63.0,63.0,80232
2017-12-11,63.5,63.75,61.5,63.0,63.0,54376
2017-12-12,63.5,63.75,62.0,63.5,63.5,57748
2017-12-13,62.75,63.75,60.75,61.5,61.5,72436
2017-12-14,61.25,62.0,60.0,60.5,60.5,47428
2017-12-15,61.0,62.25,60.0,61.75,61.75,75508
2017-12-18,62.0,65.5,62.0,65.25,65.25,65192
2017-12-19,65.0,66.75,64.5,66.25,66.25,88872
2017-12-20,66.0,67.5,64.0,66.75,66.75,64908
2017-12-21,68.0,74.75,67.25,74.75,74.75,251656
2017-12-22,71.5,72.0,67.0,70.0,70.0,127372
2017-12-26,70.5,72.0,68.5,71.75,71.75,55500
2017-12-27,71.75,73.75,71.25,73.25,73.25,65140
2017-12-28,73.25,78.5,73.0,77.5,77.5,156812
2017-12-29,78.25,84.0,78.25,83.75,83.75,304692
2018-01-02,82.75,85.25,80.75,83.0,83.0,140196
2018-01-03,82.75,84.5,81.75,82.25,82.25,127096
2018-01-04,81.5,83.0,76.5,78.5,78.5,149700
2018-01-05,77.5,79.25,76.5,78.5,78.5,84464
2018-01-08,79.5,81.0,75.0,76.0,76.0,115444
2018-01-09,76.75,78.25,75.5,76.5,76.5,74180
2018-01-10,75.75,76.25,73.5,73.75,73.75,50568
2018-01-11,74.25,77.0,73.75,75.0,75.0,93732
2018-01-12,75.5,75.75,70.0,72.0,72.0,121924
2018-01-16,72.5,73.75,66.0,66.25,66.25,131072
2018-01-17,66.75,68.0,64.5,66.75,66.75,104600
2018-01-18,66.25,67.25,64.5,64.75,64.75,69172
2018-01-19,64.75,65.75,63.5,64.0,64.0,62940
2018-01-22,63.5,64.5,62.75,64.0,64.0,41560
2018-01-23,65.25,65.25,62.5,64.5,64.5,59904
2018-01-24,64.75,66.25,63.0,63.5,63.5,74576
2018-01-25,63.25,63.25,59.25,59.75,59.75,111012
2018-01-26,60.0,60.75,57.25,58.25,58.25,153064
2018-01-29,57.5,58.5,55.0,55.0,55.0,107288
2018-01-30,55.0,55.0,51.25,51.75,51.75,145448
2018-01-31,52.5,53.75,49.5,50.75,50.75,109584
2018-02-01,49.75,54.25,48.75,52.25,52.25,139572
2018-02-02,51.5,52.5,49.75,51.25,51.25,135948
2018-02-05,50.5,52.0,49.75,50.0,50.0,143676
2018-02-06,48.75,52.0,48.0,50.25,50.25,138448
2018-02-07,50.25,51.75,49.5,49.75,49.75,95728
2018-02-08,50.0,50.75,48.0,48.0,48.0,100316
2018-02-09,48.75,49.75,47.25,48.75,48.75,91716
2018-02-12,48.75,51.5,48.5,51.0,51.0,74092
2018-02-13,50.75,51.75,49.75,50.5,50.5,45340
2018-02-14,51.0,54.25,50.25,53.5,53.5,63068
2018-02-15,53.5,54.0,51.75,53.0,53.0,66232
2018-02-16,52.75,56.5,52.75,56.0,56.0,84016
2018-02-20,60.0,62.25,57.75,58.5,58.5,215336
2018-02-21,59.25,62.0,58.25,59.25,59.25,110920
2018-02-22,60.0,60.0,55.75,56.0,56.0,96108
2018-02-23,57.0,57.0,55.25,56.75,56.75,76088
2018-02-26,57.5,59.75,55.75,58.75,58.75,93536
2018-02-27,59.0,62.75,54.75,55.0,55.0,111044
2018-02-28,56.5,56.75,53.25,54.5,54.5,115796
2018-03-01,54.5,55.75,54.0,54.25,54.25,78844
2018-03-02,54.0,57.0,53.75,56.75,56.75,57996
2018-03-05,56.75,57.75,55.75,56.75,56.75,60180
2018-03-06,57.25,58.75,56.0,58.75,58.75,53476
2018-03-07,58.0,59.0,56.0,57.0,57.0,58828
2018-03-08,54.75,55.25,51.25,54.5,54.5,100860
2018-03-09,54.0,54.5,53.0,53.25,53.25,36096
2018-03-12,53.0,54.25,52.0,52.75,52.75,62716
2018-03-13,52.5,55.5,52.5,54.0,54.0,49756
2018-03-14,54.0,54.0,50.75,51.0,51.0,83972
2018-03-15,51.5,51.75,48.0,49.75,49.75,100444
2018-03-16,49.5,51.5,49.0,51.25,51.25,123660
2018-03-19,50.5,52.5,49.5,49.75,49.75,88844
2018-03-20,50.0,51.0,48.0,48.0,48.0,68604
2018-03-21,48.0,50.25,48.0,49.75,49.75,106504
2018-03-22,49.0,50.75,47.75,48.0,48.0,81732
2018-03-23,48.25,49.75,47.75,47.75,47.75,73988
2018-03-26,48.25,49.0,45.75,48.75,48.75,97700
2018-03-27,48.75,49.25,47.25,47.5,47.5,54220
2018-03-28,47.5,48.75,45.25,45.5,45.5,70724
2018-03-29,45.75,46.75,45.5,45.75,45.75,44148
2018-04-02,45.75,46.25,43.75,43.75,43.75,60836
2018-04-03,44.5,44.5,42.0,43.0,43.0,67372
2018-04-04,42.5,47.25,42.5,46.5,46.5,96516
2018-04-05,48.0,48.75,46.5,47.25,47.25,56440
2018-04-06,46.75,49.0,45.75,46.75,46.75,56820
2018-04-09,47.0,49.0,45.75,48.0,48.0,51356
2018-04-10,48.75,49.0,46.25,46.75,46.75,39844
2018-04-11,46.25,47.75,46.25,46.25,46.25,32596
2018-04-12,46.75,47.75,44.5,47.25,47.25,88468
2018-04-13,47.5,48.75,47.25,47.5,47.5,103580
2018-04-16,47.5,48.5,46.75,48.25,48.25,26176
2018-04-17,48.25,50.75,47.5,50.5,50.5,54092
2018-04-18,50.75,51.25,50.0,51.0,51.0,33444
2018-04-19,50.5,50.75,48.5,49.5,49.5,69216
2018-04-20,49.0,50.0,49.0,49.5,49.5,34520
2018-04-23,49.25,49.5,48.25,49.25,49.25,22864
2018-04-24,49.25,50.25,48.75,49.25,49.25,69552
2018-04-25,49.0,50.0,48.5,49.5,49.5,59184
2018-04-26,49.25,52.25,49.25,51.0,51.0,73588
2018-04-27,51.0,52.0,50.5,51.0,51.0,36852
2018-04-30,51.25,51.75,49.75,50.25,50.25,35244
2018-05-01,50.0,51.0,49.0,51.0,51.0,38344
2018-05-02,50.0,51.25,49.0,50.25,50.25,40236
2018-05-03,50.25,51.25,49.25,50.25,50.25,50564
2018-05-04,50.5,51.5,49.75,51.25,51.25,72696
2018-05-07,51.25,52.25,50.5,51.75,51.75,29192
2018-05-08,51.0,52.25,50.0,51.25,51.25,45880
2018-05-09,51.5,51.5,47.5,47.75,47.75,75800
2018-05-10,47.5,48.75,47.0,47.0,47.0,37688
2018-05-11,47.0,47.75,46.75,47.0,47.0,31780
2018-05-14,47.0,47.5,45.25,45.25,45.25,48460
2018-05-15,45.75,46.0,43.0,43.25,43.25,102524
2018-05-16,43.25,43.5,41.25,42.75,42.75,90016
2018-05-17,43.0,46.75,42.75,46.5,46.5,72512
2018-05-18,46.75,47.5,46.0,47.25,47.25,33940
2018-05-21,47.75,48.25,46.0,46.25,46.25,40812
2018-05-22,46.0,46.5,45.0,45.75,45.75,27820
2018-05-23,45.5,47.25,45.5,47.0,47.0,25296
2018-05-24,47.0,47.75,45.5,46.0,46.0,27496
2018-05-25,46.25,48.0,46.25,47.0,47.0,30032
2018-05-29,47.25,47.75,46.0,46.75,46.75,24596
2018-05-30,47.5,47.75,45.75,46.0,46.0,26980
2018-05-31,46.25,46.75,44.0,44.5,44.5,46548
2018-06-01,45.0,45.5,43.75,44.0,44.0,30432
2018-06-04,44.25,47.75,44.25,47.75,47.75,48300
2018-06-05,47.25,49.5,47.25,49.25,49.25,52704
2018-06-06,49.0,51.0,48.25,50.25,50.25,64900
2018-06-07,50.0,50.0,45.0,47.25,47.25,42496
2018-06-08,47.25,48.75,47.0,48.75,48.75,46956
2018-06-11,48.5,51.25,47.5,50.25,50.25,54888
2018-06-12,50.25,51.0,49.75,50.25,50.25,41628
2018-06-13,50.25,50.25,47.75,49.5,49.5,69024
2018-06-14,49.5,50.0,47.5,48.0,48.0,65632
2018-06-15,47.75,48.75,47.25,47.75,47.75,58832
2018-06-18,47.25,47.5,46.0,46.5,46.5,52092
2018-06-19,46.0,47.25,44.75,46.75,46.75,37372
2018-06-20,47.25,47.25,45.25,46.0,46.0,34364
2018-06-21,46.25,46.5,44.75,45.0,45.0,41344
2018-06-22,45.0,45.5,42.75,42.75,42.75,117572
2018-06-25,43.0,43.75,40.0,41.25,41.25,82304
2018-06-26,42.75,43.25,40.0,42.0,42.0,64328
2018-06-27,42.25,42.25,39.25,39.5,39.5,71712
2018-06-28,39.75,41.5,38.75,41.5,41.5,53576
2018-06-29,41.75,42.5,40.25,40.75,40.75,46092
2018-07-02,40.75,41.25,39.5,40.25,40.25,22476
2018-07-03,40.25,42.5,40.25,41.75,41.75,21328
2018-07-05,42.0,43.25,41.25,43.0,43.0,23728
2018-07-06,43.25,44.0,42.75,43.5,43.5,20024
2018-07-09,43.75,43.75,42.75,43.75,43.75,14604
2018-07-10,43.75,44.75,42.0,43.0,43.0,35168
2018-07-11,43.0,44.0,42.75,44.0,44.0,25076
2018-07-12,44.25,44.5,42.5,42.75,42.75,23624
2018-07-13,42.5,44.0,42.5,43.0,43.0,17164
2018-07-16,43.0,43.75,41.25,41.5,41.5,34408
2018-07-17,41.5,44.5,41.5,44.0,44.0,52928
2018-07-18,43.5,44.0,42.75,42.75,42.75,28988
2018-07-19,42.75,43.75,42.5,43.0,43.0,27576
2018-07-20,43.0,43.25,41.75,41.75,41.75,29428
2018-07-23,41.75,42.25,40.5,40.5,40.5,43472
2018-07-24,40.75,42.0,39.5,39.5,39.5,60288
2018-07-25,39.75,40.0,38.0,38.25,38.25,60232
2018-07-26,38.5,40.5,38.25,40.25,40.25,49320
2018-07-27,40.75,40.75,37.75,38.75,38.75,53880
2018-07-30,38.25,39.25,38.25,38.5,38.5,30368
2018-07-31,39.0,40.25,38.25,39.25,39.25,36848
2018-08-01,39.5,39.75,38.75,39.0,39.0,18540
2018-08-02,38.75,39.75,38.75,39.25,39.25,17992
2018-08-03,39.0,39.75,38.0,39.75,39.75,27344
2018-08-06,39.75,40.0,38.75,39.0,39.0,17300
2018-08-07,39.25,41.0,39.25,40.5,40.5,31668
2018-08-08,39.25,42.25,39.25,42.25,42.25,47664
2018-08-09,42.25,44.0,41.75,42.0,42.0,51644
2018-08-10,41.75,41.75,40.25,41.0,41.0,25884
2018-08-13,41.25,41.25,38.75,39.25,39.25,42648
2018-08-14,39.25,39.5,39.0,39.5,39.5,27860
2018-08-15,39.25,40.5,38.5,39.75,39.75,35692
2018-08-16,39.75,40.25,38.75,38.75,38.75,17748
2018-08-17,38.75,39.25,38.25,38.5,38.5,30820
2018-08-20,38.75,39.25,38.5,38.5,38.5,14200
2018-08-21,39.25,40.25,39.25,40.25,40.25,36796
2018-08-22,40.0,40.75,39.75,40.25,40.25,30140
2018-08-23,40.25,40.75,39.0,39.25,39.25,19152
2018-08-24,39.25,39.75,39.0,39.0,39.0,10268
2018-08-27,39.0,39.5,38.0,38.5,38.5,49624
2018-08-28,38.75,39.25,38.0,38.0,38.0,18572
2018-08-29,38.0,39.0,38.0,38.25,38.25,19384
2018-08-30,38.25,38.75,38.0,38.25,38.25,18484
2018-08-31,38.0,39.25,38.0,39.0,39.0,37232
2018-09-04,38.5,39.25,38.0,38.75,38.75,18476
2018-09-05,38.5,40.0,38.5,38.75,38.75,22852
2018-09-06,39.0,39.75,38.0,38.25,38.25,24736
2018-09-07,38.5,38.5,37.75,38.5,38.5,42540
2018-09-10,40.0,41.0,38.0,39.75,39.75,64356
2018-09-11,39.75,40.5,39.25,39.75,39.75,41352
2018-09-12,39.25,42.5,39.25,42.25,42.25,78040
2018-09-13,42.0,42.25,39.75,42.25,42.25,49616
2018-09-14,41.75,43.25,41.5,42.5,42.5,42800
2018-09-17,42.5,43.0,41.75,42.75,42.75,47128
2018-09-18,42.5,42.75,41.25,42.25,42.25,35008
2018-09-19,42.0,43.25,41.5,42.0,42.0,29400
2018-09-20,41.75,42.5,41.25,42.0,42.0,31336
2018-09-21,41.5,42.0,41.5,42.0,42.0,41568
2018-09-24,41.75,42.0,41.25,41.25,41.25,28408
2018-09-25,41.5,41.5,40.0,40.25,40.25,32096
2018-09-26,40.0,41.0,39.75,39.75,39.75,24068
2018-09-27,39.75,40.5,39.0,39.25,39.25,26512
2018-09-28,39.5,40.0,39.0,40.0,40.0,23140
2018-10-01,40.0,40.75,39.75,39.75,39.75,23280
2018-10-02,39.5,40.25,38.75,40.0,40.0,28264
2018-10-03,40.0,41.25,39.75,40.0,40.0,31624
2018-10-04,39.75,40.5,39.0,39.0,39.0,22488
2018-10-05,39.0,39.25,37.0,39.0,39.0,67056
2018-10-08,38.75,40.75,38.75,40.0,40.0,18356
2018-10-09,40.5,41.0,39.25,39.25,39.25,40724
2018-10-10,39.25,39.75,38.5,38.5,38.5,28064
2018-10-11,38.5,39.25,37.75,38.0,38.0,37788
2018-10-12,38.25,38.75,37.5,37.75,37.75,28268
2018-10-15,37.75,38.25,37.5,38.0,38.0,20228
2018-10-16,38.25,39.25,38.0,39.25,39.25,28160
2018-10-17,39.5,39.5,38.0,38.25,38.25,15220
2018-10-18,38.0,38.5,37.5,37.75,37.75,20568
2018-10-19,37.75,38.5,35.25,35.25,35.25,65412
2018-10-22,35.75,36.25,33.5,34.25,34.25,59332
2018-10-23,34.0,35.75,33.25,34.25,34.25,63612
2018-10-24,34.75,36.75,34.0,34.0,34.0,50752
2018-10-25,34.5,36.0,34.5,35.5,35.5,21176
2018-10-26,35.0,38.25,34.75,38.0,38.0,57232
2018-10-29,38.25,38.25,35.25,36.0,36.0,24328
2018-10-30,36.0,38.0,36.0,37.75,37.75,29600
2018-10-31,37.75,38.0,35.0,36.5,36.5,31632
2018-11-01,36.75,37.5,35.75,36.0,36.0,38996
2018-11-02,36.25,36.5,34.5,35.75,35.75,29272
2018-11-05,36.25,36.75,35.25,35.75,35.75,32204
2018-11-06,35.5,36.25,34.25,34.75,34.75,40012
2018-11-07,34.75,35.0,33.75,34.5,34.5,35252
2018-11-08,34.5,34.5,32.5,34.25,34.25,38532
2018-11-09,34.25,34.25,32.5,33.0,33.0,30116
2018-11-12,33.0,33.75,32.5,32.5,32.5,25008
2018-11-13,32.5,34.0,32.5,32.75,32.75,46952
2018-11-14,33.0,33.5,31.5,32.25,32.25,32568
2018-11-15,32.0,32.5,30.5,31.25,31.25,37736
2018-11-16,31.25,32.75,31.25,32.25,32.25,34708
2018-11-19,32.75,33.75,31.25,32.25,32.25,34988
2018-11-20,31.75,32.75,31.75,31.75,31.75,29204
2018-11-21,32.0,33.0,31.5,32.5,32.5,24972
2018-11-23,31.75,32.25,31.5,31.75,31.75,11192
2018-11-26,32.0,32.25,31.0,31.5,31.5,31572
2018-11-27,31.75,32.25,31.25,31.5,31.5,30832
2018-11-28,32.0,32.75,30.75,32.5,32.5,51264
2018-11-29,33.0,33.5,31.75,32.5,32.5,28788
2018-11-30,33.0,33.0,31.75,31.75,31.75,50688
2018-12-03,31.25,32.0,29.5,30.5,30.5,56128
2018-12-04,30.0,30.25,27.25,27.5,27.5,77812
2018-12-06,28.0,30.25,27.75,29.5,29.5,57104
2018-12-07,30.0,31.25,29.25,29.25,29.25,51092
2018-12-10,29.5,29.75,27.5,28.0,28.0,42552
2018-12-11,28.25,28.25,26.25,27.5,27.5,59884
2018-12-12,27.5,28.0,26.25,26.5,26.5,51708
2018-12-13,26.5,27.75,25.0,25.25,25.25,51324
2018-12-14,25.0,25.25,21.25,23.0,23.0,118788
2018-12-17,23.0,23.5,21.75,21.75,21.75,68484
2018-12-18,22.0,23.0,21.25,21.75,21.75,66748
2018-12-19,22.0,22.75,21.25,21.25,21.25,62892
2018-12-20,21.5,22.25,19.75,21.0,21.0,65664
2018-12-21,21.0,21.25,16.25,16.5,16.5,155412
2018-12-24,17.0,18.25,16.5,16.5,16.5,51264
2018-12-26,17.25,17.5,16.25,16.75,16.75,99828
2018-12-27,16.75,18.25,16.75,17.5,17.5,167644
2018-12-28,17.75,18.25,16.0,17.5,17.5,89944
2018-12-31,17.25,17.5,16.25,17.0,17.0,92268
2019-01-02,17.0,19.25,16.75,19.0,19.0,57204
2019-01-03,19.0,19.25,17.75,18.0,18.0,33984
2019-01-04,18.75,20.0,18.5,19.5,19.5,45592
2019-01-07,19.5,20.75,19.5,19.75,19.75,41660
2019-01-08,20.5,20.75,19.75,20.75,20.75,38352
2019-01-09,21.0,21.25,20.0,21.0,21.0,71032
2019-01-10,20.75,21.25,19.75,20.75,20.75,46632
2019-01-11,21.0,21.0,20.0,20.25,20.25,45216
2019-01-14,20.0,20.0,18.0,18.75,18.75,130676
2019-01-15,18.75,19.0,17.75,18.0,18.0,56568
2019-01-16,17.75,18.0,16.25,16.25,16.25,77136
2019-01-17,16.5,17.0,16.0,16.5,16.5,58876
2019-01-18,16.75,17.5,15.5,16.25,16.25,47000
2019-01-22,16.25,16.25,15.25,15.25,15.25,47076
2019-01-23,15.5,15.5,14.25,15.0,15.0,78208
2019-01-24,15.25,16.0,14.75,15.75,15.75,40512
2019-01-25,16.0,16.5,15.25,15.25,15.25,40444
2019-01-28,16.0,16.5,15.25,15.5,15.5,32976
2019-01-29,16.0,17.0,15.25,16.5,16.5,72036
2019-01-30,17.0,18.0,16.0,16.75,16.75,77960
2019-01-31,17.0,18.0,16.75,17.75,17.75,62956
2019-02-01,18.0,18.25,16.75,17.25,17.25,43820
2019-02-04,17.75,18.0,17.25,17.5,17.5,24164
2019-02-05,18.0,18.25,17.25,17.75,17.75,21572
2019-02-06,18.5,18.5,16.5,16.75,16.75,30704
2019-02-07,16.75,17.5,15.75,16.25,16.25,39552
2019-02-08,16.0,16.25,15.5,16.0,16.0,12944
2019-02-11,16.5,16.5,15.5,16.5,16.5,33860
2019-02-12,16.25,17.25,16.25,17.0,17.0,46168
2019-02-13,17.0,17.0,16.25,16.5,16.5,30368
2019-02-14,16.5,16.75,16.0,16.25,16.25,26860
2019-02-15,16.25,16.75,16.0,16.25,16.25,38088
2019-02-19,16.25,17.0,16.0,16.75,16.75,29520
2019-02-20,16.75,17.5,16.75,17.0,17.0,30476
2019-02-21,16.5,17.0,16.25,16.5,16.5,29568
2019-02-22,16.5,17.25,16.25,16.75,16.75,31992
2019-02-25,17.0,17.75,16.75,17.5,17.5,33544
2019-02-26,17.5,17.5,16.5,17.5,17.5,45652
2019-02-27,17.5,17.5,16.75,17.0,17.0,28548
2019-02-28,17.0,17.5,16.5,17.0,17.0,41584
2019-03-01,17.5,17.5,16.0,16.25,16.25,54652
2019-03-04,16.5,16.5,15.5,15.5,15.5,60196
2019-03-05,15.5,15.75,14.75,15.0,15.0,52100
2019-03-06,15.5,15.5,14.75,15.0,15.0,33768
2019-03-07,15.0,16.0,14.5,15.5,15.5,61400
2019-03-08,15.25,17.0,15.25,16.25,16.25,44876
2019-03-11,16.25,16.5,14.5,14.75,14.75,91872
2019-03-12,14.75,15.75,14.75,15.25,15.25,64264
2019-03-13,15.5,15.5,14.75,14.75,14.75,44112
2019-03-14,15.25,15.25,14.5,14.5,14.5,60420
2019-03-15,14.75,15.25,14.25,15.0,15.0,145964
2019-03-18,14.75,15.0,14.25,14.5,14.5,32024
2019-03-19,14.5,14.75,14.25,14.25,14.25,22240
2019-03-20,14.25,14.25,13.0,13.25,13.25,66204
2019-03-21,13.25,14.0,13.25,13.5,13.5,48452
2019-03-22,13.25,13.5,12.0,12.0,12.0,61400
2019-03-25,12.75,13.0,12.25,13.0,13.0,39452
2019-03-26,13.0,13.0,12.25,13.0,13.0,37548
2019-03-27,13.25,13.75,12.75,13.5,13.5,53412
2019-03-28,13.5,14.75,13.25,13.75,13.75,43836
2019-03-29,13.829999923706055,13.829999923706055,10.579999923706055,10.970000267028809,10.970000267028809,440800
2019-04-01,11.0,12.850000381469727,10.850000381469727,12.600000381469727,12.600000381469727,195500
2019-04-02,12.510000228881836,12.779999732971191,12.199999809265137,12.579999923706055,12.579999923706055,180200
2019-04-03,12.640000343322754,12.760000228881836,12.300000190734863,12.670000076293945,12.670000076293945,116800
2019-04-04,12.460000038146973,13.600000381469727,12.460000038146973,13.510000228881836,13.510000228881836,127000
2019-04-05,13.460000038146973,13.970000267028809,13.270000457763672,13.279999732971191,13.279999732971191,175800
2019-04-08,13.300000190734863,14.329999923706055,12.880000114440918,13.84000015258789,13.84000015258789,124800
2019-04-09,13.789999961853027,13.970000267028809,13.270000457763672,13.65999984741211,13.65999984741211,116600
2019-04-10,13.649999618530273,13.649999618530273,13.079999923706055,13.399999618530273,13.399999618530273,87500
2019-04-11,13.34000015258789,13.489999771118164,12.75,13.34000015258789,13.34000015258789,95500
2019-04-12,13.430000305175781,13.970000267028809,13.069999694824219,13.5600004196167,13.5600004196167,120500
2019-04-15,13.680000305175781,15.220000267028809,13.59000015258789,14.420000076293945,14.420000076293945,235200
2019-04-16,14.359999656677246,15.390000343322754,14.34000015258789,15.100000381469727,15.100000381469727,144500
2019-04-17,15.069999694824219,15.640000343322754,14.6899995803833,14.850000381469727,14.850000381469727,154300
2019-04-18,14.880000114440918,15.489999771118164,14.75,15.369999885559082,15.369999885559082,78000
2019-04-22,15.369999885559082,15.369999885559082,14.579999923706055,15.130000114440918,15.130000114440918,75400
2019-04-23,15.289999961853027,16.06999969482422,15.020000457763672,15.369999885559082,15.369999885559082,130700
2019-04-24,15.430000305175781,16.040000915527344,15.199999809265137,15.800000190734863,15.800000190734863,117800
2019-04-25,15.899999618530273,15.949999809265137,14.600000381469727,14.960000038146973,14.960000038146973,100800
2019-04-26,14.989999771118164,15.489999771118164,14.609999656677246,15.390000343322754,15.390000343322754,78800
2019-04-29,15.5,15.989999771118164,15.40999984741211,15.5,15.5,73900
2019-04-30,15.430000305175781,15.6899995803833,15.180000305175781,15.220000267028809,15.220000267028809,74600
2019-05-01,15.300000190734863,15.859999656677246,15.270000457763672,15.359999656677246,15.359999656677246,75700
2019-05-02,15.289999961853027,15.800000190734863,15.25,15.609999656677246,15.609999656677246,66400
2019-05-03,15.65999984741211,16.43000030517578,15.479999542236328,16.360000610351562,16.360000610351562,95700
2019-05-06,16.219999313354492,17.239999771118164,15.880000114440918,17.139999389648438,17.139999389648438,98600
2019-05-07,16.90999984741211,17.15999984741211,15.84000015258789,16.06999969482422,16.06999969482422,95500
2019-05-08,16.059999465942383,17.200000762939453,15.949999809265137,16.989999771118164,16.989999771118164,73600
2019-05-09,16.780000686645508,16.780000686645508,15.420000076293945,16.0,16.0,128300
2019-05-10,15.970000267028809,16.520000457763672,15.539999961853027,16.459999084472656,16.459999084472656,64900
2019-05-13,16.360000610351562,16.360000610351562,14.699999809265137,14.899999618530273,14.899999618530273,142300
2019-05-14,15.0,15.359999656677246,14.800000190734863,15.050000190734863,15.050000190734863,39600
2019-05-15,14.920000076293945,15.770000457763672,14.600000381469727,15.510000228881836,15.510000228881836,82800
2019-05-16,15.600000381469727,15.869999885559082,15.40999984741211,15.550000190734863,15.550000190734863,51600
2019-05-17,15.390000343322754,15.390000343322754,13.949999809265137,14.15999984741211,14.15999984741211,137100
2019-05-20,14.079999923706055,14.079999923706055,13.619999885559082,13.6899995803833,13.6899995803833,54900
2019-05-21,13.649999618530273,13.680000305175781,13.020000457763672,13.100000381469727,13.100000381469727,108100
2019-05-22,13.0,13.010000228881836,11.649999618530273,11.699999809265137,11.699999809265137,144300
2019-05-23,11.479999542236328,11.539999961853027,10.539999961853027,10.770000457763672,10.770000457763672,113700
2019-05-24,10.800000190734863,11.359999656677246,10.630000114440918,11.220000267028809,11.220000267028809,95400
2019-05-28,11.300000190734863,11.479999542236328,9.529999732971191,9.550000190734863,9.550000190734863,256200
2019-05-29,9.470000267028809,9.470000267028809,8.510000228881836,8.640000343322754,8.640000343322754,223900
2019-05-30,8.710000038146973,9.109999656677246,8.470000267028809,9.020000457763672,9.020000457763672,153400
2019-05-31,8.869999885559082,9.600000381469727,8.800000190734863,9.5,9.5,125500
2019-06-03,9.579999923706055,10.350000381469727,9.359999656677246,9.90999984741211,9.90999984741211,124300
2019-06-04,10.180000305175781,10.4399995803833,9.850000381469727,10.020000457763672,10.020000457763672,146600
2019-06-05,10.0,10.09000015258789,9.109999656677246,9.970000267028809,9.970000267028809,143000
2019-06-06,9.520000457763672,10.050000190734863,8.569999694824219,8.960000038146973,8.960000038146973,243800
2019-06-07,8.960000038146973,9.210000038146973,8.40999984741211,8.449999809265137,8.449999809265137,215000
2019-06-10,8.5,9.479999542236328,8.5,8.800000190734863,8.800000190734863,325600
2019-06-11,8.880000114440918,8.90999984741211,8.319999694824219,8.399999618530273,8.399999618530273,244300
2019-06-12,8.399999618530273,8.399999618530273,7.809999942779541,7.889999866485596,7.889999866485596,255800
2019-06-13,7.920000076293945,8.460000038146973,7.789999961853027,8.1899995803833,8.1899995803833,193200
2019-06-14,8.149999618530273,8.149999618530273,7.440000057220459,7.849999904632568,7.849999904632568,294400
2019-06-17,7.840000152587891,7.889999866485596,7.360000133514404,7.429999828338623,7.429999828338623,179800
2019-06-18,7.320000171661377,8.220000267028809,7.320000171661377,7.739999771118164,7.739999771118164,216400
2019-06-19,7.699999809265137,7.869999885559082,7.409999847412109,7.710000038146973,7.710000038146973,171400
2019-06-20,7.75,7.920000076293945,7.400000095367432,7.599999904632568,7.599999904632568,108800
2019-06-21,7.519999980926514,7.679999828338623,7.130000114440918,7.230000019073486,7.230000019073486,231000
2019-06-24,7.159999847412109,7.289999961853027,6.900000095367432,7.099999904632568,7.099999904632568,186200
2019-06-25,7.090000152587891,7.21999979019165,6.670000076293945,6.760000228881836,6.760000228881836,217300
2019-06-26,6.769999980926514,6.849999904632568,6.579999923706055,6.769999980926514,6.769999980926514,155000
2019-06-27,6.78000020980835,7.300000190734863,6.730000019073486,7.199999809265137,7.199999809265137,206800
2019-06-28,7.269999980926514,7.75,7.25,7.599999904632568,7.599999904632568,622500
2019-07-01,7.929999828338623,8.550000190734863,7.929999828338623,8.479999542236328,8.479999542236328,374000
2019-07-02,8.449999809265137,9.170000076293945,8.289999961853027,8.720000267028809,8.720000267028809,318500
2019-07-03,8.710000038146973,8.819999694824219,8.109999656677246,8.289999961853027,8.289999961853027,144500
2019-07-05,8.25,8.260000228881836,7.809999942779541,8.180000305175781,8.180000305175781,122400
2019-07-08,8.140000343322754,8.380000114440918,7.960000038146973,8.1899995803833,8.1899995803833,134100
2019-07-09,8.180000305175781,8.260000228881836,7.78000020980835,7.849999904632568,7.849999904632568,88700
2019-07-10,7.920000076293945,8.3100004196167,7.78000020980835,8.229999542236328,8.229999542236328,101800
2019-07-11,8.359999656677246,8.600000381469727,8.0,8.569999694824219,8.569999694824219,115600
2019-07-12,8.579999923706055,9.229999542236328,8.579999923706055,9.170000076293945,9.170000076293945,195500
2019-07-15,9.210000038146973,9.329999923706055,8.670000076293945,8.779999732971191,8.779999732971191,181700
2019-07-16,8.789999961853027,9.109999656677246,8.600000381469727,8.850000381469727,8.850000381469727,121800
2019-07-17,8.869999885559082,8.869999885559082,8.449999809265137,8.579999923706055,8.579999923706055,158400
2019-07-18,8.529999732971191,8.529999732971191,6.929999828338623,6.980000019073486,6.980000019073486,312600
2019-07-19,6.880000114440918,7.070000171661377,6.539999961853027,6.630000114440918,6.630000114440918,201200
2019-07-22,6.599999904632568,6.760000228881836,6.25,6.489999771118164,6.489999771118164,233700
2019-07-23,6.550000190734863,6.650000095367432,5.75,5.809999942779541,5.809999942779541,316200
2019-07-24,5.860000133514404,6.369999885559082,5.519999980926514,5.820000171661377,5.820000171661377,198400
2019-07-25,5.849999904632568,7.21999979019165,5.849999904632568,6.989999771118164,6.989999771118164,479700
2019-07-26,6.880000114440918,6.880000114440918,6.130000114440918,6.260000228881836,6.260000228881836,243900
2019-07-29,6.199999809265137,6.329999923706055,5.960000038146973,6.199999809265137,6.199999809265137,97700
2019-07-30,6.079999923706055,6.260000228881836,5.900000095367432,6.090000152587891,6.090000152587891,156500
2019-07-31,6.099999904632568,6.21999979019165,5.900000095367432,6.0,6.0,123500
2019-08-01,5.960000038146973,6.119999885559082,5.730000019073486,6.110000133514404,6.110000133514404,231000
2019-08-02,6.070000171661377,6.070000171661377,5.690000057220459,5.820000171661377,5.820000171661377,337900
2019-08-05,5.679999828338623,5.679999828338623,5.210000038146973,5.449999809265137,5.449999809265137,176000
2019-08-06,5.539999961853027,5.880000114440918,5.449999809265137,5.739999771118164,5.739999771118164,110300
2019-08-07,5.599999904632568,5.980000019073486,5.340000152587891,5.909999847412109,5.909999847412109,114800
2019-08-08,5.980000019073486,6.039999961853027,5.730000019073486,5.829999923706055,5.829999923706055,125700
2019-08-09,5.820000171661377,5.820000171661377,5.409999847412109,5.429999828338623,5.429999828338623,126200
2019-08-12,5.360000133514404,5.510000228881836,5.159999847412109,5.429999828338623,5.429999828338623,84700
2019-08-13,5.429999828338623,5.840000152587891,5.429999828338623,5.679999828338623,5.679999828338623,127700
2019-08-14,5.579999923706055,5.579999923706055,5.150000095367432,5.440000057220459,5.440000057220459,176000
2019-08-15,5.449999809265137,5.519999980926514,5.289999961853027,5.449999809265137,5.449999809265137,135900
2019-08-16,5.460000038146973,5.650000095367432,5.289999961853027,5.510000228881836,5.510000228881836,96500
2019-08-19,5.630000114440918,6.409999847412109,5.559999942779541,6.25,6.25,232200
2019-08-20,6.269999980926514,6.71999979019165,6.170000076293945,6.690000057220459,6.690000057220459,154100
2019-08-21,6.690000057220459,7.940000057220459,6.590000152587891,7.929999828338623,7.929999828338623,364800
2019-08-22,8.010000228881836,8.390000343322754,7.619999885559082,8.279999732971191,8.279999732971191,257500
2019-08-23,8.180000305175781,8.579999923706055,7.920000076293945,8.09000015258789,8.09000015258789,225400
2019-08-26,8.149999618530273,8.210000038146973,7.21999979019165,7.579999923706055,7.579999923706055,158200
2019-08-27,7.610000133514404,7.800000190734863,6.800000190734863,6.809999942779541,6.809999942779541,150600
2019-08-28,6.78000020980835,7.449999809265137,6.610000133514404,7.320000171661377,7.320000171661377,99300
2019-08-29,7.400000095367432,7.869999885559082,7.380000114440918,7.599999904632568,7.599999904632568,111200
2019-08-30,7.659999847412109,8.350000381469727,7.619999885559082,8.239999771118164,8.239999771118164,94300
2019-09-03,8.199999809265137,8.390000343322754,7.690000057220459,7.869999885559082,7.869999885559082,169800
2019-09-04,7.949999809265137,8.949999809265137,7.949999809265137,8.279999732971191,8.279999732971191,362900
2019-09-05,8.680000305175781,10.930000305175781,8.399999618530273,10.520000457763672,10.520000457763672,646600
2019-09-06,10.460000038146973,13.970000267028809,9.869999885559082,12.6899995803833,12.6899995803833,932100
2019-09-09,13.0,16.0,13.0,15.300000190734863,15.300000190734863,1066100
2019-09-10,15.0,15.300000190734863,13.8100004196167,15.289999961853027,15.289999961853027,522500
2019-09-11,15.289999961853027,15.670000076293945,14.649999618530273,15.109999656677246,15.109999656677246,297600
2019-09-12,15.1899995803833,15.460000038146973,14.779999732971191,15.020000457763672,15.020000457763672,229900
2019-09-13,15.350000381469727,16.549999237060547,15.130000114440918,15.3100004196167,15.3100004196167,296200
2019-09-16,15.119999885559082,15.720000267028809,14.449999809265137,15.25,15.25,225100
2019-09-17,15.15999984741211,15.4399995803833,14.350000381469727,14.970000267028809,14.970000267028809,160900
2019-09-18,14.9399995803833,15.5,14.579999923706055,15.130000114440918,15.130000114440918,155200
2019-09-19,15.170000076293945,16.18000030517578,14.760000228881836,15.680000305175781,15.680000305175781,205600
2019-09-20,15.739999771118164,16.489999771118164,15.3100004196167,16.15999984741211,16.15999984741211,326100
2019-09-23,15.930000305175781,17.3799991607666,15.710000038146973,17.020000457763672,17.020000457763672,221200
2019-09-24,16.989999771118164,17.799999237060547,16.059999465942383,16.530000686645508,16.530000686645508,255500
2019-09-25,16.530000686645508,19.989999771118164,16.530000686645508,19.760000228881836,19.760000228881836,483300
2019-09-26,19.760000228881836,19.799999237060547,18.549999237060547,19.239999771118164,19.239999771118164,242000
2019-09-27,19.31999969482422,19.809999465942383,18.020000457763672,18.420000076293945,18.420000076293945,177800
2019-09-30,18.579999923706055,19.489999771118164,18.420000076293945,19.25,19.25,167400
2019-10-01,19.229999542236328,19.989999771118164,18.489999771118164,18.6299991607666,18.6299991607666,117000
2019-10-02,18.31999969482422,18.610000610351562,17.719999313354492,18.489999771118164,18.489999771118164,118700
2019-10-03,18.350000381469727,18.739999771118164,17.639999389648438,18.479999542236328,18.479999542236328,126100
2019-10-04,18.540000915527344,19.0,17.780000686645508,18.790000915527344,18.790000915527344,213400
2019-10-07,18.709999084472656,20.030000686645508,18.6200008392334,19.90999984741211,19.90999984741211,164900
2019-10-08,19.6299991607666,22.940000534057617,19.6299991607666,22.56999969482422,22.56999969482422,453200
2019-10-09,22.440000534057617,23.829999923706055,21.600000381469727,21.780000686645508,21.780000686645508,383700
2019-10-10,21.889999389648438,23.479999542236328,21.219999313354492,21.850000381469727,21.850000381469727,260600
2019-10-11,22.489999771118164,23.799999237060547,22.399999618530273,23.350000381469727,23.350000381469727,301300
2019-10-14,23.360000610351562,25.6299991607666,23.350000381469727,24.899999618530273,24.899999618530273,352000
2019-10-15,25.110000610351562,26.5,24.600000381469727,26.25,26.25,374900
2019-10-16,26.110000610351562,28.600000381469727,25.709999084472656,28.170000076293945,28.170000076293945,474900
2019-10-17,28.579999923706055,28.739999771118164,23.510000228881836,25.290000915527344,25.290000915527344,737300
2019-10-18,24.81999969482422,26.989999771118164,23.729999542236328,26.860000610351562,26.860000610351562,357700
2019-10-21,26.899999618530273,28.420000076293945,26.280000686645508,26.989999771118164,26.989999771118164,395000
2019-10-22,27.25,29.350000381469727,27.229999542236328,27.770000457763672,27.770000457763672,382000
2019-10-23,27.5,29.440000534057617,26.860000610351562,28.450000762939453,28.450000762939453,330800
2019-10-24,28.579999923706055,30.0,28.059999465942383,29.799999237060547,29.799999237060547,281500
2019-10-25,29.489999771118164,30.350000381469727,27.459999084472656,28.479999542236328,28.479999542236328,336400
2019-10-28,28.5,28.780000686645508,26.15999984741211,26.520000457763672,26.520000457763672,305500
2019-10-29,26.309999465942383,26.8799991607666,24.18000030517578,24.709999084472656,24.709999084472656,349000
2019-10-30,24.700000762939453,25.75,22.559999465942383,25.1299991607666,25.1299991607666,411100
2019-10-31,24.8700008392334,25.979999542236328,24.0,25.079999923706055,25.079999923706055,156000
2019-11-01,25.600000381469727,27.770000457763672,25.600000381469727,26.760000228881836,26.760000228881836,275700
2019-11-04,26.790000915527344,27.389999389648438,25.770000457763672,25.829999923706055,25.829999923706055,218200
2019-11-05,25.84000015258789,26.170000076293945,24.600000381469727,24.75,24.75,208300
2019-11-06,24.889999389648438,25.670000076293945,23.559999465942383,25.399999618530273,25.399999618530273,269500
2019-11-07,25.489999771118164,26.200000762939453,24.420000076293945,24.729999542236328,24.729999542236328,256900
2019-11-08,24.420000076293945,24.440000534057617,23.290000915527344,23.350000381469727,23.350000381469727,259200
2019-11-11,23.059999465942383,23.440000534057617,22.3700008392334,22.59000015258789,22.59000015258789,243700
2019-11-12,22.780000686645508,23.200000762939453,21.520000457763672,22.729999542236328,22.729999542236328,263100
2019-11-13,22.450000762939453,23.399999618530273,22.450000762939453,22.969999313354492,22.969999313354492,97500
2019-11-14,22.75,24.25,22.75,23.690000534057617,23.690000534057617,198400
2019-11-15,23.760000228881836,23.979999542236328,22.809999465942383,23.809999465942383,23.809999465942383,114400
2019-11-18,23.790000915527344,24.1200008392334,22.760000228881836,23.040000915527344,23.040000915527344,277900
2019-11-19,23.09000015258789,23.6299991607666,21.670000076293945,21.860000610351562,21.860000610351562,226000
2019-11-20,21.780000686645508,22.889999389648438,20.610000610351562,21.56999969482422,21.56999969482422,272300
2019-11-21,21.530000686645508,21.649999618530273,20.799999237060547,21.440000534057617,21.440000534057617,281300
2019-11-22,20.809999465942383,21.559999465942383,20.059999465942383,20.1200008392334,20.1200008392334,205200
2019-11-25,20.1299991607666,21.950000762939453,20.100000381469727,21.25,21.25,143400
2019-11-26,21.18000030517578,22.399999618530273,20.809999465942383,21.959999084472656,21.959999084472656,203800
2019-11-27,21.979999542236328,22.549999237060547,21.610000610351562,21.81999969482422,21.81999969482422,82100
2019-11-29,21.8700008392334,22.670000076293945,21.59000015258789,22.299999237060547,22.299999237060547,71100
2019-12-02,22.610000610351562,23.030000686645508,20.420000076293945,20.760000228881836,20.760000228881836,217800
2019-12-03,20.3799991607666,21.149999618530273,19.850000381469727,21.0,21.0,161800
2019-12-04,21.139999389648438,21.670000076293945,20.739999771118164,21.450000762939453,21.450000762939453,127200
2019-12-05,21.450000762939453,25.450000762939453,21.450000762939453,24.959999084472656,24.959999084472656,482400
2019-12-06,25.299999237060547,28.649999618530273,25.18000030517578,26.940000534057617,26.940000534057617,387200
2019-12-09,27.139999389648438,29.719999313354492,26.979999542236328,28.350000381469727,28.350000381469727,217400
2019-12-10,28.270000457763672,28.59000015258789,27.040000915527344,27.670000076293945,27.670000076293945,218000
2019-12-11,27.989999771118164,29.420000076293945,27.850000381469727,28.670000076293945,28.670000076293945,147800
2019-12-12,28.610000610351562,29.3700008392334,27.5,27.90999984741211,27.90999984741211,188300
2019-12-13,27.739999771118164,27.739999771118164,24.530000686645508,24.969999313354492,24.969999313354492,237600
2019-12-16,25.15999984741211,25.719999313354492,24.450000762939453,24.56999969482422,24.56999969482422,149800
2019-12-17,24.5,25.1200008392334,23.399999618530273,23.510000228881836,23.510000228881836,128700
2019-12-18,23.40999984741211,23.729999542236328,22.149999618530273,22.280000686645508,22.280000686645508,168700
2019-12-19,22.280000686645508,22.299999237060547,20.6299991607666,20.739999771118164,20.739999771118164,271600
2019-12-20,20.739999771118164,21.3700008392334,20.25,21.299999237060547,21.299999237060547,206600
2019-12-23,21.450000762939453,21.850000381469727,20.549999237060547,21.079999923706055,21.079999923706055,179600
2019-12-24,20.989999771118164,21.93000030517578,20.5,21.75,21.75,90800
2019-12-26,21.889999389648438,21.959999084472656,21.1299991607666,21.31999969482422,21.31999969482422,101200
2019-12-27,21.40999984741211,21.5,20.700000762939453,21.100000381469727,21.100000381469727,125900
2019-12-30,20.969999313354492,20.989999771118164,20.149999618530273,20.579999923706055,20.579999923706055,192500
2019-12-31,20.3799991607666,21.059999465942383,20.18000030517578,20.8700008392334,20.8700008392334,226200
2020-01-02,21.079999923706055,23.280000686645508,20.850000381469727,22.530000686645508,22.530000686645508,302400
2020-01-03,21.649999618530273,22.280000686645508,20.610000610351562,20.940000534057617,20.940000534057617,211300
2020-01-06,20.530000686645508,21.459999084472656,20.270000457763672,20.790000915527344,20.790000915527344,194500
2020-01-07,20.780000686645508,21.309999465942383,20.520000457763672,20.959999084472656,20.959999084472656,104600
2020-01-08,20.959999084472656,22.399999618530273,20.649999618530273,20.84000015258789,20.84000015258789,160700
2020-01-09,21.020000457763672,21.110000610351562,20.25,20.889999389648438,20.889999389648438,182000
2020-01-10,20.719999313354492,22.15999984741211,20.719999313354492,21.700000762939453,21.700000762939453,201600
2020-01-13,21.760000228881836,22.920000076293945,21.440000534057617,22.8799991607666,22.8799991607666,157000
2020-01-14,22.579999923706055,24.700000762939453,22.459999084472656,24.510000228881836,24.510000228881836,218200
2020-01-15,24.510000228881836,26.3799991607666,24.510000228881836,26.06999969482422,26.06999969482422,193800
2020-01-16,26.299999237060547,27.299999237060547,26.06999969482422,26.420000076293945,26.420000076293945,156800
2020-01-17,26.610000610351562,27.729999542236328,26.139999389648438,27.09000015258789,27.09000015258789,217700
2020-01-21,27.09000015258789,28.479999542236328,27.040000915527344,28.170000076293945,28.170000076293945,156600
2020-01-22,28.309999465942383,29.860000610351562,27.889999389648438,28.8700008392334,28.8700008392334,224000
2020-01-23,28.549999237060547,31.75,28.360000610351562,31.270000457763672,31.270000457763672,269400
2020-01-24,31.360000610351562,32.900001525878906,28.799999237060547,29.6200008392334,29.6200008392334,231600
2020-01-27,28.56999969482422,30.09000015258789,28.489999771118164,29.68000030517578,29.68000030517578,87900
2020-01-28,30.360000610351562,31.799999237060547,30.360000610351562,31.360000610351562,31.360000610351562,161400
2020-01-29,31.5,31.5,29.6200008392334,30.200000762939453,30.200000762939453,160500
2020-01-30,29.8700008392334,30.899999618530273,29.56999969482422,29.959999084472656,29.959999084472656,111500
2020-01-31,29.649999618530273,29.649999618530273,25.440000534057617,25.559999465942383,25.559999465942383,214800
2020-02-03,25.510000228881836,25.729999542236328,23.1200008392334,23.270000457763672,23.270000457763672,251400
2020-02-04,23.5,24.059999465942383,22.309999465942383,23.56999969482422,23.56999969482422,242100
2020-02-05,24.0,25.079999923706055,22.920000076293945,24.649999618530273,24.649999618530273,202500
2020-02-06,25.030000686645508,25.719999313354492,24.270000457763672,24.510000228881836,24.510000228881836,184900
2020-02-07,24.350000381469727,25.270000457763672,23.5,24.93000030517578,24.93000030517578,114400
2020-02-10,24.889999389648438,26.459999084472656,24.5,26.350000381469727,26.350000381469727,135900
2020-02-11,26.799999237060547,29.170000076293945,26.600000381469727,28.959999084472656,28.959999084472656,215500
2020-02-12,29.06999969482422,30.34000015258789,28.649999618530273,29.149999618530273,29.149999618530273,130900
2020-02-13,28.959999084472656,29.920000076293945,28.25,28.690000534057617,28.690000534057617,77000
2020-02-14,28.719999313354492,28.979999542236328,27.260000228881836,27.59000015258789,27.59000015258789,155000
2020-02-18,27.40999984741211,28.979999542236328,27.270000457763672,28.81999969482422,28.81999969482422,72100
2020-02-19,28.799999237060547,31.56999969482422,28.799999237060547,31.520000457763672,31.520000457763672,159100
2020-02-20,31.56999969482422,32.54999923706055,28.8799991607666,30.540000915527344,30.540000915527344,115600
2020-02-21,30.3799991607666,30.899999618530273,29.309999465942383,30.469999313354492,30.469999313354492,146100
2020-02-24,28.530000686645508,29.899999618530273,28.40999984741211,29.610000610351562,29.610000610351562,62900
2020-02-25,29.56999969482422,29.8700008392334,25.860000610351562,25.950000762939453,25.950000762939453,277600
2020-02-26,25.760000228881836,27.450000762939453,25.5,26.299999237060547,26.299999237060547,118700
2020-02-27,25.0,26.530000686645508,23.600000381469727,25.420000076293945,25.420000076293945,160400
2020-02-28,23.790000915527344,26.030000686645508,23.649999618530273,24.75,24.75,88700
2020-03-02,25.0,25.170000076293945,23.729999542236328,24.610000610351562,24.610000610351562,155400
2020-03-03,24.65999984741211,26.799999237060547,24.020000457763672,25.610000610351562,25.610000610351562,145400
2020-03-04,26.479999542236328,27.600000381469727,25.81999969482422,26.670000076293945,26.670000076293945,116500
2020-03-05,25.739999771118164,26.3799991607666,24.190000534057617,24.649999618530273,24.649999618530273,135800
2020-03-06,23.969999313354492,24.43000030517578,22.700000762939453,23.190000534057617,23.190000534057617,98200
2020-03-09,19.700000762939453,21.15999984741211,18.479999542236328,18.489999771118164,18.489999771118164,173100
2020-03-10,19.31999969482422,19.329999923706055,13.779999732971191,16.920000076293945,16.920000076293945,356200
2020-03-11,16.280000686645508,16.280000686645508,12.649999618530273,12.8100004196167,12.8100004196167,300000
2020-03-12,9.369999885559082,10.920000076293945,8.770000457763672,10.210000038146973,10.210000038146973,314500
2020-03-13,11.050000190734863,11.229999542236328,7.300000190734863,9.899999618530273,9.899999618530273,229500
2020-03-16,8.199999809265137,8.300000190734863,6.75,7.0,7.0,322800
2020-03-17,7.139999866485596,7.78000020980835,6.090000152587891,7.079999923706055,7.079999923706055,294700
2020-03-18,6.809999942779541,6.96999979019165,5.119999885559082,5.71999979019165,5.71999979019165,317900
2020-03-19,5.78000020980835,8.869999885559082,5.460000038146973,7.570000171661377,7.570000171661377,411100
2020-03-20,7.960000038146973,8.649999618530273,7.010000228881836,7.820000171661377,7.820000171661377,269400
2020-03-23,7.590000152587891,7.699999809265137,6.25,6.909999847412109,6.909999847412109,211400
2020-03-24,7.550000190734863,10.460000038146973,7.550000190734863,9.569999694824219,9.569999694824219,309300
2020-03-25,9.899999618530273,11.8100004196167,9.199999809265137,11.239999771118164,11.239999771118164,309800
2020-03-26,11.800000190734863,11.800000190734863,10.109999656677246,10.350000381469727,10.350000381469727,306200
2020-03-27,10.279999732971191,10.279999732971191,9.260000228881836,9.609999656677246,9.609999656677246,162900
2020-03-30,9.510000228881836,9.510000228881836,8.25,8.300000190734863,8.300000190734863,202300
2020-03-31,8.029999732971191,9.149999618530273,8.029999732971191,8.239999771118164,8.239999771118164,143300
2020-04-01,7.800000190734863,8.779999732971191,6.920000076293945,6.96999979019165,6.96999979019165,226000
2020-04-02,7.199999809265137,7.510000228881836,6.349999904632568,6.610000133514404,6.610000133514404,189500
2020-04-03,6.760000228881836,6.940000057220459,6.159999847412109,6.440000057220459,6.440000057220459,205900
2020-04-06,6.989999771118164,8.0,6.860000133514404,7.480000019073486,7.480000019073486,317200
2020-04-07,8.0,8.770000457763672,7.28000020980835,7.639999866485596,7.639999866485596,315100
2020-04-08,7.980000019073486,9.960000038146973,7.699999809265137,9.520000457763672,9.520000457763672,537600
2020-04-09,10.239999771118164,12.0,9.829999923706055,10.479999542236328,10.479999542236328,497200
2020-04-13,10.5,11.0,9.069999694824219,10.0600004196167,10.0600004196167,230400
2020-04-14,10.609999656677246,11.489999771118164,10.119999885559082,10.609999656677246,10.609999656677246,255300
2020-04-15,10.300000190734863,10.300000190734863,9.600000381469727,9.8100004196167,9.8100004196167,248400
2020-04-16,9.75,9.84000015258789,8.520000457763672,9.050000190734863,9.050000190734863,135100
2020-04-17,9.859999656677246,10.369999885559082,9.350000381469727,9.760000228881836,9.760000228881836,193100
2020-04-20,9.489999771118164,9.529999732971191,9.0,9.239999771118164,9.239999771118164,163800
2020-04-21,9.0,9.40999984741211,8.510000228881836,9.100000381469727,9.100000381469727,203300
2020-04-22,9.34000015258789,9.350000381469727,8.699999809265137,8.84000015258789,8.84000015258789,86800
2020-04-23,8.979999542236328,9.199999809265137,8.600000381469727,8.760000228881836,8.760000228881836,119600
2020-04-24,8.770000457763672,9.760000228881836,8.680000305175781,9.630000114440918,9.630000114440918,186700
2020-04-27,9.920000076293945,10.279999732971191,9.75,9.880000114440918,9.880000114440918,272000
2020-04-28,10.300000190734863,12.239999771118164,10.1899995803833,11.90999984741211,11.90999984741211,507300
2020-04-29,11.960000038146973,14.170000076293945,11.960000038146973,13.1899995803833,13.1899995803833,410900
2020-04-30,12.420000076293945,12.800000190734863,11.449999809265137,12.619999885559082,12.619999885559082,240100
2020-05-01,12.050000190734863,12.329999923706055,11.010000228881836,11.699999809265137,11.699999809265137,114600
2020-05-04,11.350000381469727,12.260000228881836,11.0,11.979999542236328,11.979999542236328,106600
2020-05-05,12.569999694824219,13.329999923706055,10.720000267028809,10.890000343322754,10.890000343322754,422900
2020-05-06,10.779999732971191,11.430000305175781,10.380000114440918,10.539999961853027,10.539999961853027,119300
2020-05-07,11.3100004196167,11.3100004196167,10.40999984741211,10.819999694824219,10.819999694824219,152100
2020-05-08,11.09000015258789,12.329999923706055,10.649999618530273,12.279999732971191,12.279999732971191,251400
2020-05-11,12.380000114440918,12.489999771118164,11.329999923706055,11.819999694824219,11.819999694824219,160000
2020-05-12,11.859999656677246,12.079999923706055,11.270000457763672,11.430000305175781,11.430000305175781,81300
2020-05-13,11.359999656677246,11.460000038146973,10.199999809265137,10.5600004196167,10.5600004196167,145400
2020-05-14,10.319999694824219,10.9399995803833,9.670000076293945,10.869999885559082,10.869999885559082,163300
2020-05-15,10.819999694824219,11.579999923706055,10.329999923706055,11.140000343322754,11.140000343322754,104200
2020-05-18,11.739999771118164,13.289999961853027,11.739999771118164,13.0600004196167,13.0600004196167,287100
2020-05-19,13.0600004196167,13.970000267028809,12.510000228881836,13.279999732971191,13.279999732971191,169600
2020-05-20,13.479999542236328,14.5,12.4399995803833,12.989999771118164,12.989999771118164,215600
2020-05-21,12.819999694824219,13.640000343322754,12.520000457763672,12.859999656677246,12.859999656677246,210400
2020-05-22,13.0,13.600000381469727,12.680000305175781,13.5600004196167,13.5600004196167,103800
2020-05-26,14.229999542236328,15.550000190734863,13.979999542236328,14.920000076293945,14.920000076293945,224000
2020-05-27,15.75,17.25,14.550000190734863,17.100000381469727,17.100000381469727,272700
2020-05-28,17.899999618530273,17.950000762939453,15.890000343322754,16.010000228881836,16.010000228881836,267500
2020-05-29,15.699999809265137,16.670000076293945,15.380000114440918,16.350000381469727,16.350000381469727,96700
2020-06-01,16.469999313354492,17.450000762939453,16.09000015258789,16.209999084472656,16.209999084472656,148700
2020-06-02,16.34000015258789,17.709999084472656,16.219999313354492,17.489999771118164,17.489999771118164,192400
2020-06-03,17.799999237060547,17.950000762939453,16.760000228881836,17.360000610351562,17.360000610351562,297100
2020-06-04,18.149999618530273,23.280000686645508,17.5,22.1299991607666,22.1299991607666,621600
2020-06-05,23.709999084472656,26.719999313354492,23.709999084472656,25.809999465942383,25.809999465942383,468000
2020-06-08,26.68000030517578,27.8799991607666,26.139999389648438,26.700000762939453,26.700000762939453,381000
2020-06-09,25.889999389648438,29.780000686645508,25.0,27.65999984741211,27.65999984741211,444400
2020-06-10,27.65999984741211,27.84000015258789,25.670000076293945,26.420000076293945,26.420000076293945,263900
2020-06-11,24.309999465942383,25.25,19.270000457763672,19.559999465942383,19.559999465942383,419900
2020-06-12,21.25,21.979999542236328,19.59000015258789,20.940000534057617,20.940000534057617,649700
2020-06-15,19.360000610351562,23.8799991607666,18.709999084472656,23.850000381469727,23.850000381469727,314900
2020-06-16,26.239999771118164,27.020000457763672,23.979999542236328,26.389999389648438,26.389999389648438,330700
2020-06-17,26.469999313354492,27.0,24.75,25.09000015258789,25.09000015258789,130400
2020-06-18,24.5,25.8799991607666,23.530000686645508,24.0,24.0,148700
2020-06-19,24.760000228881836,24.979999542236328,22.149999618530273,23.309999465942383,23.309999465942383,182600
2020-06-22,22.8799991607666,23.149999618530273,22.079999923706055,23.09000015258789,23.09000015258789,146100
2020-06-23,23.700000762939453,23.979999542236328,22.690000534057617,23.690000534057617,23.690000534057617,159900
2020-06-24,22.8700008392334,23.5,21.1299991607666,22.850000381469727,22.850000381469727,177800
2020-06-25,22.25,22.809999465942383,21.260000228881836,22.0,22.0,148700
2020-06-26,21.790000915527344,21.790000915527344,20.489999771118164,20.790000915527344,20.790000915527344,108700
2020-06-29,21.059999465942383,23.610000610351562,20.25,23.260000228881836,23.260000228881836,183600
2020-06-30,23.260000228881836,23.719999313354492,22.520000457763672,23.389999389648438,23.389999389648438,104100
2020-07-01,23.510000228881836,23.68000030517578,21.889999389648438,21.959999084472656,21.959999084472656,101900
2020-07-02,23.010000228881836,23.399999618530273,21.18000030517578,21.979999542236328,21.979999542236328,190800
2020-07-06,22.690000534057617,22.690000534057617,21.3799991607666,21.6299991607666,21.6299991607666,96300
2020-07-07,21.299999237060547,21.90999984741211,20.5,21.399999618530273,21.399999618530273,168000
2020-07-08,21.760000228881836,23.649999618530273,21.59000015258789,22.290000915527344,22.290000915527344,211700
2020-07-09,22.209999084472656,22.780000686645508,20.3799991607666,21.040000915527344,21.040000915527344,172900
2020-07-10,21.149999618530273,22.399999618530273,20.739999771118164,21.6299991607666,21.6299991607666,132500
2020-07-13,22.299999237060547,22.299999237060547,20.0,20.18000030517578,20.18000030517578,146000
2020-07-14,20.18000030517578,20.899999618530273,19.06999969482422,20.489999771118164,20.489999771118164,266100
2020-07-15,21.65999984741211,21.8799991607666,20.350000381469727,21.510000228881836,21.510000228881836,190200
2020-07-16,21.1299991607666,22.969999313354492,20.690000534057617,22.610000610351562,22.610000610351562,171600
2020-07-17,22.809999465942383,23.959999084472656,21.579999923706055,22.18000030517578,22.18000030517578,151800
2020-07-20,22.5,22.829999923706055,21.760000228881836,22.0,22.0,103500
2020-07-21,22.5,22.719999313354492,21.600000381469727,21.760000228881836,21.760000228881836,81100
2020-07-22,21.65999984741211,23.6299991607666,21.389999389648438,22.920000076293945,22.920000076293945,180000
2020-07-23,23.139999389648438,24.329999923706055,21.010000228881836,22.3700008392334,22.3700008392334,211100
2020-07-24,21.84000015258789,22.489999771118164,21.020000457763672,21.649999618530273,21.649999618530273,104000
2020-07-27,21.959999084472656,22.09000015258789,21.270000457763672,21.739999771118164,21.739999771118164,95100
2020-07-28,21.75,22.329999923706055,21.229999542236328,21.389999389648438,21.389999389648438,136200
2020-07-29,21.479999542236328,26.219999313354492,21.440000534057617,26.110000610351562,26.110000610351562,378400
2020-07-30,25.43000030517578,25.450000762939453,23.709999084472656,24.440000534057617,24.440000534057617,199900
2020-07-31,24.239999771118164,24.8700008392334,22.100000381469727,23.299999237060547,23.299999237060547,238600
2020-08-03,23.56999969482422,25.479999542236328,23.5,24.649999618530273,24.649999618530273,151600
2020-08-04,24.450000762939453,25.700000762939453,24.270000457763672,25.219999313354492,25.219999313354492,211000
2020-08-05,25.809999465942383,26.100000381469727,25.0,25.670000076293945,25.670000076293945,192800
2020-08-06,25.760000228881836,27.780000686645508,25.5,26.600000381469727,26.600000381469727,366100
2020-08-07,26.5,27.68000030517578,25.06999969482422,25.690000534057617,25.690000534057617,203500
2020-08-10,25.90999984741211,28.600000381469727,25.899999618530273,27.209999084472656,27.209999084472656,275700
2020-08-11,27.979999542236328,28.260000228881836,26.0,26.190000534057617,26.190000534057617,255500
2020-08-12,26.770000457763672,27.969999313354492,26.309999465942383,27.5,27.5,153900
2020-08-13,27.520000457763672,29.6200008392334,27.329999923706055,28.649999618530273,28.649999618530273,241800
2020-08-14,28.690000534057617,29.25,27.709999084472656,28.530000686645508,28.530000686645508,124200
2020-08-17,29.030000686645508,34.59000015258789,28.700000762939453,34.310001373291016,34.310001373291016,467900
2020-08-18,35.08000183105469,35.77000045776367,33.02000045776367,33.220001220703125,33.220001220703125,319100
2020-08-19,33.459999084472656,34.150001525878906,32.04999923706055,33.65999984741211,33.65999984741211,120900
2020-08-20,33.58000183105469,35.29999923706055,33.5,33.5,33.5,109600
2020-08-21,33.08000183105469,34.83000183105469,33.08000183105469,34.380001068115234,34.380001068115234,152000
2020-08-24,35.13999938964844,35.25,33.52000045776367,34.310001373291016,34.310001373291016,135500
2020-08-25,34.220001220703125,34.380001068115234,32.52000045776367,33.29999923706055,33.29999923706055,162000
2020-08-26,33.5,34.720001220703125,32.88999938964844,33.720001220703125,33.720001220703125,126100
2020-08-27,34.0,34.29999923706055,32.08000183105469,32.83000183105469,32.83000183105469,78100
2020-08-28,33.029998779296875,33.900001525878906,32.95000076293945,33.279998779296875,33.279998779296875,107800
2020-08-31,33.5,33.81999969482422,30.190000534057617,31.31999969482422,31.31999969482422,214100
2020-09-01,30.940000534057617,34.290000915527344,30.100000381469727,34.06999969482422,34.06999969482422,125400
2020-09-02,34.380001068115234,34.9900016784668,32.5099983215332,34.25,34.25,103900
2020-09-03,35.5,36.43000030517578,30.809999465942383,33.400001525878906,33.400001525878906,287900
2020-09-04,33.310001373291016,33.81999969482422,26.030000686645508,29.200000762939453,29.200000762939453,496100
2020-09-08,28.280000686645508,30.030000686645508,28.030000686645508,28.65999984741211,28.65999984741211,178100
2020-09-09,29.0,31.8799991607666,28.469999313354492,31.010000228881836,31.010000228881836,170800
2020-09-10,31.15999984741211,31.459999084472656,29.190000534057617,29.56999969482422,29.56999969482422,146000
2020-09-11,29.989999771118164,31.110000610351562,29.799999237060547,30.670000076293945,30.670000076293945,126100
2020-09-14,31.440000534057617,32.20000076293945,30.59000015258789,31.8799991607666,31.8799991607666,104200
2020-09-15,32.25,33.09000015258789,30.40999984741211,30.790000915527344,30.790000915527344,137000
2020-09-16,30.719999313354492,32.310001373291016,30.649999618530273,31.719999313354492,31.719999313354492,74900
2020-09-17,30.969999313354492,32.29999923706055,30.65999984741211,30.899999618530273,30.899999618530273,69800
2020-09-18,30.81999969482422,31.25,28.700000762939453,29.389999389648438,29.389999389648438,144600
2020-09-21,28.510000228881836,29.280000686645508,27.43000030517578,29.059999465942383,29.059999465942383,128200
2020-09-22,29.110000610351562,31.239999771118164,28.59000015258789,30.780000686645508,30.780000686645508,165600
2020-09-23,31.079999923706055,31.979999542236328,28.770000457763672,28.81999969482422,28.81999969482422,97000
2020-09-24,28.770000457763672,30.399999618530273,27.940000534057617,29.770000457763672,29.770000457763672,141900
2020-09-25,29.610000610351562,30.68000030517578,29.059999465942383,29.209999084472656,29.209999084472656,83600
2020-09-28,30.020000457763672,32.81999969482422,29.81999969482422,32.40999984741211,32.40999984741211,212900
2020-09-29,31.8700008392334,32.040000915527344,30.299999237060547,30.850000381469727,30.850000381469727,101400
2020-09-30,30.8700008392334,33.2599983215332,30.6299991607666,32.52000045776367,32.52000045776367,129600
2020-10-01,32.7599983215332,34.65999984741211,32.310001373291016,34.5099983215332,34.5099983215332,156400
2020-10-02,33.34000015258789,36.720001220703125,32.709999084472656,35.90999984741211,35.90999984741211,179700
2020-10-05,36.83000183105469,37.9900016784668,34.33000183105469,34.77000045776367,34.77000045776367,178100
2020-10-06,35.61000061035156,35.689998626708984,33.20000076293945,33.560001373291016,33.560001373291016,151900
2020-10-07,34.5,35.470001220703125,34.2400016784668,34.810001373291016,34.810001373291016,70000
2020-10-08,35.54999923706055,37.5,35.13999938964844,37.130001068115234,37.130001068115234,103300
2020-10-09,37.790000915527344,38.18000030517578,35.810001373291016,36.540000915527344,36.540000915527344,82000
2020-10-12,37.099998474121094,37.099998474121094,35.040000915527344,35.9900016784668,35.9900016784668,59300
2020-10-13,35.54999923706055,35.869998931884766,34.0,35.59000015258789,35.59000015258789,99000
2020-10-14,35.79999923706055,36.08000183105469,34.310001373291016,34.75,34.75,54600
2020-10-15,33.709999084472656,35.4900016784668,33.599998474121094,35.34000015258789,35.34000015258789,52300
2020-10-16,35.599998474121094,36.400001525878906,35.16999816894531,35.16999816894531,35.16999816894531,62500
2020-10-19,35.91999816894531,36.400001525878906,34.380001068115234,34.54999923706055,34.54999923706055,57100
2020-10-20,34.54999923706055,35.54999923706055,33.81999969482422,34.369998931884766,34.369998931884766,71700
2020-10-21,34.70000076293945,34.93000030517578,32.52000045776367,32.75,32.75,102200
2020-10-22,32.7599983215332,33.2400016784668,30.5,31.0,31.0,121700
2020-10-23,31.15999984741211,33.029998779296875,31.059999465942383,32.70000076293945,32.70000076293945,94000
2020-10-26,32.150001525878906,33.27000045776367,31.290000915527344,33.0,33.0,822100
2020-10-27,32.5,33.0,31.6200008392334,32.470001220703125,32.470001220703125,254600
2020-10-28,31.479999542236328,32.779998779296875,30.049999237060547,32.650001525878906,32.650001525878906,431100
2020-10-29,32.5,34.20000076293945,31.809999465942383,33.34000015258789,33.34000015258789,1230000
2020-10-30,33.04999923706055,33.25,31.059999465942383,31.760000228881836,31.760000228881836,464700
2020-11-02,32.47999954223633,34.709999084472656,32.20000076293945,34.22999954223633,34.22999954223633,317700
2020-11-03,34.95000076293945,38.400001525878906,34.52000045776367,36.849998474121094,36.849998474121094,623500
2020-11-04,36.849998474121094,39.25,36.849998474121094,38.02000045776367,38.02000045776367,248800
2020-11-05,38.72999954223633,40.380001068115234,37.18000030517578,38.220001220703125,38.220001220703125,266800
2020-11-06,38.27000045776367,38.68000030517578,35.97999954223633,36.040000915527344,36.040000915527344,275700
2020-11-09,38.0,38.0,34.84000015258789,35.369998931884766,35.369998931884766,256700
2020-11-10,35.709999084472656,37.11000061035156,35.2400016784668,36.349998474121094,36.349998474121094,149800
2020-11-11,36.619998931884766,37.79999923706055,35.79999923706055,37.68000030517578,37.68000030517578,61400
2020-11-12,37.349998474121094,39.29999923706055,36.189998626708984,37.45000076293945,37.45000076293945,141500
2020-11-13,37.630001068115234,40.25,37.459999084472656,39.86000061035156,39.86000061035156,113700
2020-11-16,41.0,41.22999954223633,38.79999923706055,41.16999816894531,41.16999816894531,77300
2020-11-17,40.79999923706055,41.43000030517578,39.16999816894531,39.380001068115234,39.380001068115234,119000
2020-11-18,39.560001373291016,41.650001525878906,39.15999984741211,39.290000915527344,39.290000915527344,152900
2020-11-19,39.0,40.20000076293945,38.470001220703125,38.709999084472656,38.709999084472656,131700
2020-11-20,38.779998779296875,39.459999084472656,37.439998626708984,37.709999084472656,37.709999084472656,106000
2020-11-23,38.099998474121094,41.18000030517578,38.0,39.810001373291016,39.810001373291016,233400
2020-11-24,40.83000183105469,41.380001068115234,39.470001220703125,39.790000915527344,39.790000915527344,129100
2020-11-25,39.720001220703125,42.470001220703125,39.33000183105469,41.459999084472656,41.459999084472656,140800
2020-11-27,41.70000076293945,42.25,40.220001220703125,40.58000183105469,40.58000183105469,97700
2020-11-30,40.34000015258789,40.66999816894531,38.16999816894531,39.93000030517578,39.93000030517578,102900
2020-12-01,40.810001373291016,40.849998474121094,38.349998474121094,38.59000015258789,38.59000015258789,70600
2020-12-02,38.189998626708984,38.61000061035156,37.11000061035156,37.75,37.75,73400
2020-12-03,37.9900016784668,38.86000061035156,37.75,38.7599983215332,38.7599983215332,91200
2020-12-04,39.16999816894531,39.40999984741211,38.0,38.31999969482422,38.31999969482422,74900
2020-12-07,38.599998474121094,39.130001068115234,38.220001220703125,39.130001068115234,39.130001068115234,126300
2020-12-08,38.77000045776367,38.970001220703125,37.349998474121094,38.209999084472656,38.209999084472656,157800
2020-12-09,38.65999984741211,39.79999923706055,35.5,36.150001525878906,36.150001525878906,243300
2020-12-10,36.0,36.0099983215332,33.15999984741211,35.060001373291016,35.060001373291016,287000
2020-12-11,34.88999938964844,35.0,33.349998474121094,33.79999923706055,33.79999923706055,181600
2020-12-14,34.189998626708984,34.310001373291016,33.0,33.2400016784668,33.2400016784668,136900
2020-12-15,33.5,34.9900016784668,33.349998474121094,34.630001068115234,34.630001068115234,160700
2020-12-16,34.849998474121094,34.849998474121094,33.25,34.119998931884766,34.119998931884766,87900
2020-12-17,34.380001068115234,36.849998474121094,34.380001068115234,35.900001525878906,35.900001525878906,168900
2020-12-18,36.0,36.869998931884766,35.63999938964844,36.290000915527344,36.290000915527344,119000
2020-12-21,35.40999984741211,36.900001525878906,34.58000183105469,36.06999969482422,36.06999969482422,75200
2020-12-22,36.220001220703125,37.189998626708984,35.58000183105469,36.90999984741211,36.90999984741211,55700
2020-12-23,37.040000915527344,37.08000183105469,34.810001373291016,35.59000015258789,35.59000015258789,111600
2020-12-24,35.470001220703125,36.599998474121094,34.52000045776367,36.16999816894531,36.16999816894531,44000
2020-12-28,36.7599983215332,36.7599983215332,35.02000045776367,35.38999938964844,35.38999938964844,60300
2020-12-29,35.5099983215332,35.599998474121094,33.220001220703125,35.34000015258789,35.34000015258789,117000
2020-12-30,35.34000015258789,35.52000045776367,33.7599983215332,34.13999938964844,34.13999938964844,73300
2020-12-31,34.209999084472656,34.209999084472656,32.29999923706055,32.86000061035156,32.86000061035156,102900
2021-01-04,32.7599983215332,32.7599983215332,30.170000076293945,31.850000381469727,31.850000381469727,136800
2021-01-05,31.520000457763672,32.2599983215332,30.950000762939453,31.690000534057617,31.690000534057617,48500
2021-01-06,31.549999237060547,32.810001373291016,30.579999923706055,31.8700008392334,31.8700008392334,96400
2021-01-07,32.119998931884766,33.209999084472656,32.060001373291016,33.209999084472656,33.209999084472656,72400
2021-01-08,33.209999084472656,33.36000061035156,31.040000915527344,31.809999465942383,31.809999465942383,145800
2021-01-11,31.06999969482422,33.54999923706055,30.729999542236328,32.310001373291016,32.310001373291016,126900
2021-01-12,32.54999923706055,33.029998779296875,31.010000228881836,32.16999816894531,32.16999816894531,117200
2021-01-13,32.56999969482422,33.540000915527344,32.029998779296875,33.439998626708984,33.439998626708984,129400
2021-01-14,33.650001525878906,34.900001525878906,32.439998626708984,34.459999084472656,34.459999084472656,68900
2021-01-15,34.150001525878906,35.459999084472656,33.529998779296875,34.369998931884766,34.369998931884766,67800
2021-01-19,34.9900016784668,35.7599983215332,34.0,35.310001373291016,35.310001373291016,86400
2021-01-20,35.439998626708984,38.599998474121094,35.439998626708984,38.400001525878906,38.400001525878906,138700
2021-01-21,38.630001068115234,40.0,37.459999084472656,39.45000076293945,39.45000076293945,136400
2021-01-22,38.849998474121094,41.0099983215332,37.77000045776367,40.79999923706055,40.79999923706055,163200
2021-01-25,41.22999954223633,45.0,40.54999923706055,41.70000076293945,41.70000076293945,153000
2021-01-26,41.810001373291016,44.5,41.43000030517578,43.869998931884766,43.869998931884766,155500
2021-01-27,42.63999938964844,46.65999984741211,42.619998931884766,45.43000030517578,45.43000030517578,179800
2021-01-28,45.06999969482422,51.33000183105469,45.06999969482422,51.09000015258789,51.09000015258789,304200
2021-01-29,51.33000183105469,54.83000183105469,50.0099983215332,51.15999984741211,51.15999984741211,238100
2021-02-01,52.20000076293945,52.29999923706055,48.22999954223633,50.61000061035156,50.61000061035156,150400
2021-02-02,51.38999938964844,51.7400016784668,46.869998931884766,47.560001373291016,47.560001373291016,155200
2021-02-03,47.72999954223633,49.22999954223633,47.11000061035156,48.400001525878906,48.400001525878906,94100
2021-02-04,48.560001373291016,49.7599983215332,47.959999084472656,48.0,48.0,82000
2021-02-05,48.66999816894531,50.02000045776367,48.0,48.25,48.25,164800
2021-02-08,48.880001068115234,49.599998474121094,48.290000915527344,48.5,48.5,156600
2021-02-09,48.65999984741211,52.43000030517578,47.70000076293945,51.65999984741211,51.65999984741211,158100
2021-02-10,51.86000061035156,58.0,50.63999938964844,57.189998626708984,57.189998626708984,191600
2021-02-11,57.0099983215332,59.560001373291016,56.02000045776367,58.029998779296875,58.029998779296875,112900
2021-02-12,57.65999984741211,57.86000061035156,54.400001525878906,55.400001525878906,55.400001525878906,86800
2021-02-16,55.0,56.720001220703125,53.93000030517578,55.43000030517578,55.43000030517578,76900
2021-02-17,55.779998779296875,60.31999969482422,55.150001525878906,58.4900016784668,58.4900016784668,89800
2021-02-18,57.75,58.52000045776367,56.18000030517578,58.08000183105469,58.08000183105469,50400
2021-02-19,56.7400016784668,60.400001525878906,56.470001220703125,58.470001220703125,58.470001220703125,72100
2021-02-22,58.4900016784668,60.0,57.130001068115234,57.900001525878906,57.900001525878906,81100
2021-02-23,57.38999938964844,58.779998779296875,54.20000076293945,58.599998474121094,58.599998474121094,85900
2021-02-24,57.400001525878906,61.189998626708984,57.400001525878906,60.619998931884766,60.619998931884766,105200
2021-02-25,59.880001068115234,60.36000061035156,53.599998474121094,53.75,53.75,123100
2021-02-26,54.9900016784668,58.66999816894531,52.209999084472656,57.52000045776367,57.52000045776367,143900
2021-03-01,59.33000183105469,60.9900016784668,58.040000915527344,59.11000061035156,59.11000061035156,75800
2021-03-02,61.0,82.4800033569336,61.0,78.72000122070312,78.72000122070312,620000
2021-03-03,78.5999984741211,88.44999694824219,76.12999725341797,88.01000213623047,88.01000213623047,280300
2021-03-04,86.88999938964844,91.73999786376953,75.51000213623047,77.0199966430664,77.0199966430664,266600
2021-03-05,78.69999694824219,80.45999908447266,72.0199966430664,79.41999816894531,79.41999816894531,144300
2021-03-08,81.0,86.6500015258789,80.47000122070312,85.63999938964844,85.63999938964844,140200
2021-03-09,87.41999816894531,90.30000305175781,84.7699966430664,89.6500015258789,89.6500015258789,103000
2021-03-10,90.5,102.86000061035156,89.98999786376953,101.7300033569336,101.7300033569336,284500
2021-03-11,102.29000091552734,105.25,95.18000030517578,103.19000244140625,103.19000244140625,189400
2021-03-12,101.98999786376953,103.93000030517578,98.22000122070312,102.37000274658203,102.37000274658203,130200
2021-03-15,104.12999725341797,106.0,100.94999694824219,103.4800033569336,103.4800033569336,90400
2021-03-16,102.9800033569336,107.5,100.16000366210938,102.80000305175781,102.80000305175781,119000
2021-03-17,100.94999694824219,114.25,96.5199966430664,114.08999633789062,114.08999633789062,195400
2021-03-18,112.04000091552734,113.86000061035156,104.29000091552734,104.66999816894531,104.66999816894531,99100
2021-03-19,103.79000091552734,108.2300033569336,102.05000305175781,105.19999694824219,105.19999694824219,126300
2021-03-22,107.08999633789062,109.45999908447266,102.0,104.25,104.25,65800
2021-03-23,104.27999877929688,108.93000030517578,96.61000061035156,99.19999694824219,99.19999694824219,154200
2021-03-24,99.5,102.5,94.2300033569336,95.29000091552734,95.29000091552734,100700
2021-03-25,92.91999816894531,105.7300033569336,92.0999984741211,104.33000183105469,104.33000183105469,138300
2021-03-26,106.01000213623047,112.43000030517578,104.27999877929688,110.04000091552734,110.04000091552734,129800
2021-03-29,110.62000274658203,113.80000305175781,102.30999755859375,102.30999755859375,102.30999755859375,79600
2021-03-30,102.33999633789062,108.66999816894531,101.08999633789062,107.41000366210938,107.41000366210938,71700
2021-03-31,108.47000122070312,109.54000091552734,104.2300033569336,105.73999786376953,105.73999786376953,157900
2021-04-01,107.94000244140625,116.76000213623047,104.88999938964844,116.76000213623047,116.76000213623047,120200
2021-04-05,118.86000061035156,119.05000305175781,112.05000305175781,114.51000213623047,114.51000213623047,69100
2021-04-06,114.52999877929688,117.22000122070312,113.0,114.12000274658203,114.12000274658203,75200
2021-04-07,115.22000122070312,119.44999694824219,109.05000305175781,109.79000091552734,109.79000091552734,91500
2021-04-08,111.1500015258789,111.16999816894531,106.0,106.98999786376953,106.98999786376953,53500
2021-04-09,106.2300033569336,113.91000366210938,106.0,113.01000213623047,113.01000213623047,82500
2021-04-12,112.77999877929688,114.41000366210938,107.25,108.62000274658203,108.62000274658203,39500
2021-04-13,108.95999908447266,110.66999816894531,103.18000030517578,109.01000213623047,109.01000213623047,55600
2021-04-14,109.41999816894531,112.5199966430664,108.68000030517578,109.19999694824219,109.19999694824219,42000
2021-04-15,109.83000183105469,111.56999969482422,105.98999786376953,109.86000061035156,109.86000061035156,53800
2021-04-16,110.38999938964844,115.83000183105469,109.08000183105469,115.48999786376953,115.48999786376953,83000
2021-04-19,114.79000091552734,117.05000305175781,112.12000274658203,117.05000305175781,117.05000305175781,70600
2021-04-20,116.8499984741211,121.94000244140625,108.01000213623047,111.58999633789062,111.58999633789062,133900
2021-04-21,110.94000244140625,115.0999984741211,110.33999633789062,114.36000061035156,114.36000061035156,35100
2021-04-22,115.29000091552734,119.44999694824219,114.4800033569336,115.56999969482422,115.56999969482422,57400
2021-04-23,116.79000091552734,128.8800048828125,116.44999694824219,125.56999969482422,125.56999969482422,169500
2021-04-26,126.83000183105469,130.97000122070312,125.55999755859375,130.3000030517578,130.3000030517578,123100
2021-04-27,132.0,135.8300018310547,129.44000244140625,130.57000732421875,130.57000732421875,78500
2021-04-28,130.85000610351562,133.02999877929688,128.3699951171875,128.50999450683594,128.50999450683594,49100
2021-04-29,130.67999267578125,134.0,126.0,132.75,132.75,86600
2021-04-30,133.39999389648438,135.3699951171875,128.32000732421875,132.58999633789062,132.58999633789062,71000
2021-05-03,134.35000610351562,141.0,132.35000610351562,138.35000610351562,138.35000610351562,87700
2021-05-04,135.88999938964844,139.60000610351562,131.1999969482422,138.99000549316406,138.99000549316406,78600
2021-05-05,140.16000366210938,140.16000366210938,133.08999633789062,133.64999389648438,133.64999389648438,89700
2021-05-06,133.0,133.0399932861328,122.0,125.0,125.0,156500
2021-05-07,125.69999694824219,131.27999877929688,125.69999694824219,130.9600067138672,130.9600067138672,74400
2021-05-10,133.05999755859375,138.24000549316406,130.49000549316406,135.47999572753906,135.47999572753906,126000
2021-05-11,129.86000061035156,131.99000549316406,122.0,127.48999786376953,127.48999786376953,97800
2021-05-12,125.5,126.0,108.12000274658203,109.18000030517578,109.18000030517578,168000
2021-05-13,111.44000244140625,120.9000015258789,110.30000305175781,113.22000122070312,113.22000122070312,171500
2021-05-14,114.54000091552734,120.25,114.54000091552734,118.66999816894531,118.66999816894531,67400
2021-05-17,117.56999969482422,122.48999786376953,114.18000030517578,122.37999725341797,122.37999725341797,42100
2021-05-18,122.91999816894531,123.16000366210938,118.83999633789062,118.9800033569336,118.9800033569336,57900
2021-05-19,114.61000061035156,118.02999877929688,109.80000305175781,116.36000061035156,116.36000061035156,91100
2021-05-20,116.93000030517578,125.0,115.01000213623047,123.6500015258789,123.6500015258789,85900
2021-05-21,125.0,128.5500030517578,121.0,121.16999816894531,121.16999816894531,39800
2021-05-24,122.83000183105469,125.75,120.48999786376953,125.43000030517578,125.43000030517578,40600
2021-05-25,126.38999938964844,132.42999267578125,126.23999786376953,130.27000427246094,130.27000427246094,69400
2021-05-26,130.72999572753906,138.24000549316406,130.72999572753906,136.6300048828125,136.6300048828125,99900
2021-05-27,137.6199951171875,145.0,136.66000366210938,143.9499969482422,143.9499969482422,120900
2021-05-28,145.0,146.33999633789062,139.44000244140625,142.42999267578125,142.42999267578125,118800
2021-06-01,145.38999938964844,146.3000030517578,140.00999450683594,141.16000366210938,141.16000366210938,98500
2021-06-02,140.94000244140625,140.94000244140625,134.5399932861328,136.80999755859375,136.80999755859375,87200
2021-06-03,137.44000244140625,139.92999267578125,115.0,118.16999816894531,118.16999816894531,342600
2021-06-04,119.4000015258789,121.20999908447266,110.02999877929688,110.44999694824219,110.44999694824219,362700
2021-06-07,111.51000213623047,113.87000274658203,103.05999755859375,105.0199966430664,105.0199966430664,280500
2021-06-08,106.19000244140625,111.11000061035156,105.23999786376953,108.02999877929688,108.02999877929688,172100
2021-06-09,108.02999877929688,108.9000015258789,95.55999755859375,97.37000274658203,97.37000274658203,300200
2021-06-10,97.98999786376953,99.38999938964844,92.58999633789062,93.5,93.5,264800
2021-06-11,93.81999969482422,96.80000305175781,93.13999938964844,94.51000213623047,94.51000213623047,117900
2021-06-14,94.56999969482422,95.97000122070312,88.05000305175781,88.69000244140625,88.69000244140625,150100
2021-06-15,88.54000091552734,94.27999877929688,88.41999816894531,91.3499984741211,91.3499984741211,122200
2021-06-16,90.9000015258789,93.63999938964844,89.01000213623047,92.66999816894531,92.66999816894531,102100
2021-06-17,91.55999755859375,94.9000015258789,89.80000305175781,91.73999786376953,91.73999786376953,110100
2021-06-18,92.25,98.66999816894531,91.36000061035156,96.45999908447266,96.45999908447266,230800
2021-06-21,97.44000244140625,107.37000274658203,97.4000015258789,106.66000366210938,106.66000366210938,225900
2021-06-22,106.5999984741211,109.20999908447266,101.91999816894531,108.54000091552734,108.54000091552734,147300
2021-06-23,108.77999877929688,110.2699966430664,104.11000061035156,107.19000244140625,107.19000244140625,143000
2021-06-24,107.12000274658203,107.12000274658203,99.23999786376953,103.62999725341797,103.62999725341797,167900
2021-06-25,104.68000030517578,104.68000030517578,97.6500015258789,98.66999816894531,98.66999816894531,768300
2021-06-28,98.93000030517578,105.37999725341797,97.73999786376953,102.05999755859375,102.05999755859375,131400
2021-06-29,101.44999694824219,108.05000305175781,100.2300033569336,104.97000122070312,104.97000122070312,104600
2021-06-30,103.95999908447266,109.44000244140625,101.81999969482422,106.29000091552734,106.29000091552734,215000
2021-07-01,106.13999938964844,107.87999725341797,104.43000030517578,104.83000183105469,104.83000183105469,98000
2021-07-02,104.79000091552734,104.83999633789062,100.08999633789062,101.0,101.0,88700
2021-07-06,100.2699966430664,100.9800033569336,91.26000213623047,92.83000183105469,92.83000183105469,145100
2021-07-07,92.54000091552734,103.45130157470703,92.36000061035156,102.1500015258789,102.1500015258789,199747
